wdid,waterClassNum,wcIdentifier,measInterval,measCount,dataMeasDate,dataValue,measUnits,obsCode,approvalStatus,modified
2006281,12006281,2006281 Total (Diversion),Annual,1,2009,77.22,ACFT,U,Approved,2010-06-29 16:23:00
2006281,12006281,2006281 Total (Diversion),Annual,1,2010,87.27,ACFT,U,Approved,2011-06-20 17:12:00
2006281,12006281,2006281 Total (Diversion),Annual,1,2011,95.725,ACFT,U,Approved,2013-11-25 14:40:00
2006281,12006281,2006281 Total (Diversion),Annual,1,2012,83.855,ACFT,K,Approved,2013-05-03 15:13:00
2006281,12006281,2006281 Total (Diversion),Annual,1,2013,77.57,ACFT,K,Approved,2014-04-04 13:52:00
2006281,12006281,2006281 Total (Diversion),Annual,1,2014,90.81,ACFT,K,Approved,2015-06-01 17:12:00
2006281,12006281,2006281 Total (Diversion),Annual,1,2015,89.6,ACFT,K,Approved,2016-05-30 14:30:00
2006281,12006281,2006281 Total (Diversion),Annual,1,2016,54.33,ACFT,K,Approved,2018-01-03 15:56:00
2006281,12006281,2006281 Total (Diversion),Annual,1,2017,64.685,ACFT,K,Approved,2018-05-25 09:41:00
2006281,12006281,2006281 Total (Diversion),Annual,1,2018,71.72,ACFT,K,Approved,2019-04-04 16:17:00
2006281,12006281,2006281 Total (Diversion),Annual,1,2019,91.125,ACFT,K,Approved,2020-04-01 21:05:00
2006281,12006281,2006281 Total (Diversion),Annual,1,2020,110.415,ACFT,K,Approved,2021-03-26 10:46:00
2006281,12006281,2006281 Total (Diversion),Annual,1,2021,90.08,ACFT,K,Approved,2022-03-30 09:30:00
2006281,12006281,2006281 Total (Diversion),Annual,1,2022,103.6,ACFT,K,Approved,2023-02-03 11:03:00
2006281,12006281,2006281 Total (Diversion),Annual,1,2023,117.2,ACFT,K,Approved,2024-01-17 10:40:00
2006281,12006281,2006281 Total (Diversion),Annual,1,2024,52.83,ACFT,K,Approved,2024-10-24 09:33:00
2006282,12006282,2006282 Total (Diversion),Annual,1,2009,77.22,ACFT,U,Approved,2010-06-29 16:23:00
2006282,12006282,2006282 Total (Diversion),Annual,1,2010,87.27,ACFT,U,Approved,2011-06-20 17:12:00
2006282,12006282,2006282 Total (Diversion),Annual,1,2011,95.725,ACFT,U,Approved,2013-11-25 14:40:00
2006282,12006282,2006282 Total (Diversion),Annual,1,2012,83.855,ACFT,K,Approved,2013-05-03 15:13:00
2006282,12006282,2006282 Total (Diversion),Annual,1,2013,77.57,ACFT,K,Approved,2014-04-04 13:52:00
2006282,12006282,2006282 Total (Diversion),Annual,1,2014,90.81,ACFT,K,Approved,2015-06-01 17:12:00
2006282,12006282,2006282 Total (Diversion),Annual,1,2015,89.6,ACFT,K,Approved,2016-05-30 14:30:00
2006282,12006282,2006282 Total (Diversion),Annual,1,2016,54.33,ACFT,K,Approved,2018-01-03 15:56:00
2006282,12006282,2006282 Total (Diversion),Annual,1,2017,64.685,ACFT,K,Approved,2018-05-25 09:41:00
2006282,12006282,2006282 Total (Diversion),Annual,1,2018,71.72,ACFT,K,Approved,2019-04-04 16:17:00
2006282,12006282,2006282 Total (Diversion),Annual,1,2019,91.125,ACFT,K,Approved,2020-04-01 21:05:00
2006282,12006282,2006282 Total (Diversion),Annual,1,2020,110.415,ACFT,K,Approved,2021-03-26 10:46:00
2006282,12006282,2006282 Total (Diversion),Annual,1,2021,90.08,ACFT,K,Approved,2022-03-30 09:30:00
2006282,12006282,2006282 Total (Diversion),Annual,1,2022,103.6,ACFT,K,Approved,2023-02-03 11:03:00
2006282,12006282,2006282 Total (Diversion),Annual,1,2023,117.2,ACFT,K,Approved,2024-01-17 10:40:00
2006282,12006282,2006282 Total (Diversion),Annual,1,2024,52.83,ACFT,K,Approved,2024-10-24 09:33:00
2006397,12006397,2006397 Total (Diversion),Annual,1,2009,0.0,ACFT,U,Approved,2010-06-29 16:23:00
2006397,12006397,2006397 Total (Diversion),Annual,1,2010,0.0,ACFT,U,Approved,2011-06-20 17:12:00
2006397,12006397,2006397 Total (Diversion),Annual,1,2011,0.0,ACFT,U,Approved,2012-07-06 07:51:00
2006397,12006397,2006397 Total (Diversion),Annual,1,2012,0.0,ACFT,K,Approved,2013-05-03 15:13:00
2006397,12006397,2006397 Total (Diversion),Annual,1,2013,0.0,ACFT,K,Approved,2014-04-04 13:52:00
2006397,12006397,2006397 Total (Diversion),Annual,1,2014,0.0,ACFT,K,Approved,2015-06-01 17:12:00
2006397,12006397,2006397 Total (Diversion),Annual,1,2015,0.0,ACFT,K,Approved,2016-05-30 14:30:00
2006397,12006397,2006397 Total (Diversion),Annual,1,2016,0.0,ACFT,K,Approved,2018-01-03 15:56:00
2006397,12006397,2006397 Total (Diversion),Annual,1,2017,0.0,ACFT,K,Approved,2018-05-25 09:41:00
2006397,12006397,2006397 Total (Diversion),Annual,1,2018,0.0,ACFT,K,Approved,2019-04-04 16:17:00
2006397,12006397,2006397 Total (Diversion),Annual,1,2019,0.0,ACFT,K,Approved,2020-04-01 21:05:00
2006397,12006397,2006397 Total (Diversion),Annual,1,2020,0.0,ACFT,K,Approved,2021-03-26 10:46:00
2006397,12006397,2006397 Total (Diversion),Annual,1,2021,0.0,ACFT,K,Approved,2022-03-30 09:30:00
2006397,12006397,2006397 Total (Diversion),Annual,1,2022,0.0,ACFT,K,Approved,2023-02-03 11:03:00
2006397,12006397,2006397 Total (Diversion),Annual,1,2023,0.0,ACFT,K,Approved,2024-01-12 18:36:00
2006397,12006397,2006397 Total (Diversion),Annual,1,2024,0.0,ACFT,K,Approved,2024-12-11 14:22:00
2006504,12006504,2006504 Total (Diversion),Annual,1,2009,79.0,ACFT,U,Approved,2010-06-29 16:23:00
2006504,12006504,2006504 Total (Diversion),Annual,1,2010,119.57,ACFT,U,Approved,2011-06-20 17:12:00
2006504,12006504,2006504 Total (Diversion),Annual,1,2011,117.13,ACFT,U,Approved,2012-07-06 07:51:00
2006504,12006504,2006504 Total (Diversion),Annual,1,2012,115.975,ACFT,K,Approved,2013-05-03 15:13:00
2006504,12006504,2006504 Total (Diversion),Annual,1,2013,94.95,ACFT,K,Approved,2014-04-04 13:52:00
2006504,12006504,2006504 Total (Diversion),Annual,1,2014,102.13,ACFT,K,Approved,2015-06-01 17:12:00
2006504,12006504,2006504 Total (Diversion),Annual,1,2015,69.345,ACFT,K,Approved,2016-05-30 14:30:00
2006504,12006504,2006504 Total (Diversion),Annual,1,2016,85.415,ACFT,K,Approved,2018-01-03 15:56:00
2006504,12006504,2006504 Total (Diversion),Annual,1,2017,61.055,ACFT,K,Approved,2018-05-25 09:41:00
2006504,12006504,2006504 Total (Diversion),Annual,1,2018,42.18,ACFT,K,Approved,2019-04-04 16:17:00
2006504,12006504,2006504 Total (Diversion),Annual,1,2019,82.2,ACFT,K,Approved,2020-04-01 21:05:00
2006504,12006504,2006504 Total (Diversion),Annual,1,2020,48.065,ACFT,K,Approved,2021-03-26 10:46:00
2006504,12006504,2006504 Total (Diversion),Annual,1,2021,100.135,ACFT,K,Approved,2022-03-30 09:30:00
2006504,12006504,2006504 Total (Diversion),Annual,1,2022,30.67,ACFT,K,Approved,2023-02-03 11:03:00
2006504,12006504,2006504 Total (Diversion),Annual,1,2023,114.53,ACFT,K,Approved,2024-01-12 18:04:00
2006504,12006504,2006504 Total (Diversion),Annual,1,2024,56.96,ACFT,K,Approved,2024-11-21 11:06:00
2008838,12008838,2008838 Total (Diversion),Annual,1,2009,20.23,ACFT,U,Approved,2010-06-29 16:23:00
2008838,12008838,2008838 Total (Diversion),Annual,1,2010,114.73,ACFT,U,Approved,2011-06-20 17:12:00
2008838,12008838,2008838 Total (Diversion),Annual,1,2011,119.03,ACFT,U,Approved,2012-07-06 07:51:00
2008838,12008838,2008838 Total (Diversion),Annual,1,2012,108.56,ACFT,K,Approved,2013-05-03 15:13:00
2008838,12008838,2008838 Total (Diversion),Annual,1,2013,82.335,ACFT,K,Approved,2014-04-04 13:52:00
2008838,12008838,2008838 Total (Diversion),Annual,1,2014,78.745,ACFT,K,Approved,2015-06-01 17:12:00
2008838,12008838,2008838 Total (Diversion),Annual,1,2015,83.84,ACFT,K,Approved,2016-05-30 14:30:00
2008838,12008838,2008838 Total (Diversion),Annual,1,2016,118.165,ACFT,K,Approved,2018-01-03 15:56:00
2008838,12008838,2008838 Total (Diversion),Annual,1,2017,68.72,ACFT,K,Approved,2018-05-25 09:41:00
2008838,12008838,2008838 Total (Diversion),Annual,1,2018,118.74,ACFT,K,Approved,2019-04-04 16:17:00
2008838,12008838,2008838 Total (Diversion),Annual,1,2019,88.84,ACFT,K,Approved,2020-04-01 21:05:00
2008838,12008838,2008838 Total (Diversion),Annual,1,2020,117.72,ACFT,K,Approved,2021-03-26 10:46:00
2008838,12008838,2008838 Total (Diversion),Annual,1,2021,84.16,ACFT,K,Approved,2022-03-30 09:30:00
2008838,12008838,2008838 Total (Diversion),Annual,1,2022,83.57,ACFT,K,Approved,2023-02-03 11:01:00
2008838,12008838,2008838 Total (Diversion),Annual,1,2023,43.595,ACFT,K,Approved,2024-01-11 16:34:00
2008838,12008838,2008838 Total (Diversion),Annual,1,2024,97.28,ACFT,K,Approved,2024-12-02 12:00:00
2008839,12008839,2008839 Total (Diversion),Annual,1,2009,76.26,ACFT,K,Approved,2015-02-06 16:00:00
2008839,12008839,2008839 Total (Diversion),Annual,1,2010,117.725,ACFT,K,Approved,2015-02-06 16:13:00
2008839,12008839,2008839 Total (Diversion),Annual,1,2011,70.59,ACFT,K,Approved,2015-02-06 16:59:00
2008839,12008839,2008839 Total (Diversion),Annual,1,2012,102.955,ACFT,K,Approved,2013-05-03 15:13:00
2008839,12008839,2008839 Total (Diversion),Annual,1,2013,39.275,ACFT,K,Approved,2014-04-04 13:52:00
2008839,12008839,2008839 Total (Diversion),Annual,1,2014,84.6,ACFT,K,Approved,2015-06-01 17:12:00
2008839,12008839,2008839 Total (Diversion),Annual,1,2015,34.79,ACFT,K,Approved,2016-05-30 14:30:00
2008839,12008839,2008839 Total (Diversion),Annual,1,2016,30.81,ACFT,K,Approved,2018-01-03 15:56:00
2008839,12008839,2008839 Total (Diversion),Annual,1,2017,51.94,ACFT,K,Approved,2018-05-25 09:41:00
2008839,12008839,2008839 Total (Diversion),Annual,1,2018,64.315,ACFT,K,Approved,2019-04-04 16:17:00
2008839,12008839,2008839 Total (Diversion),Annual,1,2019,47.865,ACFT,K,Approved,2020-04-01 21:05:00
2008839,12008839,2008839 Total (Diversion),Annual,1,2020,118.47,ACFT,K,Approved,2021-03-26 10:46:00
2008839,12008839,2008839 Total (Diversion),Annual,1,2021,103.695,ACFT,K,Approved,2022-03-30 09:30:00
2008839,12008839,2008839 Total (Diversion),Annual,1,2022,33.66,ACFT,K,Approved,2023-02-03 11:01:00
2008839,12008839,2008839 Total (Diversion),Annual,1,2023,126.325,ACFT,K,Approved,2024-01-11 16:33:00
2008839,12008839,2008839 Total (Diversion),Annual,1,2024,57.83,ACFT,K,Approved,2024-12-02 12:00:00
2008847,12008847,2008847 Total (Diversion),Annual,1,2009,20.23,ACFT,U,Approved,2010-06-29 16:23:00
2008847,12008847,2008847 Total (Diversion),Annual,1,2010,114.73,ACFT,U,Approved,2011-06-20 17:12:00
2008847,12008847,2008847 Total (Diversion),Annual,1,2011,119.03,ACFT,U,Approved,2012-07-06 07:51:00
2008847,12008847,2008847 Total (Diversion),Annual,1,2012,108.56,ACFT,K,Approved,2013-05-03 15:13:00
2008847,12008847,2008847 Total (Diversion),Annual,1,2013,82.335,ACFT,K,Approved,2014-04-04 13:52:00
2008847,12008847,2008847 Total (Diversion),Annual,1,2014,78.745,ACFT,K,Approved,2015-06-01 17:12:00
2008847,12008847,2008847 Total (Diversion),Annual,1,2015,83.84,ACFT,K,Approved,2016-05-30 14:30:00
2008847,12008847,2008847 Total (Diversion),Annual,1,2016,118.165,ACFT,K,Approved,2018-01-03 15:56:00
2008847,12008847,2008847 Total (Diversion),Annual,1,2017,68.72,ACFT,K,Approved,2018-05-25 09:41:00
2008847,12008847,2008847 Total (Diversion),Annual,1,2018,118.74,ACFT,K,Approved,2019-04-04 16:17:00
2008847,12008847,2008847 Total (Diversion),Annual,1,2019,88.84,ACFT,K,Approved,2020-04-01 21:05:00
2008847,12008847,2008847 Total (Diversion),Annual,1,2020,117.72,ACFT,K,Approved,2021-03-26 10:46:00
2008847,12008847,2008847 Total (Diversion),Annual,1,2021,84.16,ACFT,K,Approved,2022-03-30 09:30:00
2008847,12008847,2008847 Total (Diversion),Annual,1,2022,83.57,ACFT,K,Approved,2023-02-03 11:01:00
2008847,12008847,2008847 Total (Diversion),Annual,1,2023,43.595,ACFT,K,Approved,2024-01-11 16:34:00
2008847,12008847,2008847 Total (Diversion),Annual,1,2024,97.28,ACFT,K,Approved,2024-12-02 12:00:00
2008889,12008889,2008889 Total (Diversion),Annual,1,2009,4.02,ACFT,U,Approved,2010-06-29 16:23:00
2008889,12008889,2008889 Total (Diversion),Annual,1,2010,0.94,ACFT,U,Approved,2011-06-20 17:12:00
2008889,12008889,2008889 Total (Diversion),Annual,1,2011,16.06,ACFT,U,Approved,2012-07-06 07:51:00
2008889,12008889,2008889 Total (Diversion),Annual,1,2012,13.4,ACFT,K,Approved,2013-05-03 15:13:00
2008889,12008889,2008889 Total (Diversion),Annual,1,2013,19.426,ACFT,K,Approved,2014-04-04 13:52:00
2008889,12008889,2008889 Total (Diversion),Annual,1,2014,20.6512,ACFT,K,Approved,2015-06-01 17:12:00
2008889,12008889,2008889 Total (Diversion),Annual,1,2015,20.65,ACFT,K,Approved,2016-05-30 14:30:00
2008889,12008889,2008889 Total (Diversion),Annual,1,2016,20.65,ACFT,K,Approved,2018-01-03 15:56:00
2008889,12008889,2008889 Total (Diversion),Annual,1,2017,23.1299,ACFT,K,Approved,2018-05-25 09:41:00
2008889,12008889,2008889 Total (Diversion),Annual,1,2018,0.0,ACFT,K,Approved,2019-04-04 16:17:00
2008889,12008889,2008889 Total (Diversion),Annual,1,2019,1.3598,ACFT,K,Approved,2020-04-01 21:05:00
2008889,12008889,2008889 Total (Diversion),Annual,1,2020,46.5237,ACFT,K,Approved,2021-03-26 10:46:00
2008889,12008889,2008889 Total (Diversion),Annual,1,2021,7.4595,ACFT,K,Approved,2022-03-30 09:30:00
2008889,12008889,2008889 Total (Diversion),Annual,1,2022,19.152,ACFT,K,Approved,2023-02-03 11:05:00
2008889,12008889,2008889 Total (Diversion),Annual,1,2023,12.5045,ACFT,K,Approved,2024-01-11 08:12:00
2008889,12008889,2008889 Total (Diversion),Annual,1,2024,9.4561,ACFT,K,Approved,2024-10-30 09:38:00
2008890,12008890,2008890 Total (Diversion),Annual,1,2009,96.62,ACFT,U,Approved,2010-06-29 16:23:00
2008891,12008891,2008891 Total (Diversion),Annual,1,2009,7.13,ACFT,U,Approved,2014-11-21 08:10:00
2008891,12008891,2008891 Total (Diversion),Annual,1,2010,7.13,ACFT,U,Approved,2014-11-21 08:10:00
2008891,12008891,2008891 Total (Diversion),Annual,1,2011,7.13,ACFT,U,Approved,2014-11-21 08:10:00
2008891,12008891,2008891 Total (Diversion),Annual,1,2012,7.13,ACFT,K,Approved,2014-11-21 08:10:00
2008891,12008891,2008891 Total (Diversion),Annual,1,2013,7.13,ACFT,K,Approved,2014-11-21 08:10:00
2008891,12008891,2008891 Total (Diversion),Annual,1,2014,7.13,ACFT,K,Approved,2018-02-13 15:30:00
2008891,12008891,2008891 Total (Diversion),Annual,1,2015,7.1611,ACFT,K,Approved,2018-02-07 10:10:00
2008891,12008891,2008891 Total (Diversion),Annual,1,2016,2.15,ACFT,K,Approved,2018-02-13 10:15:00
2008891,12008891,2008891 Total (Diversion),Annual,1,2017,2.8,ACFT,K,Approved,2018-05-25 09:41:00
2008891,12008891,2008891 Total (Diversion),Annual,1,2018,4.21,ACFT,K,Approved,2019-04-04 16:17:00
2008891,12008891,2008891 Total (Diversion),Annual,1,2019,3.08,ACFT,K,Approved,2020-04-01 21:05:00
2008891,12008891,2008891 Total (Diversion),Annual,1,2020,2.89,ACFT,K,Approved,2021-03-26 10:46:00
2008891,12008891,2008891 Total (Diversion),Annual,1,2021,2.93,ACFT,K,Approved,2022-03-30 09:30:00
2008891,12008891,2008891 Total (Diversion),Annual,1,2022,3.99,ACFT,K,Approved,2023-02-03 11:03:00
2008891,12008891,2008891 Total (Diversion),Annual,1,2023,1.87,ACFT,K,Approved,2024-01-16 10:04:00
2008891,12008891,2008891 Total (Diversion),Annual,1,2024,1.95,ACFT,K,Approved,2024-10-30 09:38:00
2008892,12008892,2008892 Total (Diversion),Annual,1,2016,0.0537,ACFT,K,Approved,2018-01-03 15:56:00
2008892,12008892,2008892 Total (Diversion),Annual,1,2017,0.1043,ACFT,K,Approved,2018-05-25 09:41:00
2008892,12008892,2008892 Total (Diversion),Annual,1,2018,0.4201,ACFT,K,Approved,2019-04-04 16:17:00
2008892,12008892,2008892 Total (Diversion),Annual,1,2019,0.1415,ACFT,K,Approved,2020-04-01 21:05:00
2008892,12008892,2008892 Total (Diversion),Annual,1,2020,0.0003,ACFT,K,Approved,2021-03-26 10:46:00
2008892,12008892,2008892 Total (Diversion),Annual,1,2021,0.5607,ACFT,K,Approved,2022-03-30 09:30:00
2008892,12008892,2008892 Total (Diversion),Annual,1,2022,1.0753,ACFT,K,Approved,2023-02-03 11:05:00
2008892,12008892,2008892 Total (Diversion),Annual,1,2023,0.8169,ACFT,K,Approved,2024-01-16 10:13:00
2008892,12008892,2008892 Total (Diversion),Annual,1,2024,0.2298,ACFT,K,Approved,2024-10-31 15:48:00
2009140,12009140,2009140 Total (Diversion),Annual,1,2009,76.48,ACFT,U,Approved,2010-06-29 16:23:00
2009140,12009140,2009140 Total (Diversion),Annual,1,2010,100.6,ACFT,U,Approved,2011-06-20 17:12:00
2009140,12009140,2009140 Total (Diversion),Annual,1,2011,105.13,ACFT,U,Approved,2012-07-06 07:51:00
2009140,12009140,2009140 Total (Diversion),Annual,1,2012,97.84,ACFT,K,Approved,2013-05-03 15:13:00
2009140,12009140,2009140 Total (Diversion),Annual,1,2013,86.68,ACFT,K,Approved,2014-04-04 13:52:00
2009140,12009140,2009140 Total (Diversion),Annual,1,2014,88.595,ACFT,K,Approved,2015-06-01 17:12:00
2009140,12009140,2009140 Total (Diversion),Annual,1,2015,90.82,ACFT,K,Approved,2016-05-30 14:30:00
2009140,12009140,2009140 Total (Diversion),Annual,1,2016,90.445,ACFT,K,Approved,2018-01-03 15:56:00
2009140,12009140,2009140 Total (Diversion),Annual,1,2017,69.065,ACFT,K,Approved,2018-05-25 09:41:00
2009140,12009140,2009140 Total (Diversion),Annual,1,2018,86.075,ACFT,K,Approved,2019-04-04 16:17:00
2009140,12009140,2009140 Total (Diversion),Annual,1,2019,95.18,ACFT,K,Approved,2020-04-01 21:05:00
2009140,12009140,2009140 Total (Diversion),Annual,1,2020,124.69,ACFT,K,Approved,2021-03-26 10:46:00
2009140,12009140,2009140 Total (Diversion),Annual,1,2021,115.77,ACFT,K,Approved,2022-03-30 09:30:00
2009140,12009140,2009140 Total (Diversion),Annual,1,2022,69.15,ACFT,K,Approved,2023-02-03 11:03:00
2009140,12009140,2009140 Total (Diversion),Annual,1,2023,77.55,ACFT,K,Approved,2024-01-17 09:06:00
2009140,12009140,2009140 Total (Diversion),Annual,1,2024,92.785,ACFT,K,Approved,2024-10-24 09:33:00
2009147,12009147,2009147 Total (Diversion),Annual,1,2009,79.0,ACFT,U,Approved,2010-06-29 16:23:00
2009147,12009147,2009147 Total (Diversion),Annual,1,2010,119.57,ACFT,U,Approved,2011-06-20 17:12:00
2009147,12009147,2009147 Total (Diversion),Annual,1,2011,117.13,ACFT,U,Approved,2012-07-06 07:51:00
2009147,12009147,2009147 Total (Diversion),Annual,1,2012,115.975,ACFT,K,Approved,2013-05-03 15:13:00
2009147,12009147,2009147 Total (Diversion),Annual,1,2013,94.95,ACFT,K,Approved,2014-04-04 13:52:00
2009147,12009147,2009147 Total (Diversion),Annual,1,2014,102.13,ACFT,K,Approved,2015-06-01 17:12:00
2009147,12009147,2009147 Total (Diversion),Annual,1,2015,69.345,ACFT,K,Approved,2016-05-30 14:30:00
2009147,12009147,2009147 Total (Diversion),Annual,1,2016,85.415,ACFT,K,Approved,2018-01-03 15:56:00
2009147,12009147,2009147 Total (Diversion),Annual,1,2017,61.055,ACFT,K,Approved,2018-05-25 09:41:00
2009147,12009147,2009147 Total (Diversion),Annual,1,2018,42.18,ACFT,K,Approved,2019-04-04 16:17:00
2009147,12009147,2009147 Total (Diversion),Annual,1,2019,82.2,ACFT,K,Approved,2020-04-01 21:05:00
2009147,12009147,2009147 Total (Diversion),Annual,1,2020,48.065,ACFT,K,Approved,2021-03-26 10:46:00
2009147,12009147,2009147 Total (Diversion),Annual,1,2021,100.135,ACFT,K,Approved,2022-03-30 09:30:00
2009147,12009147,2009147 Total (Diversion),Annual,1,2022,30.67,ACFT,K,Approved,2023-02-03 11:03:00
2009147,12009147,2009147 Total (Diversion),Annual,1,2023,114.53,ACFT,K,Approved,2024-01-12 18:04:00
2009147,12009147,2009147 Total (Diversion),Annual,1,2024,56.96,ACFT,K,Approved,2024-11-21 11:06:00
2010324,12010324,2010324 Total (Diversion),Annual,1,2017,2.3079,ACFT,K,Approved,2019-07-23 15:00:00
2010324,12010324,2010324 Total (Diversion),Annual,1,2018,1.3988,ACFT,K,Approved,2019-07-23 15:00:00
2010324,12010324,2010324 Total (Diversion),Annual,1,2019,1.7867,ACFT,K,Approved,2020-04-01 21:05:00
2010324,12010324,2010324 Total (Diversion),Annual,1,2020,1.9586,ACFT,K,Approved,2021-03-26 10:46:00
2010324,12010324,2010324 Total (Diversion),Annual,1,2021,2.0236,ACFT,K,Approved,2022-03-30 09:30:00
2010324,12010324,2010324 Total (Diversion),Annual,1,2022,1.6547,ACFT,K,Approved,2023-02-03 11:05:00
2010324,12010324,2010324 Total (Diversion),Annual,1,2023,1.4534,ACFT,K,Approved,2023-10-19 12:03:00
2010324,12010324,2010324 Total (Diversion),Annual,1,2024,1.2368,ACFT,K,Approved,2024-11-21 15:01:00
2011410,12011410,2011410 Total (Diversion),Annual,1,2009,82.615,ACFT,K,Approved,2015-02-06 15:52:00
2011410,12011410,2011410 Total (Diversion),Annual,1,2010,82.22,ACFT,K,Approved,2015-02-06 16:16:00
2011410,12011410,2011410 Total (Diversion),Annual,1,2011,122.32,ACFT,K,Approved,2015-02-06 17:09:00
2011410,12011410,2011410 Total (Diversion),Annual,1,2012,73.12,ACFT,K,Approved,2013-05-03 15:13:00
2011410,12011410,2011410 Total (Diversion),Annual,1,2013,94.45,ACFT,K,Approved,2014-04-04 13:52:00
2011410,12011410,2011410 Total (Diversion),Annual,1,2014,90.02,ACFT,K,Approved,2015-06-01 17:12:00
2011410,12011410,2011410 Total (Diversion),Annual,1,2015,94.715,ACFT,K,Approved,2016-05-30 14:30:00
2011410,12011410,2011410 Total (Diversion),Annual,1,2016,85.925,ACFT,K,Approved,2018-01-03 15:56:00
2011410,12011410,2011410 Total (Diversion),Annual,1,2017,112.465,ACFT,K,Approved,2018-05-25 09:41:00
2011410,12011410,2011410 Total (Diversion),Annual,1,2018,112.62,ACFT,K,Approved,2019-04-04 16:17:00
2011410,12011410,2011410 Total (Diversion),Annual,1,2019,107.0,ACFT,K,Approved,2020-04-01 21:05:00
2011410,12011410,2011410 Total (Diversion),Annual,1,2020,127.235,ACFT,K,Approved,2021-03-26 10:46:00
2011410,12011410,2011410 Total (Diversion),Annual,1,2021,49.965,ACFT,K,Approved,2022-03-30 09:30:00
2011410,12011410,2011410 Total (Diversion),Annual,1,2022,109.845,ACFT,K,Approved,2023-02-03 11:04:00
2011410,12011410,2011410 Total (Diversion),Annual,1,2023,74.8,ACFT,K,Approved,2024-01-11 15:53:00
2011410,12011410,2011410 Total (Diversion),Annual,1,2024,81.375,ACFT,K,Approved,2024-12-02 11:58:00
2011411,12011411,2011411 Total (Diversion),Annual,1,2009,59.01,ACFT,K,Approved,2015-02-06 15:53:00
2011411,12011411,2011411 Total (Diversion),Annual,1,2010,111.51,ACFT,K,Approved,2015-02-06 16:17:00
2011411,12011411,2011411 Total (Diversion),Annual,1,2011,104.81,ACFT,K,Approved,2015-02-06 17:09:00
2011411,12011411,2011411 Total (Diversion),Annual,1,2012,63.36,ACFT,K,Approved,2013-05-03 15:13:00
2011411,12011411,2011411 Total (Diversion),Annual,1,2013,80.22,ACFT,K,Approved,2014-04-04 13:52:00
2011411,12011411,2011411 Total (Diversion),Annual,1,2014,111.01,ACFT,K,Approved,2015-06-01 17:12:00
2011411,12011411,2011411 Total (Diversion),Annual,1,2015,90.145,ACFT,K,Approved,2016-05-30 14:30:00
2011411,12011411,2011411 Total (Diversion),Annual,1,2016,60.625,ACFT,K,Approved,2018-01-03 15:56:00
2011411,12011411,2011411 Total (Diversion),Annual,1,2017,97.74,ACFT,K,Approved,2018-05-25 09:41:00
2011411,12011411,2011411 Total (Diversion),Annual,1,2018,131.11,ACFT,K,Approved,2019-04-04 16:17:00
2011411,12011411,2011411 Total (Diversion),Annual,1,2019,113.085,ACFT,K,Approved,2020-04-01 21:05:00
2011411,12011411,2011411 Total (Diversion),Annual,1,2020,88.545,ACFT,K,Approved,2021-03-26 10:46:00
2011411,12011411,2011411 Total (Diversion),Annual,1,2021,130.355,ACFT,K,Approved,2022-03-30 09:30:00
2011411,12011411,2011411 Total (Diversion),Annual,1,2022,43.94,ACFT,K,Approved,2023-02-03 11:04:00
2011411,12011411,2011411 Total (Diversion),Annual,1,2023,117.43,ACFT,K,Approved,2024-01-11 15:56:00
2011411,12011411,2011411 Total (Diversion),Annual,1,2024,79.3,ACFT,K,Approved,2024-12-02 12:00:00
2012364,12012364,2012364 Total (Diversion),Annual,1,2020,11.0845,ACFT,K,Approved,2021-03-26 10:46:00
2012364,12012364,2012364 Total (Diversion),Annual,1,2021,8.4308,ACFT,K,Approved,2022-03-30 09:30:00
2012364,12012364,2012364 Total (Diversion),Annual,1,2022,9.3181,ACFT,K,Approved,2023-02-03 12:50:00
2012364,12012364,2012364 Total (Diversion),Annual,1,2023,9.2785,ACFT,K,Approved,2024-01-10 06:50:00
2012364,12012364,2012364 Total (Diversion),Annual,1,2024,9.5869,ACFT,K,Approved,2024-11-21 11:06:00
2012457,12012457,2012457 Total (Diversion),Annual,1,2009,0.05,ACFT,U,Approved,2010-06-29 16:23:00
2012457,12012457,2012457 Total (Diversion),Annual,1,2010,0.0751,ACFT,U,Approved,2013-11-25 22:51:00
2012457,12012457,2012457 Total (Diversion),Annual,1,2011,0.0893,ACFT,U,Approved,2013-11-25 17:06:00
2012457,12012457,2012457 Total (Diversion),Annual,1,2012,0.1356,ACFT,K,Approved,2013-05-03 15:13:00
2012457,12012457,2012457 Total (Diversion),Annual,1,2013,0.0107,ACFT,K,Approved,2014-04-04 13:52:00
2012457,12012457,2012457 Total (Diversion),Annual,1,2014,0.0678,ACFT,K,Approved,2015-06-01 17:12:00
2012457,12012457,2012457 Total (Diversion),Annual,1,2015,0.127,ACFT,K,Approved,2016-05-30 14:30:00
2012457,12012457,2012457 Total (Diversion),Annual,1,2016,0.1018,ACFT,K,Approved,2018-01-03 15:56:00
2012457,12012457,2012457 Total (Diversion),Annual,1,2017,0.0,ACFT,K,Approved,2018-05-25 09:41:00
2012457,12012457,2012457 Total (Diversion),Annual,1,2018,0.1245,ACFT,K,Approved,2019-04-04 16:17:00
2012457,12012457,2012457 Total (Diversion),Annual,1,2019,0.0585,ACFT,K,Approved,2020-04-01 21:05:00
2012457,12012457,2012457 Total (Diversion),Annual,1,2020,0.0547,ACFT,K,Approved,2021-03-26 10:46:00
2012457,12012457,2012457 Total (Diversion),Annual,1,2021,0.0,ACFT,K,Approved,2022-03-30 09:30:00
2012457,12012457,2012457 Total (Diversion),Annual,1,2022,0.0005,ACFT,K,Approved,2023-02-03 11:02:00
2012457,12012457,2012457 Total (Diversion),Annual,1,2023,0.0128,ACFT,K,Approved,2024-02-05 08:36:00
2012457,12012457,2012457 Total (Diversion),Annual,1,2024,0.0,ACFT,K,Approved,2024-10-28 11:01:00
2012640,12012640,2012640 Total (Diversion),Annual,1,2009,74.48,ACFT,U,Approved,2010-06-29 16:23:00
2012640,12012640,2012640 Total (Diversion),Annual,1,2010,113.065,ACFT,U,Approved,2013-11-25 22:55:00
2012640,12012640,2012640 Total (Diversion),Annual,1,2011,107.685,ACFT,U,Approved,2013-11-25 17:11:00
2012640,12012640,2012640 Total (Diversion),Annual,1,2012,94.71,ACFT,K,Approved,2013-05-03 15:13:00
2012640,12012640,2012640 Total (Diversion),Annual,1,2013,70.755,ACFT,K,Approved,2014-04-04 13:52:00
2012640,12012640,2012640 Total (Diversion),Annual,1,2014,39.455,ACFT,K,Approved,2015-06-01 17:12:00
2012640,12012640,2012640 Total (Diversion),Annual,1,2015,69.2,ACFT,K,Approved,2016-05-30 14:30:00
2012640,12012640,2012640 Total (Diversion),Annual,1,2016,93.8,ACFT,K,Approved,2018-01-03 15:56:00
2012640,12012640,2012640 Total (Diversion),Annual,1,2017,50.425,ACFT,K,Approved,2018-05-25 09:41:00
2012640,12012640,2012640 Total (Diversion),Annual,1,2018,76.86,ACFT,K,Approved,2019-04-04 16:17:00
2012640,12012640,2012640 Total (Diversion),Annual,1,2019,82.8,ACFT,K,Approved,2020-04-01 21:05:00
2012640,12012640,2012640 Total (Diversion),Annual,1,2020,104.23,ACFT,K,Approved,2021-03-26 10:46:00
2012640,12012640,2012640 Total (Diversion),Annual,1,2021,42.635,ACFT,K,Approved,2022-03-30 09:30:00
2012640,12012640,2012640 Total (Diversion),Annual,1,2022,94.6315,ACFT,K,Approved,2023-02-03 11:01:00
2012640,12012640,2012640 Total (Diversion),Annual,1,2023,41.7365,ACFT,K,Approved,2024-01-11 17:25:00
2012640,12012640,2012640 Total (Diversion),Annual,1,2024,90.9345,ACFT,K,Approved,2024-12-02 11:50:00
2012694,12012694,2012694 Total (Diversion),Annual,1,2024,0.5352,ACFT,K,Approved,2024-12-04 16:32:00
2012696,12012696,2012696 Total (Diversion),Annual,1,2024,0.4883,ACFT,K,Approved,2024-12-02 12:20:00
2013313,12013313,2013313 Total (Diversion),Annual,1,2009,1.75,ACFT,U,Approved,2010-06-29 16:23:00
2013313,12013313,2013313 Total (Diversion),Annual,1,2010,2.5358,ACFT,U,Approved,2013-11-25 22:57:00
2013313,12013313,2013313 Total (Diversion),Annual,1,2011,4.104,ACFT,U,Approved,2013-11-25 17:14:00
2013313,12013313,2013313 Total (Diversion),Annual,1,2012,5.2693,ACFT,K,Approved,2013-05-03 15:13:00
2013313,12013313,2013313 Total (Diversion),Annual,1,2013,6.7883,ACFT,K,Approved,2014-04-04 13:52:00
2013313,12013313,2013313 Total (Diversion),Annual,1,2014,2.5748,ACFT,K,Approved,2015-06-01 17:12:00
2013313,12013313,2013313 Total (Diversion),Annual,1,2015,2.0377,ACFT,K,Approved,2016-05-30 14:30:00
2013313,12013313,2013313 Total (Diversion),Annual,1,2016,2.8878,ACFT,K,Approved,2018-01-03 15:56:00
2013313,12013313,2013313 Total (Diversion),Annual,1,2017,2.4364,ACFT,K,Approved,2018-05-25 09:41:00
2013313,12013313,2013313 Total (Diversion),Annual,1,2018,2.2673,ACFT,K,Approved,2019-04-04 16:17:00
2013313,12013313,2013313 Total (Diversion),Annual,1,2019,4.2826,ACFT,K,Approved,2020-04-01 21:05:00
2013313,12013313,2013313 Total (Diversion),Annual,1,2020,2.1989,ACFT,K,Approved,2021-03-26 10:46:00
2013313,12013313,2013313 Total (Diversion),Annual,1,2021,5.7167,ACFT,K,Approved,2022-03-30 09:30:00
2013313,12013313,2013313 Total (Diversion),Annual,1,2022,6.6064,ACFT,K,Approved,2023-02-03 11:05:00
2013313,12013313,2013313 Total (Diversion),Annual,1,2023,9.8754,ACFT,K,Approved,2024-02-27 17:04:00
2013313,12013313,2013313 Total (Diversion),Annual,1,2024,60.3555,ACFT,K,Approved,2024-12-18 14:47:00
2013686,12013686,2013686 Total (Diversion),Annual,1,2009,136.43,ACFT,U,Approved,2010-06-29 16:23:00
2013686,12013686,2013686 Total (Diversion),Annual,1,2010,71.01,ACFT,U,Approved,2011-06-20 17:12:00
2013686,12013686,2013686 Total (Diversion),Annual,1,2011,103.7,ACFT,U,Approved,2012-07-06 07:51:00
2013686,12013686,2013686 Total (Diversion),Annual,1,2012,106.96,ACFT,K,Approved,2013-05-03 15:13:00
2013686,12013686,2013686 Total (Diversion),Annual,1,2013,83.36,ACFT,K,Approved,2014-04-04 13:52:00
2013686,12013686,2013686 Total (Diversion),Annual,1,2014,117.19,ACFT,K,Approved,2015-06-01 17:12:00
2013686,12013686,2013686 Total (Diversion),Annual,1,2015,68.0,ACFT,K,Approved,2016-05-30 14:30:00
2013686,12013686,2013686 Total (Diversion),Annual,1,2016,89.9,ACFT,K,Approved,2018-01-03 15:56:00
2013686,12013686,2013686 Total (Diversion),Annual,1,2017,77.37,ACFT,K,Approved,2018-05-25 09:41:00
2013686,12013686,2013686 Total (Diversion),Annual,1,2018,116.59,ACFT,K,Approved,2019-04-04 16:17:00
2013686,12013686,2013686 Total (Diversion),Annual,1,2019,80.56,ACFT,K,Approved,2020-04-01 21:05:00
2013686,12013686,2013686 Total (Diversion),Annual,1,2020,99.55,ACFT,K,Approved,2021-03-26 10:46:00
2013686,12013686,2013686 Total (Diversion),Annual,1,2021,84.9,ACFT,K,Approved,2022-03-30 09:30:00
2013686,12013686,2013686 Total (Diversion),Annual,1,2022,87.87,ACFT,K,Approved,2023-02-03 11:01:00
2013686,12013686,2013686 Total (Diversion),Annual,1,2023,89.9,ACFT,K,Approved,2024-01-17 16:33:00
2013686,12013686,2013686 Total (Diversion),Annual,1,2024,86.01,ACFT,K,Approved,2024-10-24 09:33:00
2013780,12013780,2013780 Total (Diversion),Annual,1,2009,146.0,ACFT,U,Approved,2010-06-29 16:23:00
2013780,12013780,2013780 Total (Diversion),Annual,1,2010,193.5,ACFT,U,Approved,2011-06-20 17:12:00
2013780,12013780,2013780 Total (Diversion),Annual,1,2011,179.56,ACFT,U,Approved,2012-07-06 07:51:00
2013780,12013780,2013780 Total (Diversion),Annual,1,2012,87.27,ACFT,K,Approved,2013-05-03 15:13:00
2013780,12013780,2013780 Total (Diversion),Annual,1,2013,127.84,ACFT,K,Approved,2014-04-04 13:52:00
2013780,12013780,2013780 Total (Diversion),Annual,1,2014,171.7,ACFT,K,Approved,2015-06-01 17:12:00
2013780,12013780,2013780 Total (Diversion),Annual,1,2015,120.86,ACFT,K,Approved,2016-05-30 14:30:00
2013780,12013780,2013780 Total (Diversion),Annual,1,2016,85.3,ACFT,K,Approved,2018-01-03 15:56:00
2013780,12013780,2013780 Total (Diversion),Annual,1,2017,76.34,ACFT,K,Approved,2018-05-25 09:41:00
2013780,12013780,2013780 Total (Diversion),Annual,1,2018,97.55,ACFT,K,Approved,2019-04-04 16:17:00
2013780,12013780,2013780 Total (Diversion),Annual,1,2019,136.47,ACFT,K,Approved,2020-04-01 21:05:00
2013780,12013780,2013780 Total (Diversion),Annual,1,2020,90.0,ACFT,K,Approved,2021-03-26 10:46:00
2013780,12013780,2013780 Total (Diversion),Annual,1,2021,143.67,ACFT,K,Approved,2022-03-30 09:30:00
2013780,12013780,2013780 Total (Diversion),Annual,1,2022,181.09,ACFT,K,Approved,2023-02-03 11:02:00
2013780,12013780,2013780 Total (Diversion),Annual,1,2023,173.71,ACFT,K,Approved,2024-01-16 17:46:00
2013780,12013780,2013780 Total (Diversion),Annual,1,2024,148.33,ACFT,K,Approved,2024-10-30 09:37:00
2013923,12013923,2013923 Total (Diversion),Annual,1,2009,288.27,ACFT,U,Approved,2010-06-29 16:23:00
2013923,12013923,2013923 Total (Diversion),Annual,1,2010,246.97,ACFT,U,Approved,2011-06-20 17:12:00
2013923,12013923,2013923 Total (Diversion),Annual,1,2011,221.48,ACFT,U,Approved,2012-07-06 07:51:00
2013923,12013923,2013923 Total (Diversion),Annual,1,2012,231.09,ACFT,K,Approved,2013-05-03 15:13:00
2013923,12013923,2013923 Total (Diversion),Annual,1,2013,238.04,ACFT,K,Approved,2014-04-04 13:52:00
2013923,12013923,2013923 Total (Diversion),Annual,1,2014,312.45,ACFT,K,Approved,2015-06-01 17:12:00
2013923,12013923,2013923 Total (Diversion),Annual,1,2015,236.71,ACFT,K,Approved,2016-05-30 14:30:00
2013923,12013923,2013923 Total (Diversion),Annual,1,2016,212.85,ACFT,K,Approved,2018-01-03 15:56:00
2013923,12013923,2013923 Total (Diversion),Annual,1,2017,226.32,ACFT,K,Approved,2018-05-25 09:41:00
2013923,12013923,2013923 Total (Diversion),Annual,1,2018,313.54,ACFT,K,Approved,2019-04-04 16:17:00
2013923,12013923,2013923 Total (Diversion),Annual,1,2019,241.67,ACFT,K,Approved,2020-04-01 21:05:00
2013923,12013923,2013923 Total (Diversion),Annual,1,2020,275.43,ACFT,K,Approved,2021-03-26 10:46:00
2013923,12013923,2013923 Total (Diversion),Annual,1,2021,215.73,ACFT,K,Approved,2022-03-30 09:30:00
2013923,12013923,2013923 Total (Diversion),Annual,1,2022,142.63,ACFT,K,Approved,2023-02-03 11:01:00
2013923,12013923,2013923 Total (Diversion),Annual,1,2023,129.0,ACFT,K,Approved,2023-12-19 13:34:00
2013923,12013923,2013923 Total (Diversion),Annual,1,2024,180.45,ACFT,K,Approved,2024-12-02 11:43:00
2014164,12014164,2014164 Total (Diversion),Annual,1,2009,31.01,ACFT,U,Approved,2010-10-19 14:07:00
2014164,12014164,2014164 Total (Diversion),Annual,1,2010,16.0,ACFT,U,Approved,2011-06-20 17:12:00
2014164,12014164,2014164 Total (Diversion),Annual,1,2011,18.99,ACFT,U,Approved,2012-07-06 07:51:00
2014164,12014164,2014164 Total (Diversion),Annual,1,2012,30.0,ACFT,K,Approved,2013-05-03 15:13:00
2014164,12014164,2014164 Total (Diversion),Annual,1,2013,37.0,ACFT,K,Approved,2014-04-04 13:52:00
2014164,12014164,2014164 Total (Diversion),Annual,1,2014,30.046,ACFT,K,Approved,2015-06-01 17:12:00
2014164,12014164,2014164 Total (Diversion),Annual,1,2015,41.571,ACFT,K,Approved,2016-05-30 14:30:00
2014164,12014164,2014164 Total (Diversion),Annual,1,2016,26.113,ACFT,K,Approved,2018-01-03 15:56:00
2014164,12014164,2014164 Total (Diversion),Annual,1,2017,30.262,ACFT,K,Approved,2018-05-25 09:41:00
2014164,12014164,2014164 Total (Diversion),Annual,1,2018,40.3941,ACFT,K,Approved,2019-04-04 16:17:00
2014164,12014164,2014164 Total (Diversion),Annual,1,2019,38.8423,ACFT,K,Approved,2020-04-01 21:05:00
2014164,12014164,2014164 Total (Diversion),Annual,1,2020,17.871,ACFT,K,Approved,2021-03-26 10:46:00
2014164,12014164,2014164 Total (Diversion),Annual,1,2021,28.1172,ACFT,K,Approved,2022-03-30 09:30:00
2014164,12014164,2014164 Total (Diversion),Annual,1,2022,7.9493,ACFT,K,Approved,2023-02-03 11:05:00
2014164,12014164,2014164 Total (Diversion),Annual,1,2023,43.0698,ACFT,K,Approved,2024-02-05 14:21:00
2014164,12014164,2014164 Total (Diversion),Annual,1,2024,22.5697,ACFT,K,Approved,2024-11-13 13:51:00
2014331,12014331,2014331 Total (Diversion),Annual,1,2009,11.39,ACFT,U,Approved,2010-06-29 16:23:00
2014331,12014331,2014331 Total (Diversion),Annual,1,2010,7.6414,ACFT,U,Approved,2013-11-26 11:59:00
2014331,12014331,2014331 Total (Diversion),Annual,1,2011,13.1801,ACFT,U,Approved,2013-11-25 18:51:00
2014331,12014331,2014331 Total (Diversion),Annual,1,2012,13.7547,ACFT,K,Approved,2013-05-03 15:13:00
2014331,12014331,2014331 Total (Diversion),Annual,1,2013,16.4089,ACFT,K,Approved,2014-04-04 13:52:00
2014331,12014331,2014331 Total (Diversion),Annual,1,2014,15.0047,ACFT,K,Approved,2015-06-01 17:12:00
2014331,12014331,2014331 Total (Diversion),Annual,1,2015,10.8574,ACFT,K,Approved,2016-05-30 14:30:00
2014331,12014331,2014331 Total (Diversion),Annual,1,2016,11.9324,ACFT,K,Approved,2018-01-03 15:56:00
2014331,12014331,2014331 Total (Diversion),Annual,1,2017,12.9507,ACFT,K,Approved,2018-05-25 09:41:00
2014331,12014331,2014331 Total (Diversion),Annual,1,2018,13.9412,ACFT,K,Approved,2019-04-04 16:17:00
2014331,12014331,2014331 Total (Diversion),Annual,1,2019,13.3281,ACFT,K,Approved,2020-04-01 21:05:00
2014331,12014331,2014331 Total (Diversion),Annual,1,2020,19.9308,ACFT,K,Approved,2021-03-26 10:46:00
2014331,12014331,2014331 Total (Diversion),Annual,1,2021,16.5347,ACFT,K,Approved,2022-03-30 09:30:00
2014331,12014331,2014331 Total (Diversion),Annual,1,2022,19.3359,ACFT,K,Approved,2023-02-03 11:05:00
2014331,12014331,2014331 Total (Diversion),Annual,1,2023,21.7173,ACFT,K,Approved,2024-01-04 09:46:00
2014331,12014331,2014331 Total (Diversion),Annual,1,2024,34.498,ACFT,K,Approved,2024-11-21 11:05:00
2014336,12014336,2014336 Total (Diversion),Annual,1,2009,99.79,ACFT,U,Approved,2010-06-29 16:23:00
2014336,12014336,2014336 Total (Diversion),Annual,1,2010,129.265,ACFT,U,Approved,2013-11-26 12:00:00
2014336,12014336,2014336 Total (Diversion),Annual,1,2011,124.955,ACFT,U,Approved,2013-11-25 18:51:00
2014336,12014336,2014336 Total (Diversion),Annual,1,2012,114.895,ACFT,K,Approved,2013-05-03 15:13:00
2014336,12014336,2014336 Total (Diversion),Annual,1,2013,93.555,ACFT,K,Approved,2014-04-04 13:52:00
2014336,12014336,2014336 Total (Diversion),Annual,1,2014,115.53,ACFT,K,Approved,2015-06-01 17:12:00
2014336,12014336,2014336 Total (Diversion),Annual,1,2015,71.18,ACFT,K,Approved,2016-05-30 14:30:00
2014336,12014336,2014336 Total (Diversion),Annual,1,2016,91.805,ACFT,K,Approved,2018-01-03 15:56:00
2014336,12014336,2014336 Total (Diversion),Annual,1,2017,94.775,ACFT,K,Approved,2018-05-25 09:41:00
2014336,12014336,2014336 Total (Diversion),Annual,1,2018,133.675,ACFT,K,Approved,2019-04-04 16:17:00
2014336,12014336,2014336 Total (Diversion),Annual,1,2019,77.965,ACFT,K,Approved,2020-04-01 21:05:00
2014336,12014336,2014336 Total (Diversion),Annual,1,2020,27.845,ACFT,K,Approved,2021-03-26 10:46:00
2014336,12014336,2014336 Total (Diversion),Annual,1,2021,134.765,ACFT,K,Approved,2022-03-30 09:30:00
2014336,12014336,2014336 Total (Diversion),Annual,1,2022,39.805,ACFT,K,Approved,2023-02-03 11:01:00
2014336,12014336,2014336 Total (Diversion),Annual,1,2023,141.035,ACFT,K,Approved,2024-01-11 16:45:00
2014336,12014336,2014336 Total (Diversion),Annual,1,2024,50.445,ACFT,K,Approved,2024-12-02 12:01:00
2014350,12014350,2014350 Total (Diversion),Annual,1,2009,5.135,ACFT,U,Approved,2010-10-19 14:07:00
2014350,12014350,2014350 Total (Diversion),Annual,1,2010,0.3351,ACFT,U,Approved,2013-11-26 12:00:00
2014350,12014350,2014350 Total (Diversion),Annual,1,2011,0.4333,ACFT,U,Approved,2013-11-25 18:52:00
2014350,12014350,2014350 Total (Diversion),Annual,1,2012,0.5721,ACFT,K,Approved,2013-05-03 15:13:00
2014350,12014350,2014350 Total (Diversion),Annual,1,2013,0.2446,ACFT,K,Approved,2014-04-04 13:52:00
2014350,12014350,2014350 Total (Diversion),Annual,1,2014,0.4137,ACFT,K,Approved,2015-06-01 17:12:00
2014350,12014350,2014350 Total (Diversion),Annual,1,2015,0.4198,ACFT,K,Approved,2016-05-30 14:30:00
2014350,12014350,2014350 Total (Diversion),Annual,1,2016,0.3468,ACFT,K,Approved,2018-01-03 15:56:00
2014350,12014350,2014350 Total (Diversion),Annual,1,2017,0.2765,ACFT,K,Approved,2018-05-25 09:41:00
2014350,12014350,2014350 Total (Diversion),Annual,1,2018,0.2498,ACFT,K,Approved,2019-04-04 16:17:00
2014350,12014350,2014350 Total (Diversion),Annual,1,2019,0.2467,ACFT,K,Approved,2020-04-01 21:05:00
2014350,12014350,2014350 Total (Diversion),Annual,1,2020,0.3468,ACFT,K,Approved,2022-02-23 09:30:00
2014350,12014350,2014350 Total (Diversion),Annual,1,2021,0.3468,ACFT,K,Approved,2022-03-30 09:30:00
2014350,12014350,2014350 Total (Diversion),Annual,1,2022,0.5024,ACFT,K,Approved,2023-02-03 11:05:00
2014350,12014350,2014350 Total (Diversion),Annual,1,2023,0.3778,ACFT,K,Approved,2024-02-01 16:08:00
2014350,12014350,2014350 Total (Diversion),Annual,1,2024,0.4401,ACFT,K,Approved,2024-11-04 08:49:00
2014395,12014395,2014395 Total (Diversion),Annual,1,2009,0.0,ACFT,U,Approved,2019-05-09 12:45:00
2014395,12014395,2014395 Total (Diversion),Annual,1,2010,0.4867,ACFT,U,Approved,2019-05-09 12:45:00
2014395,12014395,2014395 Total (Diversion),Annual,1,2011,13.16,ACFT,U,Approved,2019-05-09 12:45:00
2014395,12014395,2014395 Total (Diversion),Annual,1,2012,0.4802,ACFT,K,Approved,2019-05-09 12:45:00
2014395,12014395,2014395 Total (Diversion),Annual,1,2013,0.2753,ACFT,K,Approved,2019-05-09 12:45:00
2014395,12014395,2014395 Total (Diversion),Annual,1,2014,0.099,ACFT,K,Approved,2019-05-09 12:45:00
2014395,12014395,2014395 Total (Diversion),Annual,1,2015,0.0001,ACFT,K,Approved,2019-05-09 12:45:00
2014395,12014395,2014395 Total (Diversion),Annual,1,2016,0.0405,ACFT,K,Approved,2019-05-09 12:45:00
2014395,12014395,2014395 Total (Diversion),Annual,1,2017,0.0,ACFT,K,Approved,2019-05-09 12:45:00
2014395,12014395,2014395 Total (Diversion),Annual,1,2018,0.0002,ACFT,K,Approved,2019-05-17 14:45:00
2014395,12014395,2014395 Total (Diversion),Annual,1,2019,0.0002,ACFT,K,Approved,2020-04-01 21:05:00
2014395,12014395,2014395 Total (Diversion),Annual,1,2021,0.0,ACFT,K,Approved,2022-03-30 09:30:00
2014395,12014395,2014395 Total (Diversion),Annual,1,2022,0.0,ACFT,K,Approved,2023-08-25 14:01:00
2014395,12014395,2014395 Total (Diversion),Annual,1,2023,0.0,ACFT,K,Approved,2024-02-01 16:27:00
2014395,12014395,2014395 Total (Diversion),Annual,1,2024,0.0,ACFT,K,Approved,2024-11-19 14:08:00
2014396,12014396,2014396 Total (Diversion),Annual,1,2009,0.14,ACFT,U,Approved,2019-08-14 09:00:00
2014396,12014396,2014396 Total (Diversion),Annual,1,2010,0.4023,ACFT,U,Approved,2019-08-14 09:00:00
2014396,12014396,2014396 Total (Diversion),Annual,1,2011,0.0139,ACFT,U,Approved,2019-08-14 09:00:00
2014396,12014396,2014396 Total (Diversion),Annual,1,2012,0.0065,ACFT,K,Approved,2019-08-14 09:00:00
2014396,12014396,2014396 Total (Diversion),Annual,1,2013,0.1996,ACFT,K,Approved,2019-08-14 09:00:00
2014396,12014396,2014396 Total (Diversion),Annual,1,2014,0.1438,ACFT,K,Approved,2019-08-14 09:00:00
2014396,12014396,2014396 Total (Diversion),Annual,1,2015,0.6062,ACFT,K,Approved,2019-08-14 09:00:00
2014396,12014396,2014396 Total (Diversion),Annual,1,2016,0.5184,ACFT,K,Approved,2019-08-14 09:00:00
2014396,12014396,2014396 Total (Diversion),Annual,1,2017,0.5669,ACFT,K,Approved,2019-08-14 09:00:00
2014396,12014396,2014396 Total (Diversion),Annual,1,2018,0.5128,ACFT,K,Approved,2019-08-14 09:00:00
2014396,12014396,2014396 Total (Diversion),Annual,1,2019,0.8008,ACFT,K,Approved,2020-04-01 21:05:00
2014396,12014396,2014396 Total (Diversion),Annual,1,2020,6.8528,ACFT,K,Approved,2021-03-26 10:46:00
2014396,12014396,2014396 Total (Diversion),Annual,1,2021,5.1108,ACFT,K,Approved,2022-03-30 09:30:00
2014396,12014396,2014396 Total (Diversion),Annual,1,2022,2.2656,ACFT,K,Approved,2023-02-03 11:04:00
2014396,12014396,2014396 Total (Diversion),Annual,1,2023,0.0,ACFT,K,Approved,2024-02-01 16:27:00
2014396,12014396,2014396 Total (Diversion),Annual,1,2024,0.0,ACFT,K,Approved,2024-11-19 14:08:00
2014433,12014433,2014433 Total (Diversion),Annual,1,2024,31.1977,ACFT,K,Approved,2024-12-02 12:20:00
2014541,12014541,2014541 Total (Diversion),Annual,1,2023,6.8263,ACFT,K,Approved,2024-01-31 10:30:00
2014541,12014541,2014541 Total (Diversion),Annual,1,2024,7.94,ACFT,K,Approved,2024-11-21 11:06:00
2014569,12014569,2014569 Total (Diversion),Annual,1,2021,3.8756,ACFT,K,Approved,2022-03-30 09:30:00
2014569,12014569,2014569 Total (Diversion),Annual,1,2022,29.7626,ACFT,K,Approved,2023-02-03 11:04:00
2014569,12014569,2014569 Total (Diversion),Annual,1,2023,28.7789,ACFT,K,Approved,2024-01-30 13:17:00
2014569,12014569,2014569 Total (Diversion),Annual,1,2024,28.6606,ACFT,K,Approved,2024-11-20 12:35:00
2014580,12014580,2014580 Total (Diversion),Annual,1,2009,53.34,ACFT,U,Approved,2021-02-25 13:06:00
2014580,12014580,2014580 Total (Diversion),Annual,1,2010,82.44,ACFT,U,Approved,2021-02-25 13:06:00
2014580,12014580,2014580 Total (Diversion),Annual,1,2011,132.38,ACFT,U,Approved,2021-02-25 13:06:00
2014580,12014580,2014580 Total (Diversion),Annual,1,2012,78.2006,ACFT,K,Approved,2021-02-25 13:06:00
2014580,12014580,2014580 Total (Diversion),Annual,1,2013,38.6837,ACFT,K,Approved,2021-02-25 13:06:00
2014580,12014580,2014580 Total (Diversion),Annual,1,2014,0.0,ACFT,K,Approved,2021-02-25 13:06:00
2014580,12014580,2014580 Total (Diversion),Annual,1,2015,0.0,ACFT,K,Approved,2021-02-25 13:06:00
2014580,12014580,2014580 Total (Diversion),Annual,1,2016,0.0,ACFT,K,Approved,2021-02-25 13:06:00
2014580,12014580,2014580 Total (Diversion),Annual,1,2017,40.5165,ACFT,K,Approved,2021-02-25 13:06:00
2014580,12014580,2014580 Total (Diversion),Annual,1,2018,61.3085,ACFT,K,Approved,2021-02-25 13:06:00
2014580,12014580,2014580 Total (Diversion),Annual,1,2019,41.0994,ACFT,K,Approved,2021-03-01 14:00:00
2014580,12014580,2014580 Total (Diversion),Annual,1,2020,66.6805,ACFT,K,Approved,2021-03-26 10:46:00
2014580,12014580,2014580 Total (Diversion),Annual,1,2021,51.0439,ACFT,K,Approved,2022-03-30 09:30:00
2014580,12014580,2014580 Total (Diversion),Annual,1,2022,0.0,ACFT,K,Approved,2023-02-03 11:02:00
2014580,12014580,2014580 Total (Diversion),Annual,1,2023,112.0563,ACFT,K,Approved,2024-01-30 12:18:00
2014580,12014580,2014580 Total (Diversion),Annual,1,2024,27.9434,ACFT,K,Approved,2024-12-02 12:31:00
