wdid,waterClassNum,wcIdentifier,measInterval,measCount,dataMeasDate,dataValue,measUnits,obsCode,approvalStatus,modified
0205087,10205087,0205087 Total (Diversion),Monthly,2,2017,7.787,ACFT,k,Approved,2018-04-06 09:56:00
0205087,10205087,0205087 Total (Diversion),Monthly,5,2018,30.817,ACFT,k,Approved,2019-04-18 12:31:00
0205087,10205087,0205087 Total (Diversion),Monthly,12,2020,64.205,ACFT,K,Approved,2021-04-22 14:01:00
0205087,10205087,0205087 Total (Diversion),Monthly,11,2021,24.7368,ACFT,K,Approved,2022-09-14 15:18:00
0205087,10205087,0205087 Total (Diversion),Monthly,12,2022,7.6434,ACFT,K,Approved,2023-11-06 07:33:00
0205087,10205087,0205087 Total (Diversion),Monthly,12,2023,17.8989,ACFT,K,Approved,2024-06-24 15:12:00
0205087,10205087,0205087 Total (Diversion),Monthly,12,2024,2.3732,ACFT,K,Approved,2025-01-23 11:16:00
0205221,10205221,0205221 Total (Diversion),Monthly,2,2012,1.4855,ACFT,U,Approved,2013-04-18 19:55:00
0205221,10205221,0205221 Total (Diversion),Monthly,3,2015,2.363,ACFT,U,Approved,2016-06-15 13:01:00
0205221,10205221,0205221 Total (Diversion),Monthly,1,2018,5.55,ACFT,*,Approved,2019-04-18 12:31:00
0205221,10205221,0205221 Total (Diversion),Monthly,1,2022,0.929,ACFT,*,Approved,2023-04-11 08:52:00
0205221,10205221,0205221 Total (Diversion),Monthly,4,2023,3.043,ACFT,*,Approved,2024-01-18 11:00:00
0205221,10205221,0205221 Total (Diversion),Monthly,12,2024,0.967,ACFT,*,Approved,2025-05-27 16:20:00
0205225,10205225,0205225 Total (Diversion),Monthly,2,2012,2.214,ACFT,U,Approved,2013-04-18 19:57:00
0205225,10205225,0205225 Total (Diversion),Monthly,5,2013,5.28,ACFT,U,Approved,2014-05-09 12:03:00
0205225,10205225,0205225 Total (Diversion),Monthly,5,2015,1.411,ACFT,U,Approved,2016-06-15 13:01:00
0205225,10205225,0205225 Total (Diversion),Monthly,4,2016,1.499,ACFT,U,Approved,2017-05-15 11:01:00
0205225,10205225,0205225 Total (Diversion),Monthly,3,2017,3.244,ACFT,U,Approved,2018-04-06 09:56:00
0205225,10205225,0205225 Total (Diversion),Monthly,1,2018,1.42,ACFT,U,Approved,2019-04-18 12:31:00
0205225,10205225,0205225 Total (Diversion),Monthly,4,2019,2.307,ACFT,U,Approved,2020-08-10 07:31:00
0205225,10205225,0205225 Total (Diversion),Monthly,4,2020,4.198,ACFT,U,Approved,2021-04-22 14:01:00
0205225,10205225,0205225 Total (Diversion),Monthly,2,2021,5.627,ACFT,U,Approved,2022-09-14 15:18:00
0205225,10205225,0205225 Total (Diversion),Monthly,1,2022,4.848,ACFT,U,Approved,2023-04-11 08:52:00
0205225,10205225,0205225 Total (Diversion),Monthly,3,2023,2.1,ACFT,U,Approved,2024-01-18 11:00:00
0205225,10205225,0205225 Total (Diversion),Monthly,12,2024,2.975,ACFT,U,Approved,2025-05-27 16:20:00
0205421,10205421,0205421 Total (Diversion),Monthly,3,2014,15.119,ACFT,K,Approved,2015-05-04 15:51:00
0205421,10205421,0205421 Total (Diversion),Monthly,5,2015,14.905,ACFT,K,Approved,2016-06-15 13:01:00
0205421,10205421,0205421 Total (Diversion),Monthly,2,2016,8.649,ACFT,k,Approved,2017-05-15 11:01:00
0205421,10205421,0205421 Total (Diversion),Monthly,3,2017,10.851,ACFT,k,Approved,2018-04-06 09:56:00
0205421,10205421,0205421 Total (Diversion),Monthly,2,2018,0.081,ACFT,k,Approved,2019-04-18 12:31:00
0205421,10205421,0205421 Total (Diversion),Monthly,12,2020,1.188,ACFT,K,Approved,2021-04-22 14:01:00
0205421,10205421,0205421 Total (Diversion),Monthly,12,2021,0.033,ACFT,K,Approved,2022-09-14 15:18:00
0205421,10205421,0205421 Total (Diversion),Monthly,12,2022,2.316,ACFT,K,Approved,2023-11-06 07:07:00
0205421,10205421,0205421 Total (Diversion),Monthly,12,2023,0.4842,ACFT,K,Approved,2024-03-26 15:16:00
0205421,10205421,0205421 Total (Diversion),Monthly,12,2024,0.0,ACFT,K,Approved,2025-01-23 11:05:00
0205443,10205443,0205443 Total (Diversion),Monthly,1,2012,0.589,ACFT,U,Approved,2013-04-18 20:00:00
0205443,10205443,0205443 Total (Diversion),Monthly,2,2013,1.37,ACFT,U,Approved,2014-05-09 12:03:00
0205443,10205443,0205443 Total (Diversion),Monthly,1,2015,0.608,ACFT,U,Approved,2016-06-15 13:01:00
0205443,10205443,0205443 Total (Diversion),Monthly,2,2018,30.1,ACFT,*,Approved,2019-04-18 12:31:00
0205443,10205443,0205443 Total (Diversion),Monthly,2,2019,10.424,ACFT,*,Approved,2020-08-10 07:31:00
0205443,10205443,0205443 Total (Diversion),Monthly,3,2021,9.69,ACFT,*,Approved,2022-09-14 15:18:00
0205443,10205443,0205443 Total (Diversion),Monthly,2,2022,8.729,ACFT,*,Approved,2023-04-11 08:52:00
0205443,10205443,0205443 Total (Diversion),Monthly,1,2023,0.037,ACFT,*,Approved,2024-01-18 11:00:00
0205443,10205443,0205443 Total (Diversion),Monthly,12,2024,0.004,ACFT,*,Approved,2025-05-27 16:20:00
0205731,10205731,0205731 Total (Diversion),Monthly,2,2012,2.611,ACFT,U,Approved,2013-04-18 20:29:00
0205731,10205731,0205731 Total (Diversion),Monthly,3,2015,8.318,ACFT,U,Approved,2016-06-15 13:01:00
0205731,10205731,0205731 Total (Diversion),Monthly,2,2016,0.047,ACFT,U,Approved,2017-05-15 11:01:00
0205731,10205731,0205731 Total (Diversion),Monthly,2,2017,0.997,ACFT,U,Approved,2018-04-06 09:56:00
0205731,10205731,0205731 Total (Diversion),Monthly,1,2018,0.24,ACFT,U,Approved,2019-04-18 12:31:00
0205731,10205731,0205731 Total (Diversion),Monthly,1,2023,0.024,ACFT,*,Approved,2024-01-18 11:00:00
0205731,10205731,0205731 Total (Diversion),Monthly,12,2024,0.0,ACFT,*,Approved,2025-05-27 16:20:00
0205818,10205818,0205818 Total (Diversion),Monthly,2,2016,0.129,ACFT,k,Approved,2017-05-15 11:01:00
0205818,10205818,0205818 Total (Diversion),Monthly,1,2017,0.002,ACFT,k,Approved,2018-04-06 09:56:00
0205818,10205818,0205818 Total (Diversion),Monthly,12,2020,4.102,ACFT,K,Approved,2021-04-22 14:01:00
0205818,10205818,0205818 Total (Diversion),Monthly,12,2021,2.827,ACFT,K,Approved,2022-09-14 15:18:00
0205818,10205818,0205818 Total (Diversion),Monthly,12,2022,0.0,ACFT,K,Approved,2023-11-06 07:32:00
0205818,10205818,0205818 Total (Diversion),Monthly,12,2023,0.9,ACFT,K,Approved,2024-03-26 16:02:00
0205818,10205818,0205818 Total (Diversion),Monthly,12,2024,0.003,ACFT,K,Approved,2025-01-23 11:13:00
0205820,10205820,0205820 Total (Diversion),Monthly,2,2017,0.103,ACFT,k,Approved,2018-04-06 09:56:00
0205820,10205820,0205820 Total (Diversion),Monthly,1,2018,1.253,ACFT,*,Approved,2019-04-18 12:31:00
0205820,10205820,0205820 Total (Diversion),Monthly,12,2020,14.086,ACFT,K,Approved,2021-04-22 14:01:00
0205820,10205820,0205820 Total (Diversion),Monthly,12,2021,7.693,ACFT,K,Approved,2022-09-14 15:18:00
0205820,10205820,0205820 Total (Diversion),Monthly,12,2022,0.0,ACFT,K,Approved,2023-11-06 07:31:00
0205820,10205820,0205820 Total (Diversion),Monthly,12,2023,0.0,ACFT,K,Approved,2024-03-26 16:02:00
0205820,10205820,0205820 Total (Diversion),Monthly,12,2024,1.744,ACFT,K,Approved,2025-01-23 11:15:00
0205909,10205909,0205909 Total (Diversion),Monthly,2,2018,1.881,ACFT,k,Approved,2019-04-18 12:31:00
0205909,10205909,0205909 Total (Diversion),Monthly,12,2020,0.0,ACFT,K,Approved,2021-04-22 14:01:00
0205909,10205909,0205909 Total (Diversion),Monthly,10,2021,0.0,ACFT,K,Approved,2022-09-14 15:18:00
0205909,10205909,0205909 Total (Diversion),Monthly,12,2022,0.0,ACFT,K,Approved,2023-11-06 07:33:00
0205909,10205909,0205909 Total (Diversion),Monthly,12,2023,0.0,ACFT,K,Approved,2024-06-24 15:10:00
0205909,10205909,0205909 Total (Diversion),Monthly,12,2024,0.0,ACFT,K,Approved,2025-01-23 11:10:00
0205910,10205910,0205910 Total (Diversion),Monthly,3,2013,3.02,ACFT,K,Approved,2014-05-09 12:03:00
0205910,10205910,0205910 Total (Diversion),Monthly,2,2014,0.07,ACFT,K,Approved,2015-05-04 15:51:00
0205910,10205910,0205910 Total (Diversion),Monthly,3,2015,0.91,ACFT,K,Approved,2016-06-15 13:01:00
0205910,10205910,0205910 Total (Diversion),Monthly,3,2016,22.64,ACFT,k,Approved,2017-05-15 11:01:00
0205910,10205910,0205910 Total (Diversion),Monthly,1,2017,2.74,ACFT,k,Approved,2018-04-06 09:56:00
0205910,10205910,0205910 Total (Diversion),Monthly,2,2018,11.89,ACFT,k,Approved,2019-04-18 12:31:00
0205910,10205910,0205910 Total (Diversion),Monthly,12,2020,61.38,ACFT,K,Approved,2021-04-22 14:01:00
0205910,10205910,0205910 Total (Diversion),Monthly,12,2021,55.192,ACFT,K,Approved,2022-09-14 15:18:00
0205910,10205910,0205910 Total (Diversion),Monthly,12,2022,17.789,ACFT,K,Approved,2023-11-06 07:31:00
0205910,10205910,0205910 Total (Diversion),Monthly,12,2023,7.223,ACFT,K,Approved,2024-03-26 13:43:00
0205910,10205910,0205910 Total (Diversion),Monthly,12,2024,6.003,ACFT,K,Approved,2025-01-23 11:18:00
0205911,10205911,0205911 Total (Diversion),Monthly,4,2012,0.8181,ACFT,U,Approved,2013-04-11 08:14:00
0205911,10205911,0205911 Total (Diversion),Monthly,1,2013,0.1071,ACFT,K,Approved,2014-05-09 12:03:00
0205911,10205911,0205911 Total (Diversion),Monthly,1,2014,0.0347,ACFT,K,Approved,2015-05-04 15:51:00
0205911,10205911,0205911 Total (Diversion),Monthly,4,2015,11.8133,ACFT,K,Approved,2016-06-15 13:01:00
0205911,10205911,0205911 Total (Diversion),Monthly,3,2016,0.019,ACFT,K,Approved,2017-05-15 11:01:00
0205911,10205911,0205911 Total (Diversion),Monthly,5,2017,0.3894,ACFT,K,Approved,2018-04-06 09:56:00
0205911,10205911,0205911 Total (Diversion),Monthly,6,2018,1.3298,ACFT,K,Approved,2019-04-18 12:31:00
0205911,10205911,0205911 Total (Diversion),Monthly,4,2019,0.3586,ACFT,K,Approved,2020-09-30 20:16:00
0205911,10205911,0205911 Total (Diversion),Monthly,12,2020,2.0595,ACFT,K,Approved,2021-04-22 14:01:00
0205911,10205911,0205911 Total (Diversion),Monthly,12,2021,2.0815,ACFT,K,Approved,2022-09-14 15:18:00
0205911,10205911,0205911 Total (Diversion),Monthly,12,2022,5.5547,ACFT,K,Approved,2023-11-06 07:29:00
0205911,10205911,0205911 Total (Diversion),Monthly,12,2023,0.0615,ACFT,K,Approved,2024-06-24 15:09:00
0205911,10205911,0205911 Total (Diversion),Monthly,12,2024,4.7201,ACFT,K,Approved,2025-01-22 16:42:00
0206050,10206050,0206050 Total (Diversion),Monthly,7,2012,75.754,ACFT,U,Approved,2013-04-11 08:14:00
0206050,10206050,0206050 Total (Diversion),Monthly,7,2013,61.767,ACFT,K,Approved,2014-05-09 12:03:00
0206050,10206050,0206050 Total (Diversion),Monthly,5,2014,44.483,ACFT,K,Approved,2015-05-04 15:51:00
0206050,10206050,0206050 Total (Diversion),Monthly,5,2015,72.631,ACFT,K,Approved,2016-06-15 13:01:00
0206050,10206050,0206050 Total (Diversion),Monthly,4,2016,71.185,ACFT,K,Approved,2017-05-15 11:01:00
0206050,10206050,0206050 Total (Diversion),Monthly,4,2017,74.025,ACFT,K,Approved,2018-04-06 09:56:00
0206050,10206050,0206050 Total (Diversion),Monthly,7,2018,48.12,ACFT,K,Approved,2019-04-18 12:31:00
0206050,10206050,0206050 Total (Diversion),Monthly,4,2019,56.305,ACFT,K,Approved,2020-09-30 20:16:00
0206050,10206050,0206050 Total (Diversion),Monthly,12,2020,56.555,ACFT,K,Approved,2021-04-22 14:01:00
0206050,10206050,0206050 Total (Diversion),Monthly,12,2021,61.486,ACFT,K,Approved,2022-09-14 15:18:00
0206050,10206050,0206050 Total (Diversion),Monthly,12,2022,62.136,ACFT,K,Approved,2023-11-06 07:24:00
0206050,10206050,0206050 Total (Diversion),Monthly,12,2023,29.106,ACFT,K,Approved,2024-03-26 15:38:00
0206050,10206050,0206050 Total (Diversion),Monthly,12,2024,63.086,ACFT,K,Approved,2025-01-22 16:34:00
0206051,10206051,0206051 Total (Diversion),Monthly,6,2012,16.729,ACFT,U,Approved,2013-04-11 08:14:00
0206051,10206051,0206051 Total (Diversion),Monthly,4,2013,16.759,ACFT,K,Approved,2014-05-09 12:03:00
0206051,10206051,0206051 Total (Diversion),Monthly,2,2014,10.648,ACFT,K,Approved,2015-05-04 15:51:00
0206051,10206051,0206051 Total (Diversion),Monthly,5,2015,21.863,ACFT,K,Approved,2016-06-15 13:01:00
0206051,10206051,0206051 Total (Diversion),Monthly,3,2016,37.177,ACFT,K,Approved,2017-05-15 11:01:00
0206051,10206051,0206051 Total (Diversion),Monthly,6,2017,24.861,ACFT,K,Approved,2018-04-06 09:56:00
0206051,10206051,0206051 Total (Diversion),Monthly,5,2018,50.398,ACFT,K,Approved,2019-04-18 12:31:00
0206051,10206051,0206051 Total (Diversion),Monthly,4,2019,92.913,ACFT,K,Approved,2020-09-30 20:16:00
0206051,10206051,0206051 Total (Diversion),Monthly,12,2020,60.4505,ACFT,K,Approved,2021-04-22 14:01:00
0206051,10206051,0206051 Total (Diversion),Monthly,12,2021,66.1092,ACFT,K,Approved,2022-09-14 15:18:00
0206051,10206051,0206051 Total (Diversion),Monthly,12,2022,47.2241,ACFT,K,Approved,2023-11-06 07:26:00
0206051,10206051,0206051 Total (Diversion),Monthly,12,2023,70.1092,ACFT,K,Approved,2024-03-26 15:15:00
0206051,10206051,0206051 Total (Diversion),Monthly,12,2024,45.0205,ACFT,K,Approved,2025-01-22 16:38:00
0206100,10206100,0206100 Total (Diversion),Monthly,12,2020,0.0,ACFT,K,Approved,2021-04-22 14:01:00
0206100,10206100,0206100 Total (Diversion),Monthly,12,2021,0.0,ACFT,K,Approved,2022-09-14 15:18:00
0206100,10206100,0206100 Total (Diversion),Monthly,12,2022,0.0,ACFT,K,Approved,2023-11-06 07:11:00
0206100,10206100,0206100 Total (Diversion),Monthly,12,2023,0.0,ACFT,K,Approved,2024-03-26 13:02:00
0206100,10206100,0206100 Total (Diversion),Monthly,12,2024,0.0,ACFT,K,Approved,2025-01-22 16:41:00
0206109,10206109,0206109 Total (Diversion),Monthly,1,2013,3.168,ACFT,K,Approved,2014-05-09 12:03:00
0206109,10206109,0206109 Total (Diversion),Monthly,1,2014,6.392,ACFT,K,Approved,2015-05-04 15:51:00
0206109,10206109,0206109 Total (Diversion),Monthly,2,2015,7.681,ACFT,K,Approved,2016-06-15 13:01:00
0206109,10206109,0206109 Total (Diversion),Monthly,3,2016,56.122,ACFT,K,Approved,2017-05-15 11:01:00
0206109,10206109,0206109 Total (Diversion),Monthly,1,2017,3.65,ACFT,K,Approved,2018-04-06 09:56:00
0206109,10206109,0206109 Total (Diversion),Monthly,2,2019,4.39,ACFT,K,Approved,2020-09-30 20:16:00
0206109,10206109,0206109 Total (Diversion),Monthly,11,2020,4.598,ACFT,K,Approved,2021-04-22 14:01:00
0206109,10206109,0206109 Total (Diversion),Monthly,12,2022,0.0,ACFT,K,Approved,2023-11-06 07:07:00
0206109,10206109,0206109 Total (Diversion),Monthly,12,2023,0.0,ACFT,K,Approved,2024-03-26 15:03:00
0206109,10206109,0206109 Total (Diversion),Monthly,12,2024,0.0,ACFT,K,Approved,2025-01-22 16:39:00
0206376,10206376,0206376 Total (Diversion),Monthly,1,2017,0.062,ACFT,K,Approved,2018-04-06 09:56:00
0206376,10206376,0206376 Total (Diversion),Monthly,8,2020,0.0,ACFT,K,Approved,2021-04-22 14:01:00
0206376,10206376,0206376 Total (Diversion),Monthly,9,2021,0.0,ACFT,K,Approved,2022-09-14 15:18:00
0206376,10206376,0206376 Total (Diversion),Monthly,12,2022,4.777,ACFT,K,Approved,2023-11-06 07:17:00
0206376,10206376,0206376 Total (Diversion),Monthly,12,2023,8.587,ACFT,K,Approved,2024-06-24 15:03:00
0206376,10206376,0206376 Total (Diversion),Monthly,12,2024,7.247,ACFT,K,Approved,2025-01-22 16:26:00
0206418,10206418,0206418 Total (Diversion),Monthly,3,2012,22.835,ACFT,U,Approved,2013-04-11 08:14:00
0206418,10206418,0206418 Total (Diversion),Monthly,1,2014,16.854,ACFT,K,Approved,2015-05-04 15:51:00
0206418,10206418,0206418 Total (Diversion),Monthly,1,2015,3.119,ACFT,K,Approved,2016-06-15 13:01:00
0206418,10206418,0206418 Total (Diversion),Monthly,3,2016,4.1794,ACFT,K,Approved,2017-05-15 11:01:00
0206418,10206418,0206418 Total (Diversion),Monthly,1,2018,0.0009,ACFT,*,Approved,2019-04-18 12:31:00
0206418,10206418,0206418 Total (Diversion),Monthly,10,2020,0.0,ACFT,K,Approved,2021-04-22 14:01:00
0206418,10206418,0206418 Total (Diversion),Monthly,12,2021,0.1964,ACFT,K,Approved,2022-09-14 15:18:00
0206418,10206418,0206418 Total (Diversion),Monthly,12,2022,0.001,ACFT,K,Approved,2023-11-06 07:28:00
0206418,10206418,0206418 Total (Diversion),Monthly,6,2023,0.0,ACFT,K,Approved,2024-06-24 15:02:00
0206419,10206419,0206419 Total (Diversion),Monthly,1,2016,0.0852,ACFT,K,Approved,2017-05-15 11:01:00
0206419,10206419,0206419 Total (Diversion),Monthly,12,2020,0.0663,ACFT,K,Approved,2021-04-22 14:01:00
0206419,10206419,0206419 Total (Diversion),Monthly,12,2021,0.0,ACFT,K,Approved,2022-09-14 15:18:00
0206419,10206419,0206419 Total (Diversion),Monthly,12,2022,0.0,ACFT,K,Approved,2023-11-06 07:24:00
0206419,10206419,0206419 Total (Diversion),Monthly,12,2023,0.0,ACFT,K,Approved,2024-03-26 14:04:00
0206419,10206419,0206419 Total (Diversion),Monthly,12,2024,0.07,ACFT,K,Approved,2025-01-22 16:40:00
0206702,10206702,0206702 Total (Diversion),Monthly,12,2020,0.002,ACFT,K,Approved,2021-04-22 14:01:00
0206702,10206702,0206702 Total (Diversion),Monthly,12,2021,0.0,ACFT,K,Approved,2022-09-14 15:18:00
0206702,10206702,0206702 Total (Diversion),Monthly,12,2022,0.0,ACFT,K,Approved,2023-11-06 07:07:00
0206702,10206702,0206702 Total (Diversion),Monthly,12,2023,0.0,ACFT,K,Approved,2024-03-26 16:17:00
0206702,10206702,0206702 Total (Diversion),Monthly,12,2024,0.0,ACFT,K,Approved,2025-01-23 11:06:00
0206715,10206715,0206715 Total (Diversion),Monthly,5,2012,2.6646,ACFT,U,Approved,2013-04-11 08:14:00
0206715,10206715,0206715 Total (Diversion),Monthly,1,2013,1.3122,ACFT,K,Approved,2014-05-09 12:03:00
0206715,10206715,0206715 Total (Diversion),Monthly,2,2014,2.0081,ACFT,K,Approved,2015-05-04 15:51:00
0206715,10206715,0206715 Total (Diversion),Monthly,5,2015,2.8637,ACFT,K,Approved,2016-06-15 13:01:00
0206715,10206715,0206715 Total (Diversion),Monthly,5,2016,3.2319,ACFT,K,Approved,2017-05-15 11:01:00
0206715,10206715,0206715 Total (Diversion),Monthly,5,2017,3.6392,ACFT,K,Approved,2018-04-06 09:56:00
0206715,10206715,0206715 Total (Diversion),Monthly,2,2018,0.6564,ACFT,K,Approved,2019-04-18 12:31:00
0206715,10206715,0206715 Total (Diversion),Monthly,12,2020,1.6807,ACFT,K,Approved,2021-04-22 14:01:00
0206715,10206715,0206715 Total (Diversion),Monthly,12,2021,3.4568,ACFT,K,Approved,2022-09-14 15:18:00
0206715,10206715,0206715 Total (Diversion),Monthly,12,2022,1.2323,ACFT,K,Approved,2023-11-06 07:24:00
0206715,10206715,0206715 Total (Diversion),Monthly,12,2023,0.0652,ACFT,K,Approved,2024-03-26 15:34:00
0206715,10206715,0206715 Total (Diversion),Monthly,12,2024,0.0119,ACFT,K,Approved,2025-01-22 16:34:00
0206780,10206780,0206780 Total (Diversion),Monthly,1,2012,4.8745,ACFT,U,Approved,2013-04-18 20:45:00
0206780,10206780,0206780 Total (Diversion),Monthly,3,2015,7.175,ACFT,U,Approved,2016-06-15 13:01:00
0206780,10206780,0206780 Total (Diversion),Monthly,3,2016,0.045,ACFT,U,Approved,2017-05-15 11:01:00
0206780,10206780,0206780 Total (Diversion),Monthly,2,2017,0.372,ACFT,U,Approved,2018-04-06 09:56:00
0206780,10206780,0206780 Total (Diversion),Monthly,2,2018,8.96,ACFT,U,Approved,2019-04-18 12:31:00
0206780,10206780,0206780 Total (Diversion),Monthly,1,2022,7.74,ACFT,*,Approved,2023-04-11 08:52:00
0206780,10206780,0206780 Total (Diversion),Monthly,1,2023,0.081,ACFT,*,Approved,2024-01-18 11:00:00
0206780,10206780,0206780 Total (Diversion),Monthly,12,2024,0.0,ACFT,*,Approved,2025-05-27 16:20:00
0206847,10206847,0206847 Total (Diversion),Monthly,2,2016,12.057,ACFT,K,Approved,2017-05-15 11:01:00
0206847,10206847,0206847 Total (Diversion),Monthly,2,2017,0.6596,ACFT,K,Approved,2018-04-06 09:56:00
0206847,10206847,0206847 Total (Diversion),Monthly,2,2018,0.694,ACFT,K,Approved,2019-04-18 12:31:00
0206847,10206847,0206847 Total (Diversion),Monthly,2,2019,1.27,ACFT,K,Approved,2020-09-30 20:16:00
0206847,10206847,0206847 Total (Diversion),Monthly,12,2020,20.538,ACFT,K,Approved,2021-04-22 14:01:00
0206847,10206847,0206847 Total (Diversion),Monthly,12,2021,0.634,ACFT,K,Approved,2022-09-14 15:18:00
0206847,10206847,0206847 Total (Diversion),Monthly,12,2022,34.075,ACFT,K,Approved,2023-11-06 07:24:00
0206847,10206847,0206847 Total (Diversion),Monthly,12,2023,0.0,ACFT,K,Approved,2024-03-26 15:19:00
0206847,10206847,0206847 Total (Diversion),Monthly,12,2024,6.396,ACFT,K,Approved,2025-01-22 16:35:00
0206848,10206848,0206848 Total (Diversion),Monthly,3,2013,17.941,ACFT,K,Approved,2014-05-09 12:03:00
0206848,10206848,0206848 Total (Diversion),Monthly,3,2014,11.944,ACFT,K,Approved,2015-05-04 15:51:00
0206848,10206848,0206848 Total (Diversion),Monthly,5,2015,52.605,ACFT,K,Approved,2016-06-15 13:01:00
0206848,10206848,0206848 Total (Diversion),Monthly,6,2016,79.076,ACFT,k,Approved,2017-05-15 11:01:00
0206848,10206848,0206848 Total (Diversion),Monthly,8,2017,79.428,ACFT,k,Approved,2018-04-06 09:56:00
0206848,10206848,0206848 Total (Diversion),Monthly,6,2018,81.024,ACFT,k,Approved,2019-04-18 12:31:00
0206848,10206848,0206848 Total (Diversion),Monthly,12,2020,92.028,ACFT,K,Approved,2021-04-22 14:01:00
0206848,10206848,0206848 Total (Diversion),Monthly,11,2021,72.994,ACFT,K,Approved,2022-09-14 15:18:00
0206848,10206848,0206848 Total (Diversion),Monthly,12,2022,20.422,ACFT,K,Approved,2023-10-31 10:13:00
0206848,10206848,0206848 Total (Diversion),Monthly,12,2023,64.572,ACFT,K,Approved,2024-03-26 14:54:00
0206848,10206848,0206848 Total (Diversion),Monthly,12,2024,72.521,ACFT,K,Approved,2025-01-23 11:22:00
0206851,10206851,0206851 Total (Diversion),Monthly,6,2012,56.315,ACFT,U,Approved,2013-04-11 08:14:00
0206851,10206851,0206851 Total (Diversion),Monthly,4,2013,25.73,ACFT,K,Approved,2014-05-09 12:03:00
0206851,10206851,0206851 Total (Diversion),Monthly,4,2014,31.058,ACFT,K,Approved,2015-05-04 15:51:00
0206851,10206851,0206851 Total (Diversion),Monthly,1,2015,0.669,ACFT,K,Approved,2016-06-15 13:01:00
0206851,10206851,0206851 Total (Diversion),Monthly,2,2016,9.325,ACFT,K,Approved,2017-05-15 11:01:00
0206851,10206851,0206851 Total (Diversion),Monthly,1,2017,0.019,ACFT,K,Approved,2018-04-06 09:56:00
0206851,10206851,0206851 Total (Diversion),Monthly,2,2018,0.003,ACFT,K,Approved,2019-04-18 12:31:00
0206851,10206851,0206851 Total (Diversion),Monthly,2,2019,0.008,ACFT,K,Approved,2020-09-30 20:16:00
0206851,10206851,0206851 Total (Diversion),Monthly,12,2020,2.885,ACFT,K,Approved,2021-04-22 14:01:00
0206851,10206851,0206851 Total (Diversion),Monthly,12,2021,0.001,ACFT,K,Approved,2022-09-14 15:18:00
0206851,10206851,0206851 Total (Diversion),Monthly,12,2022,0.004,ACFT,K,Approved,2023-11-06 07:24:00
0206851,10206851,0206851 Total (Diversion),Monthly,12,2023,0.008,ACFT,K,Approved,2024-03-26 13:16:00
0206851,10206851,0206851 Total (Diversion),Monthly,12,2024,0.0,ACFT,K,Approved,2025-01-22 16:35:00
0206943,10206943,0206943 Total (Diversion),Annual,1,2010,0.07,ACFT,U,Approved,2011-04-07 11:11:00
0206943,10206943,0206943 Total (Diversion),Monthly,2,2012,1.09,ACFT,U,Approved,2013-04-11 08:14:00
0206943,10206943,0206943 Total (Diversion),Monthly,6,2013,4.2726,ACFT,U,Approved,2014-05-09 12:03:00
0206943,10206943,0206943 Total (Diversion),Monthly,7,2014,4.4831,ACFT,U,Approved,2015-05-04 15:51:00
0206943,10206943,0206943 Total (Diversion),Monthly,8,2015,4.66,ACFT,U,Approved,2016-06-15 13:01:00
0206943,10206943,0206943 Total (Diversion),Monthly,7,2016,4.16,ACFT,U,Approved,2017-05-15 11:01:00
0206943,10206943,0206943 Total (Diversion),Monthly,7,2017,4.36,ACFT,U,Approved,2018-04-06 09:56:00
0206943,10206943,0206943 Total (Diversion),Monthly,8,2018,4.19,ACFT,U,Approved,2019-04-18 12:31:00
0206943,10206943,0206943 Total (Diversion),Monthly,7,2019,3.13,ACFT,U,Approved,2020-08-10 07:31:00
0206943,10206943,0206943 Total (Diversion),Monthly,7,2020,4.97,ACFT,U,Approved,2021-04-22 14:01:00
0206943,10206943,0206943 Total (Diversion),Monthly,7,2021,3.8651,ACFT,U,Approved,2022-09-14 15:18:00
0206943,10206943,0206943 Total (Diversion),Monthly,7,2022,4.6232,ACFT,U,Approved,2023-04-11 08:52:00
0206943,10206943,0206943 Total (Diversion),Monthly,12,2023,3.4442,ACFT,U,Approved,2024-03-27 15:12:00
0206943,10206943,0206943 Total (Diversion),Monthly,12,2024,0.8125,ACFT,U,Approved,2025-05-27 16:20:00
0206978,10206978,0206978 Total (Diversion),Monthly,1,2015,0.126,ACFT,U,Approved,2016-06-15 13:01:00
0206978,10206978,0206978 Total (Diversion),Monthly,2,2018,6.505,ACFT,*,Approved,2019-04-18 12:31:00
0206978,10206978,0206978 Total (Diversion),Monthly,1,2022,1.211,ACFT,*,Approved,2023-04-11 08:52:00
0206978,10206978,0206978 Total (Diversion),Monthly,1,2023,0.081,ACFT,*,Approved,2024-01-18 11:00:00
0206978,10206978,0206978 Total (Diversion),Monthly,12,2024,0.0,ACFT,*,Approved,2025-05-27 16:20:00
0207057,10207057,0207057 Total (Diversion),Monthly,1,2016,0.06,ACFT,k,Approved,2017-05-15 11:01:00
0207057,10207057,0207057 Total (Diversion),Monthly,12,2020,2.73,ACFT,K,Approved,2021-04-22 14:01:00
0207057,10207057,0207057 Total (Diversion),Monthly,12,2021,7.99,ACFT,K,Approved,2022-09-14 15:18:00
0207057,10207057,0207057 Total (Diversion),Monthly,12,2022,13.16,ACFT,K,Approved,2023-11-06 07:14:00
0207057,10207057,0207057 Total (Diversion),Monthly,12,2023,13.38,ACFT,K,Approved,2024-03-26 13:53:00
0207057,10207057,0207057 Total (Diversion),Monthly,12,2024,5.41,ACFT,K,Approved,2025-01-23 11:19:00
0207105,10207105,0207105 Total (Diversion),Monthly,2,2018,2.1052,ACFT,*,Approved,2019-04-18 12:31:00
0207105,10207105,0207105 Total (Diversion),Monthly,12,2020,0.0,ACFT,K,Approved,2021-04-22 14:01:00
0207105,10207105,0207105 Total (Diversion),Monthly,11,2021,0.0,ACFT,K,Approved,2022-09-14 15:18:00
0207105,10207105,0207105 Total (Diversion),Monthly,12,2022,0.0,ACFT,K,Approved,2023-11-06 07:08:00
0207105,10207105,0207105 Total (Diversion),Monthly,12,2023,0.0,ACFT,K,Approved,2024-03-26 13:24:00
0207105,10207105,0207105 Total (Diversion),Monthly,12,2024,0.0,ACFT,K,Approved,2025-01-23 11:09:00
0207134,10207134,0207134 Total (Diversion),Monthly,3,2012,49.106,ACFT,U,Approved,2013-04-11 08:14:00
0207134,10207134,0207134 Total (Diversion),Monthly,4,2013,14.173,ACFT,K,Approved,2014-05-09 12:03:00
0207134,10207134,0207134 Total (Diversion),Monthly,2,2016,0.1289,ACFT,K,Approved,2017-05-15 11:01:00
0207134,10207134,0207134 Total (Diversion),Monthly,12,2020,120.1826,ACFT,K,Approved,2021-04-22 14:01:00
0207134,10207134,0207134 Total (Diversion),Monthly,12,2021,184.4362,ACFT,K,Approved,2022-09-14 15:18:00
0207134,10207134,0207134 Total (Diversion),Monthly,12,2022,85.0471,ACFT,K,Approved,2023-11-06 07:13:00
0207164,10207164,0207164 Total (Diversion),Daily,92,2012,313.8028,ACFT,K,Approved,2013-04-18 21:00:00
0207164,10207164,0207164 Total (Diversion),Daily,67,2013,204.5181,ACFT,K,Approved,2014-05-09 12:01:00
0207164,10207164,0207164 Total (Diversion),Daily,9,2018,30.7443,ACFT,*,Approved,2019-04-18 12:30:00
0207164,10207164,0207164 Total (Diversion),Daily,16,2019,109.9454,ACFT,*,Approved,2020-08-10 07:30:00
0207164,10207164,0207164 Total (Diversion),Daily,30,2020,100.8213,ACFT,*,Approved,2021-04-22 14:01:00
0207164,10207164,0207164 Total (Diversion),Daily,62,2021,226.935,ACFT,K,Approved,2022-09-14 15:17:00
0207164,10207164,0207164 Total (Diversion),Daily,63,2022,232.0098,ACFT,K,Approved,2023-10-24 07:35:00
0207164,10207164,0207164 Total (Diversion),Daily,365,2023,186.4698,ACFT,K,Approved,2024-01-18 11:00:00
0207164,10207164,0207164 Total (Diversion),Daily,366,2024,0.0561,ACFT,K,Approved,2025-05-27 16:20:00
0207165,10207165,0207165 Total (Diversion),Daily,86,2012,383.86,ACFT,K,Approved,2013-04-18 21:02:00
0207165,10207165,0207165 Total (Diversion),Daily,25,2013,99.8553,ACFT,K,Approved,2014-05-09 12:01:00
0207165,10207165,0207165 Total (Diversion),Daily,9,2018,38.6386,ACFT,*,Approved,2019-04-18 12:30:00
0207165,10207165,0207165 Total (Diversion),Daily,16,2019,134.4198,ACFT,*,Approved,2020-08-10 07:30:00
0207165,10207165,0207165 Total (Diversion),Daily,30,2020,123.8696,ACFT,*,Approved,2021-04-22 14:01:00
0207165,10207165,0207165 Total (Diversion),Daily,62,2021,279.8288,ACFT,K,Approved,2022-09-14 15:17:00
0207165,10207165,0207165 Total (Diversion),Daily,63,2022,285.6058,ACFT,K,Approved,2023-10-24 07:35:00
0207165,10207165,0207165 Total (Diversion),Daily,365,2023,228.5728,ACFT,K,Approved,2024-01-18 11:00:00
0207165,10207165,0207165 Total (Diversion),Daily,366,2024,0.4864,ACFT,K,Approved,2025-05-27 16:20:00
0207167,10207167,0207167 Total (Diversion),Monthly,7,2024,105.722,ACFT,K,Approved,2025-01-23 11:23:00
0207306,10207306,0207306 Total (Diversion),Monthly,12,2024,0.0,ACFT,K,Approved,2025-02-24 15:01:00
0207332,10207332,0207332 Total (Diversion),Monthly,12,2024,0.0,ACFT,K,Approved,2025-02-24 15:01:00
0207338,10207338,0207338 Total (Diversion),Monthly,12,2024,0.0,ACFT,K,Approved,2025-02-24 15:01:00
0207347,10207347,0207347 Total (Diversion),Monthly,5,2013,1.4156,ACFT,K,Approved,2014-05-09 12:03:00
0207347,10207347,0207347 Total (Diversion),Monthly,1,2016,0.0098,ACFT,K,Approved,2017-05-15 11:01:00
0207347,10207347,0207347 Total (Diversion),Monthly,1,2017,0.0003,ACFT,K,Approved,2018-04-06 09:56:00
0207347,10207347,0207347 Total (Diversion),Monthly,4,2019,2.5252,ACFT,K,Approved,2020-09-30 20:16:00
0207347,10207347,0207347 Total (Diversion),Monthly,12,2020,0.6327,ACFT,K,Approved,2021-04-22 14:01:00
0207347,10207347,0207347 Total (Diversion),Monthly,12,2021,1.0617,ACFT,K,Approved,2022-09-14 15:18:00
0207347,10207347,0207347 Total (Diversion),Monthly,12,2022,0.2364,ACFT,K,Approved,2023-11-06 07:27:00
0207347,10207347,0207347 Total (Diversion),Monthly,12,2023,0.7393,ACFT,K,Approved,2024-06-24 15:02:00
0207347,10207347,0207347 Total (Diversion),Monthly,12,2024,0.9689,ACFT,K,Approved,2025-01-22 16:37:00
0207349,10207349,0207349 Total (Diversion),Monthly,7,2012,2.297,ACFT,U,Approved,2013-04-11 08:14:00
0207349,10207349,0207349 Total (Diversion),Monthly,9,2013,1.664,ACFT,K,Approved,2014-05-09 12:03:00
0207349,10207349,0207349 Total (Diversion),Monthly,2,2014,0.076,ACFT,K,Approved,2015-05-04 15:51:00
0207349,10207349,0207349 Total (Diversion),Monthly,8,2016,0.9101,ACFT,K,Approved,2017-05-15 11:01:00
0207349,10207349,0207349 Total (Diversion),Monthly,9,2017,1.4193,ACFT,K,Approved,2018-04-06 09:56:00
0207349,10207349,0207349 Total (Diversion),Monthly,6,2018,1.7382,ACFT,K,Approved,2019-04-18 12:31:00
0207349,10207349,0207349 Total (Diversion),Monthly,3,2019,0.0024,ACFT,K,Approved,2020-09-30 20:16:00
0207349,10207349,0207349 Total (Diversion),Monthly,12,2020,0.3084,ACFT,K,Approved,2021-04-22 14:01:00
0207349,10207349,0207349 Total (Diversion),Monthly,12,2021,0.032,ACFT,K,Approved,2022-09-14 15:18:00
0207349,10207349,0207349 Total (Diversion),Monthly,12,2022,0.3747,ACFT,K,Approved,2023-11-06 07:25:00
0207349,10207349,0207349 Total (Diversion),Monthly,12,2023,0.0,ACFT,K,Approved,2024-06-24 15:02:00
0207349,10207349,0207349 Total (Diversion),Monthly,12,2024,0.0,ACFT,K,Approved,2025-01-22 16:38:00
0208049,10208049,0208049 Total (Diversion),Monthly,3,2015,0.189,ACFT,U,Approved,2016-06-15 13:01:00
0208049,10208049,0208049 Total (Diversion),Monthly,1,2023,0.087,ACFT,*,Approved,2024-01-18 11:00:00
0208049,10208049,0208049 Total (Diversion),Monthly,12,2024,0.001,ACFT,*,Approved,2025-05-27 16:20:00
0208051,10208051,0208051 Total (Diversion),Monthly,1,2013,0.01,ACFT,U,Approved,2014-05-09 12:03:00
0208051,10208051,0208051 Total (Diversion),Monthly,1,2015,0.104,ACFT,U,Approved,2016-06-15 13:01:00
0208051,10208051,0208051 Total (Diversion),Monthly,1,2019,0.058,ACFT,*,Approved,2020-08-10 07:31:00
0208051,10208051,0208051 Total (Diversion),Monthly,1,2021,0.005,ACFT,*,Approved,2022-09-14 15:18:00
0208051,10208051,0208051 Total (Diversion),Monthly,1,2023,0.06,ACFT,*,Approved,2024-01-18 11:00:00
0208051,10208051,0208051 Total (Diversion),Monthly,12,2024,0.0,ACFT,*,Approved,2025-05-27 16:20:00
0208202,10208202,0208202 Total (Diversion),Monthly,10,2012,22.52,ACFT,U,Approved,2013-04-26 19:50:00
0208202,10208202,0208202 Total (Diversion),Monthly,8,2013,1.9358,ACFT,U,Approved,2014-05-09 12:03:00
0208202,10208202,0208202 Total (Diversion),Monthly,6,2014,0.0324,ACFT,*,Approved,2015-05-04 15:51:00
0208202,10208202,0208202 Total (Diversion),Monthly,2,2015,0.11,ACFT,U,Approved,2016-06-15 13:01:00
0208202,10208202,0208202 Total (Diversion),Monthly,14,2016,1.312,ACFT,U,Approved,2017-05-15 11:01:00
0208202,10208202,0208202 Total (Diversion),Monthly,4,2017,0.006,ACFT,*,Approved,2018-04-06 09:56:00
0208202,10208202,0208202 Total (Diversion),Monthly,5,2018,0.006,ACFT,*,Approved,2019-04-18 12:31:00
0208202,10208202,0208202 Total (Diversion),Monthly,6,2019,0.06,ACFT,U,Approved,2020-08-10 07:31:00
0208202,10208202,0208202 Total (Diversion),Monthly,4,2020,0.007,ACFT,*,Approved,2021-04-22 14:01:00
0208202,10208202,0208202 Total (Diversion),Monthly,6,2021,0.0092,ACFT,U,Approved,2022-09-14 15:18:00
0208202,10208202,0208202 Total (Diversion),Monthly,7,2022,0.0526,ACFT,U,Approved,2023-04-11 08:52:00
0208202,10208202,0208202 Total (Diversion),Monthly,24,2023,0.0817,ACFT,U,Approved,2024-03-27 15:12:00
0208202,10208202,0208202 Total (Diversion),Monthly,7,2024,0.0138,ACFT,U,Approved,2025-05-27 16:20:00
0208202,10208202,0208202 Total (Diversion),Monthly,12,2025,0.0,ACFT,U,Provisional,2024-12-13 08:41:00
0208231,10208231,0208231 Total (Diversion),Monthly,4,2012,34.89,ACFT,U,Approved,2013-04-11 08:14:00
0208231,10208231,0208231 Total (Diversion),Monthly,3,2013,19.79,ACFT,K,Approved,2014-05-09 12:03:00
0208231,10208231,0208231 Total (Diversion),Monthly,5,2014,45.16,ACFT,K,Approved,2015-05-04 15:51:00
0208231,10208231,0208231 Total (Diversion),Monthly,4,2015,54.4,ACFT,K,Approved,2016-06-15 13:01:00
0208231,10208231,0208231 Total (Diversion),Monthly,6,2016,70.5009,ACFT,K,Approved,2017-05-15 11:01:00
0208231,10208231,0208231 Total (Diversion),Monthly,6,2017,54.2358,ACFT,K,Approved,2018-04-06 09:56:00
0208231,10208231,0208231 Total (Diversion),Monthly,5,2018,66.2368,ACFT,K,Approved,2019-04-18 12:31:00
0208231,10208231,0208231 Total (Diversion),Monthly,3,2019,48.5755,ACFT,K,Approved,2020-08-27 10:46:00
0208231,10208231,0208231 Total (Diversion),Monthly,12,2020,49.1203,ACFT,K,Approved,2021-04-22 14:01:00
0208231,10208231,0208231 Total (Diversion),Monthly,12,2021,55.3917,ACFT,K,Approved,2022-09-14 15:18:00
0208231,10208231,0208231 Total (Diversion),Monthly,12,2022,53.0825,ACFT,K,Approved,2023-11-06 07:20:00
0208231,10208231,0208231 Total (Diversion),Monthly,12,2023,78.4791,ACFT,K,Approved,2024-03-26 14:07:00
0208231,10208231,0208231 Total (Diversion),Monthly,12,2024,103.4884,ACFT,K,Approved,2025-01-22 16:43:00
0208273,10208273,0208273 Total (Diversion),Annual,1,2010,14.97,ACFT,U,Approved,2011-04-07 11:11:00
0208273,10208273,0208273 Total (Diversion),Monthly,6,2013,14.408,ACFT,U,Approved,2014-05-09 12:03:00
0208273,10208273,0208273 Total (Diversion),Monthly,7,2014,8.9806,ACFT,U,Approved,2015-05-04 15:51:00
0208273,10208273,0208273 Total (Diversion),Monthly,8,2015,28.28,ACFT,U,Approved,2016-06-15 13:01:00
0208273,10208273,0208273 Total (Diversion),Monthly,7,2016,63.14,ACFT,U,Approved,2017-05-15 11:01:00
0208273,10208273,0208273 Total (Diversion),Monthly,6,2017,76.69,ACFT,U,Approved,2018-04-06 09:56:00
0208273,10208273,0208273 Total (Diversion),Monthly,7,2018,90.84,ACFT,U,Approved,2019-04-18 12:31:00
0208273,10208273,0208273 Total (Diversion),Monthly,7,2019,82.95,ACFT,U,Approved,2020-08-10 07:31:00
0208273,10208273,0208273 Total (Diversion),Monthly,7,2020,93.36,ACFT,U,Approved,2021-04-22 14:01:00
0208273,10208273,0208273 Total (Diversion),Monthly,7,2021,83.2927,ACFT,U,Approved,2022-09-14 15:18:00
0208273,10208273,0208273 Total (Diversion),Monthly,7,2022,86.7483,ACFT,U,Approved,2023-04-11 08:52:00
0208273,10208273,0208273 Total (Diversion),Monthly,12,2023,69.2033,ACFT,U,Approved,2024-03-27 15:12:00
0208273,10208273,0208273 Total (Diversion),Monthly,12,2024,17.1364,ACFT,U,Approved,2025-05-27 16:20:00
0208531,10208531,0208531 Total (Diversion),Monthly,2,2015,2.102,ACFT,K,Approved,2016-06-15 13:01:00
0208531,10208531,0208531 Total (Diversion),Monthly,3,2016,22.308,ACFT,k,Approved,2017-05-15 11:01:00
0208531,10208531,0208531 Total (Diversion),Monthly,3,2017,2.202,ACFT,k,Approved,2018-04-06 09:56:00
0208531,10208531,0208531 Total (Diversion),Monthly,5,2018,47.3159,ACFT,k,Approved,2019-04-18 12:31:00
0208531,10208531,0208531 Total (Diversion),Monthly,12,2020,12.715,ACFT,K,Approved,2021-04-22 14:01:00
0208531,10208531,0208531 Total (Diversion),Monthly,12,2021,1.065,ACFT,K,Approved,2022-09-14 15:18:00
0208531,10208531,0208531 Total (Diversion),Monthly,12,2022,4.362,ACFT,K,Approved,2023-11-06 07:32:00
0208531,10208531,0208531 Total (Diversion),Monthly,12,2023,0.1,ACFT,K,Approved,2024-06-24 14:59:00
0208531,10208531,0208531 Total (Diversion),Monthly,12,2024,0.0,ACFT,K,Approved,2025-01-23 11:12:00
0208532,10208532,0208532 Total (Diversion),Monthly,2,2018,0.7289,ACFT,k,Approved,2019-04-18 12:31:00
0208532,10208532,0208532 Total (Diversion),Monthly,12,2020,0.0,ACFT,K,Approved,2021-04-22 14:01:00
0208532,10208532,0208532 Total (Diversion),Monthly,11,2021,0.0,ACFT,K,Approved,2022-09-14 15:18:00
0208532,10208532,0208532 Total (Diversion),Monthly,12,2022,0.0,ACFT,K,Approved,2023-11-06 07:33:00
0208532,10208532,0208532 Total (Diversion),Monthly,12,2023,0.0,ACFT,K,Approved,2024-06-24 15:02:00
0208532,10208532,0208532 Total (Diversion),Monthly,12,2024,0.0,ACFT,K,Approved,2025-01-23 11:09:00
0208533,10208533,0208533 Total (Diversion),Monthly,1,2018,0.064,ACFT,k,Approved,2019-04-18 12:31:00
0208533,10208533,0208533 Total (Diversion),Monthly,12,2020,0.0,ACFT,K,Approved,2021-04-22 14:01:00
0208533,10208533,0208533 Total (Diversion),Monthly,11,2021,0.0,ACFT,K,Approved,2022-09-14 15:18:00
0208533,10208533,0208533 Total (Diversion),Monthly,12,2022,0.0,ACFT,K,Approved,2023-11-06 07:33:00
0208533,10208533,0208533 Total (Diversion),Monthly,12,2023,0.0,ACFT,K,Approved,2024-06-24 15:10:00
0208533,10208533,0208533 Total (Diversion),Monthly,12,2024,0.0,ACFT,K,Approved,2025-01-23 11:09:00
0208534,10208534,0208534 Total (Diversion),Monthly,1,2018,6.655,ACFT,k,Approved,2019-04-18 12:31:00
0208534,10208534,0208534 Total (Diversion),Monthly,12,2020,0.0,ACFT,K,Approved,2021-04-22 14:01:00
0208534,10208534,0208534 Total (Diversion),Monthly,10,2021,0.0,ACFT,K,Approved,2022-09-14 15:18:00
0208534,10208534,0208534 Total (Diversion),Monthly,12,2022,0.0,ACFT,K,Approved,2023-11-06 07:33:00
0208534,10208534,0208534 Total (Diversion),Monthly,12,2023,0.0,ACFT,K,Approved,2024-06-24 15:10:00
0208534,10208534,0208534 Total (Diversion),Monthly,12,2024,0.0,ACFT,K,Approved,2025-01-23 11:09:00
0208535,10208535,0208535 Total (Diversion),Monthly,1,2017,0.171,ACFT,k,Approved,2018-04-06 09:56:00
0208535,10208535,0208535 Total (Diversion),Monthly,1,2018,0.004,ACFT,k,Approved,2019-04-18 12:31:00
0208535,10208535,0208535 Total (Diversion),Monthly,12,2020,0.001,ACFT,K,Approved,2021-04-22 14:01:00
0208535,10208535,0208535 Total (Diversion),Monthly,12,2021,0.048,ACFT,K,Approved,2022-09-14 15:18:00
0208535,10208535,0208535 Total (Diversion),Monthly,12,2022,28.05,ACFT,K,Approved,2023-11-06 07:31:00
0208535,10208535,0208535 Total (Diversion),Monthly,12,2023,185.336,ACFT,K,Approved,2024-06-24 14:59:00
0208535,10208535,0208535 Total (Diversion),Monthly,12,2024,0.0,ACFT,K,Approved,2025-01-23 11:11:00
0208628,10208628,0208628 Total (Diversion),Monthly,6,2012,47.93,ACFT,U,Approved,2013-04-11 08:14:00
0208628,10208628,0208628 Total (Diversion),Monthly,5,2013,6.97,ACFT,K,Approved,2014-05-09 12:03:00
0208628,10208628,0208628 Total (Diversion),Monthly,2,2014,1.54,ACFT,K,Approved,2015-05-04 15:51:00
0208628,10208628,0208628 Total (Diversion),Monthly,3,2015,11.86,ACFT,K,Approved,2016-06-15 13:01:00
0208628,10208628,0208628 Total (Diversion),Monthly,3,2016,5.33,ACFT,K,Approved,2017-05-15 11:01:00
0208628,10208628,0208628 Total (Diversion),Monthly,2,2017,16.38,ACFT,K,Approved,2018-04-06 09:56:00
0208628,10208628,0208628 Total (Diversion),Monthly,3,2018,14.2,ACFT,K,Approved,2019-04-18 12:31:00
0208628,10208628,0208628 Total (Diversion),Monthly,1,2019,2.69,ACFT,K,Approved,2020-08-27 10:46:00
0208628,10208628,0208628 Total (Diversion),Monthly,12,2020,27.8,ACFT,K,Approved,2021-04-22 14:01:00
0208628,10208628,0208628 Total (Diversion),Monthly,12,2021,11.32,ACFT,K,Approved,2022-09-14 15:18:00
0208628,10208628,0208628 Total (Diversion),Monthly,12,2022,0.38,ACFT,K,Approved,2023-11-06 07:19:00
0208628,10208628,0208628 Total (Diversion),Monthly,12,2023,3.43,ACFT,K,Approved,2024-03-26 13:28:00
0208628,10208628,0208628 Total (Diversion),Monthly,12,2024,2.61,ACFT,K,Approved,2025-01-22 16:43:00
