wdid,waterClassNum,wcIdentifier,measInterval,measCount,dataMeasDate,dataValue,measUnits,obsCode,approvalStatus,modified
6705331,16705331,6705331 Total (Diversion),Monthly,12,1999,0.0,ACFT,U,Approved,2004-06-07 14:10:00
6705331,16705331,6705331 Total (Diversion),Monthly,12,2000,0.0,ACFT,U,Approved,2004-06-07 14:10:00
6705331,16705331,6705331 Total (Diversion),Monthly,12,2001,0.0,ACFT,U,Approved,2004-06-07 14:10:00
6705331,16705331,6705331 Total (Diversion),Monthly,12,2002,0.0,ACFT,U,Approved,2004-06-07 14:10:00
6705331,16705331,6705331 Total (Diversion),Monthly,12,2003,0.0,ACFT,U,Approved,2004-04-29 08:23:00
6705331,16705331,6705331 Total (Diversion),Annual,1,2004,0.0,ACFT,U,Approved,2005-03-29 07:57:00
6705331,16705331,6705331 Total (Diversion),Annual,1,2005,0.0,ACFT,U,Approved,2006-03-31 17:12:00
6705331,16705331,6705331 Total (Diversion),Monthly,12,2006,0.0,ACFT,U,Approved,2008-04-04 11:11:00
6705331,16705331,6705331 Total (Diversion),Annual,1,2008,0.0,ACFT,U,Approved,2009-06-30 16:25:00
6705331,16705331,6705331 Total (Diversion),Annual,1,2009,0.0,ACFT,U,Approved,2010-07-03 18:42:00
6705331,16705331,6705331 Total (Diversion),Annual,1,2010,0.0,ACFT,U,Approved,2011-05-27 16:41:00
6705331,16705331,6705331 Total (Diversion),Annual,1,2011,0.0,ACFT,U,Approved,2012-06-01 17:54:00
6705331,16705331,6705331 Total (Diversion),Annual,1,2012,0.0,ACFT,*,Approved,2013-04-02 14:51:00
6705331,16705331,6705331 Total (Diversion),Annual,1,2013,0.0,ACFT,*,Approved,2014-04-21 10:21:00
6705331,16705331,6705331 Total (Diversion),Annual,1,2014,0.0,ACFT,U,Approved,2015-04-03 13:30:00
6705331,16705331,6705331 Total (Diversion),Annual,1,2015,0.0,ACFT,*,Approved,2016-02-25 15:31:00
6705331,16705331,6705331 Total (Diversion),Annual,1,2016,0.0,ACFT,*,Approved,2017-03-10 11:51:00
6705331,16705331,6705331 Total (Diversion),Annual,1,2017,0.0,ACFT,*,Approved,2018-03-09 15:01:00
6705331,16705331,6705331 Total (Diversion),Annual,1,2018,0.0,ACFT,*,Approved,2019-03-19 09:40:00
6705331,16705331,6705331 Total (Diversion),Annual,1,2019,0.0,ACFT,K,Approved,2020-06-16 17:01:00
6705331,16705331,6705331 Total (Diversion),Annual,1,2020,0.0,ACFT,*,Approved,2021-05-05 10:30:00
6705331,16705331,6705331 Total (Diversion),Annual,1,2021,0.0,ACFT,*,Approved,2022-06-25 07:45:00
6706083,16706083,6706083 Total (Diversion),Monthly,10,1999,0.0,ACFT,U,Approved,2004-06-07 14:10:00
6706083,16706083,6706083 Total (Diversion),Monthly,12,2000,0.0,ACFT,U,Approved,2004-06-07 14:10:00
6706083,16706083,6706083 Total (Diversion),Monthly,12,2001,0.0,ACFT,U,Approved,2004-06-07 14:10:00
6706083,16706083,6706083 Total (Diversion),Monthly,12,2002,0.0,ACFT,U,Approved,2004-06-07 14:10:00
6706083,16706083,6706083 Total (Diversion),Monthly,12,2003,0.0,ACFT,U,Approved,2004-04-29 08:23:00
6706083,16706083,6706083 Total (Diversion),Annual,1,2004,0.0,ACFT,U,Approved,2005-03-29 07:57:00
6706083,16706083,6706083 Total (Diversion),Annual,1,2005,0.0,ACFT,U,Approved,2006-03-31 17:12:00
6706083,16706083,6706083 Total (Diversion),Annual,1,2008,0.0,ACFT,U,Approved,2009-06-30 16:25:00
6706083,16706083,6706083 Total (Diversion),Annual,1,2009,0.0,ACFT,U,Approved,2010-07-03 18:42:00
6706083,16706083,6706083 Total (Diversion),Annual,1,2010,0.0,ACFT,U,Approved,2011-05-27 16:41:00
6706083,16706083,6706083 Total (Diversion),Annual,1,2011,0.0,ACFT,U,Approved,2012-06-01 17:54:00
6706083,16706083,6706083 Total (Diversion),Annual,1,2012,0.0,ACFT,*,Approved,2013-04-02 14:51:00
6706083,16706083,6706083 Total (Diversion),Annual,1,2013,0.0,ACFT,*,Approved,2014-04-21 10:21:00
6706083,16706083,6706083 Total (Diversion),Annual,1,2014,0.0,ACFT,U,Approved,2015-04-03 13:30:00
6706083,16706083,6706083 Total (Diversion),Annual,1,2015,0.0,ACFT,*,Approved,2016-02-25 15:31:00
6706083,16706083,6706083 Total (Diversion),Annual,1,2016,0.0,ACFT,*,Approved,2017-03-10 11:51:00
6706083,16706083,6706083 Total (Diversion),Annual,1,2017,0.0,ACFT,*,Approved,2018-03-09 15:01:00
6706083,16706083,6706083 Total (Diversion),Annual,1,2018,0.0,ACFT,*,Approved,2019-03-19 09:40:00
6706083,16706083,6706083 Total (Diversion),Annual,1,2019,0.0,ACFT,K,Approved,2020-06-16 17:01:00
6706083,16706083,6706083 Total (Diversion),Annual,1,2020,0.0,ACFT,*,Approved,2021-05-05 10:30:00
6706083,16706083,6706083 Total (Diversion),Annual,1,2021,0.0,ACFT,*,Approved,2022-06-25 07:45:00
6706084,16706084,6706084 Total (Diversion),Monthly,10,1999,0.0,ACFT,U,Approved,2004-06-07 14:10:00
6706084,16706084,6706084 Total (Diversion),Monthly,12,2000,0.0,ACFT,U,Approved,2004-06-07 14:10:00
6706084,16706084,6706084 Total (Diversion),Monthly,12,2001,0.0,ACFT,U,Approved,2004-06-07 14:10:00
6706084,16706084,6706084 Total (Diversion),Monthly,12,2002,0.0,ACFT,U,Approved,2004-06-07 14:10:00
6706084,16706084,6706084 Total (Diversion),Monthly,12,2003,0.0,ACFT,U,Approved,2004-04-29 08:23:00
6706084,16706084,6706084 Total (Diversion),Annual,1,2004,0.0,ACFT,U,Approved,2005-03-29 07:57:00
6706084,16706084,6706084 Total (Diversion),Annual,1,2005,0.0,ACFT,U,Approved,2006-03-31 17:12:00
6706084,16706084,6706084 Total (Diversion),Annual,1,2008,0.0,ACFT,U,Approved,2009-06-30 16:25:00
6706084,16706084,6706084 Total (Diversion),Annual,1,2009,0.0,ACFT,U,Approved,2010-07-03 18:42:00
6706084,16706084,6706084 Total (Diversion),Annual,1,2010,0.0,ACFT,U,Approved,2011-05-27 16:41:00
6706084,16706084,6706084 Total (Diversion),Annual,1,2011,0.0,ACFT,U,Approved,2012-06-01 17:54:00
6706084,16706084,6706084 Total (Diversion),Annual,1,2012,0.0,ACFT,*,Approved,2013-04-02 14:51:00
6706084,16706084,6706084 Total (Diversion),Annual,1,2013,0.0,ACFT,*,Approved,2014-04-21 10:21:00
6706084,16706084,6706084 Total (Diversion),Annual,1,2014,0.0,ACFT,U,Approved,2015-04-03 13:30:00
6706084,16706084,6706084 Total (Diversion),Annual,1,2015,0.0,ACFT,*,Approved,2016-02-25 15:31:00
6706084,16706084,6706084 Total (Diversion),Annual,1,2016,0.0,ACFT,*,Approved,2017-03-10 11:51:00
6706084,16706084,6706084 Total (Diversion),Annual,1,2017,0.0,ACFT,*,Approved,2018-03-09 15:01:00
6706084,16706084,6706084 Total (Diversion),Annual,1,2018,0.0,ACFT,*,Approved,2019-03-19 09:40:00
6706084,16706084,6706084 Total (Diversion),Annual,1,2019,0.0,ACFT,K,Approved,2020-06-16 17:01:00
6706084,16706084,6706084 Total (Diversion),Annual,1,2020,0.0,ACFT,*,Approved,2021-05-05 10:30:00
6706084,16706084,6706084 Total (Diversion),Annual,1,2021,0.0,ACFT,*,Approved,2022-06-25 07:45:00
6706085,16706085,6706085 Total (Diversion),Monthly,10,1999,0.0,ACFT,U,Approved,2004-06-07 14:10:00
6706085,16706085,6706085 Total (Diversion),Monthly,12,2000,0.0,ACFT,U,Approved,2004-06-07 14:10:00
6706085,16706085,6706085 Total (Diversion),Monthly,12,2001,0.0,ACFT,U,Approved,2004-06-07 14:10:00
6706085,16706085,6706085 Total (Diversion),Monthly,12,2002,0.0,ACFT,U,Approved,2004-06-07 14:10:00
6706085,16706085,6706085 Total (Diversion),Monthly,12,2003,0.0,ACFT,U,Approved,2004-04-29 08:23:00
6706085,16706085,6706085 Total (Diversion),Annual,1,2004,0.0,ACFT,U,Approved,2005-03-29 07:57:00
6706085,16706085,6706085 Total (Diversion),Annual,1,2005,0.0,ACFT,U,Approved,2006-03-31 17:12:00
6706085,16706085,6706085 Total (Diversion),Annual,1,2008,0.0,ACFT,U,Approved,2009-06-30 16:25:00
6706085,16706085,6706085 Total (Diversion),Annual,1,2009,0.0,ACFT,U,Approved,2010-07-03 18:42:00
6706085,16706085,6706085 Total (Diversion),Annual,1,2010,0.0,ACFT,U,Approved,2011-05-27 16:41:00
6706085,16706085,6706085 Total (Diversion),Annual,1,2011,0.0,ACFT,U,Approved,2012-06-01 17:54:00
6706085,16706085,6706085 Total (Diversion),Annual,1,2012,0.0,ACFT,*,Approved,2013-04-02 14:51:00
6706085,16706085,6706085 Total (Diversion),Annual,1,2013,0.0,ACFT,*,Approved,2014-04-21 10:21:00
6706085,16706085,6706085 Total (Diversion),Annual,1,2014,0.0,ACFT,U,Approved,2015-04-03 13:30:00
6706085,16706085,6706085 Total (Diversion),Annual,1,2015,0.0,ACFT,*,Approved,2016-02-25 15:31:00
6706085,16706085,6706085 Total (Diversion),Annual,1,2016,0.0,ACFT,*,Approved,2017-03-10 11:51:00
6706085,16706085,6706085 Total (Diversion),Annual,1,2017,0.0,ACFT,*,Approved,2018-03-09 15:01:00
6706085,16706085,6706085 Total (Diversion),Annual,1,2018,0.0,ACFT,*,Approved,2019-03-19 09:40:00
6706085,16706085,6706085 Total (Diversion),Annual,1,2019,0.0,ACFT,K,Approved,2020-06-16 17:01:00
6706085,16706085,6706085 Total (Diversion),Annual,1,2020,0.0,ACFT,*,Approved,2021-05-05 10:30:00
6706085,16706085,6706085 Total (Diversion),Annual,1,2021,0.0,ACFT,*,Approved,2022-06-25 07:45:00
6706086,16706086,6706086 Total (Diversion),Monthly,10,1999,0.0,ACFT,U,Approved,2004-06-07 14:10:00
6706086,16706086,6706086 Total (Diversion),Monthly,12,2000,0.0,ACFT,U,Approved,2004-06-07 14:10:00
6706086,16706086,6706086 Total (Diversion),Monthly,12,2001,0.0,ACFT,U,Approved,2004-06-07 14:10:00
6706086,16706086,6706086 Total (Diversion),Monthly,12,2002,0.0,ACFT,U,Approved,2004-06-07 14:10:00
6706086,16706086,6706086 Total (Diversion),Monthly,12,2003,0.0,ACFT,U,Approved,2004-04-29 08:23:00
6706086,16706086,6706086 Total (Diversion),Annual,1,2004,0.0,ACFT,U,Approved,2005-03-29 07:57:00
6706086,16706086,6706086 Total (Diversion),Annual,1,2005,0.0,ACFT,U,Approved,2006-03-31 17:12:00
6706086,16706086,6706086 Total (Diversion),Annual,1,2008,0.0,ACFT,U,Approved,2009-06-30 16:25:00
6706086,16706086,6706086 Total (Diversion),Annual,1,2009,0.0,ACFT,U,Approved,2010-07-03 18:42:00
6706086,16706086,6706086 Total (Diversion),Annual,1,2010,0.0,ACFT,U,Approved,2011-05-27 16:41:00
6706086,16706086,6706086 Total (Diversion),Annual,1,2011,0.0,ACFT,U,Approved,2012-06-01 17:54:00
6706086,16706086,6706086 Total (Diversion),Annual,1,2012,0.0,ACFT,*,Approved,2013-04-02 14:51:00
6706086,16706086,6706086 Total (Diversion),Annual,1,2013,0.0,ACFT,*,Approved,2014-04-21 10:21:00
6706086,16706086,6706086 Total (Diversion),Annual,1,2014,0.0,ACFT,U,Approved,2015-04-03 13:30:00
6706086,16706086,6706086 Total (Diversion),Annual,1,2015,0.0,ACFT,*,Approved,2016-02-25 15:31:00
6706086,16706086,6706086 Total (Diversion),Annual,1,2016,0.0,ACFT,*,Approved,2017-03-10 11:51:00
6706086,16706086,6706086 Total (Diversion),Annual,1,2017,0.0,ACFT,*,Approved,2018-03-09 15:01:00
6706086,16706086,6706086 Total (Diversion),Annual,1,2018,0.0,ACFT,*,Approved,2019-03-19 09:40:00
6706086,16706086,6706086 Total (Diversion),Annual,1,2019,0.0,ACFT,K,Approved,2020-06-16 17:01:00
6706086,16706086,6706086 Total (Diversion),Annual,1,2020,0.0,ACFT,*,Approved,2021-05-05 10:30:00
6706086,16706086,6706086 Total (Diversion),Annual,1,2021,0.0,ACFT,*,Approved,2022-06-25 07:45:00
6706097,16706097,6706097 Total (Diversion),Monthly,12,1999,58.781,ACFT,U,Approved,2004-06-07 14:10:00
6706097,16706097,6706097 Total (Diversion),Monthly,12,2000,59.935,ACFT,U,Approved,2004-06-07 14:10:00
6706097,16706097,6706097 Total (Diversion),Monthly,12,2001,74.792,ACFT,U,Approved,2004-06-07 14:10:00
6706097,16706097,6706097 Total (Diversion),Monthly,12,2002,72.327,ACFT,U,Approved,2004-06-07 14:10:00
6706097,16706097,6706097 Total (Diversion),Monthly,12,2003,78.712,ACFT,U,Approved,2004-04-29 08:23:00
6706097,16706097,6706097 Total (Diversion),Monthly,12,2004,35.911,ACFT,U,Approved,2005-03-29 07:57:00
6706097,16706097,6706097 Total (Diversion),Monthly,12,2005,28.85,ACFT,U,Approved,2006-03-31 17:12:00
6706097,16706097,6706097 Total (Diversion),Monthly,12,2006,19.45,ACFT,U,Approved,2008-04-04 11:11:00
6706097,16706097,6706097 Total (Diversion),Monthly,12,2007,31.55,ACFT,U,Approved,2008-07-15 15:41:00
6706097,16706097,6706097 Total (Diversion),Monthly,12,2008,29.63,ACFT,U,Approved,2009-06-30 16:25:00
6706097,16706097,6706097 Total (Diversion),Monthly,12,2009,23.44,ACFT,U,Approved,2010-07-03 18:42:00
6706097,16706097,6706097 Total (Diversion),Monthly,12,2010,29.94,ACFT,U,Approved,2011-05-27 16:41:00
6706097,16706097,6706097 Total (Diversion),Monthly,12,2011,12.7,ACFT,U,Approved,2012-06-01 17:54:00
6706097,16706097,6706097 Total (Diversion),Monthly,12,2012,15.65,ACFT,*,Approved,2013-04-02 14:51:00
6706097,16706097,6706097 Total (Diversion),Monthly,12,2013,37.39,ACFT,*,Approved,2014-04-21 10:21:00
6706097,16706097,6706097 Total (Diversion),Monthly,12,2014,49.3,ACFT,U,Approved,2015-04-03 13:30:00
6706097,16706097,6706097 Total (Diversion),Monthly,12,2015,35.9,ACFT,*,Approved,2016-02-25 15:31:00
6706097,16706097,6706097 Total (Diversion),Monthly,12,2016,12.31,ACFT,*,Approved,2017-03-10 11:51:00
6706097,16706097,6706097 Total (Diversion),Monthly,12,2017,24.03,ACFT,*,Approved,2018-03-09 15:01:00
6706097,16706097,6706097 Total (Diversion),Monthly,12,2018,2.67,ACFT,*,Approved,2019-03-19 09:40:00
6706097,16706097,6706097 Total (Diversion),Monthly,12,2019,16.8049,ACFT,K,Approved,2020-06-16 17:01:00
6706097,16706097,6706097 Total (Diversion),Monthly,12,2020,13.752,ACFT,*,Approved,2021-05-05 10:30:00
6706097,16706097,6706097 Total (Diversion),Monthly,12,2021,44.817,ACFT,*,Approved,2022-06-25 07:45:00
6706097,16706097,6706097 Total (Diversion),Monthly,12,2022,6.4649,ACFT,K,Approved,2022-11-08 07:56:00
6706097,16706097,6706097 Total (Diversion),Monthly,12,2023,0.7012,ACFT,K,Approved,2023-11-01 09:57:00
6706097,16706097,6706097 Total (Diversion),Monthly,12,2024,10.0162,ACFT,K,Approved,2024-11-04 07:57:00
6706097,16706097,6706097 Total (Diversion),Monthly,10,2025,20.6479,ACFT,K,Provisional,2025-09-03 13:50:00
6706098,16706098,6706098 Total (Diversion),Monthly,12,1999,144.081,ACFT,U,Approved,2004-06-07 14:10:00
6706098,16706098,6706098 Total (Diversion),Monthly,12,2000,113.896,ACFT,U,Approved,2004-06-07 14:10:00
6706098,16706098,6706098 Total (Diversion),Monthly,12,2001,99.963,ACFT,U,Approved,2004-06-07 14:10:00
6706098,16706098,6706098 Total (Diversion),Monthly,12,2002,92.795,ACFT,U,Approved,2004-06-07 14:10:00
6706098,16706098,6706098 Total (Diversion),Monthly,12,2003,92.182,ACFT,U,Approved,2004-04-29 08:23:00
6706098,16706098,6706098 Total (Diversion),Monthly,12,2004,80.28,ACFT,U,Approved,2005-03-29 07:57:00
6706098,16706098,6706098 Total (Diversion),Monthly,12,2005,76.36,ACFT,U,Approved,2006-03-31 17:12:00
6706098,16706098,6706098 Total (Diversion),Monthly,12,2006,67.68,ACFT,U,Approved,2008-04-04 11:11:00
6706098,16706098,6706098 Total (Diversion),Monthly,12,2007,91.74,ACFT,U,Approved,2008-07-15 15:41:00
6706098,16706098,6706098 Total (Diversion),Monthly,12,2008,62.24,ACFT,U,Approved,2009-06-30 16:25:00
6706098,16706098,6706098 Total (Diversion),Monthly,12,2009,64.32,ACFT,U,Approved,2010-07-03 18:42:00
6706098,16706098,6706098 Total (Diversion),Monthly,12,2010,67.44,ACFT,U,Approved,2011-05-27 16:41:00
6706098,16706098,6706098 Total (Diversion),Monthly,12,2011,88.2,ACFT,U,Approved,2012-06-01 17:54:00
6706098,16706098,6706098 Total (Diversion),Monthly,12,2012,91.73,ACFT,*,Approved,2013-04-02 14:51:00
6706098,16706098,6706098 Total (Diversion),Monthly,12,2013,100.94,ACFT,*,Approved,2014-04-21 10:21:00
6706098,16706098,6706098 Total (Diversion),Monthly,12,2014,28.11,ACFT,U,Approved,2015-04-03 13:30:00
6706098,16706098,6706098 Total (Diversion),Monthly,12,2015,6.48,ACFT,*,Approved,2016-02-25 15:31:00
6706098,16706098,6706098 Total (Diversion),Monthly,12,2016,19.56,ACFT,*,Approved,2017-03-10 11:51:00
6706098,16706098,6706098 Total (Diversion),Monthly,12,2017,53.27,ACFT,*,Approved,2018-03-09 15:01:00
6706098,16706098,6706098 Total (Diversion),Monthly,12,2018,37.75,ACFT,*,Approved,2019-03-19 09:40:00
6706098,16706098,6706098 Total (Diversion),Monthly,12,2019,47.5953,ACFT,K,Approved,2020-06-16 17:01:00
6706098,16706098,6706098 Total (Diversion),Monthly,12,2020,37.67,ACFT,*,Approved,2021-05-05 10:30:00
6706098,16706098,6706098 Total (Diversion),Monthly,12,2021,36.267,ACFT,*,Approved,2022-06-25 07:45:00
6706098,16706098,6706098 Total (Diversion),Monthly,12,2022,79.6393,ACFT,K,Approved,2022-11-08 08:02:00
6706098,16706098,6706098 Total (Diversion),Monthly,12,2023,67.2274,ACFT,K,Approved,2023-11-01 10:09:00
6706098,16706098,6706098 Total (Diversion),Monthly,12,2024,86.2186,ACFT,K,Approved,2024-11-05 08:39:00
6706098,16706098,6706098 Total (Diversion),Monthly,10,2025,12.711,ACFT,K,Provisional,2025-09-03 11:53:00
6706100,16706100,6706100 Total (Diversion),Monthly,12,1999,50.086,ACFT,U,Approved,2004-06-07 14:10:00
6706100,16706100,6706100 Total (Diversion),Monthly,12,2000,64.975,ACFT,U,Approved,2004-06-07 14:10:00
6706100,16706100,6706100 Total (Diversion),Monthly,12,2001,39.963,ACFT,U,Approved,2004-06-07 14:10:00
6706100,16706100,6706100 Total (Diversion),Monthly,12,2002,62.561,ACFT,U,Approved,2004-06-07 14:10:00
6706100,16706100,6706100 Total (Diversion),Monthly,12,2003,65.629,ACFT,U,Approved,2004-04-29 08:23:00
6706100,16706100,6706100 Total (Diversion),Monthly,12,2004,48.948,ACFT,U,Approved,2005-03-29 07:57:00
6706100,16706100,6706100 Total (Diversion),Monthly,12,2005,60.46,ACFT,U,Approved,2006-03-31 17:12:00
6706100,16706100,6706100 Total (Diversion),Monthly,12,2006,68.56,ACFT,U,Approved,2008-04-04 11:11:00
6706100,16706100,6706100 Total (Diversion),Monthly,12,2007,68.44,ACFT,U,Approved,2008-07-15 15:41:00
6706100,16706100,6706100 Total (Diversion),Monthly,12,2008,10.12,ACFT,U,Approved,2009-06-30 16:25:00
6706100,16706100,6706100 Total (Diversion),Monthly,12,2009,1.36,ACFT,U,Approved,2010-07-03 18:42:00
6706100,16706100,6706100 Total (Diversion),Monthly,12,2010,8.49,ACFT,U,Approved,2021-03-06 01:49:00
6706100,16706100,6706100 Total (Diversion),Monthly,12,2011,8.38,ACFT,U,Approved,2012-06-01 17:54:00
6706100,16706100,6706100 Total (Diversion),Monthly,12,2012,17.26,ACFT,*,Approved,2013-04-02 14:51:00
6706100,16706100,6706100 Total (Diversion),Monthly,12,2013,19.3,ACFT,*,Approved,2014-04-21 10:21:00
6706100,16706100,6706100 Total (Diversion),Monthly,12,2014,72.72,ACFT,U,Approved,2015-04-03 13:30:00
6706100,16706100,6706100 Total (Diversion),Monthly,12,2015,97.19,ACFT,*,Approved,2016-02-25 15:31:00
6706100,16706100,6706100 Total (Diversion),Monthly,12,2016,82.0,ACFT,*,Approved,2017-03-10 11:51:00
6706100,16706100,6706100 Total (Diversion),Monthly,12,2017,57.34,ACFT,*,Approved,2018-03-09 15:01:00
6706100,16706100,6706100 Total (Diversion),Monthly,12,2018,89.52,ACFT,*,Approved,2019-03-19 09:40:00
6706100,16706100,6706100 Total (Diversion),Monthly,12,2019,58.4092,ACFT,K,Approved,2020-06-16 17:01:00
6706100,16706100,6706100 Total (Diversion),Monthly,12,2020,87.521,ACFT,*,Approved,2021-05-05 10:30:00
6706100,16706100,6706100 Total (Diversion),Monthly,12,2021,100.24,ACFT,*,Approved,2022-06-25 07:45:00
6706100,16706100,6706100 Total (Diversion),Monthly,12,2022,85.3519,ACFT,K,Approved,2022-11-02 12:43:00
6706100,16706100,6706100 Total (Diversion),Monthly,12,2023,54.2019,ACFT,K,Approved,2023-11-01 10:09:00
6706100,16706100,6706100 Total (Diversion),Monthly,12,2024,39.5702,ACFT,K,Approved,2024-11-05 08:28:00
6706100,16706100,6706100 Total (Diversion),Monthly,10,2025,63.3415,ACFT,K,Provisional,2025-09-03 13:55:00
6706101,16706101,6706101 Total (Diversion),Monthly,12,1999,26.122,ACFT,U,Approved,2004-06-07 14:10:00
6706101,16706101,6706101 Total (Diversion),Monthly,12,2000,203.955,ACFT,U,Approved,2004-06-07 14:10:00
6706101,16706101,6706101 Total (Diversion),Monthly,12,2001,61.759,ACFT,U,Approved,2004-06-07 14:10:00
6706101,16706101,6706101 Total (Diversion),Monthly,12,2002,159.34,ACFT,U,Approved,2004-06-07 14:10:00
6706101,16706101,6706101 Total (Diversion),Monthly,12,2003,90.324,ACFT,U,Approved,2004-04-29 08:23:00
6706101,16706101,6706101 Total (Diversion),Monthly,12,2004,103.178,ACFT,U,Approved,2005-03-29 07:57:00
6706101,16706101,6706101 Total (Diversion),Monthly,12,2005,171.47,ACFT,U,Approved,2006-03-31 17:12:00
6706101,16706101,6706101 Total (Diversion),Monthly,12,2008,115.98,ACFT,U,Approved,2009-06-30 16:25:00
6706101,16706101,6706101 Total (Diversion),Monthly,12,2009,103.63,ACFT,U,Approved,2010-07-03 18:42:00
6706101,16706101,6706101 Total (Diversion),Monthly,12,2010,76.21,ACFT,U,Approved,2011-05-27 16:41:00
6706101,16706101,6706101 Total (Diversion),Monthly,12,2011,106.24,ACFT,U,Approved,2012-06-01 17:54:00
6706101,16706101,6706101 Total (Diversion),Monthly,12,2012,164.76,ACFT,*,Approved,2013-04-02 14:51:00
6706101,16706101,6706101 Total (Diversion),Annual,2,2013,0.0,ACFT,*,Approved,2014-04-21 10:21:00
6706101,16706101,6706101 Total (Diversion),Annual,1,2014,0.0,ACFT,U,Approved,2015-04-03 13:30:00
6706101,16706101,6706101 Total (Diversion),Monthly,12,2015,67.6,ACFT,*,Approved,2016-02-25 15:31:00
6706101,16706101,6706101 Total (Diversion),Annual,2,2017,0.0,ACFT,*,Approved,2018-03-09 15:01:00
6706101,16706101,6706101 Total (Diversion),Monthly,12,2018,84.83,ACFT,*,Approved,2019-03-19 09:40:00
6706101,16706101,6706101 Total (Diversion),Monthly,12,2019,22.1433,ACFT,K,Approved,2020-06-16 17:01:00
6706101,16706101,6706101 Total (Diversion),Monthly,12,2020,7.052,ACFT,*,Approved,2021-05-05 10:30:00
6706101,16706101,6706101 Total (Diversion),Monthly,12,2021,2.958,ACFT,*,Approved,2022-06-25 07:45:00
6706101,16706101,6706101 Total (Diversion),Monthly,12,2022,16.0141,ACFT,K,Approved,2022-11-08 07:56:00
6706101,16706101,6706101 Total (Diversion),Monthly,12,2023,7.0781,ACFT,K,Approved,2023-11-06 07:37:00
6706101,16706101,6706101 Total (Diversion),Monthly,12,2024,16.0598,ACFT,K,Approved,2024-11-05 08:17:00
6706101,16706101,6706101 Total (Diversion),Monthly,10,2025,0.0,ACFT,K,Provisional,2025-09-09 14:23:00
6706103,16706103,6706103 Total (Diversion),Monthly,12,2007,3.68,ACFT,U,Approved,2009-04-17 12:41:00
6706103,16706103,6706103 Total (Diversion),Monthly,12,2008,2.99,ACFT,U,Approved,2009-06-30 16:25:00
6706103,16706103,6706103 Total (Diversion),Monthly,12,2009,1.85,ACFT,U,Approved,2010-07-03 18:42:00
6706103,16706103,6706103 Total (Diversion),Monthly,12,2010,1.3,ACFT,U,Approved,2011-05-27 16:41:00
6706103,16706103,6706103 Total (Diversion),Monthly,12,2011,1.84,ACFT,U,Approved,2012-06-01 17:54:00
6706103,16706103,6706103 Total (Diversion),Monthly,12,2012,1.39,ACFT,*,Approved,2013-04-02 14:51:00
6706103,16706103,6706103 Total (Diversion),Monthly,12,2013,1.63,ACFT,*,Approved,2014-04-21 10:21:00
6706103,16706103,6706103 Total (Diversion),Monthly,12,2014,4.79,ACFT,U,Approved,2015-04-03 13:30:00
6706103,16706103,6706103 Total (Diversion),Monthly,12,2015,1.96,ACFT,*,Approved,2016-02-25 15:31:00
6706103,16706103,6706103 Total (Diversion),Monthly,12,2016,1.59,ACFT,*,Approved,2017-03-10 11:51:00
6706103,16706103,6706103 Total (Diversion),Monthly,12,2017,1.78,ACFT,*,Approved,2018-03-09 15:01:00
6706103,16706103,6706103 Total (Diversion),Monthly,12,2018,1.4,ACFT,*,Approved,2019-03-19 09:40:00
6706103,16706103,6706103 Total (Diversion),Monthly,12,2019,1.2377,ACFT,K,Approved,2020-06-16 17:01:00
6706103,16706103,6706103 Total (Diversion),Monthly,12,2020,1.412,ACFT,*,Approved,2021-05-05 10:30:00
6706103,16706103,6706103 Total (Diversion),Monthly,12,2021,0.888,ACFT,*,Approved,2022-06-25 07:45:00
6706103,16706103,6706103 Total (Diversion),Monthly,12,2022,0.5097,ACFT,K,Approved,2022-11-02 14:54:00
6706103,16706103,6706103 Total (Diversion),Monthly,12,2023,2.048,ACFT,K,Approved,2023-11-03 09:48:00
6706103,16706103,6706103 Total (Diversion),Monthly,12,2024,0.0,ACFT,K,Approved,2024-11-08 09:51:00
6706103,16706103,6706103 Total (Diversion),Monthly,10,2025,0.635,ACFT,K,Provisional,2025-09-10 10:14:00
6706104,16706104,6706104 Total (Diversion),Monthly,12,2000,0.0,ACFT,U,Approved,2004-06-07 14:10:00
6706104,16706104,6706104 Total (Diversion),Monthly,12,2001,0.0,ACFT,U,Approved,2004-06-07 14:10:00
6706104,16706104,6706104 Total (Diversion),Monthly,12,2002,0.0,ACFT,U,Approved,2004-06-07 14:10:00
6706104,16706104,6706104 Total (Diversion),Monthly,12,2003,0.0,ACFT,U,Approved,2004-04-29 08:23:00
6706104,16706104,6706104 Total (Diversion),Annual,1,2004,0.0,ACFT,U,Approved,2005-03-29 07:57:00
6706104,16706104,6706104 Total (Diversion),Annual,1,2005,0.0,ACFT,U,Approved,2006-03-31 17:12:00
6706104,16706104,6706104 Total (Diversion),Annual,1,2008,0.0,ACFT,U,Approved,2009-06-30 16:25:00
6706104,16706104,6706104 Total (Diversion),Annual,1,2009,0.0,ACFT,U,Approved,2010-07-03 18:42:00
6706104,16706104,6706104 Total (Diversion),Annual,1,2010,0.0,ACFT,U,Approved,2011-05-27 16:41:00
6706104,16706104,6706104 Total (Diversion),Annual,1,2011,0.0,ACFT,U,Approved,2012-06-01 17:54:00
6706104,16706104,6706104 Total (Diversion),Annual,1,2012,0.0,ACFT,*,Approved,2013-04-02 14:51:00
6706104,16706104,6706104 Total (Diversion),Annual,1,2013,0.0,ACFT,*,Approved,2014-04-21 10:21:00
6706104,16706104,6706104 Total (Diversion),Annual,1,2014,0.0,ACFT,U,Approved,2015-04-03 13:30:00
6706104,16706104,6706104 Total (Diversion),Annual,1,2015,0.0,ACFT,*,Approved,2016-02-25 15:31:00
6706104,16706104,6706104 Total (Diversion),Annual,1,2016,0.0,ACFT,*,Approved,2017-03-10 11:51:00
6706104,16706104,6706104 Total (Diversion),Annual,1,2017,0.0,ACFT,*,Approved,2018-03-09 15:01:00
6706104,16706104,6706104 Total (Diversion),Annual,1,2018,0.0,ACFT,*,Approved,2019-03-19 09:40:00
6706104,16706104,6706104 Total (Diversion),Annual,1,2019,0.0,ACFT,K,Approved,2020-06-16 17:01:00
6706104,16706104,6706104 Total (Diversion),Annual,1,2020,0.0,ACFT,*,Approved,2021-05-05 10:30:00
6706104,16706104,6706104 Total (Diversion),Annual,1,2021,0.0,ACFT,*,Approved,2022-06-25 07:45:00
6706144,16706144,6706144 Total (Diversion),Annual,1,1985,37.9,ACFT,*,Approved,2004-06-07 14:10:00
6706144,16706144,6706144 Total (Diversion),Monthly,12,2000,38.282,ACFT,U,Approved,2004-06-07 14:10:00
6706144,16706144,6706144 Total (Diversion),Monthly,12,2001,30.406,ACFT,U,Approved,2004-06-07 14:10:00
6706144,16706144,6706144 Total (Diversion),Monthly,12,2002,30.651,ACFT,U,Approved,2004-06-07 14:10:00
6706144,16706144,6706144 Total (Diversion),Monthly,12,2003,14.955,ACFT,U,Approved,2004-04-29 08:23:00
6706144,16706144,6706144 Total (Diversion),Monthly,12,2004,19.452,ACFT,U,Approved,2005-03-29 07:57:00
6706144,16706144,6706144 Total (Diversion),Monthly,12,2005,22.12,ACFT,U,Approved,2006-03-31 17:12:00
6706144,16706144,6706144 Total (Diversion),Monthly,12,2006,25.83,ACFT,U,Approved,2008-04-04 11:11:00
6706144,16706144,6706144 Total (Diversion),Monthly,12,2007,32.31,ACFT,U,Approved,2009-04-17 12:34:00
6706144,16706144,6706144 Total (Diversion),Monthly,12,2008,41.17,ACFT,U,Approved,2009-06-30 16:25:00
6706144,16706144,6706144 Total (Diversion),Monthly,12,2009,34.38,ACFT,U,Approved,2010-07-03 18:42:00
6706144,16706144,6706144 Total (Diversion),Monthly,12,2010,44.01,ACFT,U,Approved,2011-05-27 16:41:00
6706144,16706144,6706144 Total (Diversion),Monthly,12,2011,40.15,ACFT,U,Approved,2012-06-01 17:54:00
6706144,16706144,6706144 Total (Diversion),Monthly,12,2012,34.83,ACFT,*,Approved,2013-04-02 14:51:00
6706144,16706144,6706144 Total (Diversion),Monthly,12,2013,39.94,ACFT,*,Approved,2014-04-21 10:21:00
6706144,16706144,6706144 Total (Diversion),Monthly,12,2014,57.25,ACFT,U,Approved,2015-04-03 13:30:00
6706144,16706144,6706144 Total (Diversion),Monthly,12,2015,35.94,ACFT,*,Approved,2016-02-25 15:31:00
6706144,16706144,6706144 Total (Diversion),Monthly,12,2016,37.6,ACFT,*,Approved,2017-03-10 11:51:00
6706144,16706144,6706144 Total (Diversion),Monthly,12,2017,42.15,ACFT,*,Approved,2018-03-09 15:01:00
6706144,16706144,6706144 Total (Diversion),Monthly,12,2018,36.05,ACFT,*,Approved,2019-03-19 09:40:00
6706144,16706144,6706144 Total (Diversion),Monthly,12,2019,19.3231,ACFT,K,Approved,2020-06-16 17:01:00
6706144,16706144,6706144 Total (Diversion),Monthly,12,2020,37.772,ACFT,*,Approved,2021-05-05 10:30:00
6706144,16706144,6706144 Total (Diversion),Monthly,12,2021,10.964,ACFT,*,Approved,2022-06-25 07:45:00
6706144,16706144,6706144 Total (Diversion),Monthly,12,2022,9.6316,ACFT,K,Approved,2022-11-02 14:54:00
6706144,16706144,6706144 Total (Diversion),Monthly,12,2023,7.9865,ACFT,K,Approved,2023-11-03 09:51:00
6706144,16706144,6706144 Total (Diversion),Monthly,12,2024,17.1125,ACFT,K,Approved,2024-11-14 10:26:00
6706144,16706144,6706144 Total (Diversion),Monthly,10,2025,13.1308,ACFT,K,Provisional,2025-09-09 15:55:00
6706145,16706145,6706145 Total (Diversion),Annual,1,1985,18.79,ACFT,*,Approved,2004-06-07 14:10:00
6706145,16706145,6706145 Total (Diversion),Monthly,12,2000,87.048,ACFT,U,Approved,2004-06-07 14:10:00
6706145,16706145,6706145 Total (Diversion),Monthly,12,2001,81.326,ACFT,U,Approved,2004-06-07 14:10:00
6706145,16706145,6706145 Total (Diversion),Monthly,12,2002,68.545,ACFT,U,Approved,2004-06-07 14:10:00
6706145,16706145,6706145 Total (Diversion),Monthly,12,2003,92.711,ACFT,U,Approved,2004-04-29 08:23:00
6706145,16706145,6706145 Total (Diversion),Monthly,12,2004,95.442,ACFT,U,Approved,2005-03-29 07:57:00
6706145,16706145,6706145 Total (Diversion),Monthly,12,2005,39.13,ACFT,U,Approved,2006-03-31 17:12:00
6706145,16706145,6706145 Total (Diversion),Monthly,12,2006,25.5,ACFT,U,Approved,2008-04-04 11:11:00
6706145,16706145,6706145 Total (Diversion),Monthly,12,2007,0.0,ACFT,U,Approved,2009-04-17 12:45:00
6706145,16706145,6706145 Total (Diversion),Annual,1,2008,0.0,ACFT,U,Approved,2009-06-30 16:25:00
6706145,16706145,6706145 Total (Diversion),Monthly,12,2009,4.23,ACFT,U,Approved,2010-07-03 18:42:00
6706145,16706145,6706145 Total (Diversion),Monthly,12,2010,4.58,ACFT,U,Approved,2011-05-27 16:41:00
6706145,16706145,6706145 Total (Diversion),Monthly,12,2011,0.43,ACFT,U,Approved,2012-06-01 17:54:00
6706145,16706145,6706145 Total (Diversion),Monthly,12,2012,59.96,ACFT,*,Approved,2013-04-02 14:51:00
6706145,16706145,6706145 Total (Diversion),Monthly,12,2013,20.93,ACFT,*,Approved,2014-04-21 10:21:00
6706145,16706145,6706145 Total (Diversion),Monthly,12,2014,49.14,ACFT,U,Approved,2015-04-03 13:30:00
6706145,16706145,6706145 Total (Diversion),Monthly,12,2015,72.97,ACFT,*,Approved,2016-02-25 15:31:00
6706145,16706145,6706145 Total (Diversion),Monthly,12,2016,25.19,ACFT,*,Approved,2017-03-10 11:51:00
6706145,16706145,6706145 Total (Diversion),Monthly,12,2017,15.29,ACFT,*,Approved,2018-03-09 15:01:00
6706145,16706145,6706145 Total (Diversion),Monthly,12,2018,41.91,ACFT,*,Approved,2019-03-19 09:40:00
6706145,16706145,6706145 Total (Diversion),Monthly,12,2019,9.9076,ACFT,K,Approved,2020-06-16 17:01:00
6706145,16706145,6706145 Total (Diversion),Monthly,12,2020,41.135,ACFT,*,Approved,2021-05-05 10:30:00
6706145,16706145,6706145 Total (Diversion),Monthly,12,2021,20.184,ACFT,*,Approved,2022-06-25 07:45:00
6706145,16706145,6706145 Total (Diversion),Monthly,12,2022,0.0,ACFT,K,Approved,2022-11-02 14:54:00
6706145,16706145,6706145 Total (Diversion),Monthly,12,2023,0.5766,ACFT,K,Approved,2023-11-03 09:48:00
6706145,16706145,6706145 Total (Diversion),Monthly,12,2024,0.0602,ACFT,K,Approved,2024-11-08 10:56:00
6706145,16706145,6706145 Total (Diversion),Monthly,10,2025,4.673,ACFT,K,Provisional,2025-09-09 15:28:00
6706146,16706146,6706146 Total (Diversion),Annual,1,2008,0.0,ACFT,U,Approved,2009-06-30 16:25:00
6706146,16706146,6706146 Total (Diversion),Annual,1,2009,0.0,ACFT,U,Approved,2010-07-03 18:42:00
6706146,16706146,6706146 Total (Diversion),Annual,1,2010,0.0,ACFT,U,Approved,2011-05-27 16:41:00
6706146,16706146,6706146 Total (Diversion),Annual,1,2011,0.0,ACFT,U,Approved,2012-06-01 17:54:00
6706146,16706146,6706146 Total (Diversion),Monthly,12,2012,0.02,ACFT,*,Approved,2013-04-02 14:51:00
6706146,16706146,6706146 Total (Diversion),Monthly,12,2013,4.75,ACFT,*,Approved,2014-04-21 10:21:00
6706146,16706146,6706146 Total (Diversion),Monthly,12,2014,9.05,ACFT,U,Approved,2015-04-03 13:30:00
6706146,16706146,6706146 Total (Diversion),Monthly,12,2015,106.09,ACFT,*,Approved,2016-02-25 15:31:00
6706146,16706146,6706146 Total (Diversion),Monthly,12,2016,4.02,ACFT,*,Approved,2017-03-10 11:51:00
6706146,16706146,6706146 Total (Diversion),Annual,1,2017,0.0,ACFT,*,Approved,2018-03-09 15:01:00
6706146,16706146,6706146 Total (Diversion),Annual,1,2018,0.0,ACFT,*,Approved,2019-03-19 09:40:00
6706146,16706146,6706146 Total (Diversion),Monthly,12,2019,1.0378,ACFT,K,Approved,2020-06-16 17:01:00
6706146,16706146,6706146 Total (Diversion),Monthly,12,2020,0.0,ACFT,*,Approved,2021-05-05 10:30:00
6706146,16706146,6706146 Total (Diversion),Monthly,12,2021,0.0,ACFT,*,Approved,2022-06-25 07:45:00
6706146,16706146,6706146 Total (Diversion),Monthly,12,2022,2.8413,ACFT,K,Approved,2022-11-02 14:54:00
6706146,16706146,6706146 Total (Diversion),Monthly,12,2023,0.0018,ACFT,K,Approved,2023-11-03 09:50:00
6706146,16706146,6706146 Total (Diversion),Monthly,12,2024,0.0003,ACFT,K,Approved,2024-11-08 09:51:00
6706146,16706146,6706146 Total (Diversion),Monthly,10,2025,0.0,ACFT,K,Provisional,2025-09-09 14:21:00
6706147,16706147,6706147 Total (Diversion),Monthly,2,2014,21.34,ACFT,K,Approved,2015-04-03 13:30:00
6706147,16706147,6706147 Total (Diversion),Annual,1,2015,0.0,ACFT,*,Approved,2016-02-25 15:31:00
6706147,16706147,6706147 Total (Diversion),Annual,1,2016,0.0,ACFT,*,Approved,2017-03-10 11:51:00
6706147,16706147,6706147 Total (Diversion),Annual,1,2017,0.0,ACFT,*,Approved,2018-03-09 15:01:00
6706147,16706147,6706147 Total (Diversion),Annual,1,2018,0.0,ACFT,*,Approved,2019-03-19 09:40:00
6706147,16706147,6706147 Total (Diversion),Monthly,12,2019,0.0,ACFT,K,Approved,2020-06-16 17:01:00
6706147,16706147,6706147 Total (Diversion),Monthly,12,2020,0.0,ACFT,*,Approved,2021-05-05 10:30:00
6706147,16706147,6706147 Total (Diversion),Monthly,12,2021,0.0,ACFT,*,Approved,2022-06-25 07:45:00
6706147,16706147,6706147 Total (Diversion),Monthly,12,2022,0.0,ACFT,K,Approved,2022-11-14 10:18:00
6706147,16706147,6706147 Total (Diversion),Monthly,12,2023,0.0,ACFT,K,Approved,2023-11-03 09:48:00
6706147,16706147,6706147 Total (Diversion),Monthly,12,2024,0.0,ACFT,K,Approved,2024-11-08 09:51:00
6706147,16706147,6706147 Total (Diversion),Monthly,10,2025,0.0,ACFT,K,Provisional,2025-09-09 14:22:00
6706148,16706148,6706148 Total (Diversion),Annual,1,1985,51.46,ACFT,*,Approved,2004-06-07 14:10:00
6706148,16706148,6706148 Total (Diversion),Monthly,12,1999,41.006,ACFT,U,Approved,2004-06-07 14:10:00
6706148,16706148,6706148 Total (Diversion),Monthly,12,2000,65.221,ACFT,U,Approved,2004-06-07 14:10:00
6706148,16706148,6706148 Total (Diversion),Monthly,12,2001,65.468,ACFT,U,Approved,2004-06-07 14:10:00
6706148,16706148,6706148 Total (Diversion),Monthly,12,2002,33.498,ACFT,U,Approved,2004-06-07 14:10:00
6706148,16706148,6706148 Total (Diversion),Monthly,12,2003,27.636,ACFT,U,Approved,2004-04-29 08:23:00
6706148,16706148,6706148 Total (Diversion),Monthly,12,2004,28.548,ACFT,U,Approved,2005-03-29 07:57:00
6706148,16706148,6706148 Total (Diversion),Monthly,12,2005,41.36,ACFT,U,Approved,2006-03-31 17:12:00
6706148,16706148,6706148 Total (Diversion),Monthly,12,2006,37.28,ACFT,U,Approved,2008-04-04 11:11:00
6706148,16706148,6706148 Total (Diversion),Monthly,12,2007,31.25,ACFT,U,Approved,2009-04-17 12:37:00
6706148,16706148,6706148 Total (Diversion),Monthly,12,2008,46.72,ACFT,U,Approved,2009-06-30 16:25:00
6706148,16706148,6706148 Total (Diversion),Monthly,12,2009,47.32,ACFT,U,Approved,2010-07-03 18:42:00
6706148,16706148,6706148 Total (Diversion),Monthly,12,2010,52.88,ACFT,U,Approved,2011-05-27 16:41:00
6706148,16706148,6706148 Total (Diversion),Monthly,12,2011,50.67,ACFT,U,Approved,2012-06-01 17:54:00
6706148,16706148,6706148 Total (Diversion),Monthly,12,2012,38.27,ACFT,*,Approved,2013-04-02 14:51:00
6706148,16706148,6706148 Total (Diversion),Monthly,12,2013,29.47,ACFT,*,Approved,2014-04-21 10:21:00
6706148,16706148,6706148 Total (Diversion),Monthly,12,2014,10.93,ACFT,U,Approved,2015-04-03 13:30:00
6706148,16706148,6706148 Total (Diversion),Annual,1,2015,0.0,ACFT,*,Approved,2016-02-25 15:31:00
6706148,16706148,6706148 Total (Diversion),Monthly,12,2016,8.54,ACFT,*,Approved,2017-03-10 11:51:00
6706148,16706148,6706148 Total (Diversion),Monthly,12,2017,3.1,ACFT,*,Approved,2018-03-09 15:01:00
6706148,16706148,6706148 Total (Diversion),Annual,1,2018,0.0,ACFT,*,Approved,2019-03-19 09:40:00
6706148,16706148,6706148 Total (Diversion),Monthly,12,2019,2.34,ACFT,K,Approved,2020-06-16 17:01:00
6706148,16706148,6706148 Total (Diversion),Monthly,12,2020,0.028,ACFT,*,Approved,2021-05-05 10:30:00
6706148,16706148,6706148 Total (Diversion),Monthly,12,2021,0.014,ACFT,*,Approved,2022-06-25 07:45:00
6706148,16706148,6706148 Total (Diversion),Monthly,12,2022,0.4232,ACFT,K,Approved,2022-11-02 14:54:00
6706148,16706148,6706148 Total (Diversion),Monthly,12,2023,0.0058,ACFT,K,Approved,2023-11-03 09:51:00
6706148,16706148,6706148 Total (Diversion),Monthly,12,2024,0.004,ACFT,K,Approved,2024-11-08 10:56:00
6706148,16706148,6706148 Total (Diversion),Monthly,10,2025,0.0,ACFT,K,Provisional,2025-09-09 14:22:00
6706149,16706149,6706149 Total (Diversion),Annual,1,1985,58.71,ACFT,*,Approved,2004-06-07 14:10:00
6706149,16706149,6706149 Total (Diversion),Monthly,12,1999,200.328,ACFT,U,Approved,2004-06-07 14:10:00
6706149,16706149,6706149 Total (Diversion),Monthly,12,2000,270.589,ACFT,U,Approved,2004-06-07 14:10:00
6706149,16706149,6706149 Total (Diversion),Monthly,12,2001,232.482,ACFT,U,Approved,2004-06-07 14:10:00
6706149,16706149,6706149 Total (Diversion),Monthly,12,2002,222.329,ACFT,U,Approved,2004-06-07 14:10:00
6706149,16706149,6706149 Total (Diversion),Monthly,12,2003,240.529,ACFT,U,Approved,2004-04-29 08:23:00
6706149,16706149,6706149 Total (Diversion),Monthly,12,2004,192.18,ACFT,U,Approved,2005-03-29 07:57:00
6706149,16706149,6706149 Total (Diversion),Monthly,12,2005,57.52,ACFT,U,Approved,2006-03-31 17:12:00
6706149,16706149,6706149 Total (Diversion),Monthly,12,2006,140.04,ACFT,U,Approved,2008-04-04 11:11:00
6706149,16706149,6706149 Total (Diversion),Monthly,12,2007,110.65,ACFT,U,Approved,2009-04-17 12:42:00
6706149,16706149,6706149 Total (Diversion),Monthly,12,2008,117.38,ACFT,U,Approved,2009-06-30 16:25:00
6706149,16706149,6706149 Total (Diversion),Monthly,12,2009,96.21,ACFT,U,Approved,2010-07-03 18:42:00
6706149,16706149,6706149 Total (Diversion),Monthly,12,2010,27.3,ACFT,U,Approved,2011-05-27 16:41:00
6706149,16706149,6706149 Total (Diversion),Monthly,12,2011,63.66,ACFT,U,Approved,2012-06-01 17:54:00
6706149,16706149,6706149 Total (Diversion),Monthly,12,2012,63.42,ACFT,*,Approved,2013-04-02 14:51:00
6706149,16706149,6706149 Total (Diversion),Monthly,12,2013,77.54,ACFT,*,Approved,2014-04-21 10:21:00
6706149,16706149,6706149 Total (Diversion),Monthly,12,2014,60.69,ACFT,U,Approved,2015-04-03 13:30:00
6706149,16706149,6706149 Total (Diversion),Monthly,12,2015,72.65,ACFT,*,Approved,2016-02-25 15:31:00
6706149,16706149,6706149 Total (Diversion),Monthly,12,2016,120.22,ACFT,*,Approved,2017-03-10 11:51:00
6706149,16706149,6706149 Total (Diversion),Monthly,12,2017,99.14,ACFT,*,Approved,2018-03-09 15:01:00
6706149,16706149,6706149 Total (Diversion),Monthly,12,2018,87.14,ACFT,*,Approved,2019-03-19 09:40:00
6706149,16706149,6706149 Total (Diversion),Monthly,12,2019,69.651,ACFT,K,Approved,2020-06-16 17:01:00
6706149,16706149,6706149 Total (Diversion),Monthly,12,2020,120.546,ACFT,*,Approved,2021-05-05 10:30:00
6706149,16706149,6706149 Total (Diversion),Monthly,12,2021,60.492,ACFT,*,Approved,2022-06-25 07:45:00
6706149,16706149,6706149 Total (Diversion),Monthly,12,2022,73.629,ACFT,K,Approved,2022-11-02 14:54:00
6706149,16706149,6706149 Total (Diversion),Monthly,12,2023,54.364,ACFT,K,Approved,2023-11-03 09:51:00
6706149,16706149,6706149 Total (Diversion),Monthly,12,2024,68.322,ACFT,K,Approved,2024-11-14 10:29:00
6706149,16706149,6706149 Total (Diversion),Monthly,10,2025,45.544,ACFT,K,Provisional,2025-09-09 15:01:00
6706150,16706150,6706150 Total (Diversion),Monthly,12,2007,51.77,ACFT,U,Approved,2009-04-17 12:38:00
6706150,16706150,6706150 Total (Diversion),Monthly,12,2008,47.63,ACFT,U,Approved,2009-06-30 16:25:00
6706150,16706150,6706150 Total (Diversion),Monthly,12,2009,36.4,ACFT,U,Approved,2010-07-03 18:42:00
6706150,16706150,6706150 Total (Diversion),Monthly,12,2010,33.04,ACFT,U,Approved,2011-05-27 16:41:00
6706150,16706150,6706150 Total (Diversion),Monthly,12,2011,80.63,ACFT,U,Approved,2012-06-01 17:54:00
6706150,16706150,6706150 Total (Diversion),Monthly,12,2012,81.78,ACFT,*,Approved,2013-04-02 14:51:00
6706150,16706150,6706150 Total (Diversion),Monthly,12,2013,41.46,ACFT,*,Approved,2014-04-21 10:21:00
6706150,16706150,6706150 Total (Diversion),Monthly,12,2014,33.38,ACFT,U,Approved,2015-04-03 13:30:00
6706150,16706150,6706150 Total (Diversion),Monthly,12,2015,54.4,ACFT,*,Approved,2016-02-25 15:31:00
6706150,16706150,6706150 Total (Diversion),Monthly,12,2016,50.56,ACFT,*,Approved,2017-03-10 11:51:00
6706150,16706150,6706150 Total (Diversion),Monthly,12,2017,40.0,ACFT,*,Approved,2018-03-09 15:01:00
6706150,16706150,6706150 Total (Diversion),Monthly,12,2018,37.72,ACFT,*,Approved,2019-03-19 09:40:00
6706150,16706150,6706150 Total (Diversion),Monthly,12,2019,41.125,ACFT,K,Approved,2020-06-16 17:01:00
6706150,16706150,6706150 Total (Diversion),Monthly,12,2020,52.157,ACFT,*,Approved,2021-05-05 10:30:00
6706150,16706150,6706150 Total (Diversion),Monthly,12,2021,29.092,ACFT,*,Approved,2022-06-25 07:45:00
6706150,16706150,6706150 Total (Diversion),Monthly,12,2022,42.3144,ACFT,K,Approved,2022-11-02 14:54:00
6706150,16706150,6706150 Total (Diversion),Monthly,12,2023,28.0901,ACFT,K,Approved,2023-11-03 09:51:00
6706150,16706150,6706150 Total (Diversion),Monthly,12,2024,46.2604,ACFT,K,Approved,2024-11-14 10:26:00
6706150,16706150,6706150 Total (Diversion),Monthly,10,2025,22.4988,ACFT,K,Provisional,2025-09-09 15:21:00
6706151,16706151,6706151 Total (Diversion),Monthly,12,2000,0.0,ACFT,U,Approved,2004-06-07 14:10:00
6706151,16706151,6706151 Total (Diversion),Monthly,12,2001,0.0,ACFT,U,Approved,2004-06-07 14:10:00
6706151,16706151,6706151 Total (Diversion),Monthly,12,2002,0.0,ACFT,U,Approved,2004-06-07 14:10:00
6706151,16706151,6706151 Total (Diversion),Monthly,12,2003,0.0,ACFT,U,Approved,2004-04-29 08:23:00
6706151,16706151,6706151 Total (Diversion),Annual,1,2004,0.0,ACFT,U,Approved,2005-03-29 07:57:00
6706151,16706151,6706151 Total (Diversion),Annual,1,2005,0.0,ACFT,U,Approved,2006-03-31 17:12:00
6706151,16706151,6706151 Total (Diversion),Annual,1,2008,0.0,ACFT,U,Approved,2009-06-30 16:25:00
6706151,16706151,6706151 Total (Diversion),Annual,1,2009,0.0,ACFT,U,Approved,2010-07-03 18:42:00
6706151,16706151,6706151 Total (Diversion),Annual,1,2010,0.0,ACFT,U,Approved,2011-05-27 16:41:00
6706151,16706151,6706151 Total (Diversion),Annual,1,2011,0.0,ACFT,U,Approved,2012-06-01 17:54:00
6706151,16706151,6706151 Total (Diversion),Annual,1,2012,0.0,ACFT,*,Approved,2013-04-02 14:51:00
6706151,16706151,6706151 Total (Diversion),Annual,1,2013,0.0,ACFT,*,Approved,2014-04-21 10:21:00
6706151,16706151,6706151 Total (Diversion),Annual,1,2014,0.0,ACFT,U,Approved,2015-04-03 13:30:00
6706151,16706151,6706151 Total (Diversion),Annual,1,2015,0.0,ACFT,*,Approved,2016-02-25 15:31:00
6706151,16706151,6706151 Total (Diversion),Annual,1,2016,0.0,ACFT,*,Approved,2017-03-10 11:51:00
6706151,16706151,6706151 Total (Diversion),Annual,1,2017,0.0,ACFT,*,Approved,2018-03-09 15:01:00
6706151,16706151,6706151 Total (Diversion),Annual,1,2018,0.0,ACFT,*,Approved,2019-03-19 09:40:00
6706151,16706151,6706151 Total (Diversion),Annual,1,2019,0.0,ACFT,K,Approved,2020-06-16 17:01:00
6706151,16706151,6706151 Total (Diversion),Annual,1,2020,0.0,ACFT,*,Approved,2021-05-05 10:30:00
6706151,16706151,6706151 Total (Diversion),Annual,1,2021,0.0,ACFT,*,Approved,2022-06-25 07:45:00
6706152,16706152,6706152 Total (Diversion),Annual,1,2008,0.0,ACFT,U,Approved,2009-06-30 16:25:00
6706152,16706152,6706152 Total (Diversion),Annual,1,2009,0.0,ACFT,U,Approved,2010-07-03 18:42:00
6706152,16706152,6706152 Total (Diversion),Annual,1,2010,0.0,ACFT,U,Approved,2011-05-27 16:41:00
6706152,16706152,6706152 Total (Diversion),Annual,1,2011,0.0,ACFT,U,Approved,2012-06-01 17:54:00
6706152,16706152,6706152 Total (Diversion),Annual,1,2012,0.0,ACFT,*,Approved,2013-04-02 14:51:00
6706152,16706152,6706152 Total (Diversion),Annual,1,2013,0.0,ACFT,*,Approved,2014-04-21 10:21:00
6706152,16706152,6706152 Total (Diversion),Annual,1,2014,0.0,ACFT,U,Approved,2015-04-03 13:30:00
6706152,16706152,6706152 Total (Diversion),Annual,1,2015,0.0,ACFT,*,Approved,2016-02-25 15:31:00
6706152,16706152,6706152 Total (Diversion),Annual,1,2016,0.0,ACFT,*,Approved,2017-03-10 11:51:00
6706152,16706152,6706152 Total (Diversion),Annual,1,2017,0.0,ACFT,*,Approved,2018-03-09 15:01:00
6706152,16706152,6706152 Total (Diversion),Annual,1,2018,0.0,ACFT,*,Approved,2019-03-19 09:40:00
6706152,16706152,6706152 Total (Diversion),Annual,1,2019,0.0,ACFT,K,Approved,2020-06-16 17:01:00
6706152,16706152,6706152 Total (Diversion),Annual,1,2020,0.0,ACFT,*,Approved,2021-05-05 10:30:00
6706152,16706152,6706152 Total (Diversion),Annual,1,2021,0.0,ACFT,*,Approved,2022-06-25 07:45:00
6706153,16706153,6706153 Total (Diversion),Monthly,12,1999,124.347,ACFT,U,Approved,2004-06-07 14:10:00
6706153,16706153,6706153 Total (Diversion),Monthly,12,2000,49.983,ACFT,U,Approved,2004-06-07 14:10:00
6706153,16706153,6706153 Total (Diversion),Monthly,12,2001,116.919,ACFT,U,Approved,2004-06-07 14:10:00
6706153,16706153,6706153 Total (Diversion),Monthly,12,2002,220.025,ACFT,U,Approved,2004-06-07 14:10:00
6706153,16706153,6706153 Total (Diversion),Monthly,12,2003,120.573,ACFT,U,Approved,2004-04-29 08:23:00
6706153,16706153,6706153 Total (Diversion),Monthly,12,2004,57.336,ACFT,U,Approved,2005-03-29 07:57:00
6706153,16706153,6706153 Total (Diversion),Monthly,12,2005,84.97,ACFT,U,Approved,2006-03-31 17:12:00
6706153,16706153,6706153 Total (Diversion),Monthly,7,2006,23.97,ACFT,U,Approved,2008-04-04 11:11:00
6706153,16706153,6706153 Total (Diversion),Monthly,12,2007,35.52,ACFT,U,Approved,2008-07-15 15:41:00
6706153,16706153,6706153 Total (Diversion),Monthly,12,2008,57.61,ACFT,U,Approved,2009-06-30 16:25:00
6706153,16706153,6706153 Total (Diversion),Monthly,12,2009,72.25,ACFT,U,Approved,2010-07-03 18:42:00
6706153,16706153,6706153 Total (Diversion),Monthly,12,2010,86.42,ACFT,U,Approved,2011-05-27 16:41:00
6706153,16706153,6706153 Total (Diversion),Monthly,12,2011,93.99,ACFT,U,Approved,2012-06-01 17:54:00
6706153,16706153,6706153 Total (Diversion),Monthly,12,2012,109.06,ACFT,*,Approved,2013-04-02 14:51:00
6706153,16706153,6706153 Total (Diversion),Monthly,12,2013,63.84,ACFT,U,Approved,2021-03-06 23:09:00
6706153,16706153,6706153 Total (Diversion),Monthly,12,2014,54.28,ACFT,U,Approved,2021-03-06 03:52:00
6706153,16706153,6706153 Total (Diversion),Monthly,12,2015,71.69,ACFT,*,Approved,2016-02-25 15:31:00
6706153,16706153,6706153 Total (Diversion),Monthly,12,2016,52.62,ACFT,*,Approved,2017-03-10 11:51:00
6706153,16706153,6706153 Total (Diversion),Monthly,12,2017,99.43,ACFT,U,Approved,2021-03-06 01:49:00
6706153,16706153,6706153 Total (Diversion),Monthly,12,2018,81.8,ACFT,*,Approved,2019-03-19 09:40:00
6706153,16706153,6706153 Total (Diversion),Monthly,12,2019,34.1376,ACFT,K,Approved,2020-06-16 17:01:00
6706153,16706153,6706153 Total (Diversion),Monthly,12,2020,73.858,ACFT,*,Approved,2021-05-05 10:30:00
6706153,16706153,6706153 Total (Diversion),Monthly,12,2021,35.569,ACFT,*,Approved,2022-06-25 07:45:00
6706153,16706153,6706153 Total (Diversion),Monthly,12,2022,54.2465,ACFT,K,Approved,2022-11-02 12:29:00
6706153,16706153,6706153 Total (Diversion),Monthly,12,2023,33.1229,ACFT,K,Approved,2023-12-14 12:06:00
6706153,16706153,6706153 Total (Diversion),Monthly,12,2024,101.257,ACFT,K,Approved,2024-11-05 08:40:00
6706153,16706153,6706153 Total (Diversion),Monthly,10,2025,27.7363,ACFT,K,Provisional,2025-09-03 11:12:00
6706154,16706154,6706154 Total (Diversion),Monthly,12,1999,0.235,ACFT,U,Approved,2004-06-07 14:10:00
6706154,16706154,6706154 Total (Diversion),Monthly,12,2000,240.503,ACFT,U,Approved,2004-06-07 14:10:00
6706154,16706154,6706154 Total (Diversion),Monthly,12,2001,191.6,ACFT,U,Approved,2004-06-07 14:10:00
6706154,16706154,6706154 Total (Diversion),Monthly,12,2002,124.0,ACFT,U,Approved,2004-06-07 14:10:00
6706154,16706154,6706154 Total (Diversion),Monthly,12,2003,106.8,ACFT,U,Approved,2004-04-29 08:23:00
6706154,16706154,6706154 Total (Diversion),Monthly,12,2004,96.717,ACFT,U,Approved,2005-03-29 07:57:00
6706154,16706154,6706154 Total (Diversion),Monthly,12,2005,151.12,ACFT,U,Approved,2006-03-31 17:12:00
6706154,16706154,6706154 Total (Diversion),Monthly,12,2008,171.14,ACFT,U,Approved,2009-06-30 16:25:00
6706154,16706154,6706154 Total (Diversion),Monthly,12,2009,152.19,ACFT,U,Approved,2010-07-03 18:42:00
6706154,16706154,6706154 Total (Diversion),Monthly,12,2010,140.2,ACFT,U,Approved,2011-05-27 16:41:00
6706154,16706154,6706154 Total (Diversion),Monthly,12,2011,41.45,ACFT,U,Approved,2012-06-01 17:54:00
6706154,16706154,6706154 Total (Diversion),Monthly,12,2012,46.1,ACFT,*,Approved,2013-04-02 14:51:00
6706154,16706154,6706154 Total (Diversion),Annual,2,2013,0.0,ACFT,*,Approved,2014-04-21 10:21:00
6706154,16706154,6706154 Total (Diversion),Annual,1,2014,0.0,ACFT,U,Approved,2015-04-03 13:30:00
6706154,16706154,6706154 Total (Diversion),Annual,1,2015,40.84,ACFT,E,Approved,2016-02-25 15:31:00
6706154,16706154,6706154 Total (Diversion),Annual,1,2017,0.0,ACFT,E,Approved,2018-03-09 15:01:00
6706154,16706154,6706154 Total (Diversion),Monthly,12,2018,68.91,ACFT,U,Approved,2019-03-19 09:40:00
6706154,16706154,6706154 Total (Diversion),Annual,1,2018,0.0,ACFT,U,Approved,2019-03-19 09:40:00
6706154,16706154,6706154 Total (Diversion),Monthly,12,2019,59.581,ACFT,K,Approved,2020-06-16 17:01:00
6706154,16706154,6706154 Total (Diversion),Monthly,12,2020,44.826,ACFT,*,Approved,2021-05-05 10:30:00
6706154,16706154,6706154 Total (Diversion),Monthly,12,2021,40.805,ACFT,*,Approved,2022-06-25 07:45:00
6706154,16706154,6706154 Total (Diversion),Monthly,12,2022,83.727,ACFT,K,Approved,2022-11-08 08:02:00
6706154,16706154,6706154 Total (Diversion),Monthly,12,2023,40.287,ACFT,K,Approved,2023-11-06 07:37:00
6706154,16706154,6706154 Total (Diversion),Monthly,12,2024,101.593,ACFT,K,Approved,2024-11-05 11:29:00
6706154,16706154,6706154 Total (Diversion),Monthly,10,2025,29.788,ACFT,K,Provisional,2025-09-09 14:23:00
6706165,16706165,6706165 Total (Diversion),Annual,1,1985,100.06,ACFT,*,Approved,2004-06-07 14:10:00
6706167,16706167,6706167 Total (Diversion),Monthly,12,1999,170.227,ACFT,U,Approved,2004-06-07 14:10:00
6706167,16706167,6706167 Total (Diversion),Monthly,12,2000,273.408,ACFT,U,Approved,2004-06-07 14:10:00
6706167,16706167,6706167 Total (Diversion),Monthly,12,2001,187.246,ACFT,U,Approved,2004-06-07 14:10:00
6706167,16706167,6706167 Total (Diversion),Monthly,12,2002,224.103,ACFT,U,Approved,2004-06-07 14:10:00
6706167,16706167,6706167 Total (Diversion),Monthly,12,2003,117.592,ACFT,U,Approved,2004-04-29 08:23:00
6706167,16706167,6706167 Total (Diversion),Monthly,12,2004,71.78,ACFT,U,Approved,2005-03-29 07:57:00
6706167,16706167,6706167 Total (Diversion),Monthly,12,2005,83.47,ACFT,U,Approved,2006-03-31 17:12:00
6706167,16706167,6706167 Total (Diversion),Monthly,12,2006,93.61,ACFT,U,Approved,2008-04-04 11:11:00
6706167,16706167,6706167 Total (Diversion),Monthly,12,2007,45.83,ACFT,U,Approved,2008-07-15 15:41:00
6706167,16706167,6706167 Total (Diversion),Monthly,12,2008,24.43,ACFT,U,Approved,2009-06-30 16:25:00
6706167,16706167,6706167 Total (Diversion),Monthly,12,2009,98.78,ACFT,U,Approved,2010-07-03 18:42:00
6706167,16706167,6706167 Total (Diversion),Monthly,12,2010,130.91,ACFT,U,Approved,2011-05-27 16:41:00
6706167,16706167,6706167 Total (Diversion),Monthly,12,2011,141.67,ACFT,U,Approved,2012-06-01 17:54:00
6706167,16706167,6706167 Total (Diversion),Monthly,12,2012,123.14,ACFT,*,Approved,2013-04-02 14:51:00
6706167,16706167,6706167 Total (Diversion),Monthly,12,2013,59.72,ACFT,*,Approved,2014-04-21 10:21:00
6706167,16706167,6706167 Total (Diversion),Monthly,12,2014,88.98,ACFT,U,Approved,2015-04-03 13:30:00
6706167,16706167,6706167 Total (Diversion),Monthly,12,2015,68.33,ACFT,*,Approved,2016-02-25 15:31:00
6706167,16706167,6706167 Total (Diversion),Monthly,12,2016,34.21,ACFT,*,Approved,2017-03-10 11:51:00
6706167,16706167,6706167 Total (Diversion),Monthly,12,2017,20.31,ACFT,*,Approved,2018-03-09 15:01:00
6706167,16706167,6706167 Total (Diversion),Monthly,12,2018,64.54,ACFT,*,Approved,2019-03-19 09:40:00
6706167,16706167,6706167 Total (Diversion),Monthly,12,2019,28.582,ACFT,*,Approved,2020-06-16 17:01:00
6706167,16706167,6706167 Total (Diversion),Monthly,12,2020,94.66,ACFT,*,Approved,2021-05-05 10:30:00
6706167,16706167,6706167 Total (Diversion),Monthly,12,2021,45.975,ACFT,*,Approved,2022-06-25 07:45:00
6706167,16706167,6706167 Total (Diversion),Monthly,12,2022,74.225,ACFT,K,Approved,2022-11-02 12:29:00
6706167,16706167,6706167 Total (Diversion),Monthly,12,2023,43.198,ACFT,K,Approved,2023-11-01 10:09:00
6706167,16706167,6706167 Total (Diversion),Monthly,12,2024,53.335,ACFT,K,Approved,2024-11-05 08:40:00
6706167,16706167,6706167 Total (Diversion),Monthly,10,2025,16.505,ACFT,K,Provisional,2025-09-03 11:12:00
6706329,16706329,6706329 Total (Diversion),Monthly,12,2007,37.65,ACFT,U,Approved,2008-07-15 15:41:00
6706329,16706329,6706329 Total (Diversion),Monthly,12,2008,62.56,ACFT,U,Approved,2009-06-30 16:25:00
6706329,16706329,6706329 Total (Diversion),Monthly,12,2009,116.56,ACFT,U,Approved,2010-07-03 18:42:00
6706329,16706329,6706329 Total (Diversion),Monthly,12,2010,125.1,ACFT,U,Approved,2011-05-27 16:41:00
6706329,16706329,6706329 Total (Diversion),Monthly,12,2011,133.06,ACFT,U,Approved,2012-06-01 17:54:00
6706329,16706329,6706329 Total (Diversion),Monthly,12,2012,131.16,ACFT,*,Approved,2013-04-02 14:51:00
6706329,16706329,6706329 Total (Diversion),Monthly,12,2013,62.73,ACFT,*,Approved,2014-04-21 10:21:00
6706329,16706329,6706329 Total (Diversion),Monthly,12,2014,97.32,ACFT,U,Approved,2015-04-03 13:30:00
6706329,16706329,6706329 Total (Diversion),Monthly,12,2015,79.26,ACFT,*,Approved,2016-02-25 15:31:00
6706329,16706329,6706329 Total (Diversion),Monthly,12,2016,73.67,ACFT,*,Approved,2017-03-10 11:51:00
6706329,16706329,6706329 Total (Diversion),Monthly,12,2017,56.35,ACFT,*,Approved,2018-03-09 15:01:00
6706329,16706329,6706329 Total (Diversion),Monthly,12,2018,97.85,ACFT,*,Approved,2019-03-19 09:40:00
6706329,16706329,6706329 Total (Diversion),Monthly,12,2019,47.526,ACFT,K,Approved,2020-06-16 17:01:00
6706329,16706329,6706329 Total (Diversion),Monthly,12,2020,125.638,ACFT,*,Approved,2021-05-05 10:30:00
6706329,16706329,6706329 Total (Diversion),Monthly,12,2021,64.02,ACFT,*,Approved,2022-06-25 07:45:00
6706329,16706329,6706329 Total (Diversion),Monthly,12,2022,91.324,ACFT,K,Approved,2022-11-02 12:29:00
6706329,16706329,6706329 Total (Diversion),Monthly,12,2023,66.047,ACFT,K,Approved,2023-12-14 12:08:00
6706329,16706329,6706329 Total (Diversion),Monthly,12,2024,97.932,ACFT,K,Approved,2024-11-05 08:40:00
6706329,16706329,6706329 Total (Diversion),Monthly,10,2025,33.608,ACFT,K,Provisional,2025-09-03 11:12:00
6706390,16706390,6706390 Total (Diversion),Monthly,7,2011,38.19,ACFT,U,Approved,2012-06-01 17:54:00
6706390,16706390,6706390 Total (Diversion),Monthly,12,2012,167.74,ACFT,*,Approved,2013-04-02 14:51:00
6706390,16706390,6706390 Total (Diversion),Monthly,12,2013,44.23,ACFT,*,Approved,2014-04-21 10:21:00
6706390,16706390,6706390 Total (Diversion),Monthly,12,2014,91.09,ACFT,U,Approved,2015-04-03 13:30:00
6706390,16706390,6706390 Total (Diversion),Monthly,12,2015,135.2,ACFT,*,Approved,2016-02-25 15:31:00
6706390,16706390,6706390 Total (Diversion),Monthly,12,2016,58.0,ACFT,*,Approved,2017-03-10 11:51:00
6706390,16706390,6706390 Total (Diversion),Monthly,12,2017,54.05,ACFT,*,Approved,2018-03-09 15:01:00
6706390,16706390,6706390 Total (Diversion),Monthly,12,2018,75.16,ACFT,*,Approved,2019-03-19 09:40:00
6706390,16706390,6706390 Total (Diversion),Monthly,12,2019,19.3557,ACFT,K,Approved,2020-06-16 17:01:00
6706390,16706390,6706390 Total (Diversion),Monthly,12,2020,125.458,ACFT,*,Approved,2021-05-05 10:30:00
6706390,16706390,6706390 Total (Diversion),Monthly,12,2021,38.986,ACFT,*,Approved,2022-06-25 07:45:00
6706390,16706390,6706390 Total (Diversion),Monthly,12,2022,78.8631,ACFT,K,Approved,2022-11-02 14:54:00
6706390,16706390,6706390 Total (Diversion),Monthly,12,2023,51.9498,ACFT,K,Approved,2023-11-03 09:51:00
6706390,16706390,6706390 Total (Diversion),Monthly,12,2024,78.6706,ACFT,K,Approved,2024-11-08 09:51:00
6706390,16706390,6706390 Total (Diversion),Monthly,10,2025,7.1302,ACFT,K,Provisional,2025-09-09 15:32:00
6706392,16706392,6706392 Total (Diversion),Annual,1,2008,0.0,ACFT,U,Approved,2009-06-30 16:25:00
6706392,16706392,6706392 Total (Diversion),Annual,1,2009,0.0,ACFT,U,Approved,2010-07-03 18:42:00
6706392,16706392,6706392 Total (Diversion),Annual,1,2010,0.0,ACFT,U,Approved,2011-05-27 16:41:00
6706392,16706392,6706392 Total (Diversion),Annual,1,2011,0.0,ACFT,U,Approved,2012-06-01 17:54:00
6706392,16706392,6706392 Total (Diversion),Annual,1,2012,0.0,ACFT,*,Approved,2013-04-02 14:51:00
6706392,16706392,6706392 Total (Diversion),Monthly,7,2013,14.24,ACFT,*,Approved,2014-04-21 10:21:00
6706392,16706392,6706392 Total (Diversion),Monthly,12,2014,4.84,ACFT,U,Approved,2015-04-03 13:30:00
6706392,16706392,6706392 Total (Diversion),Annual,1,2015,0.0,ACFT,*,Approved,2016-02-25 15:31:00
6706392,16706392,6706392 Total (Diversion),Monthly,12,2016,3.66,ACFT,*,Approved,2017-03-10 11:51:00
6706392,16706392,6706392 Total (Diversion),Monthly,12,2017,0.92,ACFT,*,Approved,2018-03-09 15:01:00
6706392,16706392,6706392 Total (Diversion),Annual,1,2018,0.0,ACFT,*,Approved,2019-03-19 09:40:00
6706392,16706392,6706392 Total (Diversion),Monthly,12,2019,0.1326,ACFT,K,Approved,2020-06-16 17:01:00
6706392,16706392,6706392 Total (Diversion),Monthly,12,2020,0.017,ACFT,*,Approved,2021-05-05 10:30:00
6706392,16706392,6706392 Total (Diversion),Monthly,12,2021,0.269,ACFT,*,Approved,2022-06-25 07:45:00
6706392,16706392,6706392 Total (Diversion),Monthly,12,2022,0.0,ACFT,K,Approved,2022-11-02 14:54:00
6706392,16706392,6706392 Total (Diversion),Monthly,12,2023,0.0,ACFT,K,Approved,2023-11-03 09:48:00
6706392,16706392,6706392 Total (Diversion),Monthly,12,2024,0.0,ACFT,K,Approved,2024-11-08 09:51:00
6706392,16706392,6706392 Total (Diversion),Monthly,10,2025,0.0031,ACFT,K,Provisional,2025-09-09 14:22:00
6706393,16706393,6706393 Total (Diversion),Annual,1,2008,0.0,ACFT,U,Approved,2009-06-30 16:25:00
6706393,16706393,6706393 Total (Diversion),Annual,1,2009,0.0,ACFT,U,Approved,2010-07-03 18:42:00
6706393,16706393,6706393 Total (Diversion),Annual,1,2010,0.0,ACFT,U,Approved,2011-05-27 16:41:00
6706393,16706393,6706393 Total (Diversion),Annual,1,2011,0.0,ACFT,U,Approved,2012-06-01 17:54:00
6706393,16706393,6706393 Total (Diversion),Annual,1,2012,0.0,ACFT,*,Approved,2013-04-02 14:51:00
6706393,16706393,6706393 Total (Diversion),Annual,1,2013,0.0,ACFT,*,Approved,2014-04-21 10:21:00
6706393,16706393,6706393 Total (Diversion),Monthly,12,2014,46.4,ACFT,U,Approved,2015-04-03 13:30:00
6706393,16706393,6706393 Total (Diversion),Monthly,12,2015,71.4,ACFT,*,Approved,2016-02-25 15:31:00
6706393,16706393,6706393 Total (Diversion),Monthly,12,2016,20.43,ACFT,*,Approved,2017-03-10 11:51:00
6706393,16706393,6706393 Total (Diversion),Monthly,12,2017,21.08,ACFT,*,Approved,2018-03-09 15:01:00
6706393,16706393,6706393 Total (Diversion),Monthly,12,2018,29.82,ACFT,*,Approved,2019-03-19 09:40:00
6706393,16706393,6706393 Total (Diversion),Monthly,12,2019,45.9114,ACFT,K,Approved,2020-06-16 17:01:00
6706393,16706393,6706393 Total (Diversion),Monthly,12,2020,51.839,ACFT,*,Approved,2021-05-05 10:30:00
6706393,16706393,6706393 Total (Diversion),Monthly,12,2021,51.581,ACFT,*,Approved,2022-06-25 07:45:00
6706393,16706393,6706393 Total (Diversion),Monthly,12,2022,58.1386,ACFT,K,Approved,2022-11-02 14:54:00
6706393,16706393,6706393 Total (Diversion),Monthly,12,2023,51.8382,ACFT,K,Approved,2023-11-03 09:51:00
6706393,16706393,6706393 Total (Diversion),Monthly,12,2024,58.3481,ACFT,K,Approved,2024-11-14 10:29:00
6706393,16706393,6706393 Total (Diversion),Monthly,10,2025,54.1553,ACFT,K,Provisional,2025-09-09 15:12:00
6706394,16706394,6706394 Total (Diversion),Monthly,12,2007,91.44,ACFT,U,Approved,2008-07-15 15:41:00
6706394,16706394,6706394 Total (Diversion),Monthly,12,2008,27.77,ACFT,U,Approved,2009-06-30 16:25:00
6706394,16706394,6706394 Total (Diversion),Monthly,12,2009,30.25,ACFT,U,Approved,2010-07-03 18:42:00
6706394,16706394,6706394 Total (Diversion),Monthly,12,2010,54.49,ACFT,U,Approved,2011-05-27 16:41:00
6706394,16706394,6706394 Total (Diversion),Monthly,12,2011,82.97,ACFT,U,Approved,2012-06-01 17:54:00
6706394,16706394,6706394 Total (Diversion),Monthly,12,2012,95.34,ACFT,*,Approved,2013-04-02 14:51:00
6706394,16706394,6706394 Total (Diversion),Monthly,12,2013,43.66,ACFT,*,Approved,2014-04-21 10:21:00
6706394,16706394,6706394 Total (Diversion),Monthly,12,2014,73.83,ACFT,U,Approved,2015-04-03 13:30:00
6706394,16706394,6706394 Total (Diversion),Monthly,12,2015,62.29,ACFT,*,Approved,2016-02-25 15:31:00
6706394,16706394,6706394 Total (Diversion),Monthly,12,2016,64.15,ACFT,*,Approved,2017-03-10 11:51:00
6706394,16706394,6706394 Total (Diversion),Monthly,12,2017,53.1,ACFT,*,Approved,2018-03-09 15:01:00
6706394,16706394,6706394 Total (Diversion),Monthly,12,2018,79.7,ACFT,*,Approved,2019-03-19 09:40:00
6706394,16706394,6706394 Total (Diversion),Monthly,12,2019,38.891,ACFT,K,Approved,2020-06-16 17:01:00
6706394,16706394,6706394 Total (Diversion),Monthly,12,2020,94.67,ACFT,*,Approved,2021-05-05 10:30:00
6706394,16706394,6706394 Total (Diversion),Monthly,12,2021,44.648,ACFT,*,Approved,2022-06-25 07:45:00
6706394,16706394,6706394 Total (Diversion),Monthly,12,2022,68.565,ACFT,K,Approved,2022-11-02 12:29:00
6706394,16706394,6706394 Total (Diversion),Monthly,12,2023,48.971,ACFT,K,Approved,2023-11-01 10:09:00
6706394,16706394,6706394 Total (Diversion),Monthly,12,2024,72.205,ACFT,K,Approved,2024-11-05 08:40:00
6706394,16706394,6706394 Total (Diversion),Monthly,10,2025,19.996,ACFT,K,Provisional,2025-09-03 11:12:00
