wdid,waterClassNum,wcIdentifier,measInterval,measCount,dataMeasDate,dataValue,measUnits,obsCode,approvalStatus,modified
0105554,10105554,0105554 Total (Diversion),Monthly,1,2018,0.05,ACFT,K,Approved,2019-04-08 06:51:00
0105554,10105554,0105554 Total (Diversion),Monthly,2,2019,27.17,ACFT,K,Approved,2020-06-16 12:01:00
0105554,10105554,0105554 Total (Diversion),Monthly,12,2020,25.546,ACFT,K,Approved,2021-04-21 11:16:00
0105554,10105554,0105554 Total (Diversion),Monthly,12,2021,0.0,ACFT,K,Approved,2022-09-16 08:16:00
0105554,10105554,0105554 Total (Diversion),Monthly,12,2022,0.511,ACFT,K,Approved,2023-11-06 07:09:00
0105554,10105554,0105554 Total (Diversion),Monthly,12,2023,0.0,ACFT,K,Approved,2024-06-24 14:59:00
0105554,10105554,0105554 Total (Diversion),Monthly,12,2024,0.0,ACFT,K,Approved,2025-01-22 11:08:00
0106733,10106733,0106733 Total (Diversion),Monthly,12,2020,0.0,ACFT,K,Approved,2021-04-21 11:16:00
0106733,10106733,0106733 Total (Diversion),Monthly,12,2021,0.037,ACFT,K,Approved,2022-09-16 08:16:00
0106733,10106733,0106733 Total (Diversion),Monthly,12,2022,1.855,ACFT,K,Approved,2023-11-06 07:11:00
0106733,10106733,0106733 Total (Diversion),Monthly,12,2023,0.0,ACFT,K,Approved,2024-02-07 11:33:00
0106733,10106733,0106733 Total (Diversion),Monthly,12,2024,0.0,ACFT,K,Approved,2024-12-18 13:44:00
0107064,10107064,0107064 Total (Diversion),Monthly,12,2020,0.0,ACFT,K,Approved,2021-04-21 11:16:00
0107064,10107064,0107064 Total (Diversion),Monthly,12,2021,0.0447,ACFT,K,Approved,2022-09-16 08:16:00
0107064,10107064,0107064 Total (Diversion),Monthly,12,2022,0.0,ACFT,K,Approved,2023-11-06 07:10:00
0107064,10107064,0107064 Total (Diversion),Monthly,12,2023,0.0,ACFT,K,Approved,2024-06-24 14:59:00
0107064,10107064,0107064 Total (Diversion),Monthly,12,2024,0.0,ACFT,K,Approved,2025-01-22 11:08:00
0107066,10107066,0107066 Total (Diversion),Monthly,12,2020,0.003,ACFT,K,Approved,2021-04-21 11:16:00
0107066,10107066,0107066 Total (Diversion),Monthly,12,2021,0.085,ACFT,K,Approved,2022-09-16 08:16:00
0107066,10107066,0107066 Total (Diversion),Monthly,12,2022,0.0,ACFT,K,Approved,2023-11-06 07:10:00
0107066,10107066,0107066 Total (Diversion),Monthly,12,2023,0.0,ACFT,K,Approved,2024-06-24 14:59:00
0107066,10107066,0107066 Total (Diversion),Monthly,12,2024,0.059,ACFT,K,Approved,2025-01-22 11:08:00
0107180,10107180,0107180 Total (Diversion),Monthly,12,2020,0.0,ACFT,K,Approved,2021-04-21 11:16:00
0107180,10107180,0107180 Total (Diversion),Monthly,12,2021,0.0,ACFT,K,Approved,2022-09-16 08:16:00
0107180,10107180,0107180 Total (Diversion),Monthly,12,2022,0.0,ACFT,K,Approved,2023-11-06 07:11:00
0107180,10107180,0107180 Total (Diversion),Monthly,12,2023,0.0,ACFT,K,Approved,2024-06-24 14:55:00
0107180,10107180,0107180 Total (Diversion),Monthly,12,2024,0.0,ACFT,K,Approved,2025-01-22 11:08:00
0107183,10107183,0107183 Total (Diversion),Monthly,12,2020,0.108,ACFT,K,Approved,2021-04-21 11:16:00
0107183,10107183,0107183 Total (Diversion),Monthly,12,2021,0.141,ACFT,K,Approved,2022-09-16 08:16:00
0107183,10107183,0107183 Total (Diversion),Monthly,12,2022,0.0,ACFT,K,Approved,2023-11-06 07:11:00
0107183,10107183,0107183 Total (Diversion),Monthly,12,2023,0.077,ACFT,K,Approved,2024-06-24 14:56:00
0107183,10107183,0107183 Total (Diversion),Monthly,12,2024,0.097,ACFT,K,Approved,2025-01-22 11:08:00
0107184,10107184,0107184 Total (Diversion),Monthly,1,2018,0.05,ACFT,K,Approved,2019-04-08 06:51:00
0107184,10107184,0107184 Total (Diversion),Monthly,12,2020,0.0,ACFT,K,Approved,2021-04-21 11:16:00
0107184,10107184,0107184 Total (Diversion),Monthly,12,2021,0.0,ACFT,K,Approved,2022-09-16 08:16:00
0107184,10107184,0107184 Total (Diversion),Monthly,12,2022,0.063,ACFT,K,Approved,2023-11-06 07:12:00
0107184,10107184,0107184 Total (Diversion),Monthly,12,2023,0.0,ACFT,K,Approved,2024-06-24 15:14:00
0107184,10107184,0107184 Total (Diversion),Monthly,12,2024,0.0,ACFT,K,Approved,2025-01-22 11:08:00
0108252,10108252,0108252 Total (Diversion),Monthly,3,2018,31.32,ACFT,K,Approved,2019-04-08 06:51:00
0108252,10108252,0108252 Total (Diversion),Monthly,4,2019,28.84,ACFT,K,Approved,2020-06-16 12:01:00
0108252,10108252,0108252 Total (Diversion),Monthly,12,2020,42.644,ACFT,K,Approved,2021-04-21 11:16:00
0108252,10108252,0108252 Total (Diversion),Monthly,12,2021,33.323,ACFT,K,Approved,2022-09-16 08:16:00
0108252,10108252,0108252 Total (Diversion),Monthly,12,2022,38.02,ACFT,K,Approved,2023-11-06 07:10:00
0108252,10108252,0108252 Total (Diversion),Monthly,12,2023,31.797,ACFT,K,Approved,2024-06-24 15:14:00
0108252,10108252,0108252 Total (Diversion),Monthly,12,2024,38.411,ACFT,K,Approved,2025-01-22 11:08:00
0110849,10110849,0110849 Total (Diversion),Monthly,24,2020,37.73,ACFT,U,Approved,2021-04-21 11:16:00
0110849,10110849,0110849 Total (Diversion),Monthly,19,2021,21.39,ACFT,U,Approved,2022-09-16 08:16:00
0110849,10110849,0110849 Total (Diversion),Monthly,11,2022,5.12,ACFT,U,Approved,2023-08-03 16:48:00
0110849,10110849,0110849 Total (Diversion),Monthly,12,2023,5.295,ACFT,U,Approved,2024-04-22 14:57:00
0110849,10110849,0110849 Total (Diversion),Monthly,5,2024,0.8186,ACFT,U,Approved,2025-03-07 11:30:00
0205020,10205020,0205020 Total (Diversion),Monthly,7,2012,57.41,ACFT,U,Approved,2013-04-18 19:51:00
0205020,10205020,0205020 Total (Diversion),Monthly,5,2013,72.812,ACFT,U,Approved,2014-05-09 12:03:00
0205020,10205020,0205020 Total (Diversion),Monthly,4,2014,1.6006,ACFT,U,Approved,2015-05-04 15:51:00
0205020,10205020,0205020 Total (Diversion),Monthly,4,2015,4.9,ACFT,U,Approved,2016-06-15 13:01:00
0205020,10205020,0205020 Total (Diversion),Monthly,4,2016,5.599,ACFT,U,Approved,2017-05-15 11:01:00
0205020,10205020,0205020 Total (Diversion),Monthly,3,2017,4.631,ACFT,U,Approved,2018-04-06 09:56:00
0205020,10205020,0205020 Total (Diversion),Monthly,1,2018,0.44,ACFT,U,Approved,2019-04-18 12:31:00
0205020,10205020,0205020 Total (Diversion),Monthly,12,2020,1.792,ACFT,K,Approved,2021-04-22 14:01:00
0205020,10205020,0205020 Total (Diversion),Monthly,12,2021,1.624,ACFT,K,Approved,2022-09-14 15:18:00
0205020,10205020,0205020 Total (Diversion),Monthly,12,2022,1.251,ACFT,K,Approved,2023-11-06 07:10:00
0205020,10205020,0205020 Total (Diversion),Monthly,12,2023,0.038,ACFT,K,Approved,2024-06-24 14:59:00
0205020,10205020,0205020 Total (Diversion),Monthly,12,2024,0.508,ACFT,K,Approved,2025-01-22 11:08:00
0205226,10205226,0205226 Total (Diversion),Monthly,9,2012,122.66,ACFT,U,Approved,2013-04-11 08:14:00
0205226,10205226,0205226 Total (Diversion),Monthly,4,2013,19.72,ACFT,U,Approved,2014-05-09 12:03:00
0205226,10205226,0205226 Total (Diversion),Monthly,8,2014,64.9631,ACFT,U,Approved,2015-05-04 15:51:00
0205226,10205226,0205226 Total (Diversion),Monthly,4,2015,0.68,ACFT,U,Approved,2016-06-15 13:01:00
0205226,10205226,0205226 Total (Diversion),Monthly,5,2016,84.16,ACFT,U,Approved,2017-05-15 11:01:00
0205226,10205226,0205226 Total (Diversion),Monthly,2,2018,0.12,ACFT,U,Approved,2019-04-18 12:31:00
0205226,10205226,0205226 Total (Diversion),Monthly,12,2020,0.0,ACFT,K,Approved,2021-04-22 14:01:00
0205226,10205226,0205226 Total (Diversion),Monthly,12,2021,0.0,ACFT,K,Approved,2022-09-14 15:18:00
0205226,10205226,0205226 Total (Diversion),Monthly,12,2022,0.06,ACFT,K,Approved,2023-11-06 07:23:00
0205226,10205226,0205226 Total (Diversion),Monthly,12,2023,0.0,ACFT,K,Approved,2024-03-26 13:44:00
0205226,10205226,0205226 Total (Diversion),Monthly,12,2024,0.0,ACFT,K,Approved,2025-01-22 16:18:00
0205730,10205730,0205730 Total (Diversion),Monthly,12,2020,0.0,ACFT,K,Approved,2021-04-22 14:01:00
0205730,10205730,0205730 Total (Diversion),Monthly,12,2021,0.0,ACFT,K,Approved,2022-09-14 15:18:00
0205730,10205730,0205730 Total (Diversion),Monthly,12,2022,0.0,ACFT,K,Approved,2023-11-06 07:08:00
0205730,10205730,0205730 Total (Diversion),Monthly,12,2023,0.0,ACFT,K,Approved,2024-03-26 14:03:00
0205730,10205730,0205730 Total (Diversion),Monthly,12,2024,0.0,ACFT,K,Approved,2025-01-22 11:06:00
0205878,10205878,0205878 Total (Diversion),Monthly,8,2012,266.366,ACFT,U,Approved,2013-04-11 08:14:00
0205878,10205878,0205878 Total (Diversion),Monthly,8,2013,103.375,ACFT,U,Approved,2014-05-09 12:03:00
0205878,10205878,0205878 Total (Diversion),Monthly,6,2014,46.7748,ACFT,U,Approved,2015-05-04 15:51:00
0205878,10205878,0205878 Total (Diversion),Monthly,8,2015,139.533,ACFT,U,Approved,2016-06-15 13:01:00
0205878,10205878,0205878 Total (Diversion),Monthly,6,2016,155.003,ACFT,U,Approved,2017-05-15 11:01:00
0205878,10205878,0205878 Total (Diversion),Monthly,7,2017,115.747,ACFT,U,Approved,2018-04-06 09:56:00
0205878,10205878,0205878 Total (Diversion),Monthly,9,2018,132.904,ACFT,U,Approved,2019-04-18 12:31:00
0205878,10205878,0205878 Total (Diversion),Monthly,2,2019,29.82,ACFT,U,Approved,2020-08-10 07:31:00
0205878,10205878,0205878 Total (Diversion),Monthly,12,2020,39.381,ACFT,K,Approved,2021-04-22 14:01:00
0205878,10205878,0205878 Total (Diversion),Monthly,12,2021,58.195,ACFT,K,Approved,2022-09-14 15:18:00
0205878,10205878,0205878 Total (Diversion),Monthly,12,2022,70.0343,ACFT,K,Approved,2023-11-06 07:09:00
0205878,10205878,0205878 Total (Diversion),Monthly,12,2023,38.7918,ACFT,K,Approved,2024-03-26 14:59:00
0205878,10205878,0205878 Total (Diversion),Monthly,12,2024,61.5268,ACFT,K,Approved,2025-01-22 11:08:00
0205989,10205989,0205989 Total (Diversion),Monthly,7,2020,0.12,ACFT,K,Approved,2021-04-22 14:01:00
0205989,10205989,0205989 Total (Diversion),Monthly,12,2021,0.0,ACFT,K,Approved,2022-09-14 15:18:00
0205989,10205989,0205989 Total (Diversion),Monthly,12,2022,0.055,ACFT,K,Approved,2023-11-06 07:15:00
0205989,10205989,0205989 Total (Diversion),Monthly,11,2023,0.0,ACFT,K,Approved,2024-03-26 12:01:00
0205989,10205989,0205989 Total (Diversion),Monthly,1,2024,0.0,ACFT,K,Approved,2024-03-26 11:54:00
0205991,10205991,0205991 Total (Diversion),Monthly,2,2012,105.84,ACFT,U,Approved,2013-04-11 08:14:00
0205991,10205991,0205991 Total (Diversion),Monthly,3,2013,202.51,ACFT,K,Approved,2014-05-09 12:03:00
0205991,10205991,0205991 Total (Diversion),Monthly,3,2014,158.67,ACFT,K,Approved,2015-05-04 15:51:00
0205991,10205991,0205991 Total (Diversion),Monthly,3,2015,279.43,ACFT,K,Approved,2016-06-15 13:01:00
0205991,10205991,0205991 Total (Diversion),Monthly,3,2016,258.3,ACFT,K,Approved,2017-05-15 11:01:00
0205991,10205991,0205991 Total (Diversion),Monthly,4,2017,281.91,ACFT,K,Approved,2018-04-06 09:56:00
0205991,10205991,0205991 Total (Diversion),Monthly,2,2018,261.25,ACFT,K,Approved,2019-04-18 12:31:00
0205991,10205991,0205991 Total (Diversion),Monthly,3,2019,20.87,ACFT,K,Approved,2020-08-27 10:46:00
0205991,10205991,0205991 Total (Diversion),Monthly,12,2020,25.4,ACFT,K,Approved,2021-04-22 14:01:00
0205991,10205991,0205991 Total (Diversion),Monthly,12,2021,1.47,ACFT,K,Approved,2022-09-14 15:18:00
0205991,10205991,0205991 Total (Diversion),Monthly,12,2022,0.0,ACFT,K,Approved,2023-11-06 07:26:00
0205991,10205991,0205991 Total (Diversion),Monthly,12,2023,0.0,ACFT,K,Approved,2024-03-26 13:44:00
0205991,10205991,0205991 Total (Diversion),Monthly,12,2024,0.0,ACFT,K,Approved,2025-01-22 16:40:00
0206452,10206452,0206452 Total (Diversion),Monthly,4,2012,101.383,ACFT,U,Approved,2013-04-18 20:39:00
0206452,10206452,0206452 Total (Diversion),Monthly,1,2013,7.8,ACFT,U,Approved,2014-05-09 12:03:00
0206452,10206452,0206452 Total (Diversion),Monthly,3,2014,1.9238,ACFT,U,Approved,2015-05-04 15:51:00
0206452,10206452,0206452 Total (Diversion),Monthly,1,2015,0.27,ACFT,U,Approved,2016-06-15 13:01:00
0206452,10206452,0206452 Total (Diversion),Monthly,1,2018,0.073,ACFT,U,Approved,2019-04-18 12:31:00
0206452,10206452,0206452 Total (Diversion),Monthly,12,2020,0.0,ACFT,K,Approved,2021-04-22 14:01:00
0206452,10206452,0206452 Total (Diversion),Monthly,12,2021,0.0,ACFT,K,Approved,2022-09-14 15:18:00
0206452,10206452,0206452 Total (Diversion),Monthly,12,2022,0.054,ACFT,K,Approved,2023-11-06 07:09:00
0206452,10206452,0206452 Total (Diversion),Monthly,12,2023,0.0,ACFT,K,Approved,2024-06-24 14:59:00
0206452,10206452,0206452 Total (Diversion),Monthly,12,2024,0.0,ACFT,K,Approved,2025-01-22 11:08:00
0206609,10206609,0206609 Total (Diversion),Monthly,6,2012,286.691,ACFT,U,Approved,2013-04-18 20:41:00
0206609,10206609,0206609 Total (Diversion),Monthly,5,2013,6.49,ACFT,U,Approved,2014-05-09 12:03:00
0206609,10206609,0206609 Total (Diversion),Monthly,6,2014,3.1903,ACFT,U,Approved,2015-05-04 15:51:00
0206609,10206609,0206609 Total (Diversion),Monthly,5,2015,7.7,ACFT,U,Approved,2016-06-15 13:01:00
0206609,10206609,0206609 Total (Diversion),Monthly,5,2016,8.11,ACFT,U,Approved,2017-05-15 11:01:00
0206609,10206609,0206609 Total (Diversion),Monthly,3,2017,4.27,ACFT,U,Approved,2018-04-06 09:56:00
0206609,10206609,0206609 Total (Diversion),Monthly,5,2018,9.578,ACFT,U,Approved,2019-04-18 12:31:00
0206609,10206609,0206609 Total (Diversion),Monthly,5,2019,8.76,ACFT,U,Approved,2020-08-10 07:31:00
0206609,10206609,0206609 Total (Diversion),Monthly,12,2020,11.076,ACFT,K,Approved,2021-04-22 14:01:00
0206609,10206609,0206609 Total (Diversion),Monthly,12,2021,11.064,ACFT,K,Approved,2022-09-14 15:18:00
0206609,10206609,0206609 Total (Diversion),Monthly,12,2022,11.68,ACFT,K,Approved,2023-11-06 07:12:00
0206609,10206609,0206609 Total (Diversion),Monthly,12,2023,7.43,ACFT,K,Approved,2024-06-24 14:55:00
0206609,10206609,0206609 Total (Diversion),Monthly,12,2024,9.979,ACFT,K,Approved,2025-01-22 11:08:00
0206610,10206610,0206610 Total (Diversion),Monthly,3,2012,131.038,ACFT,U,Approved,2013-04-18 20:42:00
0206610,10206610,0206610 Total (Diversion),Monthly,1,2014,0.058,ACFT,U,Approved,2015-05-04 15:51:00
0206610,10206610,0206610 Total (Diversion),Monthly,2,2015,42.37,ACFT,U,Approved,2016-06-15 13:01:00
0206610,10206610,0206610 Total (Diversion),Monthly,1,2018,0.05,ACFT,U,Approved,2019-04-18 12:31:00
0206610,10206610,0206610 Total (Diversion),Monthly,12,2020,0.0,ACFT,K,Approved,2021-04-22 14:01:00
0206610,10206610,0206610 Total (Diversion),Monthly,12,2021,0.0,ACFT,K,Approved,2022-09-14 15:18:00
0206610,10206610,0206610 Total (Diversion),Monthly,12,2022,0.041,ACFT,K,Approved,2023-11-06 07:09:00
0206610,10206610,0206610 Total (Diversion),Monthly,12,2023,0.0,ACFT,K,Approved,2024-06-24 14:59:00
0206610,10206610,0206610 Total (Diversion),Monthly,12,2024,0.0,ACFT,K,Approved,2025-01-22 11:08:00
0206622,10206622,0206622 Total (Diversion),Monthly,6,2012,271.525,ACFT,U,Approved,2013-04-11 08:14:00
0206622,10206622,0206622 Total (Diversion),Monthly,5,2013,51.038,ACFT,U,Approved,2014-05-09 12:03:00
0206622,10206622,0206622 Total (Diversion),Monthly,2,2014,42.4248,ACFT,U,Approved,2015-05-04 15:51:00
0206622,10206622,0206622 Total (Diversion),Monthly,4,2015,11.863,ACFT,U,Approved,2016-06-15 13:01:00
0206622,10206622,0206622 Total (Diversion),Monthly,4,2016,10.522,ACFT,U,Approved,2017-05-15 11:01:00
0206622,10206622,0206622 Total (Diversion),Monthly,4,2017,150.926,ACFT,U,Approved,2018-04-06 09:56:00
0206622,10206622,0206622 Total (Diversion),Monthly,5,2018,71.858,ACFT,U,Approved,2019-04-18 12:31:00
0206622,10206622,0206622 Total (Diversion),Monthly,1,2019,3.49,ACFT,U,Approved,2020-08-10 07:31:00
0206622,10206622,0206622 Total (Diversion),Monthly,12,2020,26.914,ACFT,K,Approved,2021-04-22 14:01:00
0206622,10206622,0206622 Total (Diversion),Monthly,12,2021,0.0,ACFT,K,Approved,2022-09-14 15:18:00
0206622,10206622,0206622 Total (Diversion),Monthly,12,2022,2.022,ACFT,K,Approved,2023-11-06 07:14:00
0206622,10206622,0206622 Total (Diversion),Monthly,12,2023,13.535,ACFT,K,Approved,2024-03-26 15:56:00
0206622,10206622,0206622 Total (Diversion),Monthly,12,2024,0.0,ACFT,K,Approved,2025-01-22 15:17:00
0206696,10206696,0206696 Total (Diversion),Monthly,6,2012,538.105,ACFT,U,Approved,2013-04-11 08:14:00
0206696,10206696,0206696 Total (Diversion),Monthly,4,2013,30.414,ACFT,U,Approved,2014-05-09 12:03:00
0206696,10206696,0206696 Total (Diversion),Monthly,6,2014,14.7528,ACFT,U,Approved,2015-05-04 15:51:00
0206696,10206696,0206696 Total (Diversion),Monthly,2,2015,3.777,ACFT,U,Approved,2016-06-15 13:01:00
0206696,10206696,0206696 Total (Diversion),Monthly,3,2016,0.037,ACFT,U,Approved,2017-05-15 11:01:00
0206696,10206696,0206696 Total (Diversion),Monthly,1,2017,0.001,ACFT,K,Approved,2018-04-06 09:56:00
0206696,10206696,0206696 Total (Diversion),Monthly,10,2018,81.948,ACFT,U,Approved,2019-04-18 12:31:00
0206696,10206696,0206696 Total (Diversion),Monthly,1,2019,13.34,ACFT,U,Approved,2020-08-10 07:31:00
0206696,10206696,0206696 Total (Diversion),Monthly,12,2020,0.0,ACFT,K,Approved,2021-04-22 14:01:00
0206696,10206696,0206696 Total (Diversion),Monthly,12,2021,0.0,ACFT,K,Approved,2022-09-14 15:18:00
0206696,10206696,0206696 Total (Diversion),Monthly,12,2022,0.063,ACFT,K,Approved,2023-11-06 07:09:00
0206696,10206696,0206696 Total (Diversion),Monthly,12,2023,0.0,ACFT,K,Approved,2024-03-26 16:16:00
0206696,10206696,0206696 Total (Diversion),Monthly,12,2024,0.0,ACFT,K,Approved,2025-01-22 14:29:00
0206827,10206827,0206827 Total (Diversion),Monthly,3,2012,65.644,ACFT,U,Approved,2013-04-18 20:46:00
0206827,10206827,0206827 Total (Diversion),Monthly,4,2013,22.37,ACFT,U,Approved,2014-05-09 12:03:00
0206827,10206827,0206827 Total (Diversion),Monthly,4,2014,15.4116,ACFT,U,Approved,2015-05-04 15:51:00
0206827,10206827,0206827 Total (Diversion),Monthly,3,2015,38.63,ACFT,U,Approved,2016-06-15 13:01:00
0206827,10206827,0206827 Total (Diversion),Monthly,1,2018,0.07,ACFT,U,Approved,2019-04-18 12:31:00
0206827,10206827,0206827 Total (Diversion),Monthly,12,2020,0.0,ACFT,K,Approved,2021-04-22 14:01:00
0206827,10206827,0206827 Total (Diversion),Monthly,12,2021,0.0,ACFT,K,Approved,2022-09-14 15:18:00
0206827,10206827,0206827 Total (Diversion),Monthly,12,2022,0.07,ACFT,K,Approved,2023-11-06 07:09:00
0206827,10206827,0206827 Total (Diversion),Monthly,12,2023,0.071,ACFT,K,Approved,2024-06-24 14:59:00
0206827,10206827,0206827 Total (Diversion),Monthly,12,2024,0.0,ACFT,K,Approved,2025-01-22 11:06:00
0206837,10206837,0206837 Total (Diversion),Monthly,6,2012,211.537,ACFT,U,Approved,2013-04-18 20:49:00
0206837,10206837,0206837 Total (Diversion),Monthly,3,2013,41.7,ACFT,U,Approved,2014-05-09 12:03:00
0206837,10206837,0206837 Total (Diversion),Monthly,5,2014,51.4333,ACFT,U,Approved,2015-05-04 15:51:00
0206837,10206837,0206837 Total (Diversion),Monthly,3,2015,122.35,ACFT,U,Approved,2016-06-15 13:01:00
0206837,10206837,0206837 Total (Diversion),Monthly,1,2016,11.92,ACFT,U,Approved,2017-05-15 11:01:00
0206837,10206837,0206837 Total (Diversion),Monthly,2,2017,11.57,ACFT,U,Approved,2018-04-06 09:56:00
0206837,10206837,0206837 Total (Diversion),Monthly,5,2018,16.386,ACFT,U,Approved,2019-04-18 12:31:00
0206837,10206837,0206837 Total (Diversion),Monthly,4,2019,14.55,ACFT,U,Approved,2020-08-10 07:31:00
0206837,10206837,0206837 Total (Diversion),Monthly,12,2020,29.446,ACFT,K,Approved,2021-04-22 14:01:00
0206837,10206837,0206837 Total (Diversion),Monthly,12,2021,25.244,ACFT,K,Approved,2022-09-14 15:18:00
0206837,10206837,0206837 Total (Diversion),Monthly,12,2022,30.273,ACFT,K,Approved,2023-11-06 07:09:00
0206837,10206837,0206837 Total (Diversion),Monthly,12,2023,21.601,ACFT,K,Approved,2024-06-24 14:59:00
0206837,10206837,0206837 Total (Diversion),Monthly,12,2024,38.033,ACFT,K,Approved,2025-01-22 11:06:00
0206843,10206843,0206843 Total (Diversion),Monthly,3,2012,18.7,ACFT,U,Approved,2013-04-18 20:51:00
0206843,10206843,0206843 Total (Diversion),Monthly,1,2013,0.01,ACFT,U,Approved,2014-05-09 12:03:00
0206843,10206843,0206843 Total (Diversion),Monthly,1,2014,0.0514,ACFT,U,Approved,2015-05-04 15:51:00
0206843,10206843,0206843 Total (Diversion),Monthly,1,2018,0.08,ACFT,U,Approved,2019-04-18 12:31:00
0206843,10206843,0206843 Total (Diversion),Monthly,12,2020,0.0,ACFT,K,Approved,2021-04-22 14:01:00
0206843,10206843,0206843 Total (Diversion),Monthly,12,2021,0.0,ACFT,K,Approved,2022-09-14 15:18:00
0206843,10206843,0206843 Total (Diversion),Monthly,12,2022,0.046,ACFT,K,Approved,2023-11-06 07:10:00
0206843,10206843,0206843 Total (Diversion),Monthly,12,2023,0.0,ACFT,K,Approved,2024-06-24 14:59:00
0206843,10206843,0206843 Total (Diversion),Monthly,12,2024,0.0,ACFT,K,Approved,2025-01-22 11:08:00
0207451,10207451,0207451 Total (Diversion),Monthly,3,2012,71.874,ACFT,U,Approved,2013-04-18 21:30:00
0207451,10207451,0207451 Total (Diversion),Monthly,1,2014,0.0534,ACFT,U,Approved,2015-05-04 15:51:00
0207451,10207451,0207451 Total (Diversion),Monthly,1,2018,0.11,ACFT,U,Approved,2019-04-18 12:31:00
0207451,10207451,0207451 Total (Diversion),Monthly,12,2020,0.0,ACFT,K,Approved,2021-04-22 14:01:00
0207451,10207451,0207451 Total (Diversion),Monthly,12,2021,0.0,ACFT,K,Approved,2022-09-14 15:18:00
0207451,10207451,0207451 Total (Diversion),Monthly,12,2022,0.06,ACFT,K,Approved,2023-11-06 07:12:00
0207451,10207451,0207451 Total (Diversion),Monthly,12,2023,0.076,ACFT,K,Approved,2024-06-24 15:14:00
0207451,10207451,0207451 Total (Diversion),Monthly,12,2024,0.0,ACFT,K,Approved,2025-01-22 11:08:00
0207453,10207453,0207453 Total (Diversion),Monthly,1,2012,0.077,ACFT,U,Approved,2013-04-18 21:32:00
0207453,10207453,0207453 Total (Diversion),Monthly,1,2013,0.02,ACFT,U,Approved,2014-05-09 12:03:00
0207453,10207453,0207453 Total (Diversion),Monthly,1,2014,0.0277,ACFT,U,Approved,2015-05-04 15:51:00
0207453,10207453,0207453 Total (Diversion),Monthly,1,2015,0.02,ACFT,U,Approved,2016-06-15 13:01:00
0207453,10207453,0207453 Total (Diversion),Monthly,1,2018,0.03,ACFT,U,Approved,2019-04-18 12:31:00
0207453,10207453,0207453 Total (Diversion),Monthly,1,2019,0.07,ACFT,U,Approved,2020-08-10 07:31:00
0207453,10207453,0207453 Total (Diversion),Monthly,12,2020,0.0,ACFT,K,Approved,2021-04-22 14:01:00
0207453,10207453,0207453 Total (Diversion),Monthly,12,2021,0.0,ACFT,K,Approved,2022-09-14 15:18:00
0207453,10207453,0207453 Total (Diversion),Monthly,12,2022,0.052,ACFT,K,Approved,2023-11-06 07:12:00
0207453,10207453,0207453 Total (Diversion),Monthly,12,2023,0.0,ACFT,K,Approved,2024-06-24 15:14:00
0207453,10207453,0207453 Total (Diversion),Monthly,12,2024,0.0,ACFT,K,Approved,2025-01-22 11:08:00
0207638,10207638,0207638 Total (Diversion),Monthly,4,2012,151.006,ACFT,U,Approved,2013-04-18 21:33:00
0207638,10207638,0207638 Total (Diversion),Monthly,4,2013,99.14,ACFT,U,Approved,2014-05-09 12:03:00
0207638,10207638,0207638 Total (Diversion),Monthly,2,2014,17.7828,ACFT,U,Approved,2015-05-04 15:51:00
0207638,10207638,0207638 Total (Diversion),Monthly,3,2015,69.72,ACFT,U,Approved,2016-06-15 13:01:00
0207638,10207638,0207638 Total (Diversion),Monthly,2,2016,78.64,ACFT,U,Approved,2017-05-15 11:01:00
0207638,10207638,0207638 Total (Diversion),Monthly,1,2017,12.1,ACFT,U,Approved,2018-04-06 09:56:00
0207638,10207638,0207638 Total (Diversion),Monthly,1,2018,12.56,ACFT,U,Approved,2019-04-18 12:31:00
0207638,10207638,0207638 Total (Diversion),Monthly,3,2019,30.65,ACFT,U,Approved,2020-08-10 07:31:00
0207638,10207638,0207638 Total (Diversion),Monthly,12,2020,69.145,ACFT,K,Approved,2021-04-22 14:01:00
0207638,10207638,0207638 Total (Diversion),Monthly,12,2021,59.478,ACFT,K,Approved,2022-09-14 15:18:00
0207638,10207638,0207638 Total (Diversion),Monthly,12,2022,45.03,ACFT,K,Approved,2023-11-06 07:17:00
0207638,10207638,0207638 Total (Diversion),Monthly,12,2023,21.414,ACFT,K,Approved,2024-06-24 15:05:00
0207638,10207638,0207638 Total (Diversion),Monthly,12,2024,67.966,ACFT,K,Approved,2025-01-22 11:07:00
0207639,10207639,0207639 Total (Diversion),Monthly,3,2012,150.495,ACFT,U,Approved,2013-04-18 21:34:00
0207639,10207639,0207639 Total (Diversion),Monthly,2,2013,38.72,ACFT,U,Approved,2014-05-09 12:03:00
0207639,10207639,0207639 Total (Diversion),Monthly,3,2014,27.9254,ACFT,U,Approved,2015-05-04 15:51:00
0207639,10207639,0207639 Total (Diversion),Monthly,2,2015,41.31,ACFT,U,Approved,2016-06-15 13:01:00
0207639,10207639,0207639 Total (Diversion),Monthly,12,2020,0.0,ACFT,K,Approved,2021-04-22 14:01:00
0207639,10207639,0207639 Total (Diversion),Monthly,12,2021,0.0,ACFT,K,Approved,2022-09-14 15:18:00
0207639,10207639,0207639 Total (Diversion),Monthly,12,2023,0.054,ACFT,K,Approved,2024-06-24 14:56:00
0207639,10207639,0207639 Total (Diversion),Monthly,12,2024,0.0,ACFT,K,Approved,2024-12-18 13:51:00
0207984,10207984,0207984 Total (Diversion),Monthly,8,2012,346.707,ACFT,U,Approved,2013-04-11 08:14:00
0207984,10207984,0207984 Total (Diversion),Monthly,2,2013,51.0226,ACFT,U,Approved,2014-05-09 12:03:00
0207984,10207984,0207984 Total (Diversion),Monthly,5,2014,71.3704,ACFT,U,Approved,2015-05-04 15:51:00
0207984,10207984,0207984 Total (Diversion),Monthly,4,2015,47.8615,ACFT,U,Approved,2016-06-15 13:01:00
0207984,10207984,0207984 Total (Diversion),Monthly,6,2016,42.6442,ACFT,U,Approved,2017-05-15 11:01:00
0207984,10207984,0207984 Total (Diversion),Monthly,2,2018,0.175,ACFT,U,Approved,2019-04-18 12:31:00
0207984,10207984,0207984 Total (Diversion),Monthly,1,2019,32.56,ACFT,U,Approved,2020-08-10 07:31:00
0207984,10207984,0207984 Total (Diversion),Monthly,12,2020,3.2589,ACFT,K,Approved,2021-04-22 14:01:00
0207984,10207984,0207984 Total (Diversion),Monthly,12,2021,0.0,ACFT,K,Approved,2022-09-14 15:18:00
0207984,10207984,0207984 Total (Diversion),Monthly,12,2022,13.7237,ACFT,K,Approved,2023-11-06 07:09:00
0207984,10207984,0207984 Total (Diversion),Monthly,12,2023,0.0,ACFT,K,Approved,2024-03-26 13:03:00
0207984,10207984,0207984 Total (Diversion),Monthly,12,2024,0.0,ACFT,K,Approved,2025-01-22 16:17:00
0208150,10208150,0208150 Total (Diversion),Monthly,5,2012,149.705,ACFT,U,Approved,2013-04-18 21:38:00
0208150,10208150,0208150 Total (Diversion),Monthly,4,2013,41.48,ACFT,U,Approved,2014-05-09 12:03:00
0208150,10208150,0208150 Total (Diversion),Monthly,5,2014,52.001,ACFT,U,Approved,2015-05-04 15:51:00
0208150,10208150,0208150 Total (Diversion),Monthly,3,2015,13.39,ACFT,U,Approved,2016-06-15 13:01:00
0208150,10208150,0208150 Total (Diversion),Monthly,3,2016,44.84,ACFT,U,Approved,2017-05-15 11:01:00
0208150,10208150,0208150 Total (Diversion),Monthly,2,2017,39.43,ACFT,U,Approved,2018-04-06 09:56:00
0208150,10208150,0208150 Total (Diversion),Monthly,1,2018,9.49,ACFT,U,Approved,2019-04-18 12:31:00
0208150,10208150,0208150 Total (Diversion),Monthly,1,2019,5.1,ACFT,U,Approved,2020-08-10 07:31:00
0208150,10208150,0208150 Total (Diversion),Monthly,12,2020,0.0,ACFT,K,Approved,2021-04-22 14:01:00
0208150,10208150,0208150 Total (Diversion),Monthly,12,2021,0.111,ACFT,K,Approved,2022-09-14 15:18:00
0208150,10208150,0208150 Total (Diversion),Monthly,12,2022,1.663,ACFT,K,Approved,2023-11-06 07:11:00
0208150,10208150,0208150 Total (Diversion),Monthly,12,2023,0.0,ACFT,K,Approved,2024-06-24 14:55:00
0208150,10208150,0208150 Total (Diversion),Monthly,12,2024,6.518,ACFT,K,Approved,2025-01-22 11:08:00
0208193,10208193,0208193 Total (Diversion),Monthly,4,2012,142.24,ACFT,U,Approved,2013-04-11 08:14:00
0208193,10208193,0208193 Total (Diversion),Monthly,4,2013,160.53,ACFT,K,Approved,2014-05-09 12:03:00
0208193,10208193,0208193 Total (Diversion),Monthly,3,2014,125.02,ACFT,K,Approved,2015-05-04 15:51:00
0208193,10208193,0208193 Total (Diversion),Monthly,5,2015,88.79,ACFT,K,Approved,2016-06-15 13:01:00
0208193,10208193,0208193 Total (Diversion),Monthly,4,2016,81.21,ACFT,K,Approved,2017-05-15 11:01:00
0208193,10208193,0208193 Total (Diversion),Monthly,4,2017,105.33,ACFT,K,Approved,2018-04-06 09:56:00
0208193,10208193,0208193 Total (Diversion),Monthly,3,2018,112.22,ACFT,K,Approved,2019-04-18 12:31:00
0208193,10208193,0208193 Total (Diversion),Monthly,3,2019,96.26,ACFT,K,Approved,2020-08-27 10:46:00
0208193,10208193,0208193 Total (Diversion),Monthly,12,2020,138.34,ACFT,K,Approved,2021-04-22 14:01:00
0208193,10208193,0208193 Total (Diversion),Monthly,11,2021,99.61,ACFT,K,Approved,2022-09-14 15:18:00
0208193,10208193,0208193 Total (Diversion),Monthly,12,2022,191.312,ACFT,K,Approved,2023-11-06 07:28:00
0208193,10208193,0208193 Total (Diversion),Monthly,12,2023,110.461,ACFT,K,Approved,2024-03-26 14:00:00
0208193,10208193,0208193 Total (Diversion),Monthly,12,2024,138.083,ACFT,K,Approved,2025-01-22 16:41:00
0210535,10210535,0210535 Total (Diversion),Monthly,12,2022,2.45,ACFT,K,Approved,2023-11-06 07:30:00
0210535,10210535,0210535 Total (Diversion),Monthly,12,2023,1.34,ACFT,K,Approved,2024-06-24 15:11:00
0210535,10210535,0210535 Total (Diversion),Monthly,12,2024,5.06,ACFT,K,Approved,2025-01-22 16:29:00
