wdid,waterClassNum,wcIdentifier,measInterval,measCount,dataMeasDate,dataValue,measUnits,obsCode,approvalStatus,modified
4905047,14905047,4905047 Total (Diversion),Annual,1,2011,209.9062,ACFT,K,Approved,2013-09-18 14:40:00
4905047,14905047,4905047 Total (Diversion),Annual,1,2012,275.3558,ACFT,K,Approved,2013-04-18 22:46:00
4905047,14905047,4905047 Total (Diversion),Annual,1,2013,219.8922,ACFT,K,Approved,2014-03-26 16:10:00
4905047,14905047,4905047 Total (Diversion),Annual,1,2014,203.1553,ACFT,K,Approved,2015-03-30 12:01:00
4905047,14905047,4905047 Total (Diversion),Annual,1,2015,159.8545,ACFT,K,Approved,2016-03-11 08:20:00
4905047,14905047,4905047 Total (Diversion),Annual,1,2016,200.6668,ACFT,K,Approved,2017-03-24 08:51:00
4905047,14905047,4905047 Total (Diversion),Annual,1,2017,135.4696,ACFT,K,Approved,2018-03-09 09:45:00
4905047,14905047,4905047 Total (Diversion),Annual,1,2018,160.5228,ACFT,K,Approved,2019-03-12 12:55:00
4905047,14905047,4905047 Total (Diversion),Annual,1,2019,127.5651,ACFT,K,Approved,2020-02-27 07:00:00
4905047,14905047,4905047 Total (Diversion),Annual,1,2020,216.7358,ACFT,K,Approved,2021-03-11 13:45:00
4905047,14905047,4905047 Total (Diversion),Annual,1,2021,203.308,ACFT,K,Approved,2022-03-03 11:45:00
4905047,14905047,4905047 Total (Diversion),Annual,1,2022,211.3738,ACFT,K,Approved,2022-11-10 06:59:00
4905047,14905047,4905047 Total (Diversion),Annual,1,2023,151.5088,ACFT,K,Approved,2023-10-30 06:51:00
4905047,14905047,4905047 Total (Diversion),Annual,1,2024,257.0296,ACFT,K,Approved,2024-11-06 07:09:00
4905099,14905099,4905099 Total (Diversion),Annual,1,2011,229.0848,ACFT,K,Approved,2013-09-18 14:40:00
4905099,14905099,4905099 Total (Diversion),Annual,1,2012,244.7388,ACFT,K,Approved,2013-12-12 16:32:00
4905099,14905099,4905099 Total (Diversion),Annual,1,2013,251.9563,ACFT,K,Approved,2015-03-06 16:10:00
4905099,14905099,4905099 Total (Diversion),Annual,1,2014,177.9143,ACFT,K,Approved,2015-03-30 12:01:00
4905099,14905099,4905099 Total (Diversion),Annual,1,2015,223.1839,ACFT,K,Approved,2016-03-11 08:20:00
4905099,14905099,4905099 Total (Diversion),Annual,1,2016,202.1545,ACFT,K,Approved,2017-03-24 08:51:00
4905099,14905099,4905099 Total (Diversion),Annual,1,2017,187.4227,ACFT,K,Approved,2018-03-09 09:45:00
4905099,14905099,4905099 Total (Diversion),Annual,1,2018,175.549,ACFT,K,Approved,2019-03-12 12:55:00
4905099,14905099,4905099 Total (Diversion),Annual,1,2019,213.063,ACFT,K,Approved,2020-02-27 07:00:00
4905099,14905099,4905099 Total (Diversion),Annual,1,2020,238.557,ACFT,K,Approved,2021-03-11 13:45:00
4905099,14905099,4905099 Total (Diversion),Annual,1,2021,195.847,ACFT,K,Approved,2022-03-03 11:45:00
4905099,14905099,4905099 Total (Diversion),Annual,1,2022,228.267,ACFT,K,Approved,2022-12-01 07:33:00
4905099,14905099,4905099 Total (Diversion),Annual,1,2023,144.815,ACFT,K,Approved,2023-12-04 07:35:00
4905099,14905099,4905099 Total (Diversion),Annual,1,2024,198.593,ACFT,K,Approved,2024-11-27 08:02:00
4905103,14905103,4905103 Total (Diversion),Annual,1,2011,152.066,ACFT,K,Approved,2013-09-18 14:40:00
4905103,14905103,4905103 Total (Diversion),Annual,1,2012,174.518,ACFT,K,Approved,2013-04-18 23:26:00
4905103,14905103,4905103 Total (Diversion),Annual,1,2013,172.1032,ACFT,K,Approved,2014-03-26 16:10:00
4905103,14905103,4905103 Total (Diversion),Annual,1,2014,134.9038,ACFT,K,Approved,2015-03-30 12:01:00
4905103,14905103,4905103 Total (Diversion),Annual,1,2015,126.0689,ACFT,K,Approved,2016-03-11 08:20:00
4905103,14905103,4905103 Total (Diversion),Annual,1,2016,137.5851,ACFT,K,Approved,2017-03-24 08:51:00
4905103,14905103,4905103 Total (Diversion),Annual,1,2017,122.2615,ACFT,K,Approved,2018-03-09 09:45:00
4905103,14905103,4905103 Total (Diversion),Annual,1,2018,118.8494,ACFT,K,Approved,2019-03-12 12:55:00
4905103,14905103,4905103 Total (Diversion),Annual,1,2019,139.7727,ACFT,K,Approved,2020-02-27 07:00:00
4905103,14905103,4905103 Total (Diversion),Annual,1,2020,160.0807,ACFT,K,Approved,2021-03-11 13:45:00
4905103,14905103,4905103 Total (Diversion),Annual,1,2021,131.6857,ACFT,K,Approved,2022-03-03 11:45:00
4905103,14905103,4905103 Total (Diversion),Annual,1,2022,146.988,ACFT,K,Approved,2022-12-01 07:33:00
4905103,14905103,4905103 Total (Diversion),Annual,1,2023,42.495,ACFT,K,Approved,2023-12-04 07:35:00
4905103,14905103,4905103 Total (Diversion),Annual,1,2024,159.937,ACFT,K,Approved,2024-11-27 08:01:00
4905106,14905106,4905106 Total (Diversion),Annual,1,2011,238.846,ACFT,K,Approved,2013-09-18 14:40:00
4905106,14905106,4905106 Total (Diversion),Annual,1,2012,281.477,ACFT,K,Approved,2013-04-18 23:28:00
4905106,14905106,4905106 Total (Diversion),Annual,1,2013,269.8672,ACFT,K,Approved,2014-03-26 16:10:00
4905106,14905106,4905106 Total (Diversion),Annual,1,2014,48.075,ACFT,K,Approved,2015-03-30 12:01:00
4905106,14905106,4905106 Total (Diversion),Annual,1,2015,210.1719,ACFT,K,Approved,2016-03-11 08:20:00
4905106,14905106,4905106 Total (Diversion),Annual,1,2016,154.706,ACFT,K,Approved,2017-03-24 08:51:00
4905106,14905106,4905106 Total (Diversion),Annual,1,2017,143.2958,ACFT,K,Approved,2018-03-09 09:45:00
4905106,14905106,4905106 Total (Diversion),Annual,1,2018,180.67,ACFT,K,Approved,2019-03-12 12:55:00
4905106,14905106,4905106 Total (Diversion),Annual,1,2019,225.316,ACFT,K,Approved,2020-02-27 07:00:00
4905106,14905106,4905106 Total (Diversion),Annual,1,2020,142.251,ACFT,K,Approved,2021-03-11 13:45:00
4905106,14905106,4905106 Total (Diversion),Annual,1,2021,184.462,ACFT,K,Approved,2022-03-03 11:45:00
4905106,14905106,4905106 Total (Diversion),Annual,1,2022,283.601,ACFT,K,Approved,2022-11-30 06:40:00
4905106,14905106,4905106 Total (Diversion),Annual,1,2023,0.0,ACFT,K,Approved,2023-10-31 11:51:00
4905106,14905106,4905106 Total (Diversion),Annual,1,2024,246.959,ACFT,K,Approved,2024-11-26 08:24:00
4905113,14905113,4905113 Total (Diversion),Annual,1,2011,166.608,ACFT,K,Approved,2013-09-18 14:40:00
4905113,14905113,4905113 Total (Diversion),Annual,1,2012,233.5,ACFT,K,Approved,2013-04-18 23:35:00
4905113,14905113,4905113 Total (Diversion),Annual,1,2013,197.576,ACFT,K,Approved,2014-03-26 16:10:00
4905113,14905113,4905113 Total (Diversion),Annual,1,2014,146.57,ACFT,K,Approved,2015-03-30 12:01:00
4905113,14905113,4905113 Total (Diversion),Annual,1,2015,124.157,ACFT,K,Approved,2016-03-11 08:20:00
4905113,14905113,4905113 Total (Diversion),Annual,1,2016,127.5262,ACFT,K,Approved,2017-03-24 08:51:00
4905113,14905113,4905113 Total (Diversion),Annual,1,2017,93.4167,ACFT,K,Approved,2018-03-09 09:45:00
4905113,14905113,4905113 Total (Diversion),Annual,1,2018,92.2466,ACFT,K,Approved,2019-03-12 12:55:00
4905113,14905113,4905113 Total (Diversion),Annual,1,2019,131.5826,ACFT,K,Approved,2020-02-27 07:00:00
4905113,14905113,4905113 Total (Diversion),Annual,1,2020,131.662,ACFT,K,Approved,2021-03-11 13:45:00
4905113,14905113,4905113 Total (Diversion),Annual,1,2021,158.851,ACFT,K,Approved,2022-03-03 11:45:00
4905113,14905113,4905113 Total (Diversion),Annual,1,2022,183.633,ACFT,K,Approved,2022-12-27 10:05:00
4905113,14905113,4905113 Total (Diversion),Annual,1,2023,157.393,ACFT,K,Approved,2023-12-11 06:34:00
4905113,14905113,4905113 Total (Diversion),Annual,1,2024,181.673,ACFT,K,Approved,2024-12-04 06:30:00
4905114,14905114,4905114 Total (Diversion),Annual,1,2011,199.074,ACFT,K,Approved,2013-09-18 14:40:00
4905114,14905114,4905114 Total (Diversion),Annual,1,2012,269.475,ACFT,K,Approved,2013-04-18 23:36:00
4905114,14905114,4905114 Total (Diversion),Annual,1,2013,246.785,ACFT,K,Approved,2014-03-26 16:10:00
4905114,14905114,4905114 Total (Diversion),Annual,1,2014,197.249,ACFT,K,Approved,2015-03-30 12:01:00
4905114,14905114,4905114 Total (Diversion),Annual,1,2015,173.002,ACFT,K,Approved,2016-03-11 08:20:00
4905114,14905114,4905114 Total (Diversion),Annual,1,2016,183.731,ACFT,K,Approved,2017-03-24 08:51:00
4905114,14905114,4905114 Total (Diversion),Annual,1,2017,107.799,ACFT,K,Approved,2018-03-09 09:45:00
4905114,14905114,4905114 Total (Diversion),Annual,1,2018,139.397,ACFT,K,Approved,2019-03-12 12:55:00
4905114,14905114,4905114 Total (Diversion),Annual,1,2019,0.13,ACFT,K,Approved,2020-02-27 07:00:00
4905114,14905114,4905114 Total (Diversion),Annual,1,2020,194.805,ACFT,K,Approved,2021-03-11 13:45:00
4905114,14905114,4905114 Total (Diversion),Annual,1,2021,219.632,ACFT,K,Approved,2022-03-03 11:45:00
4905114,14905114,4905114 Total (Diversion),Annual,1,2022,166.204,ACFT,K,Approved,2022-12-12 07:15:00
4905114,14905114,4905114 Total (Diversion),Annual,1,2023,154.05,ACFT,K,Approved,2023-12-04 07:35:00
4905114,14905114,4905114 Total (Diversion),Annual,1,2024,211.965,ACFT,K,Approved,2024-12-04 06:18:00
4905115,14905115,4905115 Total (Diversion),Annual,1,2011,392.182,ACFT,K,Approved,2013-09-18 14:40:00
4905115,14905115,4905115 Total (Diversion),Annual,1,2012,485.985,ACFT,K,Approved,2013-04-18 23:37:00
4905115,14905115,4905115 Total (Diversion),Annual,1,2013,188.727,ACFT,K,Approved,2014-03-26 16:10:00
4905115,14905115,4905115 Total (Diversion),Annual,1,2014,261.93,ACFT,K,Approved,2015-03-30 12:01:00
4905115,14905115,4905115 Total (Diversion),Annual,1,2015,261.988,ACFT,K,Approved,2016-03-11 08:20:00
4905115,14905115,4905115 Total (Diversion),Annual,1,2016,317.2696,ACFT,K,Approved,2017-03-24 08:51:00
4905115,14905115,4905115 Total (Diversion),Annual,1,2017,147.4521,ACFT,K,Approved,2018-03-09 09:45:00
4905115,14905115,4905115 Total (Diversion),Annual,1,2018,184.7844,ACFT,K,Approved,2019-03-12 12:55:00
4905115,14905115,4905115 Total (Diversion),Annual,1,2019,218.8554,ACFT,K,Approved,2020-02-27 07:00:00
4905115,14905115,4905115 Total (Diversion),Annual,1,2020,288.4127,ACFT,K,Approved,2021-03-11 13:45:00
4905115,14905115,4905115 Total (Diversion),Annual,1,2021,240.159,ACFT,K,Approved,2022-03-03 11:45:00
4905115,14905115,4905115 Total (Diversion),Annual,1,2022,308.116,ACFT,K,Approved,2022-12-27 10:06:00
4905115,14905115,4905115 Total (Diversion),Annual,1,2023,270.308,ACFT,K,Approved,2023-12-11 06:34:00
4905115,14905115,4905115 Total (Diversion),Annual,1,2024,306.361,ACFT,K,Approved,2024-12-04 06:21:00
4905118,14905118,4905118 Total (Diversion),Annual,1,2011,188.7542,ACFT,K,Approved,2013-09-18 14:40:00
4905118,14905118,4905118 Total (Diversion),Annual,1,2012,237.0901,ACFT,K,Approved,2013-04-18 23:40:00
4905118,14905118,4905118 Total (Diversion),Annual,1,2013,241.3018,ACFT,K,Approved,2014-03-26 16:10:00
4905118,14905118,4905118 Total (Diversion),Annual,1,2014,131.4977,ACFT,K,Approved,2015-03-30 12:01:00
4905118,14905118,4905118 Total (Diversion),Annual,1,2015,229.4789,ACFT,K,Approved,2016-03-11 08:20:00
4905118,14905118,4905118 Total (Diversion),Annual,1,2016,181.2368,ACFT,K,Approved,2017-03-24 08:51:00
4905118,14905118,4905118 Total (Diversion),Annual,1,2017,185.9685,ACFT,K,Approved,2018-03-09 09:45:00
4905118,14905118,4905118 Total (Diversion),Annual,1,2018,184.681,ACFT,K,Approved,2019-03-12 12:55:00
4905118,14905118,4905118 Total (Diversion),Annual,1,2019,182.396,ACFT,K,Approved,2020-02-27 07:00:00
4905118,14905118,4905118 Total (Diversion),Annual,1,2020,256.145,ACFT,K,Approved,2021-03-11 13:45:00
4905118,14905118,4905118 Total (Diversion),Annual,1,2021,192.041,ACFT,K,Approved,2022-03-03 11:45:00
4905118,14905118,4905118 Total (Diversion),Annual,1,2022,195.367,ACFT,K,Approved,2022-12-01 07:33:00
4905118,14905118,4905118 Total (Diversion),Annual,1,2023,211.35,ACFT,K,Approved,2023-12-04 07:35:00
4905118,14905118,4905118 Total (Diversion),Annual,1,2024,257.454,ACFT,K,Approved,2024-11-27 08:02:00
4905126,14905126,4905126 Total (Diversion),Annual,1,2011,297.547,ACFT,K,Approved,2013-09-18 14:40:00
4905126,14905126,4905126 Total (Diversion),Annual,1,2012,404.6814,ACFT,K,Approved,2013-12-12 16:33:00
4905126,14905126,4905126 Total (Diversion),Annual,1,2013,374.4216,ACFT,K,Approved,2014-03-26 16:10:00
4905126,14905126,4905126 Total (Diversion),Annual,1,2014,274.7746,ACFT,K,Approved,2015-03-30 12:01:00
4905126,14905126,4905126 Total (Diversion),Annual,1,2015,292.2518,ACFT,K,Approved,2016-03-11 08:20:00
4905126,14905126,4905126 Total (Diversion),Annual,1,2016,259.1496,ACFT,K,Approved,2017-03-24 08:51:00
4905126,14905126,4905126 Total (Diversion),Annual,1,2017,205.42,ACFT,K,Approved,2018-03-09 09:45:00
4905126,14905126,4905126 Total (Diversion),Annual,1,2018,250.387,ACFT,K,Approved,2019-03-12 12:55:00
4905126,14905126,4905126 Total (Diversion),Annual,1,2019,293.903,ACFT,K,Approved,2020-02-27 07:00:00
4905126,14905126,4905126 Total (Diversion),Annual,1,2020,270.231,ACFT,K,Approved,2021-03-11 13:45:00
4905126,14905126,4905126 Total (Diversion),Annual,1,2021,272.942,ACFT,K,Approved,2022-03-03 11:45:00
4905126,14905126,4905126 Total (Diversion),Annual,1,2022,294.792,ACFT,K,Approved,2022-12-09 06:52:00
4905126,14905126,4905126 Total (Diversion),Annual,1,2023,170.201,ACFT,K,Approved,2023-11-20 06:33:00
4905126,14905126,4905126 Total (Diversion),Annual,1,2024,260.144,ACFT,K,Approved,2024-12-04 14:42:00
4905149,14905149,4905149 Total (Diversion),Annual,1,2011,303.322,ACFT,K,Approved,2013-09-18 14:40:00
4905149,14905149,4905149 Total (Diversion),Annual,1,2012,390.325,ACFT,K,Approved,2013-04-19 00:13:00
4905149,14905149,4905149 Total (Diversion),Annual,1,2013,361.515,ACFT,K,Approved,2014-03-26 16:10:00
4905149,14905149,4905149 Total (Diversion),Annual,1,2014,308.733,ACFT,K,Approved,2015-03-30 12:01:00
4905149,14905149,4905149 Total (Diversion),Annual,1,2015,221.164,ACFT,K,Approved,2016-03-11 08:20:00
4905149,14905149,4905149 Total (Diversion),Annual,1,2016,222.933,ACFT,K,Approved,2017-03-24 08:51:00
4905149,14905149,4905149 Total (Diversion),Annual,1,2017,168.968,ACFT,K,Approved,2018-03-09 09:45:00
4905149,14905149,4905149 Total (Diversion),Annual,1,2018,222.986,ACFT,K,Approved,2019-03-12 12:55:00
4905149,14905149,4905149 Total (Diversion),Annual,1,2019,215.589,ACFT,K,Approved,2020-02-27 07:00:00
4905149,14905149,4905149 Total (Diversion),Annual,1,2020,302.047,ACFT,K,Approved,2021-03-11 13:45:00
4905149,14905149,4905149 Total (Diversion),Annual,1,2021,268.453,ACFT,K,Approved,2022-03-03 11:45:00
4905149,14905149,4905149 Total (Diversion),Annual,1,2022,370.442,ACFT,K,Approved,2022-11-28 07:07:00
4905149,14905149,4905149 Total (Diversion),Annual,1,2023,265.789,ACFT,K,Approved,2023-11-27 07:40:00
4905149,14905149,4905149 Total (Diversion),Annual,1,2024,371.892,ACFT,K,Approved,2024-12-02 06:45:00
4905150,14905150,4905150 Total (Diversion),Annual,1,2011,260.711,ACFT,K,Approved,2013-09-18 14:40:00
4905150,14905150,4905150 Total (Diversion),Annual,1,2012,398.188,ACFT,K,Approved,2013-04-19 00:14:00
4905150,14905150,4905150 Total (Diversion),Annual,1,2013,377.222,ACFT,K,Approved,2014-03-26 16:10:00
4905150,14905150,4905150 Total (Diversion),Annual,1,2014,214.397,ACFT,K,Approved,2015-03-30 12:01:00
4905150,14905150,4905150 Total (Diversion),Annual,1,2015,195.448,ACFT,K,Approved,2016-03-11 08:20:00
4905150,14905150,4905150 Total (Diversion),Annual,1,2016,167.969,ACFT,K,Approved,2017-03-24 08:51:00
4905150,14905150,4905150 Total (Diversion),Annual,1,2017,101.337,ACFT,K,Approved,2018-03-09 09:45:00
4905150,14905150,4905150 Total (Diversion),Annual,1,2018,174.536,ACFT,K,Approved,2019-03-12 12:55:00
4905150,14905150,4905150 Total (Diversion),Annual,1,2019,161.594,ACFT,K,Approved,2020-02-27 07:00:00
4905150,14905150,4905150 Total (Diversion),Annual,1,2020,281.731,ACFT,K,Approved,2021-03-11 13:45:00
4905150,14905150,4905150 Total (Diversion),Annual,1,2021,261.096,ACFT,K,Approved,2022-03-03 11:45:00
4905150,14905150,4905150 Total (Diversion),Annual,1,2022,322.667,ACFT,K,Approved,2022-11-28 07:07:00
4905150,14905150,4905150 Total (Diversion),Annual,1,2023,236.042,ACFT,K,Approved,2023-11-27 07:40:00
4905150,14905150,4905150 Total (Diversion),Annual,1,2024,347.942,ACFT,K,Approved,2024-12-02 06:45:00
4905151,14905151,4905151 Total (Diversion),Annual,1,2011,188.846,ACFT,K,Approved,2013-09-18 14:40:00
4905151,14905151,4905151 Total (Diversion),Annual,1,2012,279.7634,ACFT,K,Approved,2013-12-12 16:34:00
4905151,14905151,4905151 Total (Diversion),Annual,1,2013,214.9836,ACFT,K,Approved,2014-03-26 16:10:00
4905151,14905151,4905151 Total (Diversion),Annual,1,2014,144.2391,ACFT,K,Approved,2015-03-30 12:01:00
4905151,14905151,4905151 Total (Diversion),Annual,1,2015,129.2352,ACFT,K,Approved,2016-03-11 08:20:00
4905151,14905151,4905151 Total (Diversion),Annual,1,2016,124.8419,ACFT,K,Approved,2017-03-24 08:51:00
4905151,14905151,4905151 Total (Diversion),Annual,1,2017,96.8209,ACFT,K,Approved,2018-03-09 09:45:00
4905151,14905151,4905151 Total (Diversion),Annual,1,2018,143.647,ACFT,K,Approved,2019-03-12 12:55:00
4905151,14905151,4905151 Total (Diversion),Annual,1,2019,102.7824,ACFT,K,Approved,2020-02-27 07:00:00
4905151,14905151,4905151 Total (Diversion),Annual,1,2020,161.1989,ACFT,K,Approved,2021-03-11 13:45:00
4905151,14905151,4905151 Total (Diversion),Annual,1,2021,171.118,ACFT,K,Approved,2022-03-03 11:45:00
4905151,14905151,4905151 Total (Diversion),Annual,1,2022,238.754,ACFT,K,Approved,2022-11-28 07:07:00
4905151,14905151,4905151 Total (Diversion),Annual,1,2023,47.04,ACFT,K,Approved,2023-11-27 07:37:00
4905151,14905151,4905151 Total (Diversion),Annual,1,2024,0.0,ACFT,K,Approved,2024-05-01 09:57:00
4905156,14905156,4905156 Total (Diversion),Annual,1,2011,224.012,ACFT,K,Approved,2013-09-18 14:40:00
4905156,14905156,4905156 Total (Diversion),Annual,1,2012,271.751,ACFT,K,Approved,2013-04-19 00:19:00
4905156,14905156,4905156 Total (Diversion),Annual,1,2013,244.7314,ACFT,K,Approved,2014-03-26 16:10:00
4905156,14905156,4905156 Total (Diversion),Annual,1,2014,212.1743,ACFT,K,Approved,2015-03-30 12:01:00
4905156,14905156,4905156 Total (Diversion),Annual,1,2015,163.6002,ACFT,K,Approved,2016-03-11 08:20:00
4905156,14905156,4905156 Total (Diversion),Annual,1,2016,151.7472,ACFT,K,Approved,2017-03-24 08:51:00
4905156,14905156,4905156 Total (Diversion),Annual,1,2017,134.1048,ACFT,K,Approved,2018-03-09 09:45:00
4905156,14905156,4905156 Total (Diversion),Annual,1,2018,132.742,ACFT,K,Approved,2019-03-12 12:55:00
4905156,14905156,4905156 Total (Diversion),Annual,1,2019,186.328,ACFT,K,Approved,2020-02-27 07:00:00
4905156,14905156,4905156 Total (Diversion),Annual,1,2020,324.373,ACFT,K,Approved,2021-03-11 13:45:00
4905156,14905156,4905156 Total (Diversion),Annual,1,2021,233.847,ACFT,K,Approved,2022-03-03 11:45:00
4905156,14905156,4905156 Total (Diversion),Annual,1,2022,235.329,ACFT,K,Approved,2022-12-02 08:19:00
4905156,14905156,4905156 Total (Diversion),Annual,1,2023,172.591,ACFT,K,Approved,2023-11-28 13:27:00
4905156,14905156,4905156 Total (Diversion),Annual,1,2024,181.048,ACFT,K,Approved,2024-12-02 06:51:00
4905171,14905171,4905171 Total (Diversion),Annual,1,2011,157.27,ACFT,K,Approved,2013-09-18 14:40:00
4905171,14905171,4905171 Total (Diversion),Annual,1,2012,264.2797,ACFT,K,Approved,2013-12-12 16:34:00
4905171,14905171,4905171 Total (Diversion),Annual,1,2013,244.6156,ACFT,K,Approved,2014-03-26 16:10:00
4905171,14905171,4905171 Total (Diversion),Annual,1,2014,80.0977,ACFT,K,Approved,2015-03-30 12:01:00
4905171,14905171,4905171 Total (Diversion),Annual,1,2015,178.4317,ACFT,K,Approved,2016-03-11 08:20:00
4905171,14905171,4905171 Total (Diversion),Annual,1,2016,103.0747,ACFT,K,Approved,2017-03-24 08:51:00
4905171,14905171,4905171 Total (Diversion),Annual,1,2017,106.76,ACFT,K,Approved,2018-03-09 09:45:00
4905171,14905171,4905171 Total (Diversion),Annual,1,2018,137.488,ACFT,K,Approved,2019-03-12 12:55:00
4905171,14905171,4905171 Total (Diversion),Annual,1,2019,115.609,ACFT,K,Approved,2020-02-27 07:00:00
4905171,14905171,4905171 Total (Diversion),Annual,1,2020,224.8324,ACFT,K,Approved,2021-03-11 13:45:00
4905171,14905171,4905171 Total (Diversion),Annual,1,2021,199.4849,ACFT,K,Approved,2022-03-03 11:45:00
4905171,14905171,4905171 Total (Diversion),Annual,1,2022,242.7747,ACFT,K,Approved,2022-11-28 07:07:00
4905171,14905171,4905171 Total (Diversion),Annual,1,2023,183.2436,ACFT,K,Approved,2023-11-27 07:37:00
4905171,14905171,4905171 Total (Diversion),Annual,1,2024,244.3375,ACFT,K,Approved,2024-12-02 06:45:00
4905175,14905175,4905175 Total (Diversion),Annual,1,2011,224.515,ACFT,K,Approved,2013-09-18 14:40:00
4905175,14905175,4905175 Total (Diversion),Annual,1,2012,403.736,ACFT,K,Approved,2013-04-19 00:36:00
4905175,14905175,4905175 Total (Diversion),Annual,1,2013,291.286,ACFT,K,Approved,2014-03-26 16:10:00
4905175,14905175,4905175 Total (Diversion),Annual,1,2014,275.774,ACFT,K,Approved,2015-03-30 12:01:00
4905175,14905175,4905175 Total (Diversion),Annual,1,2015,230.089,ACFT,K,Approved,2016-03-11 08:20:00
4905175,14905175,4905175 Total (Diversion),Annual,1,2016,299.61,ACFT,K,Approved,2017-03-24 08:51:00
4905175,14905175,4905175 Total (Diversion),Annual,1,2017,164.527,ACFT,K,Approved,2018-03-09 09:45:00
4905175,14905175,4905175 Total (Diversion),Annual,1,2018,223.549,ACFT,K,Approved,2019-03-12 12:55:00
4905175,14905175,4905175 Total (Diversion),Annual,1,2019,191.717,ACFT,K,Approved,2020-02-27 07:00:00
4905175,14905175,4905175 Total (Diversion),Annual,1,2020,326.606,ACFT,K,Approved,2021-03-11 13:45:00
4905175,14905175,4905175 Total (Diversion),Annual,1,2021,247.993,ACFT,K,Approved,2022-03-03 11:45:00
4905175,14905175,4905175 Total (Diversion),Annual,1,2022,294.678,ACFT,K,Approved,2022-12-02 08:13:00
4905175,14905175,4905175 Total (Diversion),Annual,1,2023,265.364,ACFT,K,Approved,2023-12-05 07:20:00
4905175,14905175,4905175 Total (Diversion),Annual,1,2024,323.875,ACFT,K,Approved,2024-12-03 06:25:00
4905178,14905178,4905178 Total (Diversion),Annual,1,2011,372.36,ACFT,K,Approved,2013-09-18 14:40:00
4905178,14905178,4905178 Total (Diversion),Annual,1,2012,372.334,ACFT,K,Approved,2013-04-19 00:38:00
4905178,14905178,4905178 Total (Diversion),Annual,1,2013,341.022,ACFT,K,Approved,2014-03-26 16:10:00
4905178,14905178,4905178 Total (Diversion),Annual,1,2014,287.702,ACFT,K,Approved,2015-03-30 12:01:00
4905178,14905178,4905178 Total (Diversion),Annual,1,2015,323.485,ACFT,K,Approved,2016-03-11 08:20:00
4905178,14905178,4905178 Total (Diversion),Annual,1,2016,346.598,ACFT,K,Approved,2017-03-24 08:51:00
4905178,14905178,4905178 Total (Diversion),Annual,1,2017,254.9755,ACFT,K,Approved,2018-03-09 09:45:00
4905178,14905178,4905178 Total (Diversion),Annual,1,2018,301.7089,ACFT,K,Approved,2019-03-12 12:55:00
4905178,14905178,4905178 Total (Diversion),Annual,1,2019,294.5733,ACFT,K,Approved,2020-02-27 07:00:00
4905178,14905178,4905178 Total (Diversion),Annual,1,2020,329.9405,ACFT,K,Approved,2021-03-11 13:45:00
4905178,14905178,4905178 Total (Diversion),Annual,1,2021,306.6779,ACFT,K,Approved,2022-03-03 11:45:00
4905178,14905178,4905178 Total (Diversion),Annual,1,2022,339.8751,ACFT,K,Approved,2022-11-10 06:59:00
4905178,14905178,4905178 Total (Diversion),Annual,1,2023,240.4975,ACFT,K,Approved,2023-10-30 06:51:00
4905178,14905178,4905178 Total (Diversion),Annual,1,2024,313.2841,ACFT,K,Approved,2024-11-06 07:09:00
4905179,14905179,4905179 Total (Diversion),Annual,1,2011,364.949,ACFT,K,Approved,2013-09-18 14:40:00
4905179,14905179,4905179 Total (Diversion),Annual,1,2012,396.49,ACFT,K,Approved,2013-04-19 00:39:00
4905179,14905179,4905179 Total (Diversion),Annual,1,2013,319.67,ACFT,K,Approved,2014-03-26 16:10:00
4905179,14905179,4905179 Total (Diversion),Annual,1,2014,301.425,ACFT,K,Approved,2015-03-30 12:01:00
4905179,14905179,4905179 Total (Diversion),Annual,1,2015,281.016,ACFT,K,Approved,2016-03-11 08:20:00
4905179,14905179,4905179 Total (Diversion),Annual,1,2016,295.794,ACFT,K,Approved,2017-03-24 08:51:00
4905179,14905179,4905179 Total (Diversion),Annual,1,2017,244.949,ACFT,K,Approved,2018-03-09 09:45:00
4905179,14905179,4905179 Total (Diversion),Annual,1,2018,271.976,ACFT,K,Approved,2019-03-12 12:55:00
4905179,14905179,4905179 Total (Diversion),Annual,1,2019,267.958,ACFT,K,Approved,2020-02-27 07:00:00
4905179,14905179,4905179 Total (Diversion),Annual,1,2020,362.41,ACFT,K,Approved,2021-03-11 13:45:00
4905179,14905179,4905179 Total (Diversion),Annual,1,2021,296.661,ACFT,K,Approved,2022-03-03 11:45:00
4905179,14905179,4905179 Total (Diversion),Annual,1,2022,339.667,ACFT,K,Approved,2022-11-10 07:03:00
4905179,14905179,4905179 Total (Diversion),Annual,1,2023,239.32,ACFT,K,Approved,2023-10-30 06:51:00
4905179,14905179,4905179 Total (Diversion),Annual,1,2024,263.397,ACFT,K,Approved,2024-11-06 07:09:00
4905188,14905188,4905188 Total (Diversion),Annual,1,2011,233.912,ACFT,K,Approved,2013-09-18 14:40:00
4905188,14905188,4905188 Total (Diversion),Annual,1,2012,283.582,ACFT,K,Approved,2013-12-12 16:34:00
4905188,14905188,4905188 Total (Diversion),Annual,1,2013,243.1504,ACFT,K,Approved,2014-03-26 16:10:00
4905188,14905188,4905188 Total (Diversion),Annual,1,2014,0.0,ACFT,K,Approved,2015-03-30 12:01:00
4905188,14905188,4905188 Total (Diversion),Annual,1,2015,212.4716,ACFT,K,Approved,2016-03-11 08:20:00
4905188,14905188,4905188 Total (Diversion),Annual,1,2016,160.2128,ACFT,K,Approved,2017-03-24 08:51:00
4905188,14905188,4905188 Total (Diversion),Annual,1,2017,143.1666,ACFT,K,Approved,2018-03-09 09:45:00
4905188,14905188,4905188 Total (Diversion),Annual,1,2018,212.8222,ACFT,K,Approved,2019-03-12 12:55:00
4905188,14905188,4905188 Total (Diversion),Annual,1,2019,80.0377,ACFT,K,Approved,2020-02-27 07:00:00
4905188,14905188,4905188 Total (Diversion),Annual,1,2020,172.5248,ACFT,K,Approved,2021-03-11 13:45:00
4905188,14905188,4905188 Total (Diversion),Annual,1,2021,223.612,ACFT,K,Approved,2022-03-03 11:45:00
4905188,14905188,4905188 Total (Diversion),Annual,1,2022,240.641,ACFT,K,Approved,2022-12-01 07:33:00
4905188,14905188,4905188 Total (Diversion),Annual,1,2023,191.141,ACFT,K,Approved,2023-11-28 08:36:00
4905188,14905188,4905188 Total (Diversion),Annual,1,2024,232.873,ACFT,K,Approved,2024-11-22 16:14:00
4905219,14905219,4905219 Total (Diversion),Annual,1,2011,161.437,ACFT,K,Approved,2013-09-18 14:40:00
4905219,14905219,4905219 Total (Diversion),Annual,1,2012,271.243,ACFT,K,Approved,2013-04-19 01:13:00
4905219,14905219,4905219 Total (Diversion),Annual,1,2013,238.327,ACFT,K,Approved,2014-03-26 16:10:00
4905219,14905219,4905219 Total (Diversion),Annual,1,2014,99.849,ACFT,K,Approved,2015-03-30 12:01:00
4905219,14905219,4905219 Total (Diversion),Annual,1,2015,180.657,ACFT,K,Approved,2016-03-11 08:20:00
4905219,14905219,4905219 Total (Diversion),Annual,1,2016,59.852,ACFT,K,Approved,2017-03-24 08:51:00
4905219,14905219,4905219 Total (Diversion),Annual,1,2017,101.852,ACFT,K,Approved,2018-03-09 09:45:00
4905219,14905219,4905219 Total (Diversion),Annual,1,2018,115.728,ACFT,K,Approved,2019-03-12 12:55:00
4905219,14905219,4905219 Total (Diversion),Annual,1,2019,122.715,ACFT,K,Approved,2020-02-27 07:00:00
4905219,14905219,4905219 Total (Diversion),Annual,1,2020,197.667,ACFT,K,Approved,2021-03-11 13:45:00
4905219,14905219,4905219 Total (Diversion),Annual,1,2021,210.676,ACFT,K,Approved,2022-03-03 11:45:00
4905219,14905219,4905219 Total (Diversion),Annual,1,2022,242.63,ACFT,K,Approved,2022-11-28 07:07:00
4905219,14905219,4905219 Total (Diversion),Annual,1,2023,188.199,ACFT,K,Approved,2023-11-27 07:39:00
4905219,14905219,4905219 Total (Diversion),Annual,1,2024,241.4881,ACFT,K,Approved,2024-12-02 06:41:00
4905262,14905262,4905262 Total (Diversion),Annual,1,2011,202.833,ACFT,K,Approved,2013-09-18 14:40:00
4905262,14905262,4905262 Total (Diversion),Annual,1,2012,364.165,ACFT,K,Approved,2013-04-19 01:50:00
4905262,14905262,4905262 Total (Diversion),Annual,1,2013,243.117,ACFT,K,Approved,2014-03-26 16:10:00
4905262,14905262,4905262 Total (Diversion),Annual,1,2014,176.652,ACFT,K,Approved,2015-03-30 12:01:00
4905262,14905262,4905262 Total (Diversion),Annual,1,2015,127.882,ACFT,K,Approved,2016-03-11 08:20:00
4905262,14905262,4905262 Total (Diversion),Annual,1,2016,158.334,ACFT,K,Approved,2017-03-24 08:51:00
4905262,14905262,4905262 Total (Diversion),Annual,1,2017,51.65,ACFT,K,Approved,2018-03-09 09:45:00
4905262,14905262,4905262 Total (Diversion),Annual,1,2018,75.841,ACFT,K,Approved,2019-03-12 12:55:00
4905262,14905262,4905262 Total (Diversion),Annual,1,2019,193.506,ACFT,K,Approved,2020-02-27 07:00:00
4905262,14905262,4905262 Total (Diversion),Annual,1,2020,329.877,ACFT,K,Approved,2021-03-11 13:45:00
4905262,14905262,4905262 Total (Diversion),Annual,1,2021,207.693,ACFT,K,Approved,2022-03-03 11:45:00
4905262,14905262,4905262 Total (Diversion),Annual,1,2022,279.908,ACFT,K,Approved,2022-12-02 08:19:00
4905262,14905262,4905262 Total (Diversion),Annual,1,2023,184.507,ACFT,K,Approved,2023-11-28 08:36:00
4905262,14905262,4905262 Total (Diversion),Annual,1,2024,330.057,ACFT,K,Approved,2024-11-27 08:01:00
4905270,14905270,4905270 Total (Diversion),Annual,1,2011,282.222,ACFT,K,Approved,2013-09-18 14:40:00
4905270,14905270,4905270 Total (Diversion),Annual,1,2012,377.706,ACFT,K,Approved,2013-04-19 01:56:00
4905270,14905270,4905270 Total (Diversion),Annual,1,2013,253.68,ACFT,K,Approved,2014-03-26 16:10:00
4905270,14905270,4905270 Total (Diversion),Annual,1,2014,180.947,ACFT,K,Approved,2015-03-30 12:01:00
4905270,14905270,4905270 Total (Diversion),Annual,1,2015,219.089,ACFT,K,Approved,2016-03-11 08:20:00
4905270,14905270,4905270 Total (Diversion),Annual,1,2016,189.605,ACFT,K,Approved,2017-03-24 08:51:00
4905270,14905270,4905270 Total (Diversion),Annual,1,2017,114.925,ACFT,K,Approved,2018-03-09 09:45:00
4905270,14905270,4905270 Total (Diversion),Annual,1,2018,85.246,ACFT,K,Approved,2019-03-12 12:55:00
4905270,14905270,4905270 Total (Diversion),Annual,1,2019,173.154,ACFT,K,Approved,2020-02-27 07:00:00
4905270,14905270,4905270 Total (Diversion),Annual,1,2020,216.818,ACFT,K,Approved,2021-03-11 13:45:00
4905270,14905270,4905270 Total (Diversion),Annual,1,2021,141.672,ACFT,K,Approved,2022-03-03 11:45:00
4905270,14905270,4905270 Total (Diversion),Annual,1,2022,275.452,ACFT,K,Approved,2022-12-02 08:19:00
4905270,14905270,4905270 Total (Diversion),Annual,1,2023,144.27,ACFT,K,Approved,2023-11-28 08:35:00
4905270,14905270,4905270 Total (Diversion),Annual,1,2024,268.514,ACFT,K,Approved,2024-11-27 08:01:00
4905283,14905283,4905283 Total (Diversion),Annual,1,2011,189.471,ACFT,K,Approved,2013-09-18 14:40:00
4905283,14905283,4905283 Total (Diversion),Annual,1,2012,187.217,ACFT,K,Approved,2013-04-19 02:08:00
4905283,14905283,4905283 Total (Diversion),Annual,1,2013,168.675,ACFT,K,Approved,2014-03-26 16:10:00
4905283,14905283,4905283 Total (Diversion),Annual,1,2014,144.68,ACFT,K,Approved,2015-03-30 12:01:00
4905283,14905283,4905283 Total (Diversion),Annual,1,2015,125.508,ACFT,K,Approved,2016-03-11 08:20:00
4905283,14905283,4905283 Total (Diversion),Annual,1,2016,127.213,ACFT,K,Approved,2017-03-24 08:51:00
4905283,14905283,4905283 Total (Diversion),Annual,1,2017,100.711,ACFT,K,Approved,2018-03-09 09:45:00
4905283,14905283,4905283 Total (Diversion),Annual,1,2018,122.852,ACFT,K,Approved,2019-03-12 12:55:00
4905283,14905283,4905283 Total (Diversion),Annual,1,2019,114.102,ACFT,K,Approved,2020-02-27 07:00:00
4905283,14905283,4905283 Total (Diversion),Annual,1,2020,148.766,ACFT,K,Approved,2021-03-11 13:45:00
4905283,14905283,4905283 Total (Diversion),Annual,1,2021,105.949,ACFT,K,Approved,2022-03-03 11:45:00
4905283,14905283,4905283 Total (Diversion),Annual,1,2022,108.066,ACFT,K,Approved,2022-11-02 06:53:00
4905283,14905283,4905283 Total (Diversion),Annual,1,2023,70.375,ACFT,K,Approved,2023-12-12 15:24:00
4905283,14905283,4905283 Total (Diversion),Annual,1,2024,102.251,ACFT,K,Approved,2024-12-05 10:25:00
4905341,14905341,4905341 Total (Diversion),Annual,1,2011,204.465,ACFT,K,Approved,2013-09-18 14:40:00
4905341,14905341,4905341 Total (Diversion),Annual,1,2012,153.482,ACFT,K,Approved,2013-04-19 03:02:00
4905341,14905341,4905341 Total (Diversion),Annual,1,2013,216.601,ACFT,K,Approved,2014-03-26 16:10:00
4905341,14905341,4905341 Total (Diversion),Annual,1,2014,131.361,ACFT,K,Approved,2015-03-30 12:01:00
4905341,14905341,4905341 Total (Diversion),Annual,1,2015,108.297,ACFT,K,Approved,2016-03-11 08:20:00
4905341,14905341,4905341 Total (Diversion),Annual,1,2016,45.805,ACFT,K,Approved,2017-03-24 08:51:00
4905341,14905341,4905341 Total (Diversion),Annual,1,2017,179.253,ACFT,K,Approved,2018-03-09 09:45:00
4905341,14905341,4905341 Total (Diversion),Annual,1,2018,120.674,ACFT,K,Approved,2019-03-12 12:55:00
4905341,14905341,4905341 Total (Diversion),Annual,1,2019,118.6313,ACFT,K,Approved,2020-02-27 07:00:00
4905341,14905341,4905341 Total (Diversion),Annual,1,2020,137.0788,ACFT,K,Approved,2021-03-11 13:45:00
4905341,14905341,4905341 Total (Diversion),Annual,1,2021,150.7361,ACFT,K,Approved,2022-03-03 11:45:00
4905341,14905341,4905341 Total (Diversion),Annual,1,2022,163.7995,ACFT,K,Approved,2022-11-07 06:47:00
4905341,14905341,4905341 Total (Diversion),Annual,1,2023,103.1875,ACFT,K,Approved,2023-11-14 09:47:00
4905341,14905341,4905341 Total (Diversion),Annual,1,2024,144.361,ACFT,K,Approved,2024-11-26 08:22:00
4905395,14905395,4905395 Total (Diversion),Annual,1,2011,286.98,ACFT,K,Approved,2013-09-18 14:40:00
4905395,14905395,4905395 Total (Diversion),Annual,1,2012,474.207,ACFT,K,Approved,2013-04-19 03:59:00
4905395,14905395,4905395 Total (Diversion),Annual,1,2013,326.075,ACFT,K,Approved,2014-03-26 16:10:00
4905395,14905395,4905395 Total (Diversion),Annual,1,2014,355.826,ACFT,K,Approved,2015-03-30 12:01:00
4905395,14905395,4905395 Total (Diversion),Annual,1,2015,354.061,ACFT,K,Approved,2016-03-11 08:20:00
4905395,14905395,4905395 Total (Diversion),Annual,1,2016,239.698,ACFT,K,Approved,2017-03-24 08:51:00
4905395,14905395,4905395 Total (Diversion),Annual,1,2017,176.147,ACFT,K,Approved,2018-03-09 09:45:00
4905395,14905395,4905395 Total (Diversion),Annual,1,2018,255.855,ACFT,K,Approved,2019-03-12 12:55:00
4905395,14905395,4905395 Total (Diversion),Annual,1,2019,330.151,ACFT,K,Approved,2020-02-27 07:00:00
4905395,14905395,4905395 Total (Diversion),Annual,1,2020,396.891,ACFT,K,Approved,2021-03-11 13:45:00
4905395,14905395,4905395 Total (Diversion),Annual,1,2021,341.387,ACFT,K,Approved,2022-03-03 11:45:00
4905395,14905395,4905395 Total (Diversion),Annual,1,2022,375.892,ACFT,K,Approved,2022-11-17 08:35:00
4905395,14905395,4905395 Total (Diversion),Annual,1,2023,240.99,ACFT,K,Approved,2023-11-03 09:44:00
4905395,14905395,4905395 Total (Diversion),Annual,1,2024,336.331,ACFT,K,Approved,2024-11-20 07:23:00
4905397,14905397,4905397 Total (Diversion),Annual,1,2011,122.384,ACFT,K,Approved,2013-09-18 14:40:00
4905397,14905397,4905397 Total (Diversion),Annual,1,2012,193.966,ACFT,K,Approved,2013-04-19 03:59:00
4905397,14905397,4905397 Total (Diversion),Annual,1,2013,145.883,ACFT,K,Approved,2014-03-26 16:10:00
4905397,14905397,4905397 Total (Diversion),Annual,1,2014,119.626,ACFT,K,Approved,2015-03-30 12:01:00
4905397,14905397,4905397 Total (Diversion),Annual,1,2015,96.58,ACFT,K,Approved,2016-03-11 08:20:00
4905397,14905397,4905397 Total (Diversion),Annual,1,2016,91.185,ACFT,K,Approved,2017-03-24 08:51:00
4905397,14905397,4905397 Total (Diversion),Annual,1,2017,87.3192,ACFT,K,Approved,2018-03-09 09:45:00
4905397,14905397,4905397 Total (Diversion),Annual,1,2018,105.663,ACFT,K,Approved,2019-03-12 12:55:00
4905397,14905397,4905397 Total (Diversion),Annual,1,2019,110.1204,ACFT,K,Approved,2020-02-27 07:00:00
4905397,14905397,4905397 Total (Diversion),Annual,1,2020,168.8325,ACFT,K,Approved,2021-03-11 13:45:00
4905397,14905397,4905397 Total (Diversion),Annual,1,2021,126.2158,ACFT,K,Approved,2022-03-03 11:45:00
4905397,14905397,4905397 Total (Diversion),Annual,1,2022,170.01,ACFT,K,Approved,2022-12-08 07:08:00
4905397,14905397,4905397 Total (Diversion),Annual,1,2023,111.144,ACFT,K,Approved,2023-12-04 07:35:00
4905397,14905397,4905397 Total (Diversion),Annual,1,2024,149.163,ACFT,K,Approved,2024-12-10 06:15:00
4905404,14905404,4905404 Total (Diversion),Annual,1,2011,184.868,ACFT,K,Approved,2013-09-18 14:40:00
4905404,14905404,4905404 Total (Diversion),Annual,1,2012,218.427,ACFT,K,Approved,2013-12-12 16:36:00
4905404,14905404,4905404 Total (Diversion),Annual,1,2013,157.6313,ACFT,K,Approved,2014-03-26 16:10:00
4905404,14905404,4905404 Total (Diversion),Annual,1,2014,116.3572,ACFT,K,Approved,2015-03-30 12:01:00
4905404,14905404,4905404 Total (Diversion),Annual,1,2015,158.3534,ACFT,K,Approved,2016-03-11 08:20:00
4905404,14905404,4905404 Total (Diversion),Annual,1,2016,134.8309,ACFT,K,Approved,2017-03-24 08:51:00
4905404,14905404,4905404 Total (Diversion),Annual,1,2017,134.455,ACFT,K,Approved,2018-03-09 09:45:00
4905404,14905404,4905404 Total (Diversion),Annual,1,2018,123.147,ACFT,K,Approved,2019-03-12 12:55:00
4905404,14905404,4905404 Total (Diversion),Annual,1,2019,45.708,ACFT,K,Approved,2020-02-27 07:00:00
4905404,14905404,4905404 Total (Diversion),Annual,1,2020,142.164,ACFT,K,Approved,2021-03-11 13:45:00
4905404,14905404,4905404 Total (Diversion),Annual,1,2021,224.117,ACFT,K,Approved,2022-03-03 11:45:00
4905404,14905404,4905404 Total (Diversion),Annual,1,2022,45.076,ACFT,K,Approved,2022-11-14 07:37:00
4905404,14905404,4905404 Total (Diversion),Annual,1,2023,171.565,ACFT,K,Approved,2023-12-08 14:49:00
4905404,14905404,4905404 Total (Diversion),Annual,1,2024,155.4438,ACFT,K,Approved,2024-11-27 08:01:00
4905406,14905406,4905406 Total (Diversion),Annual,1,2011,218.879,ACFT,K,Approved,2013-09-18 14:40:00
4905406,14905406,4905406 Total (Diversion),Annual,1,2012,284.254,ACFT,K,Approved,2013-12-12 16:36:00
4905406,14905406,4905406 Total (Diversion),Annual,1,2013,315.6808,ACFT,K,Approved,2014-03-26 16:10:00
4905406,14905406,4905406 Total (Diversion),Annual,1,2014,131.0614,ACFT,K,Approved,2015-03-30 12:01:00
4905406,14905406,4905406 Total (Diversion),Annual,1,2015,219.105,ACFT,K,Approved,2016-03-11 08:20:00
4905406,14905406,4905406 Total (Diversion),Annual,1,2016,155.8238,ACFT,K,Approved,2017-03-24 08:51:00
4905406,14905406,4905406 Total (Diversion),Annual,1,2017,150.623,ACFT,K,Approved,2018-03-09 09:45:00
4905406,14905406,4905406 Total (Diversion),Annual,1,2018,148.035,ACFT,K,Approved,2019-03-12 12:55:00
4905406,14905406,4905406 Total (Diversion),Annual,1,2019,208.292,ACFT,K,Approved,2020-02-27 07:00:00
4905406,14905406,4905406 Total (Diversion),Annual,1,2020,309.2384,ACFT,K,Approved,2021-03-11 13:45:00
4905406,14905406,4905406 Total (Diversion),Annual,1,2021,222.75,ACFT,K,Approved,2022-03-03 11:45:00
4905406,14905406,4905406 Total (Diversion),Annual,1,2022,234.3593,ACFT,K,Approved,2022-11-14 07:36:00
4905406,14905406,4905406 Total (Diversion),Annual,1,2023,268.9107,ACFT,K,Approved,2023-11-14 09:47:00
4905406,14905406,4905406 Total (Diversion),Annual,1,2024,237.404,ACFT,K,Approved,2024-11-27 08:02:00
4905407,14905407,4905407 Total (Diversion),Annual,1,2011,222.974,ACFT,K,Approved,2013-09-18 14:40:00
4905407,14905407,4905407 Total (Diversion),Annual,1,2012,222.932,ACFT,K,Approved,2013-04-19 04:02:00
4905407,14905407,4905407 Total (Diversion),Annual,1,2013,254.3411,ACFT,K,Approved,2014-03-26 16:10:00
4905407,14905407,4905407 Total (Diversion),Annual,1,2014,197.6762,ACFT,K,Approved,2015-03-30 12:01:00
4905407,14905407,4905407 Total (Diversion),Annual,1,2015,154.5296,ACFT,K,Approved,2016-03-11 08:20:00
4905407,14905407,4905407 Total (Diversion),Annual,1,2016,201.3734,ACFT,K,Approved,2017-03-24 08:51:00
4905407,14905407,4905407 Total (Diversion),Annual,1,2017,165.655,ACFT,K,Approved,2018-03-09 09:45:00
4905407,14905407,4905407 Total (Diversion),Annual,1,2018,189.754,ACFT,K,Approved,2019-03-12 12:55:00
4905407,14905407,4905407 Total (Diversion),Annual,1,2019,216.886,ACFT,K,Approved,2020-02-27 07:00:00
4905407,14905407,4905407 Total (Diversion),Annual,1,2020,310.52,ACFT,K,Approved,2021-03-11 13:45:00
4905407,14905407,4905407 Total (Diversion),Annual,1,2021,292.2146,ACFT,K,Approved,2022-03-03 11:45:00
4905407,14905407,4905407 Total (Diversion),Annual,1,2022,297.9998,ACFT,K,Approved,2022-12-02 08:19:00
4905407,14905407,4905407 Total (Diversion),Annual,1,2023,184.8222,ACFT,K,Approved,2023-11-28 13:27:00
4905407,14905407,4905407 Total (Diversion),Annual,1,2024,206.7767,ACFT,K,Approved,2024-12-02 06:52:00
4905408,14905408,4905408 Total (Diversion),Annual,1,2011,163.666,ACFT,K,Approved,2013-09-18 14:40:00
4905408,14905408,4905408 Total (Diversion),Annual,1,2012,202.782,ACFT,K,Approved,2013-12-12 16:37:00
4905408,14905408,4905408 Total (Diversion),Annual,1,2013,173.0135,ACFT,K,Approved,2014-03-26 16:10:00
4905408,14905408,4905408 Total (Diversion),Annual,1,2014,125.6635,ACFT,K,Approved,2015-03-30 12:01:00
4905408,14905408,4905408 Total (Diversion),Annual,1,2015,180.1829,ACFT,K,Approved,2016-03-11 08:20:00
4905408,14905408,4905408 Total (Diversion),Annual,1,2016,186.7502,ACFT,K,Approved,2017-03-24 08:51:00
4905408,14905408,4905408 Total (Diversion),Annual,1,2017,114.823,ACFT,K,Approved,2018-03-09 09:45:00
4905408,14905408,4905408 Total (Diversion),Annual,1,2018,154.37,ACFT,K,Approved,2019-03-12 12:55:00
4905408,14905408,4905408 Total (Diversion),Annual,1,2019,149.164,ACFT,K,Approved,2020-02-27 07:00:00
4905408,14905408,4905408 Total (Diversion),Annual,1,2020,188.0256,ACFT,K,Approved,2021-03-11 13:45:00
4905408,14905408,4905408 Total (Diversion),Annual,1,2021,171.2401,ACFT,K,Approved,2022-03-03 11:45:00
4905408,14905408,4905408 Total (Diversion),Annual,1,2022,182.7112,ACFT,K,Approved,2022-12-02 08:19:00
4905408,14905408,4905408 Total (Diversion),Annual,1,2023,181.1249,ACFT,K,Approved,2023-11-28 13:27:00
4905408,14905408,4905408 Total (Diversion),Annual,1,2024,173.5931,ACFT,K,Approved,2024-12-02 06:41:00
4905422,14905422,4905422 Total (Diversion),Annual,1,2011,136.4434,ACFT,K,Approved,2013-09-18 14:40:00
4905422,14905422,4905422 Total (Diversion),Annual,1,2012,190.0983,ACFT,K,Approved,2013-04-19 04:06:00
4905422,14905422,4905422 Total (Diversion),Annual,1,2013,182.5731,ACFT,K,Approved,2014-03-26 16:10:00
4905422,14905422,4905422 Total (Diversion),Annual,1,2014,164.542,ACFT,K,Approved,2015-03-30 12:01:00
4905422,14905422,4905422 Total (Diversion),Annual,1,2015,123.141,ACFT,K,Approved,2016-03-11 08:20:00
4905422,14905422,4905422 Total (Diversion),Annual,1,2016,124.044,ACFT,K,Approved,2017-03-24 08:51:00
4905422,14905422,4905422 Total (Diversion),Annual,1,2017,116.611,ACFT,K,Approved,2018-03-09 09:45:00
4905422,14905422,4905422 Total (Diversion),Annual,1,2018,125.105,ACFT,K,Approved,2019-03-12 12:55:00
4905422,14905422,4905422 Total (Diversion),Annual,1,2019,130.837,ACFT,K,Approved,2020-02-27 07:00:00
4905422,14905422,4905422 Total (Diversion),Annual,1,2020,170.612,ACFT,K,Approved,2021-03-11 13:45:00
4905422,14905422,4905422 Total (Diversion),Annual,1,2021,136.397,ACFT,K,Approved,2022-03-03 11:45:00
4905422,14905422,4905422 Total (Diversion),Annual,1,2022,160.472,ACFT,K,Approved,2022-12-02 08:19:00
4905422,14905422,4905422 Total (Diversion),Annual,1,2023,80.01,ACFT,K,Approved,2023-11-20 06:33:00
4905422,14905422,4905422 Total (Diversion),Annual,1,2024,133.424,ACFT,K,Approved,2024-12-05 07:53:00
4905423,14905423,4905423 Total (Diversion),Annual,1,2011,226.527,ACFT,K,Approved,2013-09-18 14:40:00
4905423,14905423,4905423 Total (Diversion),Annual,1,2012,240.174,ACFT,K,Approved,2013-04-19 04:06:00
4905423,14905423,4905423 Total (Diversion),Annual,1,2013,205.8609,ACFT,K,Approved,2014-03-26 16:10:00
4905423,14905423,4905423 Total (Diversion),Annual,1,2014,169.0473,ACFT,K,Approved,2015-03-30 12:01:00
4905423,14905423,4905423 Total (Diversion),Annual,1,2015,144.9488,ACFT,K,Approved,2016-03-11 08:20:00
4905423,14905423,4905423 Total (Diversion),Annual,1,2016,118.8895,ACFT,K,Approved,2017-03-24 08:51:00
4905423,14905423,4905423 Total (Diversion),Annual,1,2017,130.2734,ACFT,K,Approved,2018-03-09 09:45:00
4905423,14905423,4905423 Total (Diversion),Annual,1,2018,127.7029,ACFT,K,Approved,2019-03-12 12:55:00
4905423,14905423,4905423 Total (Diversion),Annual,1,2019,160.1959,ACFT,K,Approved,2020-02-27 07:00:00
4905423,14905423,4905423 Total (Diversion),Annual,1,2020,167.0657,ACFT,K,Approved,2021-03-11 13:45:00
4905423,14905423,4905423 Total (Diversion),Annual,1,2021,128.0429,ACFT,K,Approved,2022-03-03 11:45:00
4905423,14905423,4905423 Total (Diversion),Annual,1,2022,212.607,ACFT,K,Approved,2022-12-08 07:08:00
4905423,14905423,4905423 Total (Diversion),Annual,1,2023,66.594,ACFT,K,Approved,2023-12-08 07:52:00
4905423,14905423,4905423 Total (Diversion),Annual,1,2024,225.504,ACFT,K,Approved,2024-12-03 06:25:00
4905424,14905424,4905424 Total (Diversion),Annual,1,2011,76.879,ACFT,K,Approved,2013-09-18 14:40:00
4905424,14905424,4905424 Total (Diversion),Annual,1,2012,101.269,ACFT,K,Approved,2013-04-19 04:06:00
4905424,14905424,4905424 Total (Diversion),Annual,1,2013,113.582,ACFT,K,Approved,2014-03-26 16:10:00
4905424,14905424,4905424 Total (Diversion),Annual,1,2014,78.847,ACFT,K,Approved,2015-03-30 12:01:00
4905424,14905424,4905424 Total (Diversion),Annual,1,2015,63.951,ACFT,K,Approved,2016-03-11 08:20:00
4905424,14905424,4905424 Total (Diversion),Annual,1,2016,53.235,ACFT,K,Approved,2017-03-24 08:51:00
4905424,14905424,4905424 Total (Diversion),Annual,1,2017,63.825,ACFT,K,Approved,2018-03-09 09:45:00
4905424,14905424,4905424 Total (Diversion),Annual,1,2018,42.019,ACFT,K,Approved,2019-03-12 12:55:00
4905424,14905424,4905424 Total (Diversion),Annual,1,2019,68.083,ACFT,K,Approved,2020-02-27 07:00:00
4905424,14905424,4905424 Total (Diversion),Annual,1,2020,81.862,ACFT,K,Approved,2021-03-11 13:45:00
4905424,14905424,4905424 Total (Diversion),Annual,1,2021,61.6741,ACFT,K,Approved,2022-03-03 11:45:00
4905424,14905424,4905424 Total (Diversion),Annual,1,2022,85.0951,ACFT,K,Approved,2022-12-08 07:08:00
4905424,14905424,4905424 Total (Diversion),Annual,1,2023,26.549,ACFT,K,Approved,2023-12-08 07:50:00
4905424,14905424,4905424 Total (Diversion),Annual,1,2024,1.6126,ACFT,K,Approved,2024-10-10 12:34:00
4905425,14905425,4905425 Total (Diversion),Annual,1,2011,207.967,ACFT,K,Approved,2013-09-18 14:40:00
4905425,14905425,4905425 Total (Diversion),Annual,1,2012,278.516,ACFT,K,Approved,2013-04-19 04:06:00
4905425,14905425,4905425 Total (Diversion),Annual,1,2013,285.978,ACFT,K,Approved,2014-03-26 16:10:00
4905425,14905425,4905425 Total (Diversion),Annual,1,2014,291.448,ACFT,K,Approved,2015-03-30 12:01:00
4905425,14905425,4905425 Total (Diversion),Annual,1,2015,265.367,ACFT,K,Approved,2016-03-11 08:20:00
4905425,14905425,4905425 Total (Diversion),Annual,1,2016,170.172,ACFT,K,Approved,2017-03-24 08:51:00
4905425,14905425,4905425 Total (Diversion),Annual,1,2017,18.486,ACFT,K,Approved,2018-03-09 09:45:00
4905425,14905425,4905425 Total (Diversion),Annual,1,2018,140.195,ACFT,K,Approved,2019-03-12 12:55:00
4905425,14905425,4905425 Total (Diversion),Annual,1,2019,132.168,ACFT,K,Approved,2020-02-27 07:00:00
4905425,14905425,4905425 Total (Diversion),Annual,1,2020,188.15,ACFT,K,Approved,2021-03-11 13:45:00
4905430,14905430,4905430 Total (Diversion),Annual,1,2011,203.5756,ACFT,K,Approved,2013-09-18 14:40:00
4905430,14905430,4905430 Total (Diversion),Annual,1,2012,280.001,ACFT,K,Approved,2013-04-19 04:07:00
4905430,14905430,4905430 Total (Diversion),Annual,1,2013,199.5732,ACFT,K,Approved,2014-03-26 16:10:00
4905430,14905430,4905430 Total (Diversion),Annual,1,2014,156.3727,ACFT,K,Approved,2015-03-30 12:01:00
4905430,14905430,4905430 Total (Diversion),Annual,1,2015,152.9817,ACFT,K,Approved,2016-03-11 08:20:00
4905430,14905430,4905430 Total (Diversion),Annual,1,2016,183.2582,ACFT,K,Approved,2017-03-24 08:51:00
4905430,14905430,4905430 Total (Diversion),Annual,1,2017,146.0708,ACFT,K,Approved,2018-03-09 09:45:00
4905430,14905430,4905430 Total (Diversion),Annual,1,2018,177.7005,ACFT,K,Approved,2019-03-12 12:55:00
4905430,14905430,4905430 Total (Diversion),Annual,1,2019,160.5493,ACFT,K,Approved,2020-02-27 07:00:00
4905430,14905430,4905430 Total (Diversion),Annual,1,2020,170.1985,ACFT,K,Approved,2021-03-11 13:45:00
4905430,14905430,4905430 Total (Diversion),Annual,1,2021,201.818,ACFT,K,Approved,2022-03-03 11:45:00
4905430,14905430,4905430 Total (Diversion),Annual,1,2022,218.6571,ACFT,K,Approved,2022-11-29 06:29:00
4905430,14905430,4905430 Total (Diversion),Annual,1,2023,143.4192,ACFT,K,Approved,2023-12-08 13:00:00
4905430,14905430,4905430 Total (Diversion),Annual,1,2024,105.9276,ACFT,K,Approved,2024-10-21 06:41:00
4905443,14905443,4905443 Total (Diversion),Annual,1,2011,206.217,ACFT,K,Approved,2013-09-18 14:40:00
4905443,14905443,4905443 Total (Diversion),Annual,1,2012,397.568,ACFT,K,Approved,2013-04-19 04:10:00
4905443,14905443,4905443 Total (Diversion),Annual,1,2013,322.578,ACFT,K,Approved,2014-03-26 16:10:00
4905443,14905443,4905443 Total (Diversion),Annual,1,2014,273.67,ACFT,K,Approved,2015-03-30 12:01:00
4905443,14905443,4905443 Total (Diversion),Annual,1,2015,137.205,ACFT,K,Approved,2016-03-11 08:20:00
4905443,14905443,4905443 Total (Diversion),Annual,1,2016,182.3461,ACFT,K,Approved,2017-03-24 08:51:00
4905443,14905443,4905443 Total (Diversion),Annual,1,2017,133.4556,ACFT,K,Approved,2018-03-09 09:45:00
4905443,14905443,4905443 Total (Diversion),Annual,1,2018,142.3536,ACFT,K,Approved,2019-03-12 12:55:00
4905443,14905443,4905443 Total (Diversion),Annual,1,2019,177.0475,ACFT,K,Approved,2020-02-27 07:00:00
4905443,14905443,4905443 Total (Diversion),Annual,1,2020,252.5767,ACFT,K,Approved,2021-03-11 13:45:00
4905443,14905443,4905443 Total (Diversion),Annual,1,2021,273.489,ACFT,K,Approved,2022-03-03 11:45:00
4905443,14905443,4905443 Total (Diversion),Annual,1,2022,279.41,ACFT,K,Approved,2022-11-28 07:07:00
4905443,14905443,4905443 Total (Diversion),Annual,1,2023,179.4,ACFT,K,Approved,2023-11-27 07:39:00
4905443,14905443,4905443 Total (Diversion),Annual,1,2024,260.5019,ACFT,K,Approved,2024-12-02 06:42:00
4905453,14905453,4905453 Total (Diversion),Annual,1,2011,201.664,ACFT,K,Approved,2013-09-18 14:40:00
4905453,14905453,4905453 Total (Diversion),Annual,1,2012,270.3115,ACFT,K,Approved,2013-12-12 16:37:00
4905453,14905453,4905453 Total (Diversion),Annual,1,2013,204.0184,ACFT,K,Approved,2014-03-26 16:10:00
4905453,14905453,4905453 Total (Diversion),Annual,1,2014,71.947,ACFT,K,Approved,2015-03-30 12:01:00
4905453,14905453,4905453 Total (Diversion),Annual,1,2015,148.407,ACFT,K,Approved,2016-03-11 08:20:00
4905453,14905453,4905453 Total (Diversion),Annual,1,2016,97.0881,ACFT,K,Approved,2017-03-24 08:51:00
4905453,14905453,4905453 Total (Diversion),Annual,1,2017,75.3392,ACFT,K,Approved,2018-03-09 09:45:00
4905453,14905453,4905453 Total (Diversion),Annual,1,2018,100.0267,ACFT,K,Approved,2019-03-12 12:55:00
4905453,14905453,4905453 Total (Diversion),Annual,1,2019,118.4079,ACFT,K,Approved,2020-02-27 07:00:00
4905453,14905453,4905453 Total (Diversion),Annual,1,2020,182.815,ACFT,K,Approved,2021-03-11 13:45:00
4905453,14905453,4905453 Total (Diversion),Annual,1,2021,136.541,ACFT,K,Approved,2022-03-03 11:45:00
4905453,14905453,4905453 Total (Diversion),Annual,1,2022,209.089,ACFT,K,Approved,2022-11-28 07:07:00
4905453,14905453,4905453 Total (Diversion),Annual,1,2023,146.478,ACFT,K,Approved,2023-11-27 07:39:00
4905453,14905453,4905453 Total (Diversion),Annual,1,2024,115.3369,ACFT,K,Approved,2024-12-02 06:41:00
4905453,14905453,4905453 Total (Diversion),Annual,1,2025,0.0,ACFT,K,Provisional,2025-06-20 16:10:00
4905454,14905454,4905454 Total (Diversion),Annual,1,2011,258.269,ACFT,K,Approved,2013-09-18 14:40:00
4905454,14905454,4905454 Total (Diversion),Annual,1,2012,341.417,ACFT,K,Approved,2013-04-19 04:11:00
4905454,14905454,4905454 Total (Diversion),Annual,1,2013,283.827,ACFT,K,Approved,2014-03-26 16:10:00
4905454,14905454,4905454 Total (Diversion),Annual,1,2014,209.87,ACFT,K,Approved,2015-03-30 12:01:00
4905454,14905454,4905454 Total (Diversion),Annual,1,2015,165.75,ACFT,K,Approved,2016-03-11 08:20:00
4905454,14905454,4905454 Total (Diversion),Annual,1,2016,160.917,ACFT,K,Approved,2017-03-24 08:51:00
4905454,14905454,4905454 Total (Diversion),Annual,1,2017,95.077,ACFT,K,Approved,2018-03-09 09:45:00
4905454,14905454,4905454 Total (Diversion),Annual,1,2018,128.782,ACFT,K,Approved,2019-03-12 12:55:00
4905454,14905454,4905454 Total (Diversion),Annual,1,2019,153.237,ACFT,K,Approved,2020-02-27 07:00:00
4905454,14905454,4905454 Total (Diversion),Annual,1,2020,237.472,ACFT,K,Approved,2021-03-11 13:45:00
4905454,14905454,4905454 Total (Diversion),Annual,1,2021,199.011,ACFT,K,Approved,2022-03-03 11:45:00
4905454,14905454,4905454 Total (Diversion),Annual,1,2022,257.945,ACFT,K,Approved,2022-11-28 07:07:00
4905454,14905454,4905454 Total (Diversion),Annual,1,2023,155.175,ACFT,K,Approved,2023-11-27 07:39:00
4905454,14905454,4905454 Total (Diversion),Annual,1,2024,239.5171,ACFT,K,Approved,2024-12-02 06:42:00
4905455,14905455,4905455 Total (Diversion),Annual,1,2011,165.796,ACFT,K,Approved,2013-09-18 14:40:00
4905455,14905455,4905455 Total (Diversion),Annual,1,2012,249.0579,ACFT,K,Approved,2013-12-12 16:37:00
4905455,14905455,4905455 Total (Diversion),Annual,1,2013,244.3618,ACFT,K,Approved,2014-03-26 16:10:00
4905455,14905455,4905455 Total (Diversion),Annual,1,2014,104.8375,ACFT,K,Approved,2015-03-30 12:01:00
4905455,14905455,4905455 Total (Diversion),Annual,1,2015,157.1301,ACFT,K,Approved,2016-03-11 08:20:00
4905455,14905455,4905455 Total (Diversion),Annual,1,2016,84.6933,ACFT,K,Approved,2017-03-24 08:51:00
4905455,14905455,4905455 Total (Diversion),Annual,1,2017,76.917,ACFT,K,Approved,2018-03-09 09:45:00
4905455,14905455,4905455 Total (Diversion),Annual,1,2018,70.356,ACFT,K,Approved,2019-03-12 12:55:00
4905455,14905455,4905455 Total (Diversion),Annual,1,2019,98.836,ACFT,K,Approved,2020-02-27 07:00:00
4905455,14905455,4905455 Total (Diversion),Annual,1,2020,165.369,ACFT,K,Approved,2021-03-11 13:45:00
4905455,14905455,4905455 Total (Diversion),Annual,1,2021,109.721,ACFT,K,Approved,2022-03-03 11:45:00
4905455,14905455,4905455 Total (Diversion),Annual,1,2022,168.679,ACFT,K,Approved,2022-11-28 07:07:00
4905455,14905455,4905455 Total (Diversion),Annual,1,2023,89.07,ACFT,K,Approved,2023-11-27 07:37:00
4905455,14905455,4905455 Total (Diversion),Annual,1,2024,158.523,ACFT,K,Approved,2024-12-02 06:42:00
4905456,14905456,4905456 Total (Diversion),Annual,1,2011,149.664,ACFT,K,Approved,2013-09-18 14:40:00
4905456,14905456,4905456 Total (Diversion),Annual,1,2012,199.374,ACFT,K,Approved,2013-04-19 04:11:00
4905456,14905456,4905456 Total (Diversion),Annual,1,2013,168.878,ACFT,K,Approved,2014-03-26 16:10:00
4905456,14905456,4905456 Total (Diversion),Annual,1,2014,87.425,ACFT,K,Approved,2015-03-30 12:01:00
4905456,14905456,4905456 Total (Diversion),Annual,1,2015,123.359,ACFT,K,Approved,2016-03-11 08:20:00
4905456,14905456,4905456 Total (Diversion),Annual,1,2016,54.542,ACFT,K,Approved,2017-03-24 08:51:00
4905456,14905456,4905456 Total (Diversion),Annual,1,2017,46.432,ACFT,K,Approved,2018-03-09 09:45:00
4905456,14905456,4905456 Total (Diversion),Annual,1,2018,53.774,ACFT,K,Approved,2019-03-12 12:55:00
4905456,14905456,4905456 Total (Diversion),Annual,1,2019,83.622,ACFT,K,Approved,2020-02-27 07:00:00
4905456,14905456,4905456 Total (Diversion),Annual,1,2020,106.34,ACFT,K,Approved,2021-03-11 13:45:00
4905456,14905456,4905456 Total (Diversion),Annual,1,2021,105.663,ACFT,K,Approved,2022-03-03 11:45:00
4905456,14905456,4905456 Total (Diversion),Annual,1,2022,139.079,ACFT,K,Approved,2022-11-28 07:07:00
4905456,14905456,4905456 Total (Diversion),Annual,1,2023,85.491,ACFT,K,Approved,2023-11-27 07:37:00
4905456,14905456,4905456 Total (Diversion),Annual,1,2024,129.522,ACFT,K,Approved,2024-12-02 06:42:00
4905457,14905457,4905457 Total (Diversion),Annual,1,2011,216.007,ACFT,K,Approved,2013-09-18 14:40:00
4905457,14905457,4905457 Total (Diversion),Annual,1,2012,296.767,ACFT,K,Approved,2013-04-19 04:12:00
4905457,14905457,4905457 Total (Diversion),Annual,1,2013,207.197,ACFT,K,Approved,2014-03-26 16:10:00
4905457,14905457,4905457 Total (Diversion),Annual,1,2014,196.044,ACFT,K,Approved,2015-03-30 12:01:00
4905457,14905457,4905457 Total (Diversion),Annual,1,2015,219.298,ACFT,K,Approved,2016-03-11 08:20:00
4905457,14905457,4905457 Total (Diversion),Annual,1,2016,192.105,ACFT,K,Approved,2017-03-24 08:51:00
4905457,14905457,4905457 Total (Diversion),Annual,1,2017,155.105,ACFT,K,Approved,2018-03-09 09:45:00
4905457,14905457,4905457 Total (Diversion),Annual,1,2018,176.021,ACFT,K,Approved,2019-03-12 12:55:00
4905457,14905457,4905457 Total (Diversion),Annual,1,2019,187.99,ACFT,K,Approved,2020-02-27 07:00:00
4905457,14905457,4905457 Total (Diversion),Annual,1,2020,255.0171,ACFT,K,Approved,2021-03-11 13:45:00
4905457,14905457,4905457 Total (Diversion),Annual,1,2021,267.4319,ACFT,K,Approved,2022-03-03 11:45:00
4905457,14905457,4905457 Total (Diversion),Annual,1,2022,312.1798,ACFT,K,Approved,2022-12-01 07:32:00
4905457,14905457,4905457 Total (Diversion),Annual,1,2023,241.1864,ACFT,K,Approved,2023-11-28 08:36:00
4905457,14905457,4905457 Total (Diversion),Annual,1,2024,314.7133,ACFT,K,Approved,2024-11-22 16:12:00
4905458,14905458,4905458 Total (Diversion),Annual,1,2011,529.758,ACFT,K,Approved,2013-09-18 14:40:00
4905458,14905458,4905458 Total (Diversion),Annual,1,2012,694.2604,ACFT,K,Approved,2013-12-12 16:37:00
4905458,14905458,4905458 Total (Diversion),Annual,1,2013,439.9937,ACFT,K,Approved,2014-03-26 16:10:00
4905458,14905458,4905458 Total (Diversion),Annual,1,2014,378.5588,ACFT,K,Approved,2015-03-30 12:01:00
4905458,14905458,4905458 Total (Diversion),Annual,1,2015,365.6494,ACFT,K,Approved,2016-03-11 08:20:00
4905458,14905458,4905458 Total (Diversion),Annual,1,2016,360.2122,ACFT,K,Approved,2017-03-24 08:51:00
4905458,14905458,4905458 Total (Diversion),Annual,1,2017,228.291,ACFT,K,Approved,2018-03-09 09:45:00
4905458,14905458,4905458 Total (Diversion),Annual,1,2018,257.959,ACFT,K,Approved,2019-03-12 12:55:00
4905458,14905458,4905458 Total (Diversion),Annual,1,2019,236.4611,ACFT,K,Approved,2020-02-27 07:00:00
4905458,14905458,4905458 Total (Diversion),Annual,1,2020,483.857,ACFT,K,Approved,2021-03-11 13:45:00
4905458,14905458,4905458 Total (Diversion),Annual,1,2021,454.604,ACFT,K,Approved,2022-03-03 11:45:00
4905458,14905458,4905458 Total (Diversion),Annual,1,2022,614.365,ACFT,K,Approved,2022-12-02 08:20:00
4905458,14905458,4905458 Total (Diversion),Annual,1,2023,428.325,ACFT,K,Approved,2023-11-28 08:35:00
4905458,14905458,4905458 Total (Diversion),Annual,1,2024,123.332,ACFT,K,Approved,2024-11-22 16:01:00
4905459,14905459,4905459 Total (Diversion),Annual,1,2011,132.494,ACFT,K,Approved,2013-09-18 14:40:00
4905459,14905459,4905459 Total (Diversion),Annual,1,2012,212.994,ACFT,K,Approved,2013-04-19 04:12:00
4905459,14905459,4905459 Total (Diversion),Annual,1,2013,163.192,ACFT,K,Approved,2014-03-26 16:10:00
4905459,14905459,4905459 Total (Diversion),Annual,1,2014,144.441,ACFT,K,Approved,2015-03-30 12:01:00
4905459,14905459,4905459 Total (Diversion),Annual,1,2015,135.626,ACFT,K,Approved,2016-03-11 08:20:00
4905459,14905459,4905459 Total (Diversion),Annual,1,2016,137.176,ACFT,K,Approved,2017-03-24 08:51:00
4905459,14905459,4905459 Total (Diversion),Annual,1,2017,95.8215,ACFT,K,Approved,2018-03-09 09:45:00
4905459,14905459,4905459 Total (Diversion),Annual,1,2018,83.7044,ACFT,K,Approved,2019-03-12 12:55:00
4905459,14905459,4905459 Total (Diversion),Annual,1,2019,22.9183,ACFT,K,Approved,2020-02-27 07:00:00
4905459,14905459,4905459 Total (Diversion),Annual,1,2020,139.9259,ACFT,K,Approved,2021-03-11 13:45:00
4905459,14905459,4905459 Total (Diversion),Annual,1,2021,132.1756,ACFT,K,Approved,2022-03-03 11:45:00
4905459,14905459,4905459 Total (Diversion),Annual,1,2022,167.071,ACFT,K,Approved,2022-12-01 07:33:00
4905459,14905459,4905459 Total (Diversion),Annual,1,2023,165.448,ACFT,K,Approved,2023-11-28 08:35:00
4905459,14905459,4905459 Total (Diversion),Annual,1,2024,177.513,ACFT,K,Approved,2024-11-22 16:16:00
4905460,14905460,4905460 Total (Diversion),Annual,1,2011,192.903,ACFT,K,Approved,2013-09-18 14:40:00
4905460,14905460,4905460 Total (Diversion),Annual,1,2012,242.973,ACFT,K,Approved,2013-04-19 04:12:00
4905460,14905460,4905460 Total (Diversion),Annual,1,2013,199.055,ACFT,K,Approved,2014-03-26 16:10:00
4905460,14905460,4905460 Total (Diversion),Annual,1,2014,147.491,ACFT,K,Approved,2015-03-30 12:01:00
4905460,14905460,4905460 Total (Diversion),Annual,1,2015,178.607,ACFT,K,Approved,2016-03-11 08:20:00
4905460,14905460,4905460 Total (Diversion),Annual,1,2016,192.33,ACFT,K,Approved,2017-03-24 08:51:00
4905460,14905460,4905460 Total (Diversion),Annual,1,2017,126.302,ACFT,K,Approved,2018-03-09 09:45:00
4905460,14905460,4905460 Total (Diversion),Annual,1,2018,146.403,ACFT,K,Approved,2019-03-12 12:55:00
4905460,14905460,4905460 Total (Diversion),Annual,1,2019,130.99,ACFT,K,Approved,2020-02-27 07:00:00
4905460,14905460,4905460 Total (Diversion),Annual,1,2020,207.537,ACFT,K,Approved,2021-03-11 13:45:00
4905460,14905460,4905460 Total (Diversion),Annual,1,2021,242.654,ACFT,K,Approved,2022-03-03 11:45:00
4905460,14905460,4905460 Total (Diversion),Annual,1,2022,264.225,ACFT,K,Approved,2022-12-01 07:33:00
4905460,14905460,4905460 Total (Diversion),Annual,1,2023,239.873,ACFT,K,Approved,2023-11-28 08:36:00
4905460,14905460,4905460 Total (Diversion),Annual,1,2024,321.5125,ACFT,K,Approved,2024-11-22 16:07:00
4905461,14905461,4905461 Total (Diversion),Annual,1,2012,238.901,ACFT,K,Approved,2013-04-19 04:12:00
4905461,14905461,4905461 Total (Diversion),Annual,1,2013,240.442,ACFT,K,Approved,2014-03-26 16:10:00
4905461,14905461,4905461 Total (Diversion),Annual,1,2014,163.091,ACFT,K,Approved,2015-03-30 12:01:00
4905461,14905461,4905461 Total (Diversion),Annual,1,2015,215.6,ACFT,K,Approved,2016-03-11 08:20:00
4905461,14905461,4905461 Total (Diversion),Annual,1,2016,200.757,ACFT,K,Approved,2017-03-24 08:51:00
4905461,14905461,4905461 Total (Diversion),Annual,1,2017,169.321,ACFT,K,Approved,2018-03-09 09:45:00
4905461,14905461,4905461 Total (Diversion),Annual,1,2018,146.484,ACFT,K,Approved,2019-03-12 12:55:00
4905461,14905461,4905461 Total (Diversion),Annual,1,2019,189.294,ACFT,K,Approved,2020-02-27 07:00:00
4905461,14905461,4905461 Total (Diversion),Annual,1,2020,211.094,ACFT,K,Approved,2021-03-11 13:45:00
4905461,14905461,4905461 Total (Diversion),Annual,1,2021,186.931,ACFT,K,Approved,2022-03-03 11:45:00
4905461,14905461,4905461 Total (Diversion),Annual,1,2022,220.253,ACFT,K,Approved,2022-12-01 07:33:00
4905461,14905461,4905461 Total (Diversion),Annual,1,2023,143.251,ACFT,K,Approved,2023-12-04 07:35:00
4905461,14905461,4905461 Total (Diversion),Annual,1,2024,209.107,ACFT,K,Approved,2024-11-27 08:01:00
4905505,14905505,4905505 Total (Diversion),Annual,1,2011,203.5987,ACFT,K,Approved,2013-09-18 14:40:00
4905505,14905505,4905505 Total (Diversion),Annual,1,2012,0.0,ACFT,K,Approved,2013-12-12 16:39:00
4905505,14905505,4905505 Total (Diversion),Annual,1,2013,44.1511,ACFT,K,Approved,2014-03-26 16:10:00
4905505,14905505,4905505 Total (Diversion),Annual,1,2014,0.093,ACFT,K,Approved,2015-03-30 12:01:00
4905505,14905505,4905505 Total (Diversion),Annual,1,2015,0.0,ACFT,K,Approved,2016-03-11 08:20:00
4905533,14905533,4905533 Total (Diversion),Annual,1,2011,301.474,ACFT,K,Approved,2013-09-18 14:40:00
4905533,14905533,4905533 Total (Diversion),Annual,1,2012,576.554,ACFT,K,Approved,2013-04-19 04:27:00
4905533,14905533,4905533 Total (Diversion),Annual,1,2013,552.743,ACFT,K,Approved,2014-03-26 16:10:00
4905533,14905533,4905533 Total (Diversion),Annual,1,2014,184.859,ACFT,K,Approved,2015-03-30 12:01:00
4905533,14905533,4905533 Total (Diversion),Annual,1,2015,343.961,ACFT,K,Approved,2016-03-11 08:20:00
4905533,14905533,4905533 Total (Diversion),Annual,1,2016,223.704,ACFT,K,Approved,2017-03-24 08:51:00
4905533,14905533,4905533 Total (Diversion),Annual,1,2017,176.803,ACFT,K,Approved,2018-03-09 09:45:00
4905533,14905533,4905533 Total (Diversion),Annual,1,2018,276.095,ACFT,K,Approved,2019-03-12 12:55:00
4905533,14905533,4905533 Total (Diversion),Annual,1,2019,261.828,ACFT,K,Approved,2020-02-27 07:00:00
4905533,14905533,4905533 Total (Diversion),Annual,1,2020,393.9351,ACFT,K,Approved,2021-03-11 13:45:00
4905533,14905533,4905533 Total (Diversion),Annual,1,2021,397.544,ACFT,K,Approved,2022-03-03 11:45:00
4905533,14905533,4905533 Total (Diversion),Annual,1,2022,506.5297,ACFT,K,Approved,2022-11-28 07:12:00
4905533,14905533,4905533 Total (Diversion),Annual,1,2023,297.2231,ACFT,K,Approved,2023-11-27 07:41:00
4905533,14905533,4905533 Total (Diversion),Annual,1,2024,461.9313,ACFT,K,Approved,2024-12-02 06:33:00
4905544,14905544,4905544 Total (Diversion),Annual,1,2011,212.049,ACFT,K,Approved,2013-09-18 14:40:00
4905544,14905544,4905544 Total (Diversion),Annual,1,2012,378.8358,ACFT,K,Approved,2013-12-12 16:39:00
4905544,14905544,4905544 Total (Diversion),Annual,1,2013,288.4237,ACFT,K,Approved,2014-03-26 16:10:00
4905544,14905544,4905544 Total (Diversion),Annual,1,2014,137.5637,ACFT,K,Approved,2015-03-30 12:01:00
4905544,14905544,4905544 Total (Diversion),Annual,1,2015,160.8771,ACFT,K,Approved,2016-03-11 08:20:00
4905544,14905544,4905544 Total (Diversion),Annual,1,2016,130.0075,ACFT,K,Approved,2017-03-24 08:51:00
4905544,14905544,4905544 Total (Diversion),Annual,1,2017,107.659,ACFT,K,Approved,2018-03-09 09:45:00
4905544,14905544,4905544 Total (Diversion),Annual,1,2018,142.113,ACFT,K,Approved,2019-03-12 12:55:00
4905544,14905544,4905544 Total (Diversion),Annual,1,2019,183.93,ACFT,K,Approved,2020-02-27 07:00:00
4905544,14905544,4905544 Total (Diversion),Annual,1,2020,255.067,ACFT,K,Approved,2021-03-11 13:45:00
4905544,14905544,4905544 Total (Diversion),Annual,1,2021,248.21,ACFT,K,Approved,2022-03-03 11:45:00
4905544,14905544,4905544 Total (Diversion),Annual,1,2022,295.185,ACFT,K,Approved,2022-11-28 07:07:00
4905544,14905544,4905544 Total (Diversion),Annual,1,2023,99.288,ACFT,K,Approved,2023-11-27 07:38:00
4905544,14905544,4905544 Total (Diversion),Annual,1,2024,269.18,ACFT,K,Approved,2024-12-02 06:42:00
4905545,14905545,4905545 Total (Diversion),Annual,1,2011,221.217,ACFT,K,Approved,2013-09-18 14:40:00
4905545,14905545,4905545 Total (Diversion),Annual,1,2012,220.7704,ACFT,K,Approved,2013-12-12 16:39:00
4905545,14905545,4905545 Total (Diversion),Annual,1,2013,208.4172,ACFT,K,Approved,2014-03-26 16:10:00
4905545,14905545,4905545 Total (Diversion),Annual,1,2014,124.8379,ACFT,K,Approved,2015-03-30 12:01:00
4905545,14905545,4905545 Total (Diversion),Annual,1,2015,131.1213,ACFT,K,Approved,2016-03-11 08:20:00
4905545,14905545,4905545 Total (Diversion),Annual,1,2016,185.6773,ACFT,K,Approved,2017-03-24 08:51:00
4905545,14905545,4905545 Total (Diversion),Annual,1,2017,126.797,ACFT,K,Approved,2018-03-09 09:45:00
4905545,14905545,4905545 Total (Diversion),Annual,1,2018,99.117,ACFT,K,Approved,2019-03-12 12:55:00
4905545,14905545,4905545 Total (Diversion),Annual,1,2019,149.07,ACFT,K,Approved,2020-02-27 07:00:00
4905545,14905545,4905545 Total (Diversion),Annual,1,2020,223.58,ACFT,K,Approved,2021-03-11 13:45:00
4905545,14905545,4905545 Total (Diversion),Annual,1,2021,194.965,ACFT,K,Approved,2022-03-03 11:45:00
4905545,14905545,4905545 Total (Diversion),Annual,1,2022,73.9966,ACFT,K,Approved,2022-12-02 08:18:00
4905545,14905545,4905545 Total (Diversion),Annual,1,2023,142.1249,ACFT,K,Approved,2023-11-28 13:26:00
4905545,14905545,4905545 Total (Diversion),Annual,1,2024,119.313,ACFT,K,Approved,2024-12-02 06:50:00
4905546,14905546,4905546 Total (Diversion),Annual,1,2011,194.999,ACFT,K,Approved,2013-09-18 14:40:00
4905546,14905546,4905546 Total (Diversion),Annual,1,2012,305.7864,ACFT,K,Approved,2013-12-12 16:39:00
4905546,14905546,4905546 Total (Diversion),Annual,1,2013,209.4849,ACFT,K,Approved,2014-03-26 16:10:00
4905546,14905546,4905546 Total (Diversion),Annual,1,2014,190.2317,ACFT,K,Approved,2015-03-30 12:01:00
4905546,14905546,4905546 Total (Diversion),Annual,1,2015,260.5978,ACFT,K,Approved,2016-03-11 08:20:00
4905546,14905546,4905546 Total (Diversion),Annual,1,2016,325.4621,ACFT,K,Approved,2017-03-24 08:51:00
4905546,14905546,4905546 Total (Diversion),Annual,1,2017,71.6667,ACFT,K,Approved,2018-03-09 09:45:00
4905546,14905546,4905546 Total (Diversion),Annual,1,2018,194.4456,ACFT,K,Approved,2019-03-12 12:55:00
4905546,14905546,4905546 Total (Diversion),Annual,1,2019,284.0685,ACFT,K,Approved,2020-02-27 07:00:00
4905546,14905546,4905546 Total (Diversion),Annual,1,2020,476.076,ACFT,K,Approved,2021-03-11 13:45:00
4905546,14905546,4905546 Total (Diversion),Annual,1,2021,351.497,ACFT,K,Approved,2022-03-03 11:45:00
4905546,14905546,4905546 Total (Diversion),Annual,1,2022,371.634,ACFT,K,Approved,2022-12-02 08:19:00
4905546,14905546,4905546 Total (Diversion),Annual,1,2023,352.723,ACFT,K,Approved,2023-11-28 13:27:00
4905546,14905546,4905546 Total (Diversion),Annual,1,2024,259.9459,ACFT,K,Approved,2024-12-02 06:50:00
4905548,14905548,4905548 Total (Diversion),Annual,1,2011,314.53,ACFT,K,Approved,2013-09-18 14:40:00
4905548,14905548,4905548 Total (Diversion),Annual,1,2012,352.329,ACFT,K,Approved,2013-04-19 04:30:00
4905548,14905548,4905548 Total (Diversion),Annual,1,2013,277.5151,ACFT,K,Approved,2014-03-26 16:10:00
4905548,14905548,4905548 Total (Diversion),Annual,1,2014,242.2349,ACFT,K,Approved,2015-03-30 12:01:00
4905548,14905548,4905548 Total (Diversion),Annual,1,2015,294.3975,ACFT,K,Approved,2016-03-11 08:20:00
4905548,14905548,4905548 Total (Diversion),Annual,1,2016,194.5131,ACFT,K,Approved,2017-03-24 08:51:00
4905548,14905548,4905548 Total (Diversion),Annual,1,2017,219.2764,ACFT,K,Approved,2018-03-09 09:45:00
4905548,14905548,4905548 Total (Diversion),Annual,1,2018,234.236,ACFT,K,Approved,2019-03-12 12:55:00
4905548,14905548,4905548 Total (Diversion),Annual,1,2019,389.214,ACFT,K,Approved,2020-02-27 07:00:00
4905548,14905548,4905548 Total (Diversion),Annual,1,2020,381.024,ACFT,K,Approved,2021-03-11 13:45:00
4905548,14905548,4905548 Total (Diversion),Annual,1,2021,352.353,ACFT,K,Approved,2022-03-03 11:45:00
4905548,14905548,4905548 Total (Diversion),Annual,1,2022,392.472,ACFT,K,Approved,2022-12-02 08:19:00
4905548,14905548,4905548 Total (Diversion),Annual,1,2023,346.226,ACFT,K,Approved,2023-11-28 13:27:00
4905548,14905548,4905548 Total (Diversion),Annual,1,2024,380.572,ACFT,K,Approved,2024-12-02 06:53:00
4905553,14905553,4905553 Total (Diversion),Annual,1,2011,372.577,ACFT,K,Approved,2013-09-18 14:40:00
4905553,14905553,4905553 Total (Diversion),Annual,1,2012,377.4329,ACFT,K,Approved,2013-12-12 16:40:00
4905553,14905553,4905553 Total (Diversion),Annual,1,2013,309.3409,ACFT,K,Approved,2014-03-26 16:10:00
4905553,14905553,4905553 Total (Diversion),Annual,1,2014,167.2177,ACFT,K,Approved,2015-03-30 12:01:00
4905553,14905553,4905553 Total (Diversion),Annual,1,2015,211.2498,ACFT,K,Approved,2016-03-11 08:20:00
4905553,14905553,4905553 Total (Diversion),Annual,1,2016,321.3296,ACFT,K,Approved,2017-03-24 08:51:00
4905553,14905553,4905553 Total (Diversion),Annual,1,2017,133.8566,ACFT,K,Approved,2018-03-09 09:45:00
4905553,14905553,4905553 Total (Diversion),Annual,1,2018,102.3193,ACFT,K,Approved,2019-03-12 12:55:00
4905553,14905553,4905553 Total (Diversion),Annual,1,2019,298.6872,ACFT,K,Approved,2020-02-27 07:00:00
4905553,14905553,4905553 Total (Diversion),Annual,1,2020,365.7318,ACFT,K,Approved,2021-03-11 13:45:00
4905553,14905553,4905553 Total (Diversion),Annual,1,2021,316.1646,ACFT,K,Approved,2022-03-03 11:45:00
4905553,14905553,4905553 Total (Diversion),Annual,1,2022,331.2284,ACFT,K,Approved,2022-12-02 08:19:00
4905553,14905553,4905553 Total (Diversion),Annual,1,2023,246.9047,ACFT,K,Approved,2023-11-28 13:27:00
4905553,14905553,4905553 Total (Diversion),Annual,1,2024,294.199,ACFT,K,Approved,2024-12-02 06:52:00
4905554,14905554,4905554 Total (Diversion),Annual,1,2011,596.553,ACFT,K,Approved,2013-09-18 14:40:00
4905554,14905554,4905554 Total (Diversion),Annual,1,2012,683.741,ACFT,K,Approved,2013-04-19 04:32:00
4905554,14905554,4905554 Total (Diversion),Annual,1,2013,649.761,ACFT,K,Approved,2014-03-26 16:10:00
4905554,14905554,4905554 Total (Diversion),Annual,1,2014,485.983,ACFT,K,Approved,2015-03-30 12:01:00
4905554,14905554,4905554 Total (Diversion),Annual,1,2015,475.864,ACFT,K,Approved,2016-03-11 08:20:00
4905554,14905554,4905554 Total (Diversion),Annual,1,2016,632.814,ACFT,K,Approved,2017-03-24 08:51:00
4905554,14905554,4905554 Total (Diversion),Annual,1,2017,400.0905,ACFT,K,Approved,2018-03-09 09:45:00
4905554,14905554,4905554 Total (Diversion),Annual,1,2018,436.0878,ACFT,K,Approved,2019-03-12 12:55:00
4905554,14905554,4905554 Total (Diversion),Annual,1,2019,662.3331,ACFT,K,Approved,2020-02-27 07:00:00
4905554,14905554,4905554 Total (Diversion),Annual,1,2020,749.5577,ACFT,K,Approved,2021-03-11 13:45:00
4905554,14905554,4905554 Total (Diversion),Annual,1,2021,460.625,ACFT,K,Approved,2022-03-03 11:45:00
4905554,14905554,4905554 Total (Diversion),Annual,1,2022,702.5997,ACFT,K,Approved,2022-12-02 08:19:00
4905554,14905554,4905554 Total (Diversion),Annual,1,2023,470.2355,ACFT,K,Approved,2023-11-28 13:28:00
4905554,14905554,4905554 Total (Diversion),Annual,1,2024,534.73,ACFT,K,Approved,2024-12-02 06:53:00
4905557,14905557,4905557 Total (Diversion),Annual,1,2011,220.846,ACFT,K,Approved,2013-09-18 14:40:00
4905557,14905557,4905557 Total (Diversion),Annual,1,2012,265.172,ACFT,K,Approved,2013-04-19 04:32:00
4905557,14905557,4905557 Total (Diversion),Annual,1,2013,277.9787,ACFT,K,Approved,2014-03-26 16:10:00
4905557,14905557,4905557 Total (Diversion),Annual,1,2014,82.8941,ACFT,K,Approved,2015-03-30 12:01:00
4905557,14905557,4905557 Total (Diversion),Annual,1,2015,244.9586,ACFT,K,Approved,2016-03-11 08:20:00
4905557,14905557,4905557 Total (Diversion),Annual,1,2016,168.3807,ACFT,K,Approved,2017-03-24 08:51:00
4905557,14905557,4905557 Total (Diversion),Annual,1,2017,155.069,ACFT,K,Approved,2018-03-09 09:45:00
4905557,14905557,4905557 Total (Diversion),Annual,1,2018,147.355,ACFT,K,Approved,2019-03-12 12:55:00
4905557,14905557,4905557 Total (Diversion),Annual,1,2019,195.523,ACFT,K,Approved,2020-02-27 07:00:00
4905557,14905557,4905557 Total (Diversion),Annual,1,2020,191.3078,ACFT,K,Approved,2021-03-11 13:45:00
4905557,14905557,4905557 Total (Diversion),Annual,1,2021,160.0148,ACFT,K,Approved,2022-03-03 11:45:00
4905557,14905557,4905557 Total (Diversion),Annual,1,2022,159.7984,ACFT,K,Approved,2022-11-21 07:12:00
4905557,14905557,4905557 Total (Diversion),Annual,1,2023,42.2198,ACFT,K,Approved,2023-11-27 07:37:00
4905557,14905557,4905557 Total (Diversion),Annual,1,2024,163.7467,ACFT,K,Approved,2024-11-12 07:21:00
4905558,14905558,4905558 Total (Diversion),Annual,1,2011,241.336,ACFT,K,Approved,2013-09-18 14:40:00
4905558,14905558,4905558 Total (Diversion),Annual,1,2012,285.478,ACFT,K,Approved,2013-04-19 04:33:00
4905558,14905558,4905558 Total (Diversion),Annual,1,2013,354.652,ACFT,K,Approved,2014-03-26 16:10:00
4905558,14905558,4905558 Total (Diversion),Annual,1,2014,313.054,ACFT,K,Approved,2015-03-30 12:01:00
4905558,14905558,4905558 Total (Diversion),Annual,1,2015,208.322,ACFT,K,Approved,2016-03-11 08:20:00
4905558,14905558,4905558 Total (Diversion),Annual,1,2016,198.557,ACFT,K,Approved,2017-03-24 08:51:00
4905558,14905558,4905558 Total (Diversion),Annual,1,2017,163.677,ACFT,K,Approved,2018-03-09 09:45:00
4905558,14905558,4905558 Total (Diversion),Annual,1,2018,177.907,ACFT,K,Approved,2019-03-12 12:55:00
4905558,14905558,4905558 Total (Diversion),Annual,1,2019,233.466,ACFT,K,Approved,2020-02-27 07:00:00
4905558,14905558,4905558 Total (Diversion),Annual,1,2020,280.57,ACFT,K,Approved,2021-03-11 13:45:00
4905558,14905558,4905558 Total (Diversion),Annual,1,2021,200.6484,ACFT,K,Approved,2022-03-03 11:45:00
4905558,14905558,4905558 Total (Diversion),Annual,1,2022,246.4335,ACFT,K,Approved,2022-11-28 07:02:00
4905558,14905558,4905558 Total (Diversion),Annual,1,2023,155.542,ACFT,K,Approved,2023-11-14 09:02:00
4905558,14905558,4905558 Total (Diversion),Annual,1,2024,321.166,ACFT,K,Approved,2024-12-19 14:46:00
4905587,14905587,4905587 Total (Diversion),Annual,1,2011,182.211,ACFT,K,Approved,2013-09-18 14:40:00
4905587,14905587,4905587 Total (Diversion),Annual,1,2012,196.377,ACFT,K,Approved,2013-04-19 04:39:00
4905587,14905587,4905587 Total (Diversion),Annual,1,2013,151.904,ACFT,K,Approved,2014-03-26 16:10:00
4905587,14905587,4905587 Total (Diversion),Annual,1,2014,149.852,ACFT,K,Approved,2015-03-30 12:01:00
4905587,14905587,4905587 Total (Diversion),Annual,1,2015,114.934,ACFT,K,Approved,2016-03-11 08:20:00
4905587,14905587,4905587 Total (Diversion),Annual,1,2016,123.741,ACFT,K,Approved,2017-03-24 08:51:00
4905587,14905587,4905587 Total (Diversion),Annual,1,2017,91.04,ACFT,K,Approved,2018-03-09 09:45:00
4905587,14905587,4905587 Total (Diversion),Annual,1,2018,132.978,ACFT,K,Approved,2019-03-12 12:55:00
4905587,14905587,4905587 Total (Diversion),Annual,1,2019,133.305,ACFT,K,Approved,2020-02-27 07:00:00
4905587,14905587,4905587 Total (Diversion),Annual,1,2020,124.146,ACFT,K,Approved,2021-03-11 13:45:00
4905587,14905587,4905587 Total (Diversion),Annual,1,2021,125.585,ACFT,K,Approved,2022-03-03 11:45:00
4905587,14905587,4905587 Total (Diversion),Annual,1,2022,99.205,ACFT,K,Approved,2022-11-10 06:59:00
4905587,14905587,4905587 Total (Diversion),Annual,1,2023,0.0,ACFT,K,Approved,2023-12-13 10:42:00
4905587,14905587,4905587 Total (Diversion),Annual,1,2024,0.0,ACFT,K,Approved,2024-12-05 17:04:00
4905641,14905641,4905641 Total (Diversion),Annual,1,2011,253.549,ACFT,K,Approved,2013-09-18 14:40:00
4905641,14905641,4905641 Total (Diversion),Annual,1,2012,340.834,ACFT,K,Approved,2013-04-19 04:51:00
4905641,14905641,4905641 Total (Diversion),Annual,1,2013,297.565,ACFT,K,Approved,2014-03-26 16:10:00
4905641,14905641,4905641 Total (Diversion),Annual,1,2014,162.196,ACFT,K,Approved,2015-03-30 12:01:00
4905641,14905641,4905641 Total (Diversion),Annual,1,2015,205.145,ACFT,K,Approved,2016-03-11 08:20:00
4905641,14905641,4905641 Total (Diversion),Annual,1,2016,268.958,ACFT,K,Approved,2017-03-24 08:51:00
4905641,14905641,4905641 Total (Diversion),Annual,1,2017,213.251,ACFT,K,Approved,2018-03-09 09:45:00
4905641,14905641,4905641 Total (Diversion),Annual,1,2018,130.782,ACFT,K,Approved,2019-03-12 12:55:00
4905641,14905641,4905641 Total (Diversion),Annual,1,2019,160.101,ACFT,K,Approved,2020-02-27 07:00:00
4905641,14905641,4905641 Total (Diversion),Annual,1,2020,260.392,ACFT,K,Approved,2021-03-11 13:45:00
4905641,14905641,4905641 Total (Diversion),Annual,1,2021,196.914,ACFT,K,Approved,2022-03-03 11:45:00
4905641,14905641,4905641 Total (Diversion),Annual,1,2022,234.1,ACFT,K,Approved,2022-11-18 09:53:00
4905641,14905641,4905641 Total (Diversion),Annual,1,2023,45.012,ACFT,K,Approved,2023-11-20 06:32:00
4905641,14905641,4905641 Total (Diversion),Annual,1,2024,215.654,ACFT,K,Approved,2024-11-07 06:38:00
4905662,14905662,4905662 Total (Diversion),Annual,1,2011,55.213,ACFT,K,Approved,2013-09-18 14:40:00
4905662,14905662,4905662 Total (Diversion),Annual,1,2012,0.0,ACFT,K,Approved,2013-04-19 04:55:00
4905662,14905662,4905662 Total (Diversion),Annual,1,2013,65.704,ACFT,K,Approved,2014-03-26 16:10:00
4905662,14905662,4905662 Total (Diversion),Annual,1,2014,0.0,ACFT,K,Approved,2015-03-30 12:01:00
4905662,14905662,4905662 Total (Diversion),Annual,1,2015,0.363,ACFT,K,Approved,2016-03-11 08:20:00
4905662,14905662,4905662 Total (Diversion),Annual,1,2016,0.0,ACFT,K,Approved,2017-03-24 08:51:00
4905662,14905662,4905662 Total (Diversion),Annual,1,2017,0.0,ACFT,K,Approved,2018-03-09 09:45:00
4905662,14905662,4905662 Total (Diversion),Annual,1,2018,0.0,ACFT,K,Approved,2019-03-12 12:55:00
4905662,14905662,4905662 Total (Diversion),Annual,1,2020,0.0,ACFT,K,Approved,2021-03-11 13:45:00
4905684,14905684,4905684 Total (Diversion),Annual,1,2011,188.044,ACFT,K,Approved,2013-09-18 14:40:00
4905684,14905684,4905684 Total (Diversion),Annual,1,2012,214.661,ACFT,K,Approved,2013-04-19 05:00:00
4905684,14905684,4905684 Total (Diversion),Annual,1,2013,237.571,ACFT,K,Approved,2014-03-26 16:10:00
4905684,14905684,4905684 Total (Diversion),Annual,1,2014,206.028,ACFT,K,Approved,2015-03-30 12:01:00
4905684,14905684,4905684 Total (Diversion),Annual,1,2015,196.056,ACFT,K,Approved,2016-03-11 08:20:00
4905684,14905684,4905684 Total (Diversion),Annual,1,2016,176.187,ACFT,K,Approved,2017-03-24 08:51:00
4905684,14905684,4905684 Total (Diversion),Annual,1,2017,154.87,ACFT,K,Approved,2018-03-09 09:45:00
4905684,14905684,4905684 Total (Diversion),Annual,1,2018,198.845,ACFT,K,Approved,2019-03-12 12:55:00
4905684,14905684,4905684 Total (Diversion),Annual,1,2019,215.037,ACFT,K,Approved,2020-02-27 07:00:00
4905684,14905684,4905684 Total (Diversion),Annual,1,2020,263.283,ACFT,K,Approved,2021-03-11 13:45:00
4905684,14905684,4905684 Total (Diversion),Annual,1,2021,221.037,ACFT,K,Approved,2022-03-03 11:45:00
4905684,14905684,4905684 Total (Diversion),Annual,1,2022,243.592,ACFT,K,Approved,2022-11-28 07:26:00
4905684,14905684,4905684 Total (Diversion),Annual,1,2023,182.766,ACFT,K,Approved,2023-12-04 07:35:00
4905684,14905684,4905684 Total (Diversion),Annual,1,2024,168.237,ACFT,K,Approved,2024-12-06 11:25:00
4905685,14905685,4905685 Total (Diversion),Annual,1,2011,110.324,ACFT,K,Approved,2013-09-18 14:40:00
4905685,14905685,4905685 Total (Diversion),Annual,1,2012,198.626,ACFT,K,Approved,2013-04-19 05:00:00
4905685,14905685,4905685 Total (Diversion),Annual,1,2013,180.242,ACFT,K,Approved,2014-03-26 16:10:00
4905685,14905685,4905685 Total (Diversion),Annual,1,2014,74.574,ACFT,K,Approved,2015-03-30 12:01:00
4905685,14905685,4905685 Total (Diversion),Annual,1,2015,0.0,ACFT,K,Approved,2016-03-11 08:20:00
4905685,14905685,4905685 Total (Diversion),Annual,1,2016,124.777,ACFT,K,Approved,2017-03-24 08:51:00
4905685,14905685,4905685 Total (Diversion),Annual,1,2017,128.373,ACFT,K,Approved,2018-03-09 09:45:00
4905685,14905685,4905685 Total (Diversion),Annual,1,2018,158.943,ACFT,K,Approved,2019-03-12 12:55:00
4905685,14905685,4905685 Total (Diversion),Annual,1,2019,178.762,ACFT,K,Approved,2020-02-27 07:00:00
4905685,14905685,4905685 Total (Diversion),Annual,1,2020,209.459,ACFT,K,Approved,2021-03-11 13:45:00
4905685,14905685,4905685 Total (Diversion),Annual,1,2021,174.439,ACFT,K,Approved,2022-03-03 11:45:00
4905685,14905685,4905685 Total (Diversion),Annual,1,2022,168.195,ACFT,K,Approved,2022-11-28 07:26:00
4905685,14905685,4905685 Total (Diversion),Annual,1,2023,158.065,ACFT,K,Approved,2023-12-04 07:18:00
4905685,14905685,4905685 Total (Diversion),Annual,1,2024,133.89,ACFT,K,Approved,2024-12-06 11:25:00
4905686,14905686,4905686 Total (Diversion),Annual,1,2011,136.191,ACFT,K,Approved,2013-09-18 14:40:00
4905686,14905686,4905686 Total (Diversion),Annual,1,2012,221.653,ACFT,K,Approved,2013-04-19 05:01:00
4905686,14905686,4905686 Total (Diversion),Annual,1,2013,178.925,ACFT,K,Approved,2014-03-26 16:10:00
4905686,14905686,4905686 Total (Diversion),Annual,1,2014,181.395,ACFT,K,Approved,2015-03-30 12:01:00
4905686,14905686,4905686 Total (Diversion),Annual,1,2015,167.826,ACFT,K,Approved,2016-03-11 08:20:00
4905686,14905686,4905686 Total (Diversion),Annual,1,2016,163.334,ACFT,K,Approved,2017-03-24 08:51:00
4905686,14905686,4905686 Total (Diversion),Annual,1,2017,134.879,ACFT,K,Approved,2018-03-09 09:45:00
4905686,14905686,4905686 Total (Diversion),Annual,1,2018,173.194,ACFT,K,Approved,2019-03-12 12:55:00
4905686,14905686,4905686 Total (Diversion),Annual,1,2019,187.588,ACFT,K,Approved,2020-02-27 07:00:00
4905686,14905686,4905686 Total (Diversion),Annual,1,2020,224.593,ACFT,K,Approved,2021-03-11 13:45:00
4905686,14905686,4905686 Total (Diversion),Annual,1,2021,158.22,ACFT,K,Approved,2022-03-03 11:45:00
4905686,14905686,4905686 Total (Diversion),Annual,1,2022,150.723,ACFT,K,Approved,2022-11-28 07:26:00
4905686,14905686,4905686 Total (Diversion),Annual,1,2023,149.901,ACFT,K,Approved,2023-12-04 07:35:00
4905686,14905686,4905686 Total (Diversion),Annual,1,2024,139.894,ACFT,K,Approved,2024-12-06 11:24:00
4905691,14905691,4905691 Total (Diversion),Annual,1,2011,461.835,ACFT,K,Approved,2013-09-18 14:40:00
4905691,14905691,4905691 Total (Diversion),Annual,1,2012,332.622,ACFT,K,Approved,2013-04-19 05:02:00
4905691,14905691,4905691 Total (Diversion),Annual,1,2013,397.374,ACFT,K,Approved,2014-03-26 16:10:00
4905691,14905691,4905691 Total (Diversion),Annual,1,2014,392.691,ACFT,K,Approved,2015-03-30 12:01:00
4905691,14905691,4905691 Total (Diversion),Annual,1,2015,252.54,ACFT,K,Approved,2016-03-11 08:20:00
4905691,14905691,4905691 Total (Diversion),Annual,1,2016,215.85,ACFT,K,Approved,2017-03-24 08:51:00
4905691,14905691,4905691 Total (Diversion),Annual,1,2017,223.897,ACFT,K,Approved,2018-03-09 09:45:00
4905691,14905691,4905691 Total (Diversion),Annual,1,2018,371.396,ACFT,K,Approved,2019-03-12 12:55:00
4905691,14905691,4905691 Total (Diversion),Annual,1,2019,231.746,ACFT,K,Approved,2020-02-27 07:00:00
4905691,14905691,4905691 Total (Diversion),Annual,1,2020,461.1,ACFT,K,Approved,2021-03-11 13:45:00
4905691,14905691,4905691 Total (Diversion),Annual,1,2021,239.07,ACFT,K,Approved,2022-03-03 11:45:00
4905691,14905691,4905691 Total (Diversion),Annual,1,2022,254.722,ACFT,K,Approved,2022-11-28 07:26:00
4905691,14905691,4905691 Total (Diversion),Annual,1,2023,241.306,ACFT,K,Approved,2023-12-04 07:36:00
4905691,14905691,4905691 Total (Diversion),Annual,1,2024,288.825,ACFT,K,Approved,2024-12-06 11:26:00
4905714,14905714,4905714 Total (Diversion),Annual,1,2011,272.3272,ACFT,K,Approved,2013-12-13 09:44:00
4905714,14905714,4905714 Total (Diversion),Annual,1,2012,374.0666,ACFT,K,Approved,2013-04-19 05:07:00
4905714,14905714,4905714 Total (Diversion),Annual,1,2013,358.6913,ACFT,K,Approved,2014-03-26 16:10:00
4905714,14905714,4905714 Total (Diversion),Annual,1,2014,296.3612,ACFT,K,Approved,2015-03-30 12:01:00
4905714,14905714,4905714 Total (Diversion),Annual,1,2015,249.7456,ACFT,K,Approved,2016-03-11 08:20:00
4905714,14905714,4905714 Total (Diversion),Annual,1,2016,273.258,ACFT,K,Approved,2017-03-24 08:51:00
4905714,14905714,4905714 Total (Diversion),Annual,1,2017,214.686,ACFT,K,Approved,2018-03-09 09:45:00
4905714,14905714,4905714 Total (Diversion),Annual,1,2018,244.253,ACFT,K,Approved,2019-03-12 12:55:00
4905714,14905714,4905714 Total (Diversion),Annual,1,2019,280.256,ACFT,K,Approved,2020-02-27 07:00:00
4905714,14905714,4905714 Total (Diversion),Annual,1,2020,299.995,ACFT,K,Approved,2021-03-11 13:45:00
4905714,14905714,4905714 Total (Diversion),Annual,1,2021,302.302,ACFT,K,Approved,2022-03-03 11:45:00
4905714,14905714,4905714 Total (Diversion),Annual,1,2022,291.73,ACFT,K,Approved,2022-11-07 06:47:00
4905714,14905714,4905714 Total (Diversion),Annual,1,2023,220.17,ACFT,K,Approved,2023-11-14 09:47:00
4905714,14905714,4905714 Total (Diversion),Annual,1,2024,255.652,ACFT,K,Approved,2024-11-26 08:24:00
4905735,14905735,4905735 Total (Diversion),Annual,1,2012,100.6715,ACFT,K,Approved,2013-04-19 05:12:00
4905735,14905735,4905735 Total (Diversion),Annual,1,2013,80.8959,ACFT,K,Approved,2014-03-26 16:10:00
4905735,14905735,4905735 Total (Diversion),Annual,1,2014,78.157,ACFT,K,Approved,2015-03-30 12:01:00
4905735,14905735,4905735 Total (Diversion),Annual,1,2015,259.7095,ACFT,K,Approved,2016-03-11 08:20:00
4905735,14905735,4905735 Total (Diversion),Annual,1,2016,210.7185,ACFT,K,Approved,2017-03-24 08:51:00
4905735,14905735,4905735 Total (Diversion),Annual,1,2017,210.863,ACFT,K,Approved,2018-03-09 09:45:00
4905735,14905735,4905735 Total (Diversion),Annual,1,2018,252.337,ACFT,K,Approved,2019-03-12 12:55:00
4905735,14905735,4905735 Total (Diversion),Annual,1,2019,251.231,ACFT,K,Approved,2020-02-27 07:00:00
4905735,14905735,4905735 Total (Diversion),Annual,1,2020,367.959,ACFT,K,Approved,2021-03-11 13:45:00
4905735,14905735,4905735 Total (Diversion),Annual,1,2021,207.811,ACFT,K,Approved,2022-03-03 11:45:00
4905735,14905735,4905735 Total (Diversion),Annual,1,2022,253.149,ACFT,K,Approved,2022-12-12 07:15:00
4905735,14905735,4905735 Total (Diversion),Annual,1,2023,225.498,ACFT,K,Approved,2023-12-06 12:39:00
4905735,14905735,4905735 Total (Diversion),Annual,1,2024,344.497,ACFT,K,Approved,2024-12-03 06:25:00
4905744,14905744,4905744 Total (Diversion),Annual,1,2011,229.415,ACFT,K,Approved,2013-09-18 14:40:00
4905744,14905744,4905744 Total (Diversion),Annual,1,2012,318.298,ACFT,K,Approved,2013-04-19 05:13:00
4905744,14905744,4905744 Total (Diversion),Annual,1,2013,234.763,ACFT,K,Approved,2014-03-26 16:10:00
4905744,14905744,4905744 Total (Diversion),Annual,1,2014,207.501,ACFT,K,Approved,2015-03-30 12:01:00
4905744,14905744,4905744 Total (Diversion),Annual,1,2015,242.807,ACFT,K,Approved,2016-03-11 08:20:00
4905744,14905744,4905744 Total (Diversion),Annual,1,2016,219.33,ACFT,K,Approved,2017-03-24 08:51:00
4905744,14905744,4905744 Total (Diversion),Annual,1,2017,152.747,ACFT,K,Approved,2018-03-09 09:45:00
4905744,14905744,4905744 Total (Diversion),Annual,1,2018,111.199,ACFT,K,Approved,2019-03-12 12:55:00
4905744,14905744,4905744 Total (Diversion),Annual,1,2019,158.123,ACFT,K,Approved,2020-02-27 07:00:00
4905744,14905744,4905744 Total (Diversion),Annual,1,2020,244.573,ACFT,K,Approved,2021-03-11 13:45:00
4905744,14905744,4905744 Total (Diversion),Annual,1,2021,290.679,ACFT,K,Approved,2022-03-03 11:45:00
4905744,14905744,4905744 Total (Diversion),Annual,1,2022,321.148,ACFT,K,Approved,2022-12-01 07:32:00
4905744,14905744,4905744 Total (Diversion),Annual,1,2023,131.333,ACFT,K,Approved,2023-11-28 08:29:00
4905744,14905744,4905744 Total (Diversion),Annual,1,2024,0.0,ACFT,K,Approved,2024-12-02 06:31:00
4905748,14905748,4905748 Total (Diversion),Annual,1,2011,218.69,ACFT,K,Approved,2013-09-18 14:40:00
4905748,14905748,4905748 Total (Diversion),Annual,1,2012,244.062,ACFT,K,Approved,2013-04-19 05:14:00
4905748,14905748,4905748 Total (Diversion),Annual,1,2013,277.863,ACFT,K,Approved,2014-03-26 16:10:00
4905748,14905748,4905748 Total (Diversion),Annual,1,2014,194.769,ACFT,K,Approved,2015-03-30 12:01:00
4905748,14905748,4905748 Total (Diversion),Annual,1,2015,216.046,ACFT,K,Approved,2016-03-11 08:20:00
4905748,14905748,4905748 Total (Diversion),Annual,1,2016,162.374,ACFT,K,Approved,2017-03-24 08:51:00
4905748,14905748,4905748 Total (Diversion),Annual,1,2017,156.1427,ACFT,K,Approved,2018-03-09 09:45:00
4905748,14905748,4905748 Total (Diversion),Annual,1,2018,162.622,ACFT,K,Approved,2019-03-12 12:55:00
4905748,14905748,4905748 Total (Diversion),Annual,1,2019,179.5358,ACFT,K,Approved,2020-02-27 07:00:00
4905748,14905748,4905748 Total (Diversion),Annual,1,2020,209.0466,ACFT,K,Approved,2021-03-11 13:45:00
4905748,14905748,4905748 Total (Diversion),Annual,1,2021,166.9475,ACFT,K,Approved,2022-03-03 11:45:00
4905748,14905748,4905748 Total (Diversion),Annual,1,2022,220.331,ACFT,K,Approved,2022-11-30 06:40:00
4905748,14905748,4905748 Total (Diversion),Annual,1,2023,20.942,ACFT,K,Approved,2023-10-31 11:52:00
4905748,14905748,4905748 Total (Diversion),Annual,1,2024,198.105,ACFT,K,Approved,2024-11-26 08:23:00
4905749,14905749,4905749 Total (Diversion),Annual,1,2011,70.678,ACFT,K,Approved,2013-09-18 14:40:00
4905749,14905749,4905749 Total (Diversion),Annual,1,2012,162.456,ACFT,K,Approved,2013-04-19 05:14:00
4905749,14905749,4905749 Total (Diversion),Annual,1,2013,134.725,ACFT,K,Approved,2014-03-26 16:10:00
4905749,14905749,4905749 Total (Diversion),Annual,1,2014,115.7029,ACFT,K,Approved,2015-03-30 12:01:00
4905749,14905749,4905749 Total (Diversion),Annual,1,2015,101.2957,ACFT,K,Approved,2016-03-11 08:20:00
4905749,14905749,4905749 Total (Diversion),Annual,1,2016,91.8077,ACFT,K,Approved,2017-03-24 08:51:00
4905749,14905749,4905749 Total (Diversion),Annual,1,2017,82.1006,ACFT,K,Approved,2018-03-09 09:45:00
4905749,14905749,4905749 Total (Diversion),Annual,1,2018,70.286,ACFT,K,Approved,2019-03-12 12:55:00
4905749,14905749,4905749 Total (Diversion),Annual,1,2019,72.674,ACFT,K,Approved,2020-02-27 07:00:00
4905749,14905749,4905749 Total (Diversion),Annual,1,2020,90.671,ACFT,K,Approved,2021-03-11 13:45:00
4905749,14905749,4905749 Total (Diversion),Annual,1,2021,84.0841,ACFT,K,Approved,2022-03-03 11:45:00
4905749,14905749,4905749 Total (Diversion),Annual,1,2022,42.2229,ACFT,K,Approved,2022-11-30 06:40:00
4905749,14905749,4905749 Total (Diversion),Annual,1,2023,42.7952,ACFT,K,Approved,2023-10-31 11:52:00
4905749,14905749,4905749 Total (Diversion),Annual,1,2024,61.6394,ACFT,K,Approved,2024-11-26 08:21:00
4905852,14905852,4905852 Total (Diversion),Annual,1,2012,208.733,ACFT,K,Approved,2013-04-19 05:24:00
4905852,14905852,4905852 Total (Diversion),Annual,1,2013,233.365,ACFT,K,Approved,2014-03-26 16:10:00
4905852,14905852,4905852 Total (Diversion),Annual,1,2014,234.577,ACFT,K,Approved,2015-03-30 12:01:00
4905852,14905852,4905852 Total (Diversion),Annual,1,2015,169.368,ACFT,K,Approved,2016-03-11 08:20:00
4905852,14905852,4905852 Total (Diversion),Annual,1,2016,238.211,ACFT,K,Approved,2017-03-24 08:51:00
4905852,14905852,4905852 Total (Diversion),Annual,1,2017,129.788,ACFT,K,Approved,2018-03-09 09:45:00
4905852,14905852,4905852 Total (Diversion),Annual,1,2018,194.413,ACFT,K,Approved,2019-03-12 12:55:00
4905852,14905852,4905852 Total (Diversion),Annual,1,2019,171.645,ACFT,K,Approved,2020-02-27 07:00:00
4905852,14905852,4905852 Total (Diversion),Annual,1,2020,175.228,ACFT,K,Approved,2021-03-11 13:45:00
4905852,14905852,4905852 Total (Diversion),Annual,1,2021,157.689,ACFT,K,Approved,2022-03-03 11:45:00
4905852,14905852,4905852 Total (Diversion),Annual,1,2022,181.657,ACFT,K,Approved,2022-12-05 07:47:00
4905852,14905852,4905852 Total (Diversion),Annual,1,2023,84.851,ACFT,K,Approved,2023-11-27 07:37:00
4905852,14905852,4905852 Total (Diversion),Annual,1,2024,114.923,ACFT,K,Approved,2024-12-05 07:52:00
4905853,14905853,4905853 Total (Diversion),Annual,1,2012,143.919,ACFT,K,Approved,2013-04-19 05:24:00
4905853,14905853,4905853 Total (Diversion),Annual,1,2013,160.751,ACFT,K,Approved,2014-03-26 16:10:00
4905853,14905853,4905853 Total (Diversion),Annual,1,2014,153.295,ACFT,K,Approved,2015-03-30 12:01:00
4905853,14905853,4905853 Total (Diversion),Annual,1,2015,130.386,ACFT,K,Approved,2016-03-11 08:20:00
4905853,14905853,4905853 Total (Diversion),Annual,1,2016,172.623,ACFT,K,Approved,2017-03-24 08:51:00
4905853,14905853,4905853 Total (Diversion),Annual,1,2017,88.394,ACFT,K,Approved,2018-03-09 09:45:00
4905853,14905853,4905853 Total (Diversion),Annual,1,2018,125.08,ACFT,K,Approved,2019-03-12 12:55:00
4905853,14905853,4905853 Total (Diversion),Annual,1,2019,134.059,ACFT,K,Approved,2020-02-27 07:00:00
4905853,14905853,4905853 Total (Diversion),Annual,1,2020,152.363,ACFT,K,Approved,2021-03-11 13:45:00
4905853,14905853,4905853 Total (Diversion),Annual,1,2021,85.183,ACFT,K,Approved,2022-03-03 11:45:00
4905853,14905853,4905853 Total (Diversion),Annual,1,2022,115.078,ACFT,K,Approved,2022-12-05 07:48:00
4905853,14905853,4905853 Total (Diversion),Annual,1,2023,14.881,ACFT,K,Approved,2023-12-04 07:35:00
4905853,14905853,4905853 Total (Diversion),Annual,1,2024,0.0,ACFT,K,Approved,2024-11-07 06:36:00
4905894,14905894,4905894 Total (Diversion),Annual,1,2011,49.486,ACFT,K,Approved,2013-09-18 14:40:00
4905894,14905894,4905894 Total (Diversion),Annual,1,2012,40.845,ACFT,K,Approved,2013-04-19 05:25:00
4905894,14905894,4905894 Total (Diversion),Annual,1,2013,58.097,ACFT,K,Approved,2014-03-26 16:10:00
4905894,14905894,4905894 Total (Diversion),Annual,1,2014,61.3414,ACFT,K,Approved,2015-03-30 12:01:00
4905894,14905894,4905894 Total (Diversion),Annual,1,2015,8.7558,ACFT,K,Approved,2016-03-11 08:20:00
4905894,14905894,4905894 Total (Diversion),Annual,1,2016,64.3038,ACFT,K,Approved,2017-03-24 08:51:00
4905894,14905894,4905894 Total (Diversion),Annual,1,2017,43.8105,ACFT,K,Approved,2018-03-09 09:45:00
4905894,14905894,4905894 Total (Diversion),Annual,1,2018,58.5207,ACFT,K,Approved,2019-03-12 12:55:00
4905894,14905894,4905894 Total (Diversion),Annual,1,2019,56.6152,ACFT,K,Approved,2020-02-27 07:00:00
4905894,14905894,4905894 Total (Diversion),Annual,1,2020,46.2166,ACFT,K,Approved,2021-03-11 13:45:00
4905894,14905894,4905894 Total (Diversion),Annual,1,2021,26.3061,ACFT,K,Approved,2022-03-03 11:45:00
4905894,14905894,4905894 Total (Diversion),Annual,1,2022,18.792,ACFT,K,Approved,2022-11-28 07:00:00
4905894,14905894,4905894 Total (Diversion),Annual,1,2023,19.6376,ACFT,K,Approved,2023-11-27 07:37:00
4905894,14905894,4905894 Total (Diversion),Annual,1,2024,26.268,ACFT,K,Approved,2024-11-22 10:21:00
4906152,14906152,4906152 Total (Diversion),Annual,1,2011,120.1361,ACFT,K,Approved,2013-09-18 14:40:00
4906152,14906152,4906152 Total (Diversion),Annual,1,2012,388.936,ACFT,K,Approved,2013-04-19 05:51:00
4906152,14906152,4906152 Total (Diversion),Annual,1,2013,235.3677,ACFT,K,Approved,2014-03-26 16:10:00
4906152,14906152,4906152 Total (Diversion),Annual,1,2014,294.38,ACFT,K,Approved,2015-03-30 12:01:00
4906152,14906152,4906152 Total (Diversion),Annual,1,2015,251.319,ACFT,K,Approved,2016-03-11 08:20:00
4906152,14906152,4906152 Total (Diversion),Annual,1,2016,290.394,ACFT,K,Approved,2017-03-24 08:51:00
4906152,14906152,4906152 Total (Diversion),Annual,1,2017,198.425,ACFT,K,Approved,2018-03-09 09:45:00
4906152,14906152,4906152 Total (Diversion),Annual,1,2018,282.582,ACFT,K,Approved,2019-03-12 12:55:00
4906152,14906152,4906152 Total (Diversion),Annual,1,2019,168.962,ACFT,K,Approved,2020-02-27 07:00:00
4906152,14906152,4906152 Total (Diversion),Annual,1,2020,379.578,ACFT,K,Approved,2021-03-11 13:45:00
4906152,14906152,4906152 Total (Diversion),Annual,1,2021,268.852,ACFT,K,Approved,2022-03-03 11:45:00
4906152,14906152,4906152 Total (Diversion),Annual,1,2022,397.696,ACFT,K,Approved,2022-12-02 08:19:00
4906152,14906152,4906152 Total (Diversion),Annual,1,2023,215.415,ACFT,K,Approved,2023-12-20 08:50:00
4906152,14906152,4906152 Total (Diversion),Annual,1,2024,405.434,ACFT,K,Approved,2024-12-03 06:25:00
4906162,14906162,4906162 Total (Diversion),Annual,1,2011,155.2562,ACFT,K,Approved,2013-12-13 09:46:00
4906162,14906162,4906162 Total (Diversion),Annual,1,2012,116.2041,ACFT,K,Approved,2013-12-12 16:44:00
4906162,14906162,4906162 Total (Diversion),Annual,1,2013,1.1839,ACFT,K,Approved,2014-03-26 16:10:00
4906162,14906162,4906162 Total (Diversion),Annual,1,2014,0.0,ACFT,K,Approved,2015-03-30 12:01:00
