wdid,waterClassNum,wcIdentifier,measInterval,measCount,dataMeasDate,dataValue,measUnits,obsCode,approvalStatus,modified
4905033,14905033,4905033 Total (Diversion),Annual,1,2012,215.519,ACFT,K,Approved,2013-04-18 22:35:00
4905033,14905033,4905033 Total (Diversion),Annual,1,2013,215.087,ACFT,K,Approved,2014-03-26 16:10:00
4905033,14905033,4905033 Total (Diversion),Annual,1,2014,193.358,ACFT,K,Approved,2015-03-30 12:01:00
4905033,14905033,4905033 Total (Diversion),Annual,1,2015,172.744,ACFT,K,Approved,2016-03-11 08:20:00
4905033,14905033,4905033 Total (Diversion),Annual,1,2016,170.112,ACFT,K,Approved,2017-03-24 08:51:00
4905033,14905033,4905033 Total (Diversion),Annual,1,2017,115.088,ACFT,K,Approved,2018-03-09 09:45:00
4905033,14905033,4905033 Total (Diversion),Annual,1,2018,126.644,ACFT,K,Approved,2019-03-12 12:55:00
4905033,14905033,4905033 Total (Diversion),Annual,1,2019,167.544,ACFT,K,Approved,2020-02-27 07:00:00
4905033,14905033,4905033 Total (Diversion),Annual,1,2020,187.686,ACFT,K,Approved,2021-03-11 13:45:00
4905033,14905033,4905033 Total (Diversion),Annual,1,2021,182.474,ACFT,K,Approved,2022-03-03 11:45:00
4905033,14905033,4905033 Total (Diversion),Annual,1,2022,196.762,ACFT,K,Approved,2022-12-01 07:33:00
4905033,14905033,4905033 Total (Diversion),Annual,1,2023,159.651,ACFT,K,Approved,2023-11-21 06:32:00
4905033,14905033,4905033 Total (Diversion),Annual,1,2024,175.488,ACFT,K,Approved,2024-11-14 06:20:00
4905039,14905039,4905039 Total (Diversion),Annual,1,2012,58.811,ACFT,K,Approved,2013-04-18 22:40:00
4905039,14905039,4905039 Total (Diversion),Annual,1,2013,138.381,ACFT,K,Approved,2014-03-26 16:10:00
4905039,14905039,4905039 Total (Diversion),Annual,1,2014,117.93,ACFT,K,Approved,2015-03-30 12:01:00
4905039,14905039,4905039 Total (Diversion),Annual,1,2015,84.011,ACFT,K,Approved,2016-03-11 08:20:00
4905039,14905039,4905039 Total (Diversion),Annual,1,2016,75.537,ACFT,K,Approved,2017-03-24 08:51:00
4905039,14905039,4905039 Total (Diversion),Annual,1,2017,98.086,ACFT,K,Approved,2018-03-09 09:45:00
4905039,14905039,4905039 Total (Diversion),Annual,1,2018,89.364,ACFT,K,Approved,2019-03-12 12:55:00
4905039,14905039,4905039 Total (Diversion),Annual,1,2019,47.387,ACFT,K,Approved,2020-02-27 07:00:00
4905039,14905039,4905039 Total (Diversion),Annual,1,2020,88.5778,ACFT,K,Approved,2021-03-11 13:45:00
4905039,14905039,4905039 Total (Diversion),Annual,1,2021,55.1351,ACFT,K,Approved,2022-03-03 11:45:00
4905040,14905040,4905040 Total (Diversion),Annual,1,2012,337.0475,ACFT,K,Approved,2013-04-18 22:41:00
4905040,14905040,4905040 Total (Diversion),Annual,1,2013,419.7978,ACFT,K,Approved,2014-03-26 16:10:00
4905040,14905040,4905040 Total (Diversion),Annual,1,2014,225.699,ACFT,K,Approved,2015-03-30 12:01:00
4905040,14905040,4905040 Total (Diversion),Annual,1,2015,303.8585,ACFT,K,Approved,2016-03-11 08:20:00
4905040,14905040,4905040 Total (Diversion),Annual,1,2016,284.8035,ACFT,K,Approved,2017-03-24 08:51:00
4905040,14905040,4905040 Total (Diversion),Annual,1,2017,179.791,ACFT,K,Approved,2018-03-09 09:45:00
4905040,14905040,4905040 Total (Diversion),Annual,1,2018,182.073,ACFT,K,Approved,2019-03-12 12:55:00
4905040,14905040,4905040 Total (Diversion),Annual,1,2019,247.508,ACFT,K,Approved,2020-02-27 07:00:00
4905040,14905040,4905040 Total (Diversion),Annual,1,2020,298.3244,ACFT,K,Approved,2021-03-11 13:45:00
4905040,14905040,4905040 Total (Diversion),Annual,1,2021,334.6153,ACFT,K,Approved,2022-03-03 11:45:00
4905040,14905040,4905040 Total (Diversion),Annual,1,2022,358.9844,ACFT,K,Approved,2022-12-01 07:32:00
4905040,14905040,4905040 Total (Diversion),Annual,1,2023,293.4997,ACFT,K,Approved,2023-11-21 06:32:00
4905040,14905040,4905040 Total (Diversion),Annual,1,2024,292.2407,ACFT,K,Approved,2024-11-14 06:20:00
4905079,14905079,4905079 Total (Diversion),Annual,1,2011,43.0105,ACFT,K,Approved,2013-09-18 14:40:00
4905079,14905079,4905079 Total (Diversion),Annual,1,2012,83.4553,ACFT,K,Approved,2013-04-18 23:06:00
4905079,14905079,4905079 Total (Diversion),Annual,1,2013,161.224,ACFT,K,Approved,2014-03-26 16:10:00
4905079,14905079,4905079 Total (Diversion),Annual,1,2014,165.2719,ACFT,K,Approved,2015-03-30 12:01:00
4905079,14905079,4905079 Total (Diversion),Annual,1,2015,110.1332,ACFT,K,Approved,2016-03-11 08:20:00
4905079,14905079,4905079 Total (Diversion),Annual,1,2016,104.3452,ACFT,K,Approved,2017-03-24 08:51:00
4905079,14905079,4905079 Total (Diversion),Annual,1,2017,101.6293,ACFT,K,Approved,2018-03-09 09:45:00
4905079,14905079,4905079 Total (Diversion),Annual,1,2018,45.8338,ACFT,K,Approved,2019-03-12 12:55:00
4905079,14905079,4905079 Total (Diversion),Annual,1,2019,46.6317,ACFT,K,Approved,2020-02-27 07:00:00
4905079,14905079,4905079 Total (Diversion),Annual,1,2020,51.5542,ACFT,K,Approved,2021-03-11 13:45:00
4905079,14905079,4905079 Total (Diversion),Annual,1,2021,39.5335,ACFT,K,Approved,2022-03-03 11:45:00
4905079,14905079,4905079 Total (Diversion),Annual,1,2022,59.1589,ACFT,K,Approved,2022-11-08 06:59:00
4905079,14905079,4905079 Total (Diversion),Annual,1,2023,0.0,ACFT,K,Approved,2023-11-16 07:40:00
4905079,14905079,4905079 Total (Diversion),Annual,1,2024,0.0,ACFT,K,Approved,2024-10-22 08:06:00
4905085,14905085,4905085 Total (Diversion),Annual,1,2011,135.303,ACFT,K,Approved,2013-09-18 14:40:00
4905085,14905085,4905085 Total (Diversion),Annual,1,2012,147.201,ACFT,K,Approved,2013-04-18 23:10:00
4905085,14905085,4905085 Total (Diversion),Annual,1,2013,37.344,ACFT,K,Approved,2014-03-26 16:10:00
4905085,14905085,4905085 Total (Diversion),Annual,1,2014,208.2981,ACFT,K,Approved,2015-03-30 12:01:00
4905085,14905085,4905085 Total (Diversion),Annual,1,2015,100.1346,ACFT,K,Approved,2016-03-11 08:20:00
4905085,14905085,4905085 Total (Diversion),Annual,1,2016,76.3189,ACFT,K,Approved,2017-03-24 08:51:00
4905085,14905085,4905085 Total (Diversion),Annual,1,2017,59.5822,ACFT,K,Approved,2018-03-09 09:45:00
4905085,14905085,4905085 Total (Diversion),Annual,1,2018,70.9758,ACFT,K,Approved,2019-03-12 12:55:00
4905085,14905085,4905085 Total (Diversion),Annual,1,2019,31.25,ACFT,K,Approved,2020-02-27 07:00:00
4905085,14905085,4905085 Total (Diversion),Annual,1,2020,94.543,ACFT,K,Approved,2021-03-11 13:45:00
4905085,14905085,4905085 Total (Diversion),Annual,1,2021,42.749,ACFT,K,Approved,2022-03-03 11:45:00
4905085,14905085,4905085 Total (Diversion),Annual,1,2022,86.431,ACFT,K,Approved,2022-12-05 07:49:00
4905085,14905085,4905085 Total (Diversion),Annual,1,2023,64.123,ACFT,K,Approved,2023-12-13 08:53:00
4905085,14905085,4905085 Total (Diversion),Annual,1,2024,61.098,ACFT,K,Approved,2024-12-05 07:52:00
4905086,14905086,4905086 Total (Diversion),Annual,1,2011,177.4338,ACFT,K,Approved,2013-09-18 14:40:00
4905086,14905086,4905086 Total (Diversion),Annual,1,2012,185.2119,ACFT,K,Approved,2013-04-18 23:11:00
4905086,14905086,4905086 Total (Diversion),Annual,1,2013,207.1279,ACFT,K,Approved,2015-03-06 16:12:00
4905086,14905086,4905086 Total (Diversion),Annual,1,2014,243.0949,ACFT,K,Approved,2015-03-30 12:01:00
4905086,14905086,4905086 Total (Diversion),Annual,1,2015,148.218,ACFT,K,Approved,2016-03-11 08:20:00
4905086,14905086,4905086 Total (Diversion),Annual,1,2016,161.503,ACFT,K,Approved,2017-03-24 08:51:00
4905086,14905086,4905086 Total (Diversion),Annual,1,2017,119.125,ACFT,K,Approved,2018-03-09 09:45:00
4905086,14905086,4905086 Total (Diversion),Annual,1,2018,143.701,ACFT,K,Approved,2019-03-12 12:55:00
4905086,14905086,4905086 Total (Diversion),Annual,1,2019,128.448,ACFT,K,Approved,2020-02-27 07:00:00
4905086,14905086,4905086 Total (Diversion),Annual,1,2020,162.614,ACFT,K,Approved,2021-03-11 13:45:00
4905086,14905086,4905086 Total (Diversion),Annual,1,2021,154.645,ACFT,K,Approved,2022-03-03 11:45:00
4905086,14905086,4905086 Total (Diversion),Annual,1,2022,159.744,ACFT,K,Approved,2022-12-05 07:49:00
4905086,14905086,4905086 Total (Diversion),Annual,1,2023,107.309,ACFT,K,Approved,2023-12-13 08:53:00
4905086,14905086,4905086 Total (Diversion),Annual,1,2024,132.241,ACFT,K,Approved,2024-12-05 07:53:00
4905091,14905091,4905091 Total (Diversion),Annual,1,2018,8.07,ACFT,K,Approved,2019-03-12 12:55:00
4905091,14905091,4905091 Total (Diversion),Annual,1,2019,34.555,ACFT,K,Approved,2020-02-27 07:00:00
4905091,14905091,4905091 Total (Diversion),Annual,1,2020,62.369,ACFT,K,Approved,2021-03-11 13:45:00
4905091,14905091,4905091 Total (Diversion),Annual,1,2021,0.0,ACFT,K,Approved,2022-03-03 11:45:00
4905091,14905091,4905091 Total (Diversion),Annual,1,2022,11.467,ACFT,K,Approved,2022-11-17 08:33:00
4905091,14905091,4905091 Total (Diversion),Annual,1,2023,0.011,ACFT,K,Approved,2023-12-15 08:22:00
4905091,14905091,4905091 Total (Diversion),Annual,1,2024,14.48,ACFT,K,Approved,2024-12-11 08:45:00
4905104,14905104,4905104 Total (Diversion),Annual,1,2011,236.343,ACFT,K,Approved,2013-09-18 14:40:00
4905104,14905104,4905104 Total (Diversion),Annual,1,2012,267.691,ACFT,K,Approved,2013-04-18 23:27:00
4905104,14905104,4905104 Total (Diversion),Annual,1,2013,319.887,ACFT,K,Approved,2014-03-26 16:10:00
4905104,14905104,4905104 Total (Diversion),Annual,1,2014,196.114,ACFT,K,Approved,2015-03-30 12:01:00
4905104,14905104,4905104 Total (Diversion),Annual,1,2015,199.018,ACFT,K,Approved,2016-03-11 08:20:00
4905104,14905104,4905104 Total (Diversion),Annual,1,2016,222.758,ACFT,K,Approved,2017-03-24 08:51:00
4905104,14905104,4905104 Total (Diversion),Annual,1,2017,147.159,ACFT,K,Approved,2018-03-09 09:45:00
4905104,14905104,4905104 Total (Diversion),Annual,1,2018,245.702,ACFT,K,Approved,2019-03-12 12:55:00
4905104,14905104,4905104 Total (Diversion),Annual,1,2019,203.721,ACFT,K,Approved,2020-02-27 07:00:00
4905104,14905104,4905104 Total (Diversion),Annual,1,2020,262.148,ACFT,K,Approved,2021-03-11 13:45:00
4905104,14905104,4905104 Total (Diversion),Annual,1,2021,238.5629,ACFT,K,Approved,2022-03-03 11:45:00
4905104,14905104,4905104 Total (Diversion),Annual,1,2022,277.6275,ACFT,K,Approved,2022-11-30 06:40:00
4905104,14905104,4905104 Total (Diversion),Annual,1,2023,247.8477,ACFT,K,Approved,2023-10-31 11:52:00
4905104,14905104,4905104 Total (Diversion),Annual,1,2024,220.9615,ACFT,K,Approved,2024-11-26 08:23:00
4905105,14905105,4905105 Total (Diversion),Annual,1,2011,226.472,ACFT,K,Approved,2013-09-18 14:40:00
4905105,14905105,4905105 Total (Diversion),Annual,1,2012,298.551,ACFT,K,Approved,2013-04-18 23:28:00
4905105,14905105,4905105 Total (Diversion),Annual,1,2013,283.78,ACFT,K,Approved,2014-03-26 16:10:00
4905105,14905105,4905105 Total (Diversion),Annual,1,2014,277.584,ACFT,K,Approved,2015-03-30 12:01:00
4905105,14905105,4905105 Total (Diversion),Annual,1,2015,256.634,ACFT,K,Approved,2016-03-11 08:20:00
4905105,14905105,4905105 Total (Diversion),Annual,1,2016,198.869,ACFT,K,Approved,2017-03-24 08:51:00
4905105,14905105,4905105 Total (Diversion),Annual,1,2017,231.856,ACFT,K,Approved,2018-03-09 09:45:00
4905105,14905105,4905105 Total (Diversion),Annual,1,2018,174.138,ACFT,K,Approved,2019-03-12 12:55:00
4905105,14905105,4905105 Total (Diversion),Annual,1,2019,250.332,ACFT,K,Approved,2020-02-27 07:00:00
4905105,14905105,4905105 Total (Diversion),Annual,1,2020,258.606,ACFT,K,Approved,2021-03-11 13:45:00
4905105,14905105,4905105 Total (Diversion),Annual,1,2021,223.721,ACFT,K,Approved,2022-03-03 11:45:00
4905105,14905105,4905105 Total (Diversion),Annual,1,2022,227.398,ACFT,K,Approved,2022-11-30 06:40:00
4905105,14905105,4905105 Total (Diversion),Annual,1,2023,137.555,ACFT,K,Approved,2023-10-31 11:52:00
4905105,14905105,4905105 Total (Diversion),Annual,1,2024,281.127,ACFT,K,Approved,2024-11-26 08:24:00
4905107,14905107,4905107 Total (Diversion),Annual,1,2011,163.21,ACFT,K,Approved,2013-09-18 14:40:00
4905107,14905107,4905107 Total (Diversion),Annual,1,2012,288.244,ACFT,K,Approved,2013-04-18 23:29:00
4905107,14905107,4905107 Total (Diversion),Annual,1,2013,330.315,ACFT,K,Approved,2014-03-26 16:10:00
4905107,14905107,4905107 Total (Diversion),Annual,1,2014,281.598,ACFT,K,Approved,2015-03-30 12:01:00
4905107,14905107,4905107 Total (Diversion),Annual,1,2015,261.912,ACFT,K,Approved,2016-03-11 08:20:00
4905107,14905107,4905107 Total (Diversion),Annual,1,2016,202.739,ACFT,K,Approved,2017-03-24 08:51:00
4905107,14905107,4905107 Total (Diversion),Annual,1,2017,169.279,ACFT,K,Approved,2018-03-09 09:45:00
4905107,14905107,4905107 Total (Diversion),Annual,1,2018,198.145,ACFT,K,Approved,2019-03-12 12:55:00
4905107,14905107,4905107 Total (Diversion),Annual,1,2019,211.005,ACFT,K,Approved,2020-02-27 07:00:00
4905107,14905107,4905107 Total (Diversion),Annual,1,2020,291.231,ACFT,K,Approved,2021-03-11 13:45:00
4905107,14905107,4905107 Total (Diversion),Annual,1,2021,185.629,ACFT,K,Approved,2022-03-03 11:45:00
4905107,14905107,4905107 Total (Diversion),Annual,1,2022,254.916,ACFT,K,Approved,2022-11-30 06:40:00
4905107,14905107,4905107 Total (Diversion),Annual,1,2023,202.313,ACFT,K,Approved,2023-12-13 08:53:00
4905107,14905107,4905107 Total (Diversion),Annual,1,2024,251.135,ACFT,K,Approved,2024-12-05 07:53:00
4905196,14905196,4905196 Total (Diversion),Annual,1,2011,184.452,ACFT,K,Approved,2013-09-18 14:40:00
4905196,14905196,4905196 Total (Diversion),Annual,1,2012,221.796,ACFT,K,Approved,2013-04-19 00:54:00
4905196,14905196,4905196 Total (Diversion),Annual,1,2013,161.474,ACFT,K,Approved,2014-03-26 16:10:00
4905196,14905196,4905196 Total (Diversion),Annual,1,2014,125.039,ACFT,K,Approved,2015-03-30 12:01:00
4905196,14905196,4905196 Total (Diversion),Annual,1,2015,165.611,ACFT,K,Approved,2016-03-11 08:20:00
4905196,14905196,4905196 Total (Diversion),Annual,1,2016,132.019,ACFT,K,Approved,2017-03-24 08:51:00
4905196,14905196,4905196 Total (Diversion),Annual,1,2017,83.098,ACFT,K,Approved,2018-03-09 09:45:00
4905196,14905196,4905196 Total (Diversion),Annual,1,2018,99.557,ACFT,K,Approved,2019-03-12 12:55:00
4905196,14905196,4905196 Total (Diversion),Annual,1,2019,66.75,ACFT,K,Approved,2020-02-27 07:00:00
4905196,14905196,4905196 Total (Diversion),Annual,1,2020,100.616,ACFT,K,Approved,2021-03-11 13:45:00
4905196,14905196,4905196 Total (Diversion),Annual,1,2021,116.439,ACFT,K,Approved,2022-03-03 11:45:00
4905196,14905196,4905196 Total (Diversion),Annual,1,2022,103.656,ACFT,K,Approved,2022-12-05 07:49:00
4905196,14905196,4905196 Total (Diversion),Annual,1,2023,36.822,ACFT,K,Approved,2023-12-13 08:53:00
4905196,14905196,4905196 Total (Diversion),Annual,1,2024,0.0,ACFT,K,Approved,2024-12-05 09:04:00
4905199,14905199,4905199 Total (Diversion),Annual,1,2011,0.244,ACFT,K,Approved,2013-09-18 14:40:00
4905199,14905199,4905199 Total (Diversion),Annual,1,2012,109.971,ACFT,K,Approved,2013-04-19 00:57:00
4905199,14905199,4905199 Total (Diversion),Annual,1,2013,97.423,ACFT,K,Approved,2014-03-26 16:10:00
4905199,14905199,4905199 Total (Diversion),Annual,1,2014,80.535,ACFT,K,Approved,2015-03-30 12:01:00
4905199,14905199,4905199 Total (Diversion),Annual,1,2015,109.704,ACFT,K,Approved,2016-03-11 08:20:00
4905199,14905199,4905199 Total (Diversion),Annual,1,2016,112.779,ACFT,K,Approved,2017-03-24 08:51:00
4905199,14905199,4905199 Total (Diversion),Annual,1,2017,64.372,ACFT,K,Approved,2018-03-09 09:45:00
4905199,14905199,4905199 Total (Diversion),Annual,1,2018,62.1,ACFT,K,Approved,2019-03-12 12:55:00
4905199,14905199,4905199 Total (Diversion),Annual,1,2019,81.157,ACFT,K,Approved,2020-02-27 07:00:00
4905199,14905199,4905199 Total (Diversion),Annual,1,2020,48.56,ACFT,K,Approved,2021-03-11 13:45:00
4905199,14905199,4905199 Total (Diversion),Annual,1,2021,92.592,ACFT,K,Approved,2022-03-03 11:45:00
4905199,14905199,4905199 Total (Diversion),Annual,1,2022,90.75,ACFT,K,Approved,2022-12-05 07:49:00
4905199,14905199,4905199 Total (Diversion),Annual,1,2023,50.239,ACFT,K,Approved,2023-12-13 08:53:00
4905199,14905199,4905199 Total (Diversion),Annual,1,2024,42.108,ACFT,K,Approved,2024-12-05 07:51:00
4905200,14905200,4905200 Total (Diversion),Annual,1,2011,161.015,ACFT,K,Approved,2013-09-18 14:40:00
4905200,14905200,4905200 Total (Diversion),Annual,1,2012,221.893,ACFT,K,Approved,2013-04-19 00:57:00
4905200,14905200,4905200 Total (Diversion),Annual,1,2013,197.084,ACFT,K,Approved,2014-03-26 16:10:00
4905200,14905200,4905200 Total (Diversion),Annual,1,2014,91.658,ACFT,K,Approved,2015-03-30 12:01:00
4905200,14905200,4905200 Total (Diversion),Annual,1,2015,18.324,ACFT,K,Approved,2016-03-11 08:20:00
4905200,14905200,4905200 Total (Diversion),Annual,1,2016,10.421,ACFT,K,Approved,2017-03-24 08:51:00
4905200,14905200,4905200 Total (Diversion),Annual,1,2017,83.999,ACFT,K,Approved,2018-03-09 09:45:00
4905200,14905200,4905200 Total (Diversion),Annual,1,2018,162.368,ACFT,K,Approved,2019-03-12 12:55:00
4905200,14905200,4905200 Total (Diversion),Annual,1,2019,173.804,ACFT,K,Approved,2020-02-27 07:00:00
4905200,14905200,4905200 Total (Diversion),Annual,1,2020,183.722,ACFT,K,Approved,2021-03-11 13:45:00
4905200,14905200,4905200 Total (Diversion),Annual,1,2021,190.676,ACFT,K,Approved,2022-03-03 11:45:00
4905200,14905200,4905200 Total (Diversion),Annual,1,2022,200.851,ACFT,K,Approved,2022-11-22 06:45:00
4905200,14905200,4905200 Total (Diversion),Annual,1,2023,206.22,ACFT,K,Approved,2023-10-31 11:52:00
4905200,14905200,4905200 Total (Diversion),Annual,1,2024,228.625,ACFT,K,Approved,2024-12-04 10:08:00
4905221,14905221,4905221 Total (Diversion),Annual,1,2011,48.711,ACFT,K,Approved,2013-09-18 14:40:00
4905221,14905221,4905221 Total (Diversion),Annual,1,2012,63.96,ACFT,K,Approved,2013-04-19 01:14:00
4905221,14905221,4905221 Total (Diversion),Annual,1,2013,50.717,ACFT,K,Approved,2014-03-26 16:10:00
4905221,14905221,4905221 Total (Diversion),Annual,1,2014,52.432,ACFT,K,Approved,2015-03-30 12:01:00
4905221,14905221,4905221 Total (Diversion),Annual,1,2015,53.162,ACFT,K,Approved,2016-03-11 08:20:00
4905221,14905221,4905221 Total (Diversion),Annual,1,2016,36.218,ACFT,K,Approved,2017-03-24 08:51:00
4905221,14905221,4905221 Total (Diversion),Annual,1,2017,41.533,ACFT,K,Approved,2018-03-09 09:45:00
4905221,14905221,4905221 Total (Diversion),Annual,1,2018,54.06,ACFT,K,Approved,2019-03-12 12:55:00
4905221,14905221,4905221 Total (Diversion),Annual,1,2019,44.391,ACFT,K,Approved,2020-02-27 07:00:00
4905221,14905221,4905221 Total (Diversion),Annual,1,2020,54.401,ACFT,K,Approved,2021-03-11 13:45:00
4905221,14905221,4905221 Total (Diversion),Annual,1,2021,51.984,ACFT,K,Approved,2022-03-03 11:45:00
4905221,14905221,4905221 Total (Diversion),Annual,1,2022,46.313,ACFT,K,Approved,2022-12-01 07:25:00
4905221,14905221,4905221 Total (Diversion),Annual,1,2023,63.982,ACFT,K,Approved,2023-11-28 08:35:00
4905221,14905221,4905221 Total (Diversion),Annual,1,2024,62.46,ACFT,K,Approved,2024-12-02 06:45:00
4905222,14905222,4905222 Total (Diversion),Annual,1,2011,162.77,ACFT,K,Approved,2013-09-18 14:40:00
4905222,14905222,4905222 Total (Diversion),Annual,1,2012,189.946,ACFT,K,Approved,2013-04-19 01:15:00
4905222,14905222,4905222 Total (Diversion),Annual,1,2013,139.986,ACFT,K,Approved,2014-03-26 16:10:00
4905222,14905222,4905222 Total (Diversion),Annual,1,2014,155.357,ACFT,K,Approved,2015-03-30 12:01:00
4905222,14905222,4905222 Total (Diversion),Annual,1,2015,144.968,ACFT,K,Approved,2016-03-11 08:20:00
4905222,14905222,4905222 Total (Diversion),Annual,1,2016,106.152,ACFT,K,Approved,2017-03-24 08:51:00
4905222,14905222,4905222 Total (Diversion),Annual,1,2017,134.724,ACFT,K,Approved,2018-03-09 09:45:00
4905222,14905222,4905222 Total (Diversion),Annual,1,2018,154.94,ACFT,K,Approved,2019-03-12 12:55:00
4905222,14905222,4905222 Total (Diversion),Annual,1,2019,172.729,ACFT,K,Approved,2020-02-27 07:00:00
4905222,14905222,4905222 Total (Diversion),Annual,1,2020,206.378,ACFT,K,Approved,2021-03-11 13:45:00
4905222,14905222,4905222 Total (Diversion),Annual,1,2021,164.519,ACFT,K,Approved,2022-03-03 11:45:00
4905222,14905222,4905222 Total (Diversion),Annual,1,2022,268.432,ACFT,K,Approved,2022-12-01 07:33:00
4905222,14905222,4905222 Total (Diversion),Annual,1,2023,198.215,ACFT,K,Approved,2023-11-28 08:36:00
4905222,14905222,4905222 Total (Diversion),Annual,1,2024,175.989,ACFT,K,Approved,2024-12-02 06:51:00
4905223,14905223,4905223 Total (Diversion),Annual,1,2011,221.368,ACFT,K,Approved,2013-09-18 14:40:00
4905223,14905223,4905223 Total (Diversion),Annual,1,2012,192.883,ACFT,K,Approved,2013-04-19 01:16:00
4905223,14905223,4905223 Total (Diversion),Annual,1,2013,222.3975,ACFT,K,Approved,2014-03-26 16:10:00
4905223,14905223,4905223 Total (Diversion),Annual,1,2014,161.2177,ACFT,K,Approved,2015-03-30 12:01:00
4905223,14905223,4905223 Total (Diversion),Annual,1,2015,126.9987,ACFT,K,Approved,2016-03-11 08:20:00
4905223,14905223,4905223 Total (Diversion),Annual,1,2016,100.1618,ACFT,K,Approved,2017-03-24 08:51:00
4905223,14905223,4905223 Total (Diversion),Annual,1,2017,138.6874,ACFT,K,Approved,2018-03-09 09:45:00
4905223,14905223,4905223 Total (Diversion),Annual,1,2018,107.979,ACFT,K,Approved,2019-03-12 12:55:00
4905223,14905223,4905223 Total (Diversion),Annual,1,2019,111.558,ACFT,K,Approved,2020-02-27 07:00:00
4905223,14905223,4905223 Total (Diversion),Annual,1,2020,164.002,ACFT,K,Approved,2021-03-11 13:45:00
4905223,14905223,4905223 Total (Diversion),Annual,1,2021,227.099,ACFT,K,Approved,2022-03-03 11:45:00
4905225,14905225,4905225 Total (Diversion),Annual,1,2011,210.851,ACFT,K,Approved,2013-09-18 14:40:00
4905225,14905225,4905225 Total (Diversion),Annual,1,2012,159.657,ACFT,K,Approved,2013-12-12 16:35:00
4905225,14905225,4905225 Total (Diversion),Annual,1,2013,177.5108,ACFT,K,Approved,2014-03-26 16:10:00
4905225,14905225,4905225 Total (Diversion),Annual,1,2014,135.2556,ACFT,K,Approved,2015-03-30 12:01:00
4905225,14905225,4905225 Total (Diversion),Annual,1,2015,119.0947,ACFT,K,Approved,2016-03-11 08:20:00
4905225,14905225,4905225 Total (Diversion),Annual,1,2016,92.7324,ACFT,K,Approved,2017-03-24 08:51:00
4905225,14905225,4905225 Total (Diversion),Annual,1,2017,127.155,ACFT,K,Approved,2018-03-09 09:45:00
4905225,14905225,4905225 Total (Diversion),Annual,1,2018,57.641,ACFT,K,Approved,2019-03-12 12:55:00
4905225,14905225,4905225 Total (Diversion),Annual,1,2019,124.53,ACFT,K,Approved,2020-02-27 07:00:00
4905225,14905225,4905225 Total (Diversion),Annual,1,2020,126.0347,ACFT,K,Approved,2021-03-11 13:45:00
4905225,14905225,4905225 Total (Diversion),Annual,1,2021,111.4522,ACFT,K,Approved,2022-03-03 11:45:00
4905225,14905225,4905225 Total (Diversion),Annual,1,2022,195.3736,ACFT,K,Approved,2022-11-14 07:36:00
4905225,14905225,4905225 Total (Diversion),Annual,1,2023,31.1728,ACFT,K,Approved,2023-11-14 09:57:00
4905225,14905225,4905225 Total (Diversion),Annual,1,2024,114.7364,ACFT,K,Approved,2024-11-27 08:01:00
4905226,14905226,4905226 Total (Diversion),Annual,1,2011,171.905,ACFT,K,Approved,2013-09-18 14:40:00
4905226,14905226,4905226 Total (Diversion),Annual,1,2012,155.6352,ACFT,K,Approved,2013-12-12 16:35:00
4905226,14905226,4905226 Total (Diversion),Annual,1,2013,169.5846,ACFT,K,Approved,2014-03-26 16:10:00
4905226,14905226,4905226 Total (Diversion),Annual,1,2014,111.8611,ACFT,K,Approved,2015-03-30 12:01:00
4905226,14905226,4905226 Total (Diversion),Annual,1,2015,4.0127,ACFT,K,Approved,2016-03-11 08:20:00
4905226,14905226,4905226 Total (Diversion),Annual,1,2016,56.7358,ACFT,K,Approved,2017-03-24 08:51:00
4905226,14905226,4905226 Total (Diversion),Annual,1,2017,55.144,ACFT,K,Approved,2018-03-09 09:45:00
4905226,14905226,4905226 Total (Diversion),Annual,1,2018,92.751,ACFT,K,Approved,2019-03-12 12:55:00
4905226,14905226,4905226 Total (Diversion),Annual,1,2019,83.773,ACFT,K,Approved,2020-02-27 07:00:00
4905226,14905226,4905226 Total (Diversion),Annual,1,2020,37.771,ACFT,K,Approved,2021-03-11 13:45:00
4905226,14905226,4905226 Total (Diversion),Annual,1,2021,79.104,ACFT,K,Approved,2022-03-03 11:45:00
4905226,14905226,4905226 Total (Diversion),Annual,1,2022,115.697,ACFT,K,Approved,2022-11-14 07:36:00
4905226,14905226,4905226 Total (Diversion),Annual,1,2023,49.73,ACFT,K,Approved,2023-11-15 07:45:00
4905226,14905226,4905226 Total (Diversion),Annual,1,2024,85.981,ACFT,K,Approved,2024-11-27 08:01:00
4905227,14905227,4905227 Total (Diversion),Annual,1,2011,113.841,ACFT,K,Approved,2013-09-18 14:40:00
4905227,14905227,4905227 Total (Diversion),Annual,1,2012,135.0685,ACFT,K,Approved,2013-12-12 16:35:00
4905227,14905227,4905227 Total (Diversion),Annual,1,2013,166.1361,ACFT,K,Approved,2014-03-26 16:10:00
4905227,14905227,4905227 Total (Diversion),Annual,1,2014,175.689,ACFT,K,Approved,2015-03-30 12:01:00
4905227,14905227,4905227 Total (Diversion),Annual,1,2015,151.0895,ACFT,K,Approved,2016-03-11 08:20:00
4905227,14905227,4905227 Total (Diversion),Annual,1,2016,141.1776,ACFT,K,Approved,2017-03-24 08:51:00
4905227,14905227,4905227 Total (Diversion),Annual,1,2017,161.94,ACFT,K,Approved,2018-03-09 09:45:00
4905227,14905227,4905227 Total (Diversion),Annual,1,2018,142.453,ACFT,K,Approved,2019-03-12 12:55:00
4905227,14905227,4905227 Total (Diversion),Annual,1,2019,170.516,ACFT,K,Approved,2020-02-27 07:00:00
4905227,14905227,4905227 Total (Diversion),Annual,1,2020,175.053,ACFT,K,Approved,2021-03-11 13:45:00
4905227,14905227,4905227 Total (Diversion),Annual,1,2021,152.499,ACFT,K,Approved,2022-03-03 11:45:00
4905227,14905227,4905227 Total (Diversion),Annual,1,2022,186.141,ACFT,K,Approved,2022-11-14 07:36:00
4905227,14905227,4905227 Total (Diversion),Annual,1,2023,141.768,ACFT,K,Approved,2023-11-14 09:47:00
4905227,14905227,4905227 Total (Diversion),Annual,1,2024,171.887,ACFT,K,Approved,2024-11-27 08:01:00
4905228,14905228,4905228 Total (Diversion),Annual,1,2011,183.362,ACFT,K,Approved,2013-09-18 14:40:00
4905228,14905228,4905228 Total (Diversion),Annual,1,2012,208.467,ACFT,K,Approved,2013-04-19 01:21:00
4905228,14905228,4905228 Total (Diversion),Annual,1,2013,245.62,ACFT,K,Approved,2014-03-26 16:10:00
4905228,14905228,4905228 Total (Diversion),Annual,1,2014,192.16,ACFT,K,Approved,2015-03-30 12:01:00
4905228,14905228,4905228 Total (Diversion),Annual,1,2015,168.872,ACFT,K,Approved,2016-03-11 08:20:00
4905228,14905228,4905228 Total (Diversion),Annual,1,2016,137.932,ACFT,K,Approved,2017-03-24 08:51:00
4905228,14905228,4905228 Total (Diversion),Annual,1,2017,167.432,ACFT,K,Approved,2018-03-09 09:45:00
4905228,14905228,4905228 Total (Diversion),Annual,1,2018,153.138,ACFT,K,Approved,2019-03-12 12:55:00
4905228,14905228,4905228 Total (Diversion),Annual,1,2019,157.451,ACFT,K,Approved,2020-02-27 07:00:00
4905228,14905228,4905228 Total (Diversion),Annual,1,2020,166.208,ACFT,K,Approved,2021-03-11 13:45:00
4905228,14905228,4905228 Total (Diversion),Annual,1,2021,127.18,ACFT,K,Approved,2022-03-03 11:45:00
4905228,14905228,4905228 Total (Diversion),Annual,1,2022,156.049,ACFT,K,Approved,2022-11-14 07:36:00
4905228,14905228,4905228 Total (Diversion),Annual,1,2023,114.535,ACFT,K,Approved,2023-11-14 09:47:00
4905228,14905228,4905228 Total (Diversion),Annual,1,2024,121.03,ACFT,K,Approved,2024-11-27 08:01:00
4905250,14905250,4905250 Total (Diversion),Annual,1,2011,186.252,ACFT,K,Approved,2013-09-18 14:40:00
4905250,14905250,4905250 Total (Diversion),Annual,1,2012,241.246,ACFT,K,Approved,2013-04-19 01:39:00
4905250,14905250,4905250 Total (Diversion),Annual,1,2013,227.0719,ACFT,K,Approved,2014-03-26 16:10:00
4905250,14905250,4905250 Total (Diversion),Annual,1,2014,178.0394,ACFT,K,Approved,2015-03-30 12:01:00
4905250,14905250,4905250 Total (Diversion),Annual,1,2015,129.0837,ACFT,K,Approved,2016-03-11 08:20:00
4905250,14905250,4905250 Total (Diversion),Annual,1,2016,154.7851,ACFT,K,Approved,2017-03-24 08:51:00
4905250,14905250,4905250 Total (Diversion),Annual,1,2017,144.7658,ACFT,K,Approved,2018-03-09 09:45:00
4905250,14905250,4905250 Total (Diversion),Annual,1,2018,179.243,ACFT,K,Approved,2019-03-12 12:55:00
4905250,14905250,4905250 Total (Diversion),Annual,1,2019,142.716,ACFT,K,Approved,2020-02-27 07:00:00
4905250,14905250,4905250 Total (Diversion),Annual,1,2020,174.305,ACFT,K,Approved,2021-03-11 13:45:00
4905250,14905250,4905250 Total (Diversion),Annual,1,2021,155.161,ACFT,K,Approved,2022-03-03 11:45:00
4905250,14905250,4905250 Total (Diversion),Annual,1,2022,203.865,ACFT,K,Approved,2022-12-01 07:33:00
4905250,14905250,4905250 Total (Diversion),Annual,1,2023,62.175,ACFT,K,Approved,2023-11-21 06:32:00
4905250,14905250,4905250 Total (Diversion),Annual,1,2024,147.975,ACFT,K,Approved,2024-11-14 06:20:00
4905255,14905255,4905255 Total (Diversion),Annual,1,2011,3.257,ACFT,K,Approved,2013-09-18 14:40:00
4905255,14905255,4905255 Total (Diversion),Annual,1,2012,98.99,ACFT,K,Approved,2013-04-19 01:43:00
4905255,14905255,4905255 Total (Diversion),Annual,1,2013,121.459,ACFT,K,Approved,2014-03-26 16:10:00
4905255,14905255,4905255 Total (Diversion),Annual,1,2014,109.776,ACFT,K,Approved,2015-03-30 12:01:00
4905255,14905255,4905255 Total (Diversion),Annual,1,2015,89.715,ACFT,K,Approved,2016-03-11 08:20:00
4905255,14905255,4905255 Total (Diversion),Annual,1,2016,51.092,ACFT,K,Approved,2017-03-24 08:51:00
4905255,14905255,4905255 Total (Diversion),Annual,1,2017,98.996,ACFT,K,Approved,2018-03-09 09:45:00
4905255,14905255,4905255 Total (Diversion),Annual,1,2018,71.091,ACFT,K,Approved,2019-03-12 12:55:00
4905255,14905255,4905255 Total (Diversion),Annual,1,2019,61.566,ACFT,K,Approved,2020-02-27 07:00:00
4905255,14905255,4905255 Total (Diversion),Annual,1,2020,91.813,ACFT,K,Approved,2021-03-11 13:45:00
4905255,14905255,4905255 Total (Diversion),Annual,1,2021,65.839,ACFT,K,Approved,2022-03-03 11:45:00
4905255,14905255,4905255 Total (Diversion),Annual,1,2022,88.59,ACFT,K,Approved,2022-11-28 07:02:00
4905255,14905255,4905255 Total (Diversion),Annual,1,2023,59.479,ACFT,K,Approved,2023-12-05 07:20:00
4905256,14905256,4905256 Total (Diversion),Annual,1,2011,51.358,ACFT,K,Approved,2013-09-18 14:40:00
4905256,14905256,4905256 Total (Diversion),Annual,1,2012,101.931,ACFT,K,Approved,2013-04-19 01:44:00
4905256,14905256,4905256 Total (Diversion),Annual,1,2013,112.2166,ACFT,K,Approved,2014-03-26 16:10:00
4905256,14905256,4905256 Total (Diversion),Annual,1,2014,110.6193,ACFT,K,Approved,2015-03-30 12:01:00
4905256,14905256,4905256 Total (Diversion),Annual,1,2015,77.9607,ACFT,K,Approved,2016-03-11 08:20:00
4905256,14905256,4905256 Total (Diversion),Annual,1,2016,7.0398,ACFT,K,Approved,2017-03-24 08:51:00
4905256,14905256,4905256 Total (Diversion),Annual,1,2017,58.5809,ACFT,K,Approved,2018-03-09 09:45:00
4905256,14905256,4905256 Total (Diversion),Annual,1,2018,442.015,ACFT,K,Approved,2019-03-12 12:55:00
4905256,14905256,4905256 Total (Diversion),Annual,1,2019,63.103,ACFT,K,Approved,2020-02-27 07:00:00
4905256,14905256,4905256 Total (Diversion),Annual,1,2020,66.698,ACFT,K,Approved,2021-03-11 13:45:00
4905256,14905256,4905256 Total (Diversion),Annual,1,2021,64.9691,ACFT,K,Approved,2022-03-03 11:45:00
4905256,14905256,4905256 Total (Diversion),Annual,1,2022,85.2431,ACFT,K,Approved,2022-11-28 07:02:00
4905256,14905256,4905256 Total (Diversion),Annual,1,2023,62.5877,ACFT,K,Approved,2023-12-05 07:20:00
4905277,14905277,4905277 Total (Diversion),Annual,1,2011,153.061,ACFT,K,Approved,2013-09-18 14:40:00
4905277,14905277,4905277 Total (Diversion),Annual,1,2012,237.306,ACFT,K,Approved,2013-04-19 02:03:00
4905277,14905277,4905277 Total (Diversion),Annual,1,2013,119.366,ACFT,K,Approved,2014-03-26 16:10:00
4905277,14905277,4905277 Total (Diversion),Annual,1,2014,164.515,ACFT,K,Approved,2015-03-30 12:01:00
4905277,14905277,4905277 Total (Diversion),Annual,1,2015,66.551,ACFT,K,Approved,2016-03-11 08:20:00
4905277,14905277,4905277 Total (Diversion),Annual,1,2016,24.236,ACFT,K,Approved,2017-03-24 08:51:00
4905277,14905277,4905277 Total (Diversion),Annual,1,2017,120.551,ACFT,K,Approved,2018-03-09 09:45:00
4905277,14905277,4905277 Total (Diversion),Annual,1,2018,159.378,ACFT,K,Approved,2019-03-12 12:55:00
4905277,14905277,4905277 Total (Diversion),Annual,1,2019,166.792,ACFT,K,Approved,2020-02-27 07:00:00
4905277,14905277,4905277 Total (Diversion),Annual,1,2020,202.997,ACFT,K,Approved,2021-03-11 13:45:00
4905277,14905277,4905277 Total (Diversion),Annual,1,2021,151.424,ACFT,K,Approved,2022-03-03 11:45:00
4905277,14905277,4905277 Total (Diversion),Annual,1,2022,140.931,ACFT,K,Approved,2022-11-22 06:45:00
4905277,14905277,4905277 Total (Diversion),Annual,1,2023,119.188,ACFT,K,Approved,2023-12-27 17:10:00
4905277,14905277,4905277 Total (Diversion),Annual,1,2024,170.867,ACFT,K,Approved,2024-12-27 09:31:00
4905278,14905278,4905278 Total (Diversion),Annual,1,2011,181.407,ACFT,K,Approved,2013-09-18 14:40:00
4905278,14905278,4905278 Total (Diversion),Annual,1,2012,236.917,ACFT,K,Approved,2013-04-19 02:04:00
4905278,14905278,4905278 Total (Diversion),Annual,1,2013,135.129,ACFT,K,Approved,2014-03-26 16:10:00
4905278,14905278,4905278 Total (Diversion),Annual,1,2014,221.222,ACFT,K,Approved,2015-03-30 12:01:00
4905278,14905278,4905278 Total (Diversion),Annual,1,2015,69.216,ACFT,K,Approved,2016-03-11 08:20:00
4905278,14905278,4905278 Total (Diversion),Annual,1,2016,44.092,ACFT,K,Approved,2017-03-24 08:51:00
4905278,14905278,4905278 Total (Diversion),Annual,1,2017,101.1822,ACFT,K,Approved,2018-03-09 09:45:00
4905278,14905278,4905278 Total (Diversion),Annual,1,2018,116.1323,ACFT,K,Approved,2019-03-12 12:55:00
4905278,14905278,4905278 Total (Diversion),Annual,1,2019,115.962,ACFT,K,Approved,2020-02-27 07:00:00
4905278,14905278,4905278 Total (Diversion),Annual,1,2020,210.627,ACFT,K,Approved,2021-03-11 13:45:00
4905278,14905278,4905278 Total (Diversion),Annual,1,2021,124.215,ACFT,K,Approved,2022-03-03 11:45:00
4905278,14905278,4905278 Total (Diversion),Annual,1,2022,150.735,ACFT,K,Approved,2022-12-07 06:52:00
4905278,14905278,4905278 Total (Diversion),Annual,1,2023,120.419,ACFT,K,Approved,2023-12-01 09:55:00
4905278,14905278,4905278 Total (Diversion),Annual,1,2024,153.339,ACFT,K,Approved,2024-12-11 08:44:00
4905279,14905279,4905279 Total (Diversion),Annual,1,2011,239.95,ACFT,K,Approved,2013-09-18 14:40:00
4905279,14905279,4905279 Total (Diversion),Annual,1,2012,150.16,ACFT,K,Approved,2013-04-19 02:04:00
4905279,14905279,4905279 Total (Diversion),Annual,1,2013,153.388,ACFT,K,Approved,2014-03-26 16:10:00
4905279,14905279,4905279 Total (Diversion),Annual,1,2014,68.851,ACFT,K,Approved,2015-03-30 12:01:00
4905279,14905279,4905279 Total (Diversion),Annual,1,2015,77.282,ACFT,K,Approved,2016-03-11 08:20:00
4905279,14905279,4905279 Total (Diversion),Annual,1,2016,10.07,ACFT,K,Approved,2017-03-24 08:51:00
4905279,14905279,4905279 Total (Diversion),Annual,1,2017,69.431,ACFT,K,Approved,2018-03-09 09:45:00
4905279,14905279,4905279 Total (Diversion),Annual,1,2018,100.206,ACFT,K,Approved,2019-03-12 12:55:00
4905279,14905279,4905279 Total (Diversion),Annual,1,2019,96.002,ACFT,K,Approved,2020-02-27 07:00:00
4905279,14905279,4905279 Total (Diversion),Annual,1,2020,141.366,ACFT,K,Approved,2021-03-11 13:45:00
4905279,14905279,4905279 Total (Diversion),Annual,1,2021,42.306,ACFT,K,Approved,2022-03-03 11:45:00
4905279,14905279,4905279 Total (Diversion),Annual,1,2022,102.788,ACFT,K,Approved,2022-12-05 07:49:00
4905279,14905279,4905279 Total (Diversion),Annual,1,2023,111.614,ACFT,K,Approved,2023-12-13 08:53:00
4905279,14905279,4905279 Total (Diversion),Annual,1,2024,101.79,ACFT,K,Approved,2024-12-05 07:53:00
4905281,14905281,4905281 Total (Diversion),Annual,1,2011,217.08,ACFT,K,Approved,2013-09-18 14:40:00
4905281,14905281,4905281 Total (Diversion),Annual,1,2012,203.344,ACFT,K,Approved,2013-04-19 02:06:00
4905281,14905281,4905281 Total (Diversion),Annual,1,2013,183.627,ACFT,K,Approved,2014-03-26 16:10:00
4905281,14905281,4905281 Total (Diversion),Annual,1,2014,166.454,ACFT,K,Approved,2015-03-30 12:01:00
4905281,14905281,4905281 Total (Diversion),Annual,1,2015,138.694,ACFT,K,Approved,2016-03-11 08:20:00
4905281,14905281,4905281 Total (Diversion),Annual,1,2016,140.748,ACFT,K,Approved,2017-03-24 08:51:00
4905281,14905281,4905281 Total (Diversion),Annual,1,2017,112.973,ACFT,K,Approved,2018-03-09 09:45:00
4905281,14905281,4905281 Total (Diversion),Annual,1,2018,148.801,ACFT,K,Approved,2019-03-12 12:55:00
4905281,14905281,4905281 Total (Diversion),Annual,1,2019,139.052,ACFT,K,Approved,2020-02-27 07:00:00
4905281,14905281,4905281 Total (Diversion),Annual,1,2020,167.0,ACFT,K,Approved,2021-03-11 13:45:00
4905281,14905281,4905281 Total (Diversion),Annual,1,2021,135.2251,ACFT,K,Approved,2022-03-03 11:45:00
4905281,14905281,4905281 Total (Diversion),Annual,1,2022,132.1336,ACFT,K,Approved,2022-11-02 06:53:00
4905281,14905281,4905281 Total (Diversion),Annual,1,2023,85.5268,ACFT,K,Approved,2023-12-12 15:20:00
4905281,14905281,4905281 Total (Diversion),Annual,1,2024,131.9279,ACFT,K,Approved,2024-12-05 10:26:00
4905282,14905282,4905282 Total (Diversion),Annual,1,2011,282.779,ACFT,K,Approved,2013-09-18 14:40:00
4905282,14905282,4905282 Total (Diversion),Annual,1,2012,354.965,ACFT,K,Approved,2013-04-19 02:06:00
4905282,14905282,4905282 Total (Diversion),Annual,1,2013,338.695,ACFT,K,Approved,2014-03-26 16:10:00
4905282,14905282,4905282 Total (Diversion),Annual,1,2014,275.293,ACFT,K,Approved,2015-03-30 12:01:00
4905282,14905282,4905282 Total (Diversion),Annual,1,2015,4.418,ACFT,K,Approved,2016-03-11 08:20:00
4905282,14905282,4905282 Total (Diversion),Annual,1,2016,204.919,ACFT,K,Approved,2017-03-24 08:51:00
4905282,14905282,4905282 Total (Diversion),Annual,1,2017,181.055,ACFT,K,Approved,2018-03-09 09:45:00
4905282,14905282,4905282 Total (Diversion),Annual,1,2018,242.628,ACFT,K,Approved,2019-03-12 12:55:00
4905282,14905282,4905282 Total (Diversion),Annual,1,2019,214.933,ACFT,K,Approved,2020-02-27 07:00:00
4905282,14905282,4905282 Total (Diversion),Annual,1,2020,249.858,ACFT,K,Approved,2021-03-11 13:45:00
4905282,14905282,4905282 Total (Diversion),Annual,1,2021,150.429,ACFT,K,Approved,2022-03-03 11:45:00
4905282,14905282,4905282 Total (Diversion),Annual,1,2022,190.083,ACFT,K,Approved,2022-11-02 06:53:00
4905282,14905282,4905282 Total (Diversion),Annual,1,2023,137.479,ACFT,K,Approved,2023-12-12 15:18:00
4905282,14905282,4905282 Total (Diversion),Annual,1,2024,232.184,ACFT,K,Approved,2024-12-05 10:32:00
4905284,14905284,4905284 Total (Diversion),Annual,1,2011,87.519,ACFT,K,Approved,2013-09-18 14:40:00
4905284,14905284,4905284 Total (Diversion),Annual,1,2012,172.502,ACFT,K,Approved,2013-04-19 02:09:00
4905284,14905284,4905284 Total (Diversion),Annual,1,2013,110.925,ACFT,K,Approved,2014-03-26 16:10:00
4905284,14905284,4905284 Total (Diversion),Annual,1,2014,52.586,ACFT,K,Approved,2015-03-30 12:01:00
4905284,14905284,4905284 Total (Diversion),Annual,1,2015,137.441,ACFT,K,Approved,2016-03-11 08:20:00
4905284,14905284,4905284 Total (Diversion),Annual,1,2016,125.025,ACFT,K,Approved,2017-03-24 08:51:00
4905284,14905284,4905284 Total (Diversion),Annual,1,2017,99.132,ACFT,K,Approved,2018-03-09 09:45:00
4905284,14905284,4905284 Total (Diversion),Annual,1,2018,127.136,ACFT,K,Approved,2019-03-12 12:55:00
4905284,14905284,4905284 Total (Diversion),Annual,1,2019,145.512,ACFT,K,Approved,2020-02-27 07:00:00
4905284,14905284,4905284 Total (Diversion),Annual,1,2020,168.336,ACFT,K,Approved,2021-03-11 13:45:00
4905284,14905284,4905284 Total (Diversion),Annual,1,2021,131.857,ACFT,K,Approved,2022-03-03 11:45:00
4905284,14905284,4905284 Total (Diversion),Annual,1,2022,172.625,ACFT,K,Approved,2022-11-14 07:36:00
4905284,14905284,4905284 Total (Diversion),Annual,1,2023,106.745,ACFT,K,Approved,2023-11-14 09:57:00
4905284,14905284,4905284 Total (Diversion),Annual,1,2024,3.135,ACFT,K,Approved,2024-12-05 08:05:00
4905290,14905290,4905290 Total (Diversion),Annual,1,2011,36.5044,ACFT,K,Approved,2013-09-18 14:40:00
4905290,14905290,4905290 Total (Diversion),Annual,1,2012,34.4114,ACFT,K,Approved,2013-04-19 02:15:00
4905290,14905290,4905290 Total (Diversion),Annual,1,2013,37.1489,ACFT,K,Approved,2014-03-26 16:10:00
4905290,14905290,4905290 Total (Diversion),Annual,1,2014,41.5834,ACFT,K,Approved,2015-03-30 12:01:00
4905290,14905290,4905290 Total (Diversion),Annual,1,2015,57.8455,ACFT,K,Approved,2016-03-11 08:20:00
4905290,14905290,4905290 Total (Diversion),Annual,1,2016,56.2129,ACFT,K,Approved,2017-03-24 08:51:00
4905290,14905290,4905290 Total (Diversion),Annual,1,2017,54.4574,ACFT,K,Approved,2018-03-09 09:45:00
4905290,14905290,4905290 Total (Diversion),Annual,1,2018,13.4632,ACFT,K,Approved,2019-03-12 12:55:00
4905290,14905290,4905290 Total (Diversion),Annual,1,2020,0.0,ACFT,K,Approved,2021-03-11 13:45:00
4905290,14905290,4905290 Total (Diversion),Annual,1,2021,0.0,ACFT,K,Approved,2022-03-03 11:45:00
4905290,14905290,4905290 Total (Diversion),Annual,1,2022,0.0,ACFT,K,Approved,2022-11-08 06:55:00
4905290,14905290,4905290 Total (Diversion),Annual,1,2023,0.0,ACFT,K,Approved,2023-11-16 07:36:00
4905290,14905290,4905290 Total (Diversion),Annual,1,2024,0.0,ACFT,K,Approved,2024-10-22 08:06:00
4905291,14905291,4905291 Total (Diversion),Annual,1,2011,134.138,ACFT,K,Approved,2013-09-18 14:40:00
4905291,14905291,4905291 Total (Diversion),Annual,1,2012,236.9549,ACFT,K,Approved,2013-04-19 02:16:00
4905291,14905291,4905291 Total (Diversion),Annual,1,2013,178.1335,ACFT,K,Approved,2014-03-26 16:10:00
4905291,14905291,4905291 Total (Diversion),Annual,1,2014,61.8995,ACFT,K,Approved,2015-03-30 12:01:00
4905291,14905291,4905291 Total (Diversion),Annual,1,2015,139.3213,ACFT,K,Approved,2016-03-11 08:20:00
4905291,14905291,4905291 Total (Diversion),Annual,1,2016,202.2888,ACFT,K,Approved,2017-03-24 08:51:00
4905291,14905291,4905291 Total (Diversion),Annual,1,2017,179.9964,ACFT,K,Approved,2018-03-09 09:45:00
4905291,14905291,4905291 Total (Diversion),Annual,1,2018,148.5909,ACFT,K,Approved,2019-03-12 12:55:00
4905291,14905291,4905291 Total (Diversion),Annual,1,2019,97.0672,ACFT,K,Approved,2020-02-27 07:00:00
4905291,14905291,4905291 Total (Diversion),Annual,1,2020,153.0336,ACFT,K,Approved,2021-03-11 13:45:00
4905291,14905291,4905291 Total (Diversion),Annual,1,2021,194.7698,ACFT,K,Approved,2022-03-03 11:45:00
4905291,14905291,4905291 Total (Diversion),Annual,1,2022,206.2827,ACFT,K,Approved,2022-11-08 06:59:00
4905291,14905291,4905291 Total (Diversion),Annual,1,2023,131.3939,ACFT,K,Approved,2023-11-16 07:40:00
4905291,14905291,4905291 Total (Diversion),Annual,1,2024,171.6265,ACFT,K,Approved,2024-10-22 08:06:00
4905292,14905292,4905292 Total (Diversion),Annual,1,2011,280.392,ACFT,K,Approved,2013-09-18 14:40:00
4905292,14905292,4905292 Total (Diversion),Annual,1,2012,183.6913,ACFT,K,Approved,2013-04-19 02:17:00
4905292,14905292,4905292 Total (Diversion),Annual,1,2013,167.6687,ACFT,K,Approved,2014-03-26 16:10:00
4905292,14905292,4905292 Total (Diversion),Annual,1,2014,88.9302,ACFT,K,Approved,2015-03-30 12:01:00
4905292,14905292,4905292 Total (Diversion),Annual,1,2015,40.9696,ACFT,K,Approved,2016-03-11 08:20:00
4905292,14905292,4905292 Total (Diversion),Annual,1,2016,35.8968,ACFT,K,Approved,2017-03-24 08:51:00
4905292,14905292,4905292 Total (Diversion),Annual,1,2017,18.5852,ACFT,K,Approved,2018-03-09 09:45:00
4905292,14905292,4905292 Total (Diversion),Annual,1,2018,167.2278,ACFT,K,Approved,2019-03-12 12:55:00
4905292,14905292,4905292 Total (Diversion),Annual,1,2019,235.9432,ACFT,K,Approved,2020-02-27 07:00:00
4905292,14905292,4905292 Total (Diversion),Annual,1,2020,216.4996,ACFT,K,Approved,2021-03-11 13:45:00
4905292,14905292,4905292 Total (Diversion),Annual,1,2021,151.3924,ACFT,K,Approved,2022-03-03 11:45:00
4905292,14905292,4905292 Total (Diversion),Annual,1,2022,138.6333,ACFT,K,Approved,2022-11-08 06:59:00
4905292,14905292,4905292 Total (Diversion),Annual,1,2023,131.8369,ACFT,K,Approved,2023-11-16 07:40:00
4905292,14905292,4905292 Total (Diversion),Annual,1,2024,170.0239,ACFT,K,Approved,2024-10-22 08:06:00
4905293,14905293,4905293 Total (Diversion),Annual,1,2011,231.5568,ACFT,K,Approved,2013-09-18 14:40:00
4905293,14905293,4905293 Total (Diversion),Annual,1,2012,130.219,ACFT,K,Approved,2013-04-19 02:18:00
4905293,14905293,4905293 Total (Diversion),Annual,1,2013,190.6208,ACFT,K,Approved,2014-03-26 16:10:00
4905293,14905293,4905293 Total (Diversion),Annual,1,2014,50.5753,ACFT,K,Approved,2015-03-30 12:01:00
4905293,14905293,4905293 Total (Diversion),Annual,1,2015,183.8079,ACFT,K,Approved,2016-03-11 08:20:00
4905293,14905293,4905293 Total (Diversion),Annual,1,2016,179.6373,ACFT,K,Approved,2017-03-24 08:51:00
4905293,14905293,4905293 Total (Diversion),Annual,1,2017,149.2492,ACFT,K,Approved,2018-03-09 09:45:00
4905293,14905293,4905293 Total (Diversion),Annual,1,2018,33.144,ACFT,K,Approved,2019-03-12 12:55:00
4905293,14905293,4905293 Total (Diversion),Annual,1,2020,0.0,ACFT,K,Approved,2021-03-11 13:45:00
4905293,14905293,4905293 Total (Diversion),Annual,1,2021,0.0,ACFT,K,Approved,2022-03-03 11:45:00
4905293,14905293,4905293 Total (Diversion),Annual,1,2023,0.0,ACFT,K,Approved,2023-11-16 07:36:00
4905313,14905313,4905313 Total (Diversion),Annual,1,2011,238.043,ACFT,K,Approved,2013-09-18 14:40:00
4905313,14905313,4905313 Total (Diversion),Annual,1,2012,268.365,ACFT,K,Approved,2013-04-19 02:37:00
4905313,14905313,4905313 Total (Diversion),Annual,1,2013,210.7961,ACFT,K,Approved,2014-03-26 16:10:00
4905313,14905313,4905313 Total (Diversion),Annual,1,2014,199.6282,ACFT,K,Approved,2015-03-30 12:01:00
4905313,14905313,4905313 Total (Diversion),Annual,1,2015,171.9526,ACFT,K,Approved,2016-03-11 08:20:00
4905313,14905313,4905313 Total (Diversion),Annual,1,2016,189.9874,ACFT,K,Approved,2017-03-24 08:51:00
4905313,14905313,4905313 Total (Diversion),Annual,1,2017,143.702,ACFT,K,Approved,2018-03-09 09:45:00
4905313,14905313,4905313 Total (Diversion),Annual,1,2018,115.694,ACFT,K,Approved,2019-03-12 12:55:00
4905313,14905313,4905313 Total (Diversion),Annual,1,2019,87.503,ACFT,K,Approved,2020-02-27 07:00:00
4905313,14905313,4905313 Total (Diversion),Annual,1,2020,209.378,ACFT,K,Approved,2021-03-11 13:45:00
4905313,14905313,4905313 Total (Diversion),Annual,1,2021,129.308,ACFT,K,Approved,2022-03-03 11:45:00
4905313,14905313,4905313 Total (Diversion),Annual,1,2022,210.2523,ACFT,K,Approved,2022-12-01 07:33:00
4905313,14905313,4905313 Total (Diversion),Annual,1,2023,145.3983,ACFT,K,Approved,2023-11-28 08:35:00
4905313,14905313,4905313 Total (Diversion),Annual,1,2024,280.7705,ACFT,K,Approved,2024-12-02 06:52:00
4905318,14905318,4905318 Total (Diversion),Annual,1,2011,184.564,ACFT,K,Approved,2013-09-18 14:40:00
4905318,14905318,4905318 Total (Diversion),Annual,1,2012,144.552,ACFT,K,Approved,2013-04-19 02:41:00
4905318,14905318,4905318 Total (Diversion),Annual,1,2013,208.117,ACFT,K,Approved,2014-03-26 16:10:00
4905318,14905318,4905318 Total (Diversion),Annual,1,2014,180.371,ACFT,K,Approved,2015-03-30 12:01:00
4905318,14905318,4905318 Total (Diversion),Annual,1,2015,13.036,ACFT,K,Approved,2016-03-11 08:20:00
4905318,14905318,4905318 Total (Diversion),Annual,1,2016,5.154,ACFT,K,Approved,2017-03-24 08:51:00
4905318,14905318,4905318 Total (Diversion),Annual,1,2017,89.448,ACFT,K,Approved,2018-03-09 09:45:00
4905318,14905318,4905318 Total (Diversion),Annual,1,2018,134.551,ACFT,K,Approved,2019-03-12 12:55:00
4905318,14905318,4905318 Total (Diversion),Annual,1,2019,127.591,ACFT,K,Approved,2020-02-27 07:00:00
4905318,14905318,4905318 Total (Diversion),Annual,1,2020,217.346,ACFT,K,Approved,2021-03-11 13:45:00
4905318,14905318,4905318 Total (Diversion),Annual,1,2021,158.058,ACFT,K,Approved,2022-03-03 11:45:00
4905318,14905318,4905318 Total (Diversion),Annual,1,2022,248.407,ACFT,K,Approved,2022-12-12 07:15:00
4905318,14905318,4905318 Total (Diversion),Annual,1,2023,126.716,ACFT,K,Approved,2023-12-05 07:20:00
4905318,14905318,4905318 Total (Diversion),Annual,1,2024,250.596,ACFT,K,Approved,2024-12-04 06:22:00
4905319,14905319,4905319 Total (Diversion),Annual,1,2011,149.965,ACFT,K,Approved,2013-09-18 14:40:00
4905319,14905319,4905319 Total (Diversion),Annual,1,2012,197.761,ACFT,K,Approved,2013-04-19 02:42:00
4905319,14905319,4905319 Total (Diversion),Annual,1,2013,157.123,ACFT,K,Approved,2014-03-26 16:10:00
4905319,14905319,4905319 Total (Diversion),Annual,1,2014,78.579,ACFT,K,Approved,2015-03-30 12:01:00
4905319,14905319,4905319 Total (Diversion),Annual,1,2015,149.91,ACFT,K,Approved,2016-03-11 08:20:00
4905319,14905319,4905319 Total (Diversion),Annual,1,2016,113.427,ACFT,K,Approved,2017-03-24 08:51:00
4905319,14905319,4905319 Total (Diversion),Annual,1,2017,130.766,ACFT,K,Approved,2018-03-09 09:45:00
4905319,14905319,4905319 Total (Diversion),Annual,1,2018,133.75,ACFT,K,Approved,2019-03-12 12:55:00
4905319,14905319,4905319 Total (Diversion),Annual,1,2019,149.74,ACFT,K,Approved,2020-02-27 07:00:00
4905319,14905319,4905319 Total (Diversion),Annual,1,2020,191.286,ACFT,K,Approved,2021-03-11 13:45:00
4905319,14905319,4905319 Total (Diversion),Annual,1,2021,176.841,ACFT,K,Approved,2022-03-03 11:45:00
4905319,14905319,4905319 Total (Diversion),Annual,1,2022,188.13,ACFT,K,Approved,2022-12-12 07:15:00
4905319,14905319,4905319 Total (Diversion),Annual,1,2023,142.254,ACFT,K,Approved,2023-12-05 07:20:00
4905319,14905319,4905319 Total (Diversion),Annual,1,2024,186.216,ACFT,K,Approved,2024-12-04 06:22:00
4905333,14905333,4905333 Total (Diversion),Annual,1,2011,278.07,ACFT,K,Approved,2013-09-18 14:40:00
4905333,14905333,4905333 Total (Diversion),Annual,1,2012,366.871,ACFT,K,Approved,2013-04-19 02:55:00
4905333,14905333,4905333 Total (Diversion),Annual,1,2013,379.856,ACFT,K,Approved,2014-03-26 16:10:00
4905333,14905333,4905333 Total (Diversion),Annual,1,2014,263.158,ACFT,K,Approved,2015-03-30 12:01:00
4905333,14905333,4905333 Total (Diversion),Annual,1,2015,38.704,ACFT,K,Approved,2016-03-11 08:20:00
4905333,14905333,4905333 Total (Diversion),Annual,1,2016,114.854,ACFT,K,Approved,2017-03-24 08:51:00
4905333,14905333,4905333 Total (Diversion),Annual,1,2017,0.781,ACFT,K,Approved,2018-03-09 09:45:00
4905333,14905333,4905333 Total (Diversion),Annual,1,2018,0.1565,ACFT,K,Approved,2019-03-12 12:55:00
4905333,14905333,4905333 Total (Diversion),Annual,1,2019,63.9854,ACFT,K,Approved,2020-02-27 07:00:00
4905333,14905333,4905333 Total (Diversion),Annual,1,2020,77.7255,ACFT,K,Approved,2021-03-11 13:45:00
4905333,14905333,4905333 Total (Diversion),Annual,1,2021,74.8043,ACFT,K,Approved,2022-03-03 11:45:00
4905333,14905333,4905333 Total (Diversion),Annual,1,2022,72.4697,ACFT,K,Approved,2022-11-07 06:43:00
4905333,14905333,4905333 Total (Diversion),Annual,1,2023,206.3003,ACFT,K,Approved,2023-11-15 07:45:00
4905333,14905333,4905333 Total (Diversion),Annual,1,2024,191.1066,ACFT,K,Approved,2024-11-21 07:39:00
4905336,14905336,4905336 Total (Diversion),Annual,1,2011,0.0,ACFT,K,Approved,2013-09-18 14:40:00
4905336,14905336,4905336 Total (Diversion),Annual,1,2012,0.0092,ACFT,K,Approved,2013-04-19 02:57:00
4905336,14905336,4905336 Total (Diversion),Annual,1,2013,0.0031,ACFT,K,Approved,2014-03-26 16:10:00
4905336,14905336,4905336 Total (Diversion),Annual,1,2014,186.484,ACFT,K,Approved,2015-03-30 12:01:00
4905336,14905336,4905336 Total (Diversion),Annual,1,2015,36.1668,ACFT,K,Approved,2016-03-11 08:20:00
4905336,14905336,4905336 Total (Diversion),Annual,1,2016,2.7681,ACFT,K,Approved,2017-03-24 08:51:00
4905336,14905336,4905336 Total (Diversion),Annual,1,2017,1.0342,ACFT,K,Approved,2018-03-09 09:45:00
4905336,14905336,4905336 Total (Diversion),Annual,1,2018,0.938,ACFT,K,Approved,2019-03-12 12:55:00
4905336,14905336,4905336 Total (Diversion),Annual,1,2019,29.1683,ACFT,K,Approved,2020-02-27 07:00:00
4905336,14905336,4905336 Total (Diversion),Annual,1,2020,25.1999,ACFT,K,Approved,2021-03-11 13:45:00
4905336,14905336,4905336 Total (Diversion),Annual,1,2021,20.0102,ACFT,K,Approved,2022-03-03 11:45:00
4905336,14905336,4905336 Total (Diversion),Annual,1,2022,15.9009,ACFT,K,Approved,2022-11-08 06:59:00
4905336,14905336,4905336 Total (Diversion),Annual,1,2023,12.2033,ACFT,K,Approved,2023-11-16 07:40:00
4905336,14905336,4905336 Total (Diversion),Annual,1,2024,25.4685,ACFT,K,Approved,2024-10-22 08:06:00
4905338,14905338,4905338 Total (Diversion),Annual,1,2011,379.641,ACFT,K,Approved,2013-09-18 14:40:00
4905338,14905338,4905338 Total (Diversion),Annual,1,2012,294.764,ACFT,K,Approved,2013-04-19 02:59:00
4905338,14905338,4905338 Total (Diversion),Annual,1,2013,320.2,ACFT,K,Approved,2014-03-26 16:10:00
4905338,14905338,4905338 Total (Diversion),Annual,1,2014,245.351,ACFT,K,Approved,2015-03-30 12:01:00
4905338,14905338,4905338 Total (Diversion),Annual,1,2015,260.91,ACFT,K,Approved,2016-03-11 08:20:00
4905338,14905338,4905338 Total (Diversion),Annual,1,2016,189.478,ACFT,K,Approved,2017-03-24 08:51:00
4905338,14905338,4905338 Total (Diversion),Annual,1,2017,198.7434,ACFT,K,Approved,2018-03-09 09:45:00
4905338,14905338,4905338 Total (Diversion),Annual,1,2018,208.2125,ACFT,K,Approved,2019-03-12 12:55:00
4905338,14905338,4905338 Total (Diversion),Annual,1,2019,181.8746,ACFT,K,Approved,2020-02-27 07:00:00
4905338,14905338,4905338 Total (Diversion),Annual,1,2020,190.1717,ACFT,K,Approved,2021-03-11 13:45:00
4905338,14905338,4905338 Total (Diversion),Annual,1,2021,190.0253,ACFT,K,Approved,2022-03-03 11:45:00
4905338,14905338,4905338 Total (Diversion),Annual,1,2022,211.895,ACFT,K,Approved,2022-12-01 07:33:00
4905338,14905338,4905338 Total (Diversion),Annual,1,2023,136.171,ACFT,K,Approved,2023-11-21 06:32:00
4905338,14905338,4905338 Total (Diversion),Annual,1,2024,192.475,ACFT,K,Approved,2024-11-14 06:20:00
4905339,14905339,4905339 Total (Diversion),Annual,1,2011,313.751,ACFT,K,Approved,2013-09-18 14:40:00
4905339,14905339,4905339 Total (Diversion),Annual,1,2012,357.571,ACFT,K,Approved,2013-04-19 03:00:00
4905339,14905339,4905339 Total (Diversion),Annual,1,2013,374.949,ACFT,K,Approved,2014-03-26 16:10:00
4905339,14905339,4905339 Total (Diversion),Annual,1,2014,231.114,ACFT,K,Approved,2015-03-30 12:01:00
4905339,14905339,4905339 Total (Diversion),Annual,1,2015,243.293,ACFT,K,Approved,2016-03-11 08:20:00
4905339,14905339,4905339 Total (Diversion),Annual,1,2016,236.522,ACFT,K,Approved,2017-03-24 08:51:00
4905339,14905339,4905339 Total (Diversion),Annual,1,2017,19.466,ACFT,K,Approved,2018-03-09 09:45:00
4905339,14905339,4905339 Total (Diversion),Annual,1,2018,328.3987,ACFT,K,Approved,2019-03-12 12:55:00
4905339,14905339,4905339 Total (Diversion),Annual,1,2019,166.0099,ACFT,K,Approved,2020-02-27 07:00:00
4905339,14905339,4905339 Total (Diversion),Annual,1,2020,111.984,ACFT,K,Approved,2021-03-11 13:45:00
4905339,14905339,4905339 Total (Diversion),Annual,1,2021,149.3975,ACFT,K,Approved,2022-03-03 11:45:00
4905339,14905339,4905339 Total (Diversion),Annual,1,2022,271.6216,ACFT,K,Approved,2022-11-07 14:46:00
4905339,14905339,4905339 Total (Diversion),Annual,1,2023,166.5913,ACFT,K,Approved,2023-11-15 09:06:00
4905339,14905339,4905339 Total (Diversion),Annual,1,2024,221.0734,ACFT,K,Approved,2024-12-18 11:18:00
4905340,14905340,4905340 Total (Diversion),Annual,1,2011,186.62,ACFT,K,Approved,2013-09-18 14:40:00
4905340,14905340,4905340 Total (Diversion),Annual,1,2012,221.533,ACFT,K,Approved,2013-04-19 03:01:00
4905340,14905340,4905340 Total (Diversion),Annual,1,2013,178.106,ACFT,K,Approved,2014-03-26 16:10:00
4905340,14905340,4905340 Total (Diversion),Annual,1,2014,0.0,ACFT,K,Approved,2015-03-30 12:01:00
4905340,14905340,4905340 Total (Diversion),Annual,1,2015,104.126,ACFT,K,Approved,2016-03-11 08:20:00
4905340,14905340,4905340 Total (Diversion),Annual,1,2016,38.269,ACFT,K,Approved,2017-03-24 08:51:00
4905340,14905340,4905340 Total (Diversion),Annual,1,2017,75.949,ACFT,K,Approved,2018-03-09 09:45:00
4905340,14905340,4905340 Total (Diversion),Annual,1,2018,0.0,ACFT,K,Approved,2019-03-12 12:55:00
4905340,14905340,4905340 Total (Diversion),Annual,1,2019,134.773,ACFT,K,Approved,2020-02-27 07:00:00
4905340,14905340,4905340 Total (Diversion),Annual,1,2020,170.116,ACFT,K,Approved,2021-03-11 13:45:00
4905340,14905340,4905340 Total (Diversion),Annual,1,2021,222.215,ACFT,K,Approved,2022-03-03 11:45:00
4905340,14905340,4905340 Total (Diversion),Annual,1,2022,210.078,ACFT,K,Approved,2022-11-22 06:44:00
4905340,14905340,4905340 Total (Diversion),Annual,1,2023,121.514,ACFT,K,Approved,2023-12-27 17:13:00
4905340,14905340,4905340 Total (Diversion),Annual,1,2024,169.78,ACFT,K,Approved,2024-12-27 09:36:00
4905353,14905353,4905353 Total (Diversion),Annual,1,2011,145.192,ACFT,K,Approved,2013-09-18 14:40:00
4905353,14905353,4905353 Total (Diversion),Annual,1,2012,157.94,ACFT,K,Approved,2013-04-19 03:13:00
4905353,14905353,4905353 Total (Diversion),Annual,1,2013,100.673,ACFT,K,Approved,2014-03-26 16:10:00
4905353,14905353,4905353 Total (Diversion),Annual,1,2014,141.613,ACFT,K,Approved,2015-03-30 12:01:00
4905353,14905353,4905353 Total (Diversion),Annual,1,2015,120.446,ACFT,K,Approved,2016-03-11 08:20:00
4905353,14905353,4905353 Total (Diversion),Annual,1,2016,120.265,ACFT,K,Approved,2017-03-24 08:51:00
4905353,14905353,4905353 Total (Diversion),Annual,1,2017,141.136,ACFT,K,Approved,2018-03-09 09:45:00
4905353,14905353,4905353 Total (Diversion),Annual,1,2018,119.422,ACFT,K,Approved,2019-03-12 12:55:00
4905353,14905353,4905353 Total (Diversion),Annual,1,2019,117.337,ACFT,K,Approved,2020-02-27 07:00:00
4905353,14905353,4905353 Total (Diversion),Annual,1,2020,155.553,ACFT,K,Approved,2021-03-11 13:45:00
4905353,14905353,4905353 Total (Diversion),Annual,1,2021,129.493,ACFT,K,Approved,2022-03-03 11:45:00
4905353,14905353,4905353 Total (Diversion),Annual,1,2022,156.817,ACFT,K,Approved,2022-12-01 07:33:00
4905353,14905353,4905353 Total (Diversion),Annual,1,2023,124.626,ACFT,K,Approved,2023-12-01 09:55:00
4905353,14905353,4905353 Total (Diversion),Annual,1,2024,160.85,ACFT,K,Approved,2024-12-02 12:05:00
4905360,14905360,4905360 Total (Diversion),Annual,1,2011,199.615,ACFT,K,Approved,2013-09-18 14:40:00
4905360,14905360,4905360 Total (Diversion),Annual,1,2012,184.532,ACFT,K,Approved,2013-04-19 03:20:00
4905360,14905360,4905360 Total (Diversion),Annual,1,2013,161.667,ACFT,K,Approved,2014-03-26 16:10:00
4905360,14905360,4905360 Total (Diversion),Annual,1,2014,127.25,ACFT,K,Approved,2015-03-30 12:01:00
4905360,14905360,4905360 Total (Diversion),Annual,1,2015,151.075,ACFT,K,Approved,2016-03-11 08:20:00
4905360,14905360,4905360 Total (Diversion),Annual,1,2016,80.177,ACFT,K,Approved,2017-03-24 08:51:00
4905360,14905360,4905360 Total (Diversion),Annual,1,2017,33.173,ACFT,K,Approved,2018-03-09 09:45:00
4905360,14905360,4905360 Total (Diversion),Annual,1,2018,29.49,ACFT,K,Approved,2019-03-12 12:55:00
4905360,14905360,4905360 Total (Diversion),Annual,1,2019,66.47,ACFT,K,Approved,2020-02-27 07:00:00
4905360,14905360,4905360 Total (Diversion),Annual,1,2020,46.314,ACFT,K,Approved,2021-03-11 13:45:00
4905360,14905360,4905360 Total (Diversion),Annual,1,2021,57.28,ACFT,K,Approved,2022-03-03 11:45:00
4905360,14905360,4905360 Total (Diversion),Annual,1,2022,88.146,ACFT,K,Approved,2022-12-19 06:54:00
4905360,14905360,4905360 Total (Diversion),Annual,1,2023,40.082,ACFT,K,Approved,2023-12-19 07:20:00
4905360,14905360,4905360 Total (Diversion),Annual,1,2024,74.317,ACFT,K,Approved,2024-10-30 14:59:00
4905379,14905379,4905379 Total (Diversion),Annual,1,2011,146.4,ACFT,K,Approved,2013-09-18 14:40:00
4905379,14905379,4905379 Total (Diversion),Annual,1,2012,173.378,ACFT,K,Approved,2013-04-19 03:44:00
4905379,14905379,4905379 Total (Diversion),Annual,1,2013,125.044,ACFT,K,Approved,2014-03-26 16:10:00
4905379,14905379,4905379 Total (Diversion),Annual,1,2014,144.074,ACFT,K,Approved,2015-03-30 12:01:00
4905379,14905379,4905379 Total (Diversion),Annual,1,2015,103.237,ACFT,K,Approved,2016-03-11 08:20:00
4905379,14905379,4905379 Total (Diversion),Annual,1,2016,99.404,ACFT,K,Approved,2017-03-24 08:51:00
4905379,14905379,4905379 Total (Diversion),Annual,1,2017,73.926,ACFT,K,Approved,2018-03-09 09:45:00
4905379,14905379,4905379 Total (Diversion),Annual,1,2018,91.657,ACFT,K,Approved,2019-03-12 12:55:00
4905379,14905379,4905379 Total (Diversion),Annual,1,2019,60.137,ACFT,K,Approved,2020-02-27 07:00:00
4905379,14905379,4905379 Total (Diversion),Annual,1,2020,90.742,ACFT,K,Approved,2021-03-11 13:45:00
4905379,14905379,4905379 Total (Diversion),Annual,1,2021,100.9103,ACFT,K,Approved,2022-03-03 11:45:00
4905446,14905446,4905446 Total (Diversion),Annual,1,2016,60.665,ACFT,K,Approved,2017-03-24 08:51:00
4905446,14905446,4905446 Total (Diversion),Annual,1,2017,64.82,ACFT,K,Approved,2018-03-09 09:45:00
4905446,14905446,4905446 Total (Diversion),Annual,1,2018,78.059,ACFT,K,Approved,2019-03-12 12:55:00
4905446,14905446,4905446 Total (Diversion),Annual,1,2019,73.353,ACFT,K,Approved,2020-02-27 07:00:00
4905446,14905446,4905446 Total (Diversion),Annual,1,2020,100.9,ACFT,K,Approved,2021-03-11 13:45:00
4905446,14905446,4905446 Total (Diversion),Annual,1,2021,79.086,ACFT,K,Approved,2022-03-03 11:45:00
4905446,14905446,4905446 Total (Diversion),Annual,1,2022,87.617,ACFT,K,Approved,2022-12-02 08:18:00
4905446,14905446,4905446 Total (Diversion),Annual,1,2023,64.25,ACFT,K,Approved,2023-12-04 07:35:00
4905446,14905446,4905446 Total (Diversion),Annual,1,2024,80.775,ACFT,K,Approved,2024-11-27 08:01:00
4905447,14905447,4905447 Total (Diversion),Annual,1,2016,42.508,ACFT,K,Approved,2017-03-24 08:51:00
4905447,14905447,4905447 Total (Diversion),Annual,1,2017,38.058,ACFT,K,Approved,2018-03-09 09:45:00
4905447,14905447,4905447 Total (Diversion),Annual,1,2018,43.25,ACFT,K,Approved,2019-03-12 12:55:00
4905447,14905447,4905447 Total (Diversion),Annual,1,2019,40.125,ACFT,K,Approved,2020-02-27 07:00:00
4905447,14905447,4905447 Total (Diversion),Annual,1,2020,64.0298,ACFT,K,Approved,2021-03-11 13:45:00
4905447,14905447,4905447 Total (Diversion),Annual,1,2021,51.8421,ACFT,K,Approved,2022-03-03 11:45:00
4905447,14905447,4905447 Total (Diversion),Annual,1,2022,75.1776,ACFT,K,Approved,2022-12-02 08:18:00
4905447,14905447,4905447 Total (Diversion),Annual,1,2023,47.4708,ACFT,K,Approved,2023-12-04 07:35:00
4905447,14905447,4905447 Total (Diversion),Annual,1,2024,83.3152,ACFT,K,Approved,2024-11-27 08:01:00
4905448,14905448,4905448 Total (Diversion),Annual,1,2016,28.235,ACFT,K,Approved,2017-03-24 08:51:00
4905448,14905448,4905448 Total (Diversion),Annual,1,2017,33.997,ACFT,K,Approved,2018-03-09 09:45:00
4905448,14905448,4905448 Total (Diversion),Annual,1,2018,37.719,ACFT,K,Approved,2019-03-12 12:55:00
4905448,14905448,4905448 Total (Diversion),Annual,1,2019,30.111,ACFT,K,Approved,2020-02-27 07:00:00
4905448,14905448,4905448 Total (Diversion),Annual,1,2020,54.2764,ACFT,K,Approved,2021-03-11 13:45:00
4905448,14905448,4905448 Total (Diversion),Annual,1,2021,36.2263,ACFT,K,Approved,2022-03-03 11:45:00
4905448,14905448,4905448 Total (Diversion),Annual,1,2022,47.7047,ACFT,K,Approved,2022-12-02 08:18:00
4905448,14905448,4905448 Total (Diversion),Annual,1,2023,38.1265,ACFT,K,Approved,2023-12-04 07:35:00
4905448,14905448,4905448 Total (Diversion),Annual,1,2024,32.0611,ACFT,K,Approved,2024-11-27 08:03:00
4905465,14905465,4905465 Total (Diversion),Annual,1,2011,219.6004,ACFT,K,Approved,2013-09-18 14:40:00
4905465,14905465,4905465 Total (Diversion),Annual,1,2012,258.7318,ACFT,K,Approved,2013-04-19 04:13:00
4905465,14905465,4905465 Total (Diversion),Annual,1,2013,145.9839,ACFT,K,Approved,2014-03-26 16:10:00
4905465,14905465,4905465 Total (Diversion),Annual,1,2014,88.0863,ACFT,K,Approved,2015-03-30 12:01:00
4905465,14905465,4905465 Total (Diversion),Annual,1,2015,97.385,ACFT,K,Approved,2016-03-11 08:20:00
4905465,14905465,4905465 Total (Diversion),Annual,1,2016,73.1868,ACFT,K,Approved,2017-03-24 08:51:00
4905465,14905465,4905465 Total (Diversion),Annual,1,2017,44.5971,ACFT,K,Approved,2018-03-09 09:45:00
4905465,14905465,4905465 Total (Diversion),Annual,1,2018,166.7975,ACFT,K,Approved,2019-03-12 12:55:00
4905465,14905465,4905465 Total (Diversion),Annual,1,2019,183.4049,ACFT,K,Approved,2020-02-27 07:00:00
4905465,14905465,4905465 Total (Diversion),Annual,1,2020,150.9397,ACFT,K,Approved,2021-03-11 13:45:00
4905465,14905465,4905465 Total (Diversion),Annual,1,2021,211.8183,ACFT,K,Approved,2022-03-03 11:45:00
4905465,14905465,4905465 Total (Diversion),Annual,1,2022,212.2501,ACFT,K,Approved,2022-11-07 14:45:00
4905465,14905465,4905465 Total (Diversion),Annual,1,2023,74.5698,ACFT,K,Approved,2023-11-15 09:05:00
4905465,14905465,4905465 Total (Diversion),Annual,1,2024,200.7716,ACFT,K,Approved,2024-12-18 11:16:00
4905515,14905515,4905515 Total (Diversion),Annual,1,2011,37.596,ACFT,K,Approved,2013-09-18 14:40:00
4905515,14905515,4905515 Total (Diversion),Annual,1,2012,71.61,ACFT,K,Approved,2013-04-19 04:24:00
4905515,14905515,4905515 Total (Diversion),Annual,1,2013,47.9628,ACFT,K,Approved,2014-03-26 16:10:00
4905515,14905515,4905515 Total (Diversion),Annual,1,2014,43.6821,ACFT,K,Approved,2015-03-30 12:01:00
4905515,14905515,4905515 Total (Diversion),Annual,1,2015,73.3189,ACFT,K,Approved,2016-03-11 08:20:00
4905515,14905515,4905515 Total (Diversion),Annual,1,2016,59.767,ACFT,K,Approved,2017-03-24 08:51:00
4905515,14905515,4905515 Total (Diversion),Annual,1,2017,27.875,ACFT,K,Approved,2018-03-09 09:45:00
4905515,14905515,4905515 Total (Diversion),Annual,1,2018,32.097,ACFT,K,Approved,2019-03-12 12:55:00
4905515,14905515,4905515 Total (Diversion),Annual,1,2019,41.848,ACFT,K,Approved,2020-02-27 07:00:00
4905515,14905515,4905515 Total (Diversion),Annual,1,2020,70.295,ACFT,K,Approved,2021-03-11 13:45:00
4905515,14905515,4905515 Total (Diversion),Annual,1,2021,74.562,ACFT,K,Approved,2022-03-03 11:45:00
4905515,14905515,4905515 Total (Diversion),Annual,1,2022,73.999,ACFT,K,Approved,2022-12-01 07:25:00
4905515,14905515,4905515 Total (Diversion),Annual,1,2023,88.845,ACFT,K,Approved,2023-11-30 08:32:00
4905515,14905515,4905515 Total (Diversion),Annual,1,2024,93.992,ACFT,K,Approved,2024-12-05 11:25:00
4905519,14905519,4905519 Total (Diversion),Annual,1,2011,205.409,ACFT,K,Approved,2013-09-18 14:40:00
4905519,14905519,4905519 Total (Diversion),Annual,1,2012,198.2,ACFT,K,Approved,2013-04-19 04:24:00
4905519,14905519,4905519 Total (Diversion),Annual,1,2013,178.776,ACFT,K,Approved,2014-03-26 16:10:00
4905519,14905519,4905519 Total (Diversion),Annual,1,2014,180.135,ACFT,K,Approved,2015-03-30 12:01:00
4905519,14905519,4905519 Total (Diversion),Annual,1,2015,132.119,ACFT,K,Approved,2016-03-11 08:20:00
4905519,14905519,4905519 Total (Diversion),Annual,1,2016,154.339,ACFT,K,Approved,2017-03-24 08:51:00
4905519,14905519,4905519 Total (Diversion),Annual,1,2017,83.714,ACFT,K,Approved,2018-03-09 09:45:00
4905519,14905519,4905519 Total (Diversion),Annual,1,2018,154.086,ACFT,K,Approved,2019-03-12 12:55:00
4905519,14905519,4905519 Total (Diversion),Annual,1,2019,126.102,ACFT,K,Approved,2020-02-27 07:00:00
4905519,14905519,4905519 Total (Diversion),Annual,1,2020,180.953,ACFT,K,Approved,2021-03-11 13:45:00
4905519,14905519,4905519 Total (Diversion),Annual,1,2021,164.038,ACFT,K,Approved,2022-03-03 11:45:00
4905519,14905519,4905519 Total (Diversion),Annual,1,2022,172.6775,ACFT,K,Approved,2022-12-02 08:18:00
4905519,14905519,4905519 Total (Diversion),Annual,1,2023,148.166,ACFT,K,Approved,2023-12-04 07:35:00
4905519,14905519,4905519 Total (Diversion),Annual,1,2024,0.0,ACFT,K,Approved,2024-12-06 13:29:00
4905520,14905520,4905520 Total (Diversion),Annual,1,2011,54.197,ACFT,K,Approved,2013-09-18 14:40:00
4905520,14905520,4905520 Total (Diversion),Annual,1,2012,298.154,ACFT,K,Approved,2013-04-19 04:25:00
4905520,14905520,4905520 Total (Diversion),Annual,1,2013,252.072,ACFT,K,Approved,2014-03-26 16:10:00
4905520,14905520,4905520 Total (Diversion),Annual,1,2014,297.986,ACFT,K,Approved,2015-03-30 12:01:00
4905520,14905520,4905520 Total (Diversion),Annual,1,2015,200.759,ACFT,K,Approved,2016-03-11 08:20:00
4905520,14905520,4905520 Total (Diversion),Annual,1,2016,237.119,ACFT,K,Approved,2017-03-24 08:51:00
4905520,14905520,4905520 Total (Diversion),Annual,1,2017,159.556,ACFT,K,Approved,2018-03-09 09:45:00
4905520,14905520,4905520 Total (Diversion),Annual,1,2018,189.252,ACFT,K,Approved,2019-03-12 12:55:00
4905520,14905520,4905520 Total (Diversion),Annual,1,2019,190.089,ACFT,K,Approved,2020-02-27 07:00:00
4905520,14905520,4905520 Total (Diversion),Annual,1,2020,285.363,ACFT,K,Approved,2021-03-11 13:45:00
4905520,14905520,4905520 Total (Diversion),Annual,1,2021,232.433,ACFT,K,Approved,2022-03-03 11:45:00
4905520,14905520,4905520 Total (Diversion),Annual,1,2022,264.08,ACFT,K,Approved,2022-12-02 08:19:00
4905520,14905520,4905520 Total (Diversion),Annual,1,2023,190.211,ACFT,K,Approved,2023-12-04 07:35:00
4905520,14905520,4905520 Total (Diversion),Annual,1,2024,0.0,ACFT,K,Approved,2024-12-06 13:27:00
4905521,14905521,4905521 Total (Diversion),Annual,1,2011,198.039,ACFT,K,Approved,2013-09-18 14:40:00
4905521,14905521,4905521 Total (Diversion),Annual,1,2012,185.106,ACFT,K,Approved,2013-04-19 04:25:00
4905521,14905521,4905521 Total (Diversion),Annual,1,2013,142.681,ACFT,K,Approved,2014-03-26 16:10:00
4905521,14905521,4905521 Total (Diversion),Annual,1,2014,157.233,ACFT,K,Approved,2015-03-30 12:01:00
4905521,14905521,4905521 Total (Diversion),Annual,1,2015,179.715,ACFT,K,Approved,2016-03-11 08:20:00
4905521,14905521,4905521 Total (Diversion),Annual,1,2016,119.602,ACFT,K,Approved,2017-03-24 08:51:00
4905521,14905521,4905521 Total (Diversion),Annual,1,2017,139.026,ACFT,K,Approved,2018-03-09 09:45:00
4905521,14905521,4905521 Total (Diversion),Annual,1,2018,136.918,ACFT,K,Approved,2019-03-12 12:55:00
4905521,14905521,4905521 Total (Diversion),Annual,1,2019,130.297,ACFT,K,Approved,2020-02-27 07:00:00
4905521,14905521,4905521 Total (Diversion),Annual,1,2020,213.722,ACFT,K,Approved,2021-03-11 13:45:00
4905521,14905521,4905521 Total (Diversion),Annual,1,2021,172.6272,ACFT,K,Approved,2022-03-03 11:45:00
4905521,14905521,4905521 Total (Diversion),Annual,1,2022,204.6227,ACFT,K,Approved,2022-12-02 08:19:00
4905521,14905521,4905521 Total (Diversion),Annual,1,2023,165.8908,ACFT,K,Approved,2023-12-04 07:35:00
4905521,14905521,4905521 Total (Diversion),Annual,1,2024,0.0,ACFT,K,Approved,2024-12-06 13:28:00
4905525,14905525,4905525 Total (Diversion),Annual,1,2011,182.022,ACFT,K,Approved,2013-09-18 14:40:00
4905525,14905525,4905525 Total (Diversion),Annual,1,2012,175.436,ACFT,K,Approved,2013-04-19 04:26:00
4905525,14905525,4905525 Total (Diversion),Annual,1,2013,13.101,ACFT,K,Approved,2014-03-26 16:10:00
4905525,14905525,4905525 Total (Diversion),Annual,1,2014,166.456,ACFT,K,Approved,2015-03-30 12:01:00
4905525,14905525,4905525 Total (Diversion),Annual,1,2015,167.072,ACFT,K,Approved,2016-03-11 08:20:00
4905525,14905525,4905525 Total (Diversion),Annual,1,2016,118.782,ACFT,K,Approved,2017-03-24 08:51:00
4905525,14905525,4905525 Total (Diversion),Annual,1,2017,130.409,ACFT,K,Approved,2018-03-09 09:45:00
4905525,14905525,4905525 Total (Diversion),Annual,1,2018,147.418,ACFT,K,Approved,2019-03-12 12:55:00
4905525,14905525,4905525 Total (Diversion),Annual,1,2019,139.144,ACFT,K,Approved,2020-02-27 07:00:00
4905525,14905525,4905525 Total (Diversion),Annual,1,2020,181.541,ACFT,K,Approved,2021-03-11 13:45:00
4905525,14905525,4905525 Total (Diversion),Annual,1,2021,147.86,ACFT,K,Approved,2022-03-03 11:45:00
4905525,14905525,4905525 Total (Diversion),Annual,1,2022,151.593,ACFT,K,Approved,2022-12-21 12:57:00
4905525,14905525,4905525 Total (Diversion),Annual,1,2023,120.692,ACFT,K,Approved,2023-12-04 07:35:00
4905525,14905525,4905525 Total (Diversion),Annual,1,2024,98.299,ACFT,K,Approved,2024-12-02 06:48:00
4905543,14905543,4905543 Total (Diversion),Annual,1,2011,92.324,ACFT,K,Approved,2013-09-18 14:40:00
4905543,14905543,4905543 Total (Diversion),Annual,1,2012,89.129,ACFT,K,Approved,2013-04-19 04:29:00
4905543,14905543,4905543 Total (Diversion),Annual,1,2013,82.472,ACFT,K,Approved,2014-03-26 16:10:00
4905543,14905543,4905543 Total (Diversion),Annual,1,2014,53.578,ACFT,K,Approved,2015-03-30 12:01:00
4905543,14905543,4905543 Total (Diversion),Annual,1,2015,35.145,ACFT,K,Approved,2016-03-11 08:20:00
4905543,14905543,4905543 Total (Diversion),Annual,1,2016,105.783,ACFT,K,Approved,2017-03-24 08:51:00
4905543,14905543,4905543 Total (Diversion),Annual,1,2017,19.852,ACFT,K,Approved,2018-03-09 09:45:00
4905543,14905543,4905543 Total (Diversion),Annual,1,2018,81.474,ACFT,K,Approved,2019-03-12 12:55:00
4905543,14905543,4905543 Total (Diversion),Annual,1,2019,102.256,ACFT,K,Approved,2020-02-27 07:00:00
4905543,14905543,4905543 Total (Diversion),Annual,1,2020,117.703,ACFT,K,Approved,2021-03-11 13:45:00
4905543,14905543,4905543 Total (Diversion),Annual,1,2021,89.013,ACFT,K,Approved,2022-03-03 11:45:00
4905543,14905543,4905543 Total (Diversion),Annual,1,2022,112.478,ACFT,K,Approved,2022-12-20 06:46:00
4905543,14905543,4905543 Total (Diversion),Annual,1,2023,98.844,ACFT,K,Approved,2023-12-08 07:52:00
4905543,14905543,4905543 Total (Diversion),Annual,1,2024,55.991,ACFT,K,Approved,2024-11-04 10:05:00
4905609,14905609,4905609 Total (Diversion),Annual,1,2011,161.807,ACFT,K,Approved,2013-09-18 14:40:00
4905609,14905609,4905609 Total (Diversion),Annual,1,2012,251.256,ACFT,K,Approved,2013-04-19 04:44:00
4905609,14905609,4905609 Total (Diversion),Annual,1,2013,208.828,ACFT,K,Approved,2014-03-26 16:10:00
4905609,14905609,4905609 Total (Diversion),Annual,1,2014,108.175,ACFT,K,Approved,2015-03-30 12:01:00
4905609,14905609,4905609 Total (Diversion),Annual,1,2015,101.321,ACFT,K,Approved,2016-03-11 08:20:00
4905609,14905609,4905609 Total (Diversion),Annual,1,2016,56.59,ACFT,K,Approved,2017-03-24 08:51:00
4905609,14905609,4905609 Total (Diversion),Annual,1,2017,76.387,ACFT,K,Approved,2018-03-09 09:45:00
4905609,14905609,4905609 Total (Diversion),Annual,1,2018,30.384,ACFT,K,Approved,2019-03-12 12:55:00
4905609,14905609,4905609 Total (Diversion),Annual,1,2019,83.777,ACFT,K,Approved,2020-02-27 07:00:00
4905609,14905609,4905609 Total (Diversion),Annual,1,2020,117.407,ACFT,K,Approved,2021-03-11 13:45:00
4905609,14905609,4905609 Total (Diversion),Annual,1,2021,114.233,ACFT,K,Approved,2022-03-03 11:45:00
4905609,14905609,4905609 Total (Diversion),Annual,1,2022,159.34,ACFT,K,Approved,2022-11-14 07:36:00
4905609,14905609,4905609 Total (Diversion),Annual,1,2023,101.982,ACFT,K,Approved,2023-11-14 09:47:00
4905609,14905609,4905609 Total (Diversion),Annual,1,2024,191.732,ACFT,K,Approved,2024-11-27 08:02:00
4905610,14905610,4905610 Total (Diversion),Annual,1,2011,4.9512,ACFT,K,Approved,2013-09-18 14:40:00
4905610,14905610,4905610 Total (Diversion),Annual,1,2012,15.8912,ACFT,K,Approved,2013-04-19 04:44:00
4905610,14905610,4905610 Total (Diversion),Annual,1,2013,6.842,ACFT,K,Approved,2014-03-26 16:10:00
4905610,14905610,4905610 Total (Diversion),Annual,1,2014,14.6243,ACFT,K,Approved,2015-03-30 12:01:00
4905610,14905610,4905610 Total (Diversion),Annual,1,2015,6.1555,ACFT,K,Approved,2016-03-11 08:20:00
4905610,14905610,4905610 Total (Diversion),Annual,1,2016,8.3096,ACFT,K,Approved,2017-03-24 08:51:00
4905610,14905610,4905610 Total (Diversion),Annual,1,2017,12.6287,ACFT,K,Approved,2018-03-09 09:45:00
4905610,14905610,4905610 Total (Diversion),Annual,1,2018,15.0028,ACFT,K,Approved,2019-03-12 12:55:00
4905610,14905610,4905610 Total (Diversion),Annual,1,2019,5.5625,ACFT,K,Approved,2020-02-27 07:00:00
4905610,14905610,4905610 Total (Diversion),Annual,1,2020,4.9451,ACFT,K,Approved,2021-03-11 13:45:00
4905610,14905610,4905610 Total (Diversion),Annual,1,2021,2.4843,ACFT,K,Approved,2022-03-03 11:45:00
4905610,14905610,4905610 Total (Diversion),Annual,1,2022,8.4157,ACFT,K,Approved,2022-11-14 07:08:00
4905610,14905610,4905610 Total (Diversion),Annual,1,2023,4.8057,ACFT,K,Approved,2023-11-17 06:07:00
4905610,14905610,4905610 Total (Diversion),Annual,1,2024,7.2143,ACFT,K,Approved,2024-12-02 06:41:00
4905611,14905611,4905611 Total (Diversion),Annual,1,2011,98.1107,ACFT,K,Approved,2013-09-18 14:40:00
4905611,14905611,4905611 Total (Diversion),Annual,1,2012,0.4263,ACFT,K,Approved,2013-04-19 04:44:00
4905611,14905611,4905611 Total (Diversion),Annual,1,2013,61.5286,ACFT,K,Approved,2014-03-26 16:10:00
4905611,14905611,4905611 Total (Diversion),Annual,1,2014,45.0987,ACFT,K,Approved,2015-03-30 12:01:00
4905611,14905611,4905611 Total (Diversion),Annual,1,2015,31.0455,ACFT,K,Approved,2016-03-11 08:20:00
4905611,14905611,4905611 Total (Diversion),Annual,1,2016,39.8764,ACFT,K,Approved,2017-03-24 08:51:00
4905611,14905611,4905611 Total (Diversion),Annual,1,2017,31.9983,ACFT,K,Approved,2018-03-09 09:45:00
4905611,14905611,4905611 Total (Diversion),Annual,1,2018,52.9157,ACFT,K,Approved,2019-03-12 12:55:00
4905611,14905611,4905611 Total (Diversion),Annual,1,2019,61.1621,ACFT,K,Approved,2020-02-27 07:00:00
4905611,14905611,4905611 Total (Diversion),Annual,1,2020,65.1796,ACFT,K,Approved,2021-03-11 13:45:00
4905611,14905611,4905611 Total (Diversion),Annual,1,2021,56.955,ACFT,K,Approved,2022-03-03 11:45:00
4905611,14905611,4905611 Total (Diversion),Annual,1,2022,75.1262,ACFT,K,Approved,2022-11-14 07:36:00
4905611,14905611,4905611 Total (Diversion),Annual,1,2023,44.5688,ACFT,K,Approved,2023-11-17 06:09:00
4905611,14905611,4905611 Total (Diversion),Annual,1,2024,50.3861,ACFT,K,Approved,2024-12-02 06:42:00
4905612,14905612,4905612 Total (Diversion),Annual,1,2011,261.705,ACFT,K,Approved,2013-09-18 14:40:00
4905612,14905612,4905612 Total (Diversion),Annual,1,2012,320.837,ACFT,K,Approved,2013-04-19 04:45:00
4905612,14905612,4905612 Total (Diversion),Annual,1,2013,313.62,ACFT,K,Approved,2014-03-26 16:10:00
4905612,14905612,4905612 Total (Diversion),Annual,1,2014,257.076,ACFT,K,Approved,2015-03-30 12:01:00
4905612,14905612,4905612 Total (Diversion),Annual,1,2015,166.31,ACFT,K,Approved,2016-03-11 08:20:00
4905612,14905612,4905612 Total (Diversion),Annual,1,2016,199.604,ACFT,K,Approved,2017-03-24 08:51:00
4905612,14905612,4905612 Total (Diversion),Annual,1,2017,140.584,ACFT,K,Approved,2018-03-09 09:45:00
4905612,14905612,4905612 Total (Diversion),Annual,1,2018,165.166,ACFT,K,Approved,2019-03-12 12:55:00
4905612,14905612,4905612 Total (Diversion),Annual,1,2019,205.549,ACFT,K,Approved,2020-02-27 07:00:00
4905612,14905612,4905612 Total (Diversion),Annual,1,2020,283.18,ACFT,K,Approved,2021-03-11 13:45:00
4905612,14905612,4905612 Total (Diversion),Annual,1,2021,185.408,ACFT,K,Approved,2022-03-03 11:45:00
4905612,14905612,4905612 Total (Diversion),Annual,1,2022,257.449,ACFT,K,Approved,2022-11-14 07:36:00
4905612,14905612,4905612 Total (Diversion),Annual,1,2023,182.192,ACFT,K,Approved,2023-11-17 06:09:00
4905612,14905612,4905612 Total (Diversion),Annual,1,2024,239.819,ACFT,K,Approved,2024-12-02 06:52:00
4905613,14905613,4905613 Total (Diversion),Annual,1,2011,48.775,ACFT,K,Approved,2013-09-18 14:40:00
4905613,14905613,4905613 Total (Diversion),Annual,1,2012,0.0,ACFT,K,Approved,2013-04-19 04:45:00
4905613,14905613,4905613 Total (Diversion),Annual,1,2013,0.0,ACFT,K,Approved,2014-03-26 16:10:00
4905613,14905613,4905613 Total (Diversion),Annual,1,2014,53.646,ACFT,K,Approved,2015-03-30 12:01:00
4905613,14905613,4905613 Total (Diversion),Annual,1,2015,66.009,ACFT,K,Approved,2016-03-11 08:20:00
4905613,14905613,4905613 Total (Diversion),Annual,1,2016,52.909,ACFT,K,Approved,2017-03-24 08:51:00
4905613,14905613,4905613 Total (Diversion),Annual,1,2017,51.952,ACFT,K,Approved,2018-03-09 09:45:00
4905613,14905613,4905613 Total (Diversion),Annual,1,2018,29.1403,ACFT,K,Approved,2019-03-12 12:55:00
4905613,14905613,4905613 Total (Diversion),Annual,1,2019,66.6185,ACFT,K,Approved,2020-02-27 07:00:00
4905613,14905613,4905613 Total (Diversion),Annual,1,2020,125.7427,ACFT,K,Approved,2021-03-11 13:45:00
4905613,14905613,4905613 Total (Diversion),Annual,1,2021,36.741,ACFT,K,Approved,2022-03-03 11:45:00
4905613,14905613,4905613 Total (Diversion),Annual,1,2022,86.407,ACFT,K,Approved,2022-11-16 07:38:00
4905613,14905613,4905613 Total (Diversion),Annual,1,2023,81.447,ACFT,K,Approved,2023-11-15 07:45:00
4905613,14905613,4905613 Total (Diversion),Annual,1,2024,122.21,ACFT,K,Approved,2024-11-27 08:01:00
4905615,14905615,4905615 Total (Diversion),Annual,1,2011,127.981,ACFT,K,Approved,2013-09-18 14:40:00
4905615,14905615,4905615 Total (Diversion),Annual,1,2012,172.622,ACFT,K,Approved,2013-04-19 04:45:00
4905615,14905615,4905615 Total (Diversion),Annual,1,2013,141.768,ACFT,K,Approved,2014-03-26 16:10:00
4905615,14905615,4905615 Total (Diversion),Annual,1,2014,89.529,ACFT,K,Approved,2015-03-30 12:01:00
4905615,14905615,4905615 Total (Diversion),Annual,1,2015,80.385,ACFT,K,Approved,2016-03-11 08:20:00
4905615,14905615,4905615 Total (Diversion),Annual,1,2016,56.74,ACFT,K,Approved,2017-03-24 08:51:00
4905615,14905615,4905615 Total (Diversion),Annual,1,2017,54.084,ACFT,K,Approved,2018-03-09 09:45:00
4905615,14905615,4905615 Total (Diversion),Annual,1,2018,42.6731,ACFT,K,Approved,2019-03-12 12:55:00
4905615,14905615,4905615 Total (Diversion),Annual,1,2019,102.9375,ACFT,K,Approved,2020-02-27 07:00:00
4905615,14905615,4905615 Total (Diversion),Annual,1,2020,161.5042,ACFT,K,Approved,2021-03-11 13:45:00
4905615,14905615,4905615 Total (Diversion),Annual,1,2021,119.9201,ACFT,K,Approved,2022-03-03 11:45:00
4905615,14905615,4905615 Total (Diversion),Annual,1,2022,134.2478,ACFT,K,Approved,2022-11-14 07:44:00
4905615,14905615,4905615 Total (Diversion),Annual,1,2023,150.3103,ACFT,K,Approved,2023-11-14 09:48:00
4905615,14905615,4905615 Total (Diversion),Annual,1,2024,182.5522,ACFT,K,Approved,2024-11-27 08:01:00
4905660,14905660,4905660 Total (Diversion),Annual,1,2011,289.36,ACFT,K,Approved,2013-09-18 14:40:00
4905660,14905660,4905660 Total (Diversion),Annual,1,2012,307.782,ACFT,K,Approved,2013-04-19 04:55:00
4905660,14905660,4905660 Total (Diversion),Annual,1,2013,271.544,ACFT,K,Approved,2014-03-26 16:10:00
4905660,14905660,4905660 Total (Diversion),Annual,1,2014,253.934,ACFT,K,Approved,2015-03-30 12:01:00
4905660,14905660,4905660 Total (Diversion),Annual,1,2015,200.476,ACFT,K,Approved,2016-03-11 08:20:00
4905660,14905660,4905660 Total (Diversion),Annual,1,2016,174.72,ACFT,K,Approved,2017-03-24 08:51:00
4905660,14905660,4905660 Total (Diversion),Annual,1,2017,132.3823,ACFT,K,Approved,2018-03-09 09:45:00
4905660,14905660,4905660 Total (Diversion),Annual,1,2018,528.9299,ACFT,K,Approved,2019-03-12 12:55:00
4905660,14905660,4905660 Total (Diversion),Annual,1,2019,135.706,ACFT,K,Approved,2020-02-27 07:00:00
4905660,14905660,4905660 Total (Diversion),Annual,1,2020,263.7756,ACFT,K,Approved,2021-03-11 13:45:00
4905660,14905660,4905660 Total (Diversion),Annual,1,2021,240.312,ACFT,K,Approved,2022-03-03 11:45:00
4905660,14905660,4905660 Total (Diversion),Annual,1,2022,326.901,ACFT,K,Approved,2022-12-07 06:52:00
4905660,14905660,4905660 Total (Diversion),Annual,1,2023,260.77,ACFT,K,Approved,2023-12-01 09:55:00
4905660,14905660,4905660 Total (Diversion),Annual,1,2024,0.0,ACFT,K,Approved,2024-12-30 06:48:00
4905675,14905675,4905675 Total (Diversion),Annual,1,2011,156.359,ACFT,K,Approved,2013-09-18 14:40:00
4905675,14905675,4905675 Total (Diversion),Annual,1,2012,177.9159,ACFT,K,Approved,2013-12-12 16:41:00
4905675,14905675,4905675 Total (Diversion),Annual,1,2013,158.9346,ACFT,K,Approved,2014-03-26 16:10:00
4905675,14905675,4905675 Total (Diversion),Annual,1,2014,173.9319,ACFT,K,Approved,2015-03-30 12:01:00
4905675,14905675,4905675 Total (Diversion),Annual,1,2015,122.9137,ACFT,K,Approved,2016-03-11 08:20:00
4905675,14905675,4905675 Total (Diversion),Annual,1,2016,99.2531,ACFT,K,Approved,2017-03-24 08:51:00
4905675,14905675,4905675 Total (Diversion),Annual,1,2017,120.894,ACFT,K,Approved,2018-03-09 09:45:00
4905675,14905675,4905675 Total (Diversion),Annual,1,2018,155.063,ACFT,K,Approved,2019-03-12 12:55:00
4905675,14905675,4905675 Total (Diversion),Annual,1,2019,180.868,ACFT,K,Approved,2020-02-27 07:00:00
4905675,14905675,4905675 Total (Diversion),Annual,1,2020,147.437,ACFT,K,Approved,2021-03-11 13:45:00
4905675,14905675,4905675 Total (Diversion),Annual,1,2021,116.399,ACFT,K,Approved,2022-03-03 11:45:00
4905675,14905675,4905675 Total (Diversion),Annual,1,2022,139.3494,ACFT,K,Approved,2022-12-01 07:33:00
4905675,14905675,4905675 Total (Diversion),Annual,1,2023,118.8639,ACFT,K,Approved,2023-11-28 08:35:00
4905675,14905675,4905675 Total (Diversion),Annual,1,2024,150.5608,ACFT,K,Approved,2024-12-02 06:51:00
4905697,14905697,4905697 Total (Diversion),Annual,1,2011,150.532,ACFT,K,Approved,2013-09-18 14:40:00
4905697,14905697,4905697 Total (Diversion),Annual,1,2012,200.119,ACFT,K,Approved,2013-04-19 05:03:00
4905697,14905697,4905697 Total (Diversion),Annual,1,2013,236.303,ACFT,K,Approved,2014-03-26 16:10:00
4905697,14905697,4905697 Total (Diversion),Annual,1,2014,96.583,ACFT,K,Approved,2015-03-30 12:01:00
4905697,14905697,4905697 Total (Diversion),Annual,1,2015,98.544,ACFT,K,Approved,2016-03-11 08:20:00
4905697,14905697,4905697 Total (Diversion),Annual,1,2016,165.726,ACFT,K,Approved,2017-03-24 08:51:00
4905697,14905697,4905697 Total (Diversion),Annual,1,2017,163.863,ACFT,K,Approved,2018-03-09 09:45:00
4905697,14905697,4905697 Total (Diversion),Annual,1,2018,138.246,ACFT,K,Approved,2019-03-12 12:55:00
4905697,14905697,4905697 Total (Diversion),Annual,1,2019,116.836,ACFT,K,Approved,2020-02-27 07:00:00
4905697,14905697,4905697 Total (Diversion),Annual,1,2020,252.843,ACFT,K,Approved,2021-03-11 13:45:00
4905697,14905697,4905697 Total (Diversion),Annual,1,2021,276.788,ACFT,K,Approved,2022-03-03 11:45:00
4905697,14905697,4905697 Total (Diversion),Annual,1,2022,191.904,ACFT,K,Approved,2022-12-12 07:15:00
4905697,14905697,4905697 Total (Diversion),Annual,1,2023,0.0,ACFT,K,Approved,2023-12-28 08:43:00
4905697,14905697,4905697 Total (Diversion),Annual,1,2024,0.0,ACFT,K,Approved,2024-12-06 10:59:00
4905737,14905737,4905737 Total (Diversion),Annual,1,2011,357.608,ACFT,K,Approved,2013-09-18 14:40:00
4905737,14905737,4905737 Total (Diversion),Annual,1,2012,410.55,ACFT,K,Approved,2013-04-19 05:12:00
4905737,14905737,4905737 Total (Diversion),Annual,1,2013,287.661,ACFT,K,Approved,2014-03-26 16:10:00
4905737,14905737,4905737 Total (Diversion),Annual,1,2014,368.442,ACFT,K,Approved,2015-03-30 12:01:00
4905737,14905737,4905737 Total (Diversion),Annual,1,2015,299.913,ACFT,K,Approved,2016-03-11 08:20:00
4905737,14905737,4905737 Total (Diversion),Annual,1,2016,193.608,ACFT,K,Approved,2017-03-24 08:51:00
4905737,14905737,4905737 Total (Diversion),Annual,1,2017,291.114,ACFT,K,Approved,2018-03-09 09:45:00
4905737,14905737,4905737 Total (Diversion),Annual,1,2018,32.555,ACFT,K,Approved,2019-03-12 12:55:00
4905761,14905761,4905761 Total (Diversion),Annual,1,2011,44.177,ACFT,K,Approved,2013-09-18 14:40:00
4905761,14905761,4905761 Total (Diversion),Annual,1,2012,78.828,ACFT,K,Approved,2013-04-19 05:16:00
4905761,14905761,4905761 Total (Diversion),Annual,1,2013,65.489,ACFT,K,Approved,2014-03-26 16:10:00
4905761,14905761,4905761 Total (Diversion),Annual,1,2014,80.92,ACFT,K,Approved,2015-03-30 12:01:00
4905761,14905761,4905761 Total (Diversion),Annual,1,2015,69.603,ACFT,K,Approved,2016-03-11 08:20:00
4905761,14905761,4905761 Total (Diversion),Annual,1,2016,58.228,ACFT,K,Approved,2017-03-24 08:51:00
4905761,14905761,4905761 Total (Diversion),Annual,1,2017,62.257,ACFT,K,Approved,2018-03-09 09:45:00
4905761,14905761,4905761 Total (Diversion),Annual,1,2018,70.009,ACFT,K,Approved,2019-03-12 12:55:00
4905761,14905761,4905761 Total (Diversion),Annual,1,2019,90.615,ACFT,K,Approved,2020-02-27 07:00:00
4905761,14905761,4905761 Total (Diversion),Annual,1,2020,53.384,ACFT,K,Approved,2021-03-11 13:45:00
4905761,14905761,4905761 Total (Diversion),Annual,1,2021,71.967,ACFT,K,Approved,2022-03-03 11:45:00
4905761,14905761,4905761 Total (Diversion),Annual,1,2022,70.994,ACFT,K,Approved,2022-12-20 06:46:00
4905761,14905761,4905761 Total (Diversion),Annual,1,2023,54.971,ACFT,K,Approved,2023-12-08 07:52:00
4905761,14905761,4905761 Total (Diversion),Annual,1,2024,85.987,ACFT,K,Approved,2024-11-04 10:00:00
4905772,14905772,4905772 Total (Diversion),Annual,1,2012,180.174,ACFT,K,Approved,2013-04-19 05:17:00
4905772,14905772,4905772 Total (Diversion),Annual,1,2013,96.418,ACFT,K,Approved,2014-03-26 16:10:00
4905772,14905772,4905772 Total (Diversion),Annual,1,2014,17.671,ACFT,K,Approved,2015-03-30 12:01:00
4905772,14905772,4905772 Total (Diversion),Annual,1,2015,62.058,ACFT,K,Approved,2016-03-11 08:20:00
4905772,14905772,4905772 Total (Diversion),Annual,1,2016,146.573,ACFT,K,Approved,2017-03-24 08:51:00
4905772,14905772,4905772 Total (Diversion),Annual,1,2017,109.662,ACFT,K,Approved,2018-03-09 09:45:00
4905772,14905772,4905772 Total (Diversion),Annual,1,2018,113.01,ACFT,K,Approved,2019-03-12 12:55:00
4905772,14905772,4905772 Total (Diversion),Annual,1,2019,143.632,ACFT,K,Approved,2020-02-27 07:00:00
4905772,14905772,4905772 Total (Diversion),Annual,1,2020,199.043,ACFT,K,Approved,2021-03-11 13:45:00
4905772,14905772,4905772 Total (Diversion),Annual,1,2021,144.912,ACFT,K,Approved,2022-03-03 11:45:00
4905772,14905772,4905772 Total (Diversion),Annual,1,2022,203.715,ACFT,K,Approved,2022-11-28 07:07:00
4905772,14905772,4905772 Total (Diversion),Annual,1,2023,101.422,ACFT,K,Approved,2023-12-06 12:39:00
4905773,14905773,4905773 Total (Diversion),Annual,1,2012,138.475,ACFT,K,Approved,2013-04-19 05:17:00
4905773,14905773,4905773 Total (Diversion),Annual,1,2013,96.902,ACFT,K,Approved,2014-03-26 16:10:00
4905773,14905773,4905773 Total (Diversion),Annual,1,2014,59.967,ACFT,K,Approved,2015-03-30 12:01:00
4905773,14905773,4905773 Total (Diversion),Annual,1,2015,12.837,ACFT,K,Approved,2016-03-11 08:20:00
4905773,14905773,4905773 Total (Diversion),Annual,1,2016,22.436,ACFT,K,Approved,2017-03-24 08:51:00
4905773,14905773,4905773 Total (Diversion),Annual,1,2017,56.669,ACFT,K,Approved,2018-03-09 09:45:00
4905773,14905773,4905773 Total (Diversion),Annual,1,2018,82.279,ACFT,K,Approved,2019-03-12 12:55:00
4905773,14905773,4905773 Total (Diversion),Annual,1,2019,85.43,ACFT,K,Approved,2020-02-27 07:00:00
4905773,14905773,4905773 Total (Diversion),Annual,1,2020,133.4995,ACFT,K,Approved,2021-03-11 13:45:00
4905773,14905773,4905773 Total (Diversion),Annual,1,2021,70.1174,ACFT,K,Approved,2022-03-03 11:45:00
4905773,14905773,4905773 Total (Diversion),Annual,1,2022,107.5025,ACFT,K,Approved,2022-11-07 06:47:00
4905773,14905773,4905773 Total (Diversion),Annual,1,2023,76.428,ACFT,K,Approved,2023-11-14 09:47:00
4905774,14905774,4905774 Total (Diversion),Annual,1,2012,109.785,ACFT,K,Approved,2013-04-19 05:17:00
4905774,14905774,4905774 Total (Diversion),Annual,1,2013,75.563,ACFT,K,Approved,2014-03-26 16:10:00
4905774,14905774,4905774 Total (Diversion),Annual,1,2014,55.474,ACFT,K,Approved,2015-03-30 12:01:00
4905774,14905774,4905774 Total (Diversion),Annual,1,2015,26.426,ACFT,K,Approved,2016-03-11 08:20:00
4905774,14905774,4905774 Total (Diversion),Annual,1,2016,72.903,ACFT,K,Approved,2017-03-24 08:51:00
4905774,14905774,4905774 Total (Diversion),Annual,1,2017,68.091,ACFT,K,Approved,2018-03-09 09:45:00
4905774,14905774,4905774 Total (Diversion),Annual,1,2018,71.739,ACFT,K,Approved,2019-03-12 12:55:00
4905774,14905774,4905774 Total (Diversion),Annual,1,2019,84.246,ACFT,K,Approved,2020-02-27 07:00:00
4905774,14905774,4905774 Total (Diversion),Annual,1,2020,128.288,ACFT,K,Approved,2021-03-11 13:45:00
4905774,14905774,4905774 Total (Diversion),Annual,1,2021,114.812,ACFT,K,Approved,2022-03-03 11:45:00
4905774,14905774,4905774 Total (Diversion),Annual,1,2022,120.809,ACFT,K,Approved,2022-11-07 06:47:00
4905774,14905774,4905774 Total (Diversion),Annual,1,2023,105.908,ACFT,K,Approved,2023-12-22 09:53:00
4905890,14905890,4905890 Total (Diversion),Annual,1,2011,4.311,ACFT,K,Approved,2013-09-18 14:40:00
4905890,14905890,4905890 Total (Diversion),Annual,1,2012,24.978,ACFT,K,Approved,2013-04-19 05:24:00
4905890,14905890,4905890 Total (Diversion),Annual,1,2013,1.031,ACFT,K,Approved,2014-03-26 16:10:00
4905890,14905890,4905890 Total (Diversion),Annual,1,2014,6.252,ACFT,K,Approved,2015-03-30 12:01:00
4905890,14905890,4905890 Total (Diversion),Annual,1,2015,0.203,ACFT,K,Approved,2016-03-11 08:20:00
4905890,14905890,4905890 Total (Diversion),Annual,1,2016,2.8929,ACFT,K,Approved,2017-03-24 08:51:00
4905890,14905890,4905890 Total (Diversion),Annual,1,2017,13.6611,ACFT,K,Approved,2018-03-09 09:45:00
4905890,14905890,4905890 Total (Diversion),Annual,1,2018,15.9697,ACFT,K,Approved,2019-03-12 12:55:00
4905890,14905890,4905890 Total (Diversion),Annual,1,2019,16.8975,ACFT,K,Approved,2020-02-27 07:00:00
4905891,14905891,4905891 Total (Diversion),Annual,1,2011,154.325,ACFT,K,Approved,2013-09-18 14:40:00
4905891,14905891,4905891 Total (Diversion),Annual,1,2012,230.922,ACFT,K,Approved,2013-04-19 05:24:00
4905891,14905891,4905891 Total (Diversion),Annual,1,2013,169.739,ACFT,K,Approved,2014-03-26 16:10:00
4905891,14905891,4905891 Total (Diversion),Annual,1,2014,155.073,ACFT,K,Approved,2015-03-30 12:01:00
4905891,14905891,4905891 Total (Diversion),Annual,1,2015,132.175,ACFT,K,Approved,2016-03-11 08:20:00
4905891,14905891,4905891 Total (Diversion),Annual,1,2016,162.877,ACFT,K,Approved,2017-03-24 08:51:00
4905891,14905891,4905891 Total (Diversion),Annual,1,2017,87.744,ACFT,K,Approved,2018-03-09 09:45:00
4905891,14905891,4905891 Total (Diversion),Annual,1,2018,111.66,ACFT,K,Approved,2019-03-12 12:55:00
4905891,14905891,4905891 Total (Diversion),Annual,1,2019,91.579,ACFT,K,Approved,2020-02-27 07:00:00
4905891,14905891,4905891 Total (Diversion),Annual,1,2020,176.519,ACFT,K,Approved,2021-03-11 13:45:00
4905891,14905891,4905891 Total (Diversion),Annual,1,2021,53.961,ACFT,K,Approved,2022-03-03 11:45:00
4905891,14905891,4905891 Total (Diversion),Annual,1,2022,155.397,ACFT,K,Approved,2022-11-30 09:46:00
4905891,14905891,4905891 Total (Diversion),Annual,1,2023,63.015,ACFT,K,Approved,2023-12-05 07:20:00
4905891,14905891,4905891 Total (Diversion),Annual,1,2024,184.602,ACFT,K,Approved,2024-11-25 07:31:00
4905892,14905892,4905892 Total (Diversion),Annual,1,2011,116.953,ACFT,K,Approved,2013-09-18 14:40:00
4905892,14905892,4905892 Total (Diversion),Annual,1,2012,113.448,ACFT,K,Approved,2013-04-19 05:25:00
4905892,14905892,4905892 Total (Diversion),Annual,1,2013,101.9117,ACFT,K,Approved,2014-03-26 16:10:00
4905892,14905892,4905892 Total (Diversion),Annual,1,2014,83.3814,ACFT,K,Approved,2015-03-30 12:01:00
4905892,14905892,4905892 Total (Diversion),Annual,1,2015,69.0396,ACFT,K,Approved,2016-03-11 08:20:00
4905892,14905892,4905892 Total (Diversion),Annual,1,2016,54.9553,ACFT,K,Approved,2017-03-24 08:51:00
4905892,14905892,4905892 Total (Diversion),Annual,1,2017,38.142,ACFT,K,Approved,2018-03-09 09:45:00
4905892,14905892,4905892 Total (Diversion),Annual,1,2018,82.363,ACFT,K,Approved,2019-03-12 12:55:00
4905892,14905892,4905892 Total (Diversion),Annual,1,2019,82.048,ACFT,K,Approved,2020-02-27 07:00:00
4905892,14905892,4905892 Total (Diversion),Annual,1,2020,140.041,ACFT,K,Approved,2021-03-11 13:45:00
4905892,14905892,4905892 Total (Diversion),Annual,1,2021,55.554,ACFT,K,Approved,2022-03-03 11:45:00
4905892,14905892,4905892 Total (Diversion),Annual,1,2022,165.898,ACFT,K,Approved,2022-11-30 09:53:00
4905892,14905892,4905892 Total (Diversion),Annual,1,2023,130.293,ACFT,K,Approved,2023-12-05 07:20:00
4905892,14905892,4905892 Total (Diversion),Annual,1,2024,133.69,ACFT,K,Approved,2024-11-25 07:31:00
4906020,14906020,4906020 Total (Diversion),Annual,1,2011,25.0832,ACFT,K,Approved,2013-09-18 14:40:00
4906020,14906020,4906020 Total (Diversion),Annual,1,2012,20.9866,ACFT,K,Approved,2013-04-19 05:30:00
4906020,14906020,4906020 Total (Diversion),Annual,1,2013,15.8158,ACFT,K,Approved,2014-03-26 16:10:00
4906020,14906020,4906020 Total (Diversion),Annual,1,2014,3.4634,ACFT,K,Approved,2015-03-30 12:01:00
4906020,14906020,4906020 Total (Diversion),Annual,1,2015,17.5737,ACFT,K,Approved,2016-03-11 08:20:00
4906020,14906020,4906020 Total (Diversion),Annual,1,2016,24.6809,ACFT,K,Approved,2017-03-24 08:51:00
4906020,14906020,4906020 Total (Diversion),Annual,1,2017,24.1528,ACFT,K,Approved,2018-03-09 09:45:00
4906020,14906020,4906020 Total (Diversion),Annual,1,2018,17.1778,ACFT,K,Approved,2019-03-12 12:55:00
4906020,14906020,4906020 Total (Diversion),Annual,1,2019,16.413,ACFT,K,Approved,2020-02-27 07:00:00
4906020,14906020,4906020 Total (Diversion),Annual,1,2020,8.1009,ACFT,K,Approved,2021-03-11 13:45:00
4906020,14906020,4906020 Total (Diversion),Annual,1,2021,24.6975,ACFT,K,Approved,2022-03-03 11:45:00
4906020,14906020,4906020 Total (Diversion),Annual,1,2022,36.3816,ACFT,K,Approved,2022-12-13 10:18:00
4906020,14906020,4906020 Total (Diversion),Annual,1,2023,19.7795,ACFT,K,Approved,2023-12-04 07:35:00
4906020,14906020,4906020 Total (Diversion),Annual,1,2024,26.9899,ACFT,K,Approved,2024-12-16 11:54:00
4906034,14906034,4906034 Total (Diversion),Annual,1,2011,3.0063,ACFT,K,Approved,2013-09-18 14:40:00
4906034,14906034,4906034 Total (Diversion),Annual,1,2012,52.0965,ACFT,K,Approved,2013-04-19 05:32:00
4906034,14906034,4906034 Total (Diversion),Annual,1,2013,44.4894,ACFT,K,Approved,2014-03-26 16:10:00
4906034,14906034,4906034 Total (Diversion),Annual,1,2014,12.7158,ACFT,K,Approved,2015-03-30 12:01:00
4906034,14906034,4906034 Total (Diversion),Annual,1,2015,27.8489,ACFT,K,Approved,2016-03-11 08:20:00
4906034,14906034,4906034 Total (Diversion),Annual,1,2016,29.0719,ACFT,K,Approved,2017-03-24 08:51:00
4906034,14906034,4906034 Total (Diversion),Annual,1,2017,16.0386,ACFT,K,Approved,2018-03-09 09:45:00
4906034,14906034,4906034 Total (Diversion),Annual,1,2018,26.0202,ACFT,K,Approved,2019-03-12 12:55:00
4906034,14906034,4906034 Total (Diversion),Annual,1,2019,27.0099,ACFT,K,Approved,2020-02-27 07:00:00
4906034,14906034,4906034 Total (Diversion),Annual,1,2020,31.5715,ACFT,K,Approved,2021-03-11 13:45:00
4906034,14906034,4906034 Total (Diversion),Annual,1,2021,24.3498,ACFT,K,Approved,2022-03-03 11:45:00
4906034,14906034,4906034 Total (Diversion),Annual,1,2022,19.5945,ACFT,K,Approved,2022-12-13 06:57:00
4906034,14906034,4906034 Total (Diversion),Annual,1,2023,49.2296,ACFT,K,Approved,2023-12-04 07:35:00
4906034,14906034,4906034 Total (Diversion),Annual,1,2024,25.5132,ACFT,K,Approved,2024-12-16 11:54:00
4906157,14906157,4906157 Total (Diversion),Annual,1,2011,72.296,ACFT,K,Approved,2013-09-18 14:40:00
4906157,14906157,4906157 Total (Diversion),Annual,1,2012,135.942,ACFT,K,Approved,2013-04-19 05:51:00
4906157,14906157,4906157 Total (Diversion),Annual,1,2013,138.159,ACFT,K,Approved,2014-03-26 16:10:00
4906157,14906157,4906157 Total (Diversion),Annual,1,2014,231.837,ACFT,K,Approved,2015-03-30 12:01:00
4906157,14906157,4906157 Total (Diversion),Annual,1,2015,47.363,ACFT,K,Approved,2016-03-11 08:20:00
4906157,14906157,4906157 Total (Diversion),Annual,1,2016,69.125,ACFT,K,Approved,2017-03-24 08:51:00
4906157,14906157,4906157 Total (Diversion),Annual,1,2017,42.76,ACFT,K,Approved,2018-03-09 09:45:00
4906157,14906157,4906157 Total (Diversion),Annual,1,2018,74.582,ACFT,K,Approved,2019-03-12 12:55:00
4906157,14906157,4906157 Total (Diversion),Annual,1,2019,25.425,ACFT,K,Approved,2020-02-27 07:00:00
4906157,14906157,4906157 Total (Diversion),Annual,1,2020,119.023,ACFT,K,Approved,2021-03-11 13:45:00
4906157,14906157,4906157 Total (Diversion),Annual,1,2021,117.125,ACFT,K,Approved,2022-03-03 11:45:00
4906157,14906157,4906157 Total (Diversion),Annual,1,2022,140.264,ACFT,K,Approved,2022-11-29 06:29:00
4906157,14906157,4906157 Total (Diversion),Annual,1,2023,98.79,ACFT,K,Approved,2023-12-04 07:35:00
4906157,14906157,4906157 Total (Diversion),Annual,1,2024,137.143,ACFT,K,Approved,2024-12-03 06:23:00
