wdid,waterClassNum,wcIdentifier,measInterval,measCount,dataMeasDate,dataValue,measUnits,obsCode,approvalStatus,modified
2005092,12005092,2005092 Total (Diversion),Annual,1,2009,0.0,ACFT,U,Approved,2010-06-29 16:23:00
2005092,12005092,2005092 Total (Diversion),Annual,1,2010,15.85,ACFT,U,Approved,2011-06-20 17:12:00
2005092,12005092,2005092 Total (Diversion),Annual,1,2011,12.63,ACFT,U,Approved,2012-07-06 07:51:00
2005092,12005092,2005092 Total (Diversion),Annual,1,2012,0.24,ACFT,K,Approved,2013-05-03 15:13:00
2005092,12005092,2005092 Total (Diversion),Annual,1,2013,0.0,ACFT,K,Approved,2014-04-04 13:52:00
2005092,12005092,2005092 Total (Diversion),Annual,1,2014,0.0,ACFT,K,Approved,2015-06-01 17:12:00
2005092,12005092,2005092 Total (Diversion),Annual,1,2015,0.05,ACFT,K,Approved,2016-05-30 14:30:00
2005092,12005092,2005092 Total (Diversion),Annual,1,2016,0.0,ACFT,K,Approved,2018-01-03 15:56:00
2005092,12005092,2005092 Total (Diversion),Annual,1,2017,0.35,ACFT,K,Approved,2018-05-25 09:41:00
2005092,12005092,2005092 Total (Diversion),Annual,1,2018,0.0,ACFT,K,Approved,2019-04-04 16:17:00
2005092,12005092,2005092 Total (Diversion),Annual,1,2019,0.0,ACFT,K,Approved,2020-04-01 21:05:00
2005092,12005092,2005092 Total (Diversion),Annual,1,2021,0.0,ACFT,K,Approved,2022-03-30 09:30:00
2005092,12005092,2005092 Total (Diversion),Annual,1,2022,0.0,ACFT,K,Approved,2023-02-03 11:02:00
2005092,12005092,2005092 Total (Diversion),Annual,1,2023,0.0,ACFT,K,Approved,2024-01-11 11:04:00
2005092,12005092,2005092 Total (Diversion),Annual,1,2024,0.0,ACFT,K,Approved,2024-11-19 14:07:00
2005692,12005692,2005692 Total (Diversion),Annual,1,2009,84.34,ACFT,U,Approved,2010-06-29 16:23:00
2005692,12005692,2005692 Total (Diversion),Annual,1,2010,98.366,ACFT,U,Approved,2013-11-25 21:08:00
2005692,12005692,2005692 Total (Diversion),Annual,1,2011,113.648,ACFT,U,Approved,2013-11-25 13:59:00
2005692,12005692,2005692 Total (Diversion),Annual,1,2012,94.405,ACFT,K,Approved,2013-05-03 15:13:00
2005692,12005692,2005692 Total (Diversion),Annual,1,2013,105.5055,ACFT,K,Approved,2014-04-04 13:52:00
2005692,12005692,2005692 Total (Diversion),Annual,1,2014,100.5655,ACFT,K,Approved,2015-06-01 17:12:00
2005692,12005692,2005692 Total (Diversion),Annual,1,2015,99.589,ACFT,K,Approved,2016-05-30 14:30:00
2005692,12005692,2005692 Total (Diversion),Annual,1,2016,102.965,ACFT,K,Approved,2018-01-03 15:56:00
2005692,12005692,2005692 Total (Diversion),Annual,1,2017,53.477,ACFT,K,Approved,2018-05-25 09:41:00
2005692,12005692,2005692 Total (Diversion),Annual,1,2018,100.6955,ACFT,K,Approved,2019-04-04 16:17:00
2005692,12005692,2005692 Total (Diversion),Annual,1,2019,56.4095,ACFT,K,Approved,2020-04-01 21:05:00
2005692,12005692,2005692 Total (Diversion),Annual,1,2020,86.06,ACFT,K,Approved,2021-03-26 10:46:00
2005692,12005692,2005692 Total (Diversion),Annual,1,2021,35.979,ACFT,K,Approved,2022-03-30 09:30:00
2005692,12005692,2005692 Total (Diversion),Annual,1,2022,97.0265,ACFT,K,Approved,2023-02-03 11:02:00
2005692,12005692,2005692 Total (Diversion),Annual,1,2023,110.816,ACFT,K,Approved,2024-01-17 15:34:00
2005692,12005692,2005692 Total (Diversion),Annual,1,2024,81.5385,ACFT,K,Approved,2024-10-24 09:31:00
2005693,12005693,2005693 Total (Diversion),Annual,1,2009,84.34,ACFT,U,Approved,2010-06-29 16:23:00
2005693,12005693,2005693 Total (Diversion),Annual,1,2010,98.366,ACFT,U,Approved,2013-11-25 21:08:00
2005693,12005693,2005693 Total (Diversion),Annual,1,2011,113.648,ACFT,U,Approved,2013-11-25 13:59:00
2005693,12005693,2005693 Total (Diversion),Annual,1,2012,94.405,ACFT,K,Approved,2013-05-03 15:13:00
2005693,12005693,2005693 Total (Diversion),Annual,1,2013,105.5055,ACFT,K,Approved,2014-04-04 13:52:00
2005693,12005693,2005693 Total (Diversion),Annual,1,2014,100.5655,ACFT,K,Approved,2015-06-01 17:12:00
2005693,12005693,2005693 Total (Diversion),Annual,1,2015,99.589,ACFT,K,Approved,2016-05-30 14:30:00
2005693,12005693,2005693 Total (Diversion),Annual,1,2016,102.965,ACFT,K,Approved,2018-01-03 15:56:00
2005693,12005693,2005693 Total (Diversion),Annual,1,2017,53.477,ACFT,K,Approved,2018-05-25 09:41:00
2005693,12005693,2005693 Total (Diversion),Annual,1,2018,100.6955,ACFT,K,Approved,2019-04-04 16:17:00
2005693,12005693,2005693 Total (Diversion),Annual,1,2019,56.4095,ACFT,K,Approved,2020-04-01 21:05:00
2005693,12005693,2005693 Total (Diversion),Annual,1,2020,86.06,ACFT,K,Approved,2021-03-26 10:46:00
2005693,12005693,2005693 Total (Diversion),Annual,1,2021,35.979,ACFT,K,Approved,2022-03-30 09:30:00
2005693,12005693,2005693 Total (Diversion),Annual,1,2022,97.0265,ACFT,K,Approved,2023-02-03 11:02:00
2005693,12005693,2005693 Total (Diversion),Annual,1,2023,110.816,ACFT,K,Approved,2024-01-17 15:34:00
2005693,12005693,2005693 Total (Diversion),Annual,1,2024,81.5385,ACFT,K,Approved,2024-10-24 09:31:00
2006235,12006235,2006235 Total (Diversion),Annual,1,2009,157.74,ACFT,U,Approved,2010-06-29 16:23:00
2006235,12006235,2006235 Total (Diversion),Annual,1,2010,198.23,ACFT,U,Approved,2011-06-20 17:12:00
2006235,12006235,2006235 Total (Diversion),Annual,1,2011,196.9,ACFT,U,Approved,2012-07-06 07:51:00
2006235,12006235,2006235 Total (Diversion),Annual,1,2012,181.86,ACFT,K,Approved,2013-05-03 15:13:00
2006235,12006235,2006235 Total (Diversion),Annual,1,2013,178.56,ACFT,K,Approved,2014-04-04 13:52:00
2006235,12006235,2006235 Total (Diversion),Annual,1,2014,173.91,ACFT,K,Approved,2015-06-01 17:12:00
2006235,12006235,2006235 Total (Diversion),Annual,1,2015,108.49,ACFT,K,Approved,2016-05-30 14:30:00
2006235,12006235,2006235 Total (Diversion),Annual,1,2016,150.37,ACFT,K,Approved,2018-01-03 15:56:00
2006235,12006235,2006235 Total (Diversion),Annual,1,2017,155.44,ACFT,K,Approved,2018-05-25 09:41:00
2006235,12006235,2006235 Total (Diversion),Annual,1,2018,201.67,ACFT,K,Approved,2019-04-04 16:17:00
2006235,12006235,2006235 Total (Diversion),Annual,1,2019,130.9,ACFT,K,Approved,2020-04-01 21:05:00
2006235,12006235,2006235 Total (Diversion),Annual,1,2020,203.82,ACFT,K,Approved,2021-03-26 10:46:00
2006235,12006235,2006235 Total (Diversion),Annual,1,2021,228.71,ACFT,K,Approved,2022-03-30 09:30:00
2006235,12006235,2006235 Total (Diversion),Annual,1,2022,151.61,ACFT,K,Approved,2023-02-03 11:03:00
2006235,12006235,2006235 Total (Diversion),Annual,1,2023,178.31,ACFT,K,Approved,2024-01-12 08:56:00
2006235,12006235,2006235 Total (Diversion),Annual,1,2024,138.06,ACFT,K,Approved,2024-11-25 09:49:00
2006441,12006441,2006441 Total (Diversion),Annual,1,2009,179.53,ACFT,U,Approved,2010-06-29 16:23:00
2006441,12006441,2006441 Total (Diversion),Annual,1,2010,226.9,ACFT,U,Approved,2011-06-20 17:12:00
2006441,12006441,2006441 Total (Diversion),Annual,1,2011,262.52,ACFT,U,Approved,2012-07-06 07:51:00
2006441,12006441,2006441 Total (Diversion),Annual,1,2012,226.92,ACFT,K,Approved,2013-05-03 15:13:00
2006441,12006441,2006441 Total (Diversion),Annual,1,2013,187.01,ACFT,K,Approved,2014-04-04 13:52:00
2006441,12006441,2006441 Total (Diversion),Annual,1,2014,221.92,ACFT,K,Approved,2015-06-01 17:12:00
2006441,12006441,2006441 Total (Diversion),Annual,1,2015,151.93,ACFT,K,Approved,2016-05-30 14:30:00
2006441,12006441,2006441 Total (Diversion),Annual,1,2016,172.01,ACFT,K,Approved,2018-01-03 15:56:00
2006441,12006441,2006441 Total (Diversion),Annual,1,2017,195.94,ACFT,K,Approved,2018-05-25 09:41:00
2006441,12006441,2006441 Total (Diversion),Annual,1,2018,232.3,ACFT,K,Approved,2019-04-04 16:17:00
2006441,12006441,2006441 Total (Diversion),Annual,1,2019,180.82,ACFT,K,Approved,2020-04-01 21:05:00
2006441,12006441,2006441 Total (Diversion),Annual,1,2020,169.79,ACFT,K,Approved,2021-03-26 10:46:00
2006441,12006441,2006441 Total (Diversion),Annual,1,2021,217.38,ACFT,K,Approved,2022-03-30 09:30:00
2006441,12006441,2006441 Total (Diversion),Annual,1,2022,213.16,ACFT,K,Approved,2023-02-03 11:01:00
2006441,12006441,2006441 Total (Diversion),Annual,1,2023,224.22,ACFT,K,Approved,2024-01-11 09:16:00
2006441,12006441,2006441 Total (Diversion),Annual,1,2024,189.22,ACFT,K,Approved,2024-12-09 09:41:00
2008353,12008353,2008353 Total (Diversion),Annual,1,2009,0.0,ACFT,U,Approved,2010-06-29 16:23:00
2008353,12008353,2008353 Total (Diversion),Annual,1,2010,0.0,ACFT,U,Approved,2011-06-20 17:12:00
2008353,12008353,2008353 Total (Diversion),Annual,1,2011,18.6,ACFT,U,Approved,2012-07-06 07:51:00
2008353,12008353,2008353 Total (Diversion),Annual,1,2012,26.652,ACFT,K,Approved,2018-02-09 15:55:00
2008353,12008353,2008353 Total (Diversion),Annual,1,2013,9.86,ACFT,K,Approved,2014-04-04 13:52:00
2008353,12008353,2008353 Total (Diversion),Annual,1,2014,0.0,ACFT,K,Approved,2015-06-01 17:12:00
2008353,12008353,2008353 Total (Diversion),Annual,1,2015,0.014,ACFT,K,Approved,2016-05-30 14:30:00
2008353,12008353,2008353 Total (Diversion),Annual,1,2016,0.0,ACFT,K,Approved,2018-01-03 15:56:00
2008353,12008353,2008353 Total (Diversion),Annual,1,2017,0.0,ACFT,K,Approved,2018-05-25 09:41:00
2008353,12008353,2008353 Total (Diversion),Annual,1,2018,0.0,ACFT,K,Approved,2019-04-04 16:17:00
2008353,12008353,2008353 Total (Diversion),Annual,1,2019,0.0,ACFT,K,Approved,2020-04-01 21:05:00
2008353,12008353,2008353 Total (Diversion),Annual,1,2020,0.0,ACFT,K,Approved,2021-03-26 10:46:00
2008353,12008353,2008353 Total (Diversion),Annual,1,2021,0.0,ACFT,K,Approved,2022-03-30 09:30:00
2008353,12008353,2008353 Total (Diversion),Annual,1,2022,0.0,ACFT,K,Approved,2023-02-03 11:02:00
2008353,12008353,2008353 Total (Diversion),Annual,1,2023,0.0,ACFT,K,Approved,2024-01-25 10:57:00
2008353,12008353,2008353 Total (Diversion),Annual,1,2024,0.0,ACFT,K,Approved,2024-11-19 14:08:00
2008354,12008354,2008354 Total (Diversion),Annual,1,2010,0.0,ACFT,U,Approved,2011-06-20 17:12:00
2008354,12008354,2008354 Total (Diversion),Annual,1,2011,0.0,ACFT,U,Approved,2012-07-06 07:51:00
2008354,12008354,2008354 Total (Diversion),Annual,1,2012,0.0,ACFT,K,Approved,2013-05-03 15:13:00
2008354,12008354,2008354 Total (Diversion),Annual,1,2013,0.0,ACFT,K,Approved,2014-04-04 13:52:00
2008354,12008354,2008354 Total (Diversion),Annual,1,2014,0.061,ACFT,K,Approved,2015-06-01 17:12:00
2008354,12008354,2008354 Total (Diversion),Annual,1,2015,0.006,ACFT,K,Approved,2016-05-30 14:30:00
2008354,12008354,2008354 Total (Diversion),Annual,1,2016,0.0,ACFT,K,Approved,2018-01-03 15:56:00
2008354,12008354,2008354 Total (Diversion),Annual,1,2017,0.0,ACFT,K,Approved,2018-05-25 09:41:00
2008354,12008354,2008354 Total (Diversion),Annual,1,2018,0.132,ACFT,K,Approved,2019-04-04 16:17:00
2008354,12008354,2008354 Total (Diversion),Annual,1,2019,0.0,ACFT,K,Approved,2020-04-01 21:05:00
2008354,12008354,2008354 Total (Diversion),Annual,1,2020,0.0,ACFT,K,Approved,2021-03-26 10:46:00
2008354,12008354,2008354 Total (Diversion),Annual,1,2021,0.0,ACFT,K,Approved,2022-03-30 09:30:00
2008354,12008354,2008354 Total (Diversion),Annual,1,2022,0.0,ACFT,K,Approved,2023-02-03 11:02:00
2008354,12008354,2008354 Total (Diversion),Annual,1,2023,0.0,ACFT,K,Approved,2024-01-25 10:58:00
2008354,12008354,2008354 Total (Diversion),Annual,1,2024,0.0,ACFT,K,Approved,2024-12-17 14:43:00
2008380,12008380,2008380 Total (Diversion),Annual,1,2009,337.66,ACFT,U,Approved,2010-06-29 16:23:00
2008380,12008380,2008380 Total (Diversion),Annual,1,2010,346.63,ACFT,U,Approved,2011-06-20 17:12:00
2008380,12008380,2008380 Total (Diversion),Annual,1,2011,384.14,ACFT,U,Approved,2012-07-06 07:51:00
2008380,12008380,2008380 Total (Diversion),Annual,1,2012,340.3243,ACFT,K,Approved,2013-05-03 15:13:00
2008380,12008380,2008380 Total (Diversion),Annual,1,2013,327.8318,ACFT,K,Approved,2014-04-04 13:52:00
2008380,12008380,2008380 Total (Diversion),Annual,1,2014,336.59,ACFT,K,Approved,2015-06-01 17:12:00
2008380,12008380,2008380 Total (Diversion),Annual,1,2015,164.87,ACFT,K,Approved,2016-05-30 14:30:00
2008380,12008380,2008380 Total (Diversion),Annual,1,2016,162.42,ACFT,K,Approved,2018-01-03 15:56:00
2008380,12008380,2008380 Total (Diversion),Annual,1,2017,210.9,ACFT,K,Approved,2018-05-25 09:41:00
2008380,12008380,2008380 Total (Diversion),Annual,1,2018,268.8,ACFT,K,Approved,2019-04-04 16:17:00
2008380,12008380,2008380 Total (Diversion),Annual,1,2019,197.05,ACFT,K,Approved,2020-04-01 21:05:00
2008380,12008380,2008380 Total (Diversion),Annual,1,2020,155.94,ACFT,K,Approved,2021-03-26 10:46:00
2008380,12008380,2008380 Total (Diversion),Annual,1,2021,179.97,ACFT,K,Approved,2022-03-30 09:30:00
2008380,12008380,2008380 Total (Diversion),Annual,1,2022,176.42,ACFT,K,Approved,2023-02-03 11:02:00
2008380,12008380,2008380 Total (Diversion),Annual,1,2023,225.8,ACFT,K,Approved,2024-01-11 10:39:00
2008380,12008380,2008380 Total (Diversion),Annual,1,2024,174.69,ACFT,K,Approved,2024-12-03 16:26:00
2008381,12008381,2008381 Total (Diversion),Annual,1,2009,333.73,ACFT,U,Approved,2010-06-29 16:23:00
2008381,12008381,2008381 Total (Diversion),Annual,1,2010,332.85,ACFT,U,Approved,2011-06-20 17:12:00
2008381,12008381,2008381 Total (Diversion),Annual,1,2011,389.33,ACFT,U,Approved,2012-07-06 07:51:00
2008381,12008381,2008381 Total (Diversion),Annual,1,2012,320.64,ACFT,K,Approved,2013-05-03 15:13:00
2008381,12008381,2008381 Total (Diversion),Annual,1,2013,220.79,ACFT,K,Approved,2014-04-04 13:52:00
2008381,12008381,2008381 Total (Diversion),Annual,1,2014,0.01,ACFT,K,Approved,2015-06-01 17:12:00
2008381,12008381,2008381 Total (Diversion),Annual,1,2015,166.6,ACFT,K,Approved,2016-05-30 14:30:00
2008381,12008381,2008381 Total (Diversion),Annual,1,2016,178.13,ACFT,K,Approved,2018-01-03 15:56:00
2008381,12008381,2008381 Total (Diversion),Annual,1,2017,274.12,ACFT,K,Approved,2018-05-25 09:41:00
2008381,12008381,2008381 Total (Diversion),Annual,1,2018,283.99,ACFT,K,Approved,2019-04-04 16:17:00
2008381,12008381,2008381 Total (Diversion),Annual,1,2019,203.03,ACFT,K,Approved,2020-04-01 21:05:00
2008381,12008381,2008381 Total (Diversion),Annual,1,2020,210.73,ACFT,K,Approved,2021-03-26 10:46:00
2008381,12008381,2008381 Total (Diversion),Annual,1,2021,205.42,ACFT,K,Approved,2022-03-30 09:30:00
2008381,12008381,2008381 Total (Diversion),Annual,1,2022,206.5,ACFT,K,Approved,2023-02-03 11:02:00
2008381,12008381,2008381 Total (Diversion),Annual,1,2023,195.73,ACFT,K,Approved,2024-01-11 10:12:00
2008381,12008381,2008381 Total (Diversion),Annual,1,2024,207.19,ACFT,K,Approved,2024-12-03 16:26:00
2008516,12008516,2008516 Total (Diversion),Annual,1,2014,89.0,ACFT,K,Approved,2015-06-01 17:12:00
2008516,12008516,2008516 Total (Diversion),Annual,1,2015,71.02,ACFT,K,Approved,2016-05-30 14:30:00
2008516,12008516,2008516 Total (Diversion),Annual,1,2016,79.025,ACFT,K,Approved,2018-01-03 15:56:00
2008516,12008516,2008516 Total (Diversion),Annual,1,2017,92.005,ACFT,K,Approved,2018-05-25 09:41:00
2008516,12008516,2008516 Total (Diversion),Annual,1,2018,103.27,ACFT,K,Approved,2019-04-04 16:17:00
2008516,12008516,2008516 Total (Diversion),Annual,1,2019,90.32,ACFT,K,Approved,2020-08-06 10:00:00
2008516,12008516,2008516 Total (Diversion),Annual,1,2020,90.885,ACFT,K,Approved,2021-03-26 10:46:00
2008516,12008516,2008516 Total (Diversion),Annual,1,2021,97.79,ACFT,K,Approved,2022-03-30 09:30:00
2008516,12008516,2008516 Total (Diversion),Annual,1,2022,89.325,ACFT,K,Approved,2023-02-03 11:03:00
2008516,12008516,2008516 Total (Diversion),Annual,1,2023,100.252,ACFT,K,Approved,2024-01-12 18:54:00
2008516,12008516,2008516 Total (Diversion),Annual,1,2024,88.644,ACFT,K,Approved,2024-11-18 13:14:00
2008528,12008528,2008528 Total (Diversion),Annual,1,2009,138.67,ACFT,U,Approved,2010-06-29 16:23:00
2008528,12008528,2008528 Total (Diversion),Annual,1,2010,158.87,ACFT,U,Approved,2011-06-20 17:12:00
2008528,12008528,2008528 Total (Diversion),Annual,1,2011,163.79,ACFT,U,Approved,2012-07-06 07:51:00
2008528,12008528,2008528 Total (Diversion),Annual,1,2012,223.87,ACFT,K,Approved,2013-05-03 15:13:00
2008528,12008528,2008528 Total (Diversion),Annual,1,2013,128.46,ACFT,K,Approved,2014-04-04 13:52:00
2008528,12008528,2008528 Total (Diversion),Annual,1,2014,186.7,ACFT,K,Approved,2015-06-01 17:12:00
2008528,12008528,2008528 Total (Diversion),Annual,1,2015,141.6,ACFT,K,Approved,2016-05-30 14:30:00
2008528,12008528,2008528 Total (Diversion),Annual,1,2016,141.84,ACFT,K,Approved,2018-01-03 15:56:00
2008528,12008528,2008528 Total (Diversion),Annual,1,2017,191.53,ACFT,K,Approved,2018-05-25 09:41:00
2008528,12008528,2008528 Total (Diversion),Annual,1,2018,229.23,ACFT,K,Approved,2019-04-04 16:17:00
2008528,12008528,2008528 Total (Diversion),Annual,1,2019,172.6,ACFT,K,Approved,2020-04-01 21:05:00
2008528,12008528,2008528 Total (Diversion),Annual,1,2020,150.21,ACFT,K,Approved,2021-03-26 10:46:00
2008528,12008528,2008528 Total (Diversion),Annual,1,2021,189.06,ACFT,K,Approved,2022-03-30 09:30:00
2008528,12008528,2008528 Total (Diversion),Annual,1,2022,163.44,ACFT,K,Approved,2023-02-03 11:03:00
2008528,12008528,2008528 Total (Diversion),Annual,1,2023,196.31,ACFT,K,Approved,2024-01-11 09:04:00
2008528,12008528,2008528 Total (Diversion),Annual,1,2024,141.59,ACFT,K,Approved,2024-12-09 09:41:00
2008529,12008529,2008529 Total (Diversion),Annual,1,2021,93.925,ACFT,K,Approved,2024-02-05 15:32:00
2008529,12008529,2008529 Total (Diversion),Annual,1,2022,105.28,ACFT,K,Approved,2023-12-27 11:08:00
2008529,12008529,2008529 Total (Diversion),Annual,1,2023,118.06,ACFT,K,Approved,2023-12-27 11:09:00
2008529,12008529,2008529 Total (Diversion),Annual,1,2024,89.09,ACFT,K,Approved,2024-11-18 13:12:00
2008623,12008623,2008623 Total (Diversion),Annual,1,2009,81.86,ACFT,U,Approved,2010-06-29 16:23:00
2008623,12008623,2008623 Total (Diversion),Annual,1,2010,143.93,ACFT,U,Approved,2011-06-20 17:12:00
2008623,12008623,2008623 Total (Diversion),Annual,1,2011,215.56,ACFT,U,Approved,2012-07-06 07:51:00
2008623,12008623,2008623 Total (Diversion),Annual,1,2012,134.78,ACFT,K,Approved,2013-05-03 15:13:00
2008623,12008623,2008623 Total (Diversion),Annual,1,2013,86.21,ACFT,K,Approved,2014-04-04 13:52:00
2008623,12008623,2008623 Total (Diversion),Annual,1,2014,89.0,ACFT,K,Approved,2015-06-01 17:12:00
2008623,12008623,2008623 Total (Diversion),Annual,1,2015,60.64,ACFT,K,Approved,2016-05-30 14:30:00
2008623,12008623,2008623 Total (Diversion),Annual,1,2016,65.63,ACFT,K,Approved,2018-01-03 15:56:00
2008623,12008623,2008623 Total (Diversion),Annual,1,2017,48.37,ACFT,K,Approved,2018-05-25 09:41:00
2008623,12008623,2008623 Total (Diversion),Annual,1,2018,96.68,ACFT,K,Approved,2019-04-04 16:17:00
2008623,12008623,2008623 Total (Diversion),Annual,1,2019,8.75,ACFT,K,Approved,2020-04-01 21:05:00
2008623,12008623,2008623 Total (Diversion),Annual,1,2020,0.0,ACFT,K,Approved,2021-03-26 10:46:00
2008623,12008623,2008623 Total (Diversion),Annual,1,2021,39.62,ACFT,K,Approved,2022-03-30 09:30:00
2008623,12008623,2008623 Total (Diversion),Annual,1,2022,0.0,ACFT,K,Approved,2023-02-03 11:04:00
2008623,12008623,2008623 Total (Diversion),Annual,1,2023,0.41,ACFT,K,Approved,2024-01-12 17:45:00
2008623,12008623,2008623 Total (Diversion),Annual,1,2024,0.0,ACFT,K,Approved,2024-11-21 11:05:00
2008651,12008651,2008651 Total (Diversion),Annual,1,2009,0.02,ACFT,U,Approved,2010-06-29 16:23:00
2008651,12008651,2008651 Total (Diversion),Annual,1,2010,22.874,ACFT,U,Approved,2013-11-25 22:02:00
2008651,12008651,2008651 Total (Diversion),Annual,1,2011,127.982,ACFT,U,Approved,2013-11-25 15:50:00
2008651,12008651,2008651 Total (Diversion),Annual,1,2012,90.859,ACFT,K,Approved,2013-05-03 15:13:00
2008651,12008651,2008651 Total (Diversion),Annual,1,2013,68.386,ACFT,K,Approved,2014-04-04 13:52:00
2008651,12008651,2008651 Total (Diversion),Annual,1,2014,14.982,ACFT,K,Approved,2015-06-01 17:12:00
2008651,12008651,2008651 Total (Diversion),Annual,1,2015,262.92,ACFT,K,Approved,2018-01-25 13:30:00
2008651,12008651,2008651 Total (Diversion),Annual,1,2016,105.703,ACFT,K,Approved,2018-01-03 15:56:00
2008651,12008651,2008651 Total (Diversion),Annual,1,2017,292.299,ACFT,K,Approved,2019-02-07 12:25:00
2008651,12008651,2008651 Total (Diversion),Annual,1,2018,184.397,ACFT,K,Approved,2019-04-04 16:17:00
2008651,12008651,2008651 Total (Diversion),Annual,1,2019,1.475,ACFT,K,Approved,2020-04-01 21:05:00
2008651,12008651,2008651 Total (Diversion),Annual,1,2020,0.0,ACFT,K,Approved,2021-03-26 10:46:00
2008651,12008651,2008651 Total (Diversion),Annual,1,2021,82.934,ACFT,K,Approved,2022-03-30 09:30:00
2008651,12008651,2008651 Total (Diversion),Annual,1,2022,0.0,ACFT,K,Approved,2023-02-03 11:02:00
2008651,12008651,2008651 Total (Diversion),Annual,1,2023,0.0,ACFT,K,Approved,2024-01-29 09:05:00
2008651,12008651,2008651 Total (Diversion),Annual,1,2024,0.001,ACFT,K,Approved,2024-12-09 09:41:00
2008660,12008660,2008660 Total (Diversion),Annual,1,2009,19.12,ACFT,U,Approved,2010-06-29 16:23:00
2008660,12008660,2008660 Total (Diversion),Annual,1,2010,35.0,ACFT,U,Approved,2011-06-20 17:12:00
2008660,12008660,2008660 Total (Diversion),Annual,1,2011,74.91,ACFT,U,Approved,2012-07-06 07:51:00
2008660,12008660,2008660 Total (Diversion),Annual,1,2012,177.74,ACFT,K,Approved,2013-05-03 15:13:00
2008660,12008660,2008660 Total (Diversion),Annual,1,2013,164.94,ACFT,K,Approved,2014-04-04 13:52:00
2008660,12008660,2008660 Total (Diversion),Annual,1,2014,87.3,ACFT,K,Approved,2015-06-01 17:12:00
2008660,12008660,2008660 Total (Diversion),Annual,1,2015,79.08,ACFT,K,Approved,2016-05-30 14:30:00
2008660,12008660,2008660 Total (Diversion),Annual,1,2016,160.31,ACFT,K,Approved,2018-01-03 15:56:00
2008660,12008660,2008660 Total (Diversion),Annual,1,2017,191.7,ACFT,K,Approved,2018-05-25 09:41:00
2008660,12008660,2008660 Total (Diversion),Annual,1,2018,180.72,ACFT,K,Approved,2019-04-04 16:17:00
2008660,12008660,2008660 Total (Diversion),Annual,1,2019,133.5433,ACFT,K,Approved,2020-04-01 21:05:00
2008660,12008660,2008660 Total (Diversion),Annual,1,2020,115.377,ACFT,K,Approved,2021-03-26 10:46:00
2008660,12008660,2008660 Total (Diversion),Annual,1,2021,78.8483,ACFT,K,Approved,2022-03-30 09:30:00
2008660,12008660,2008660 Total (Diversion),Annual,1,2022,120.3179,ACFT,K,Approved,2023-02-03 11:01:00
2008660,12008660,2008660 Total (Diversion),Annual,1,2023,129.5568,ACFT,K,Approved,2024-01-16 10:54:00
2008660,12008660,2008660 Total (Diversion),Annual,1,2024,196.0,ACFT,K,Approved,2024-11-22 08:41:00
2008747,12008747,2008747 Total (Diversion),Annual,1,2009,84.11,ACFT,U,Approved,2010-06-29 16:23:00
2008747,12008747,2008747 Total (Diversion),Annual,1,2010,113.705,ACFT,U,Approved,2013-11-25 22:06:00
2008747,12008747,2008747 Total (Diversion),Annual,1,2011,117.17,ACFT,U,Approved,2012-07-06 07:51:00
2008747,12008747,2008747 Total (Diversion),Annual,1,2012,123.34,ACFT,K,Approved,2013-05-03 15:13:00
2008747,12008747,2008747 Total (Diversion),Annual,1,2013,110.17,ACFT,K,Approved,2014-04-04 13:52:00
2008747,12008747,2008747 Total (Diversion),Annual,1,2014,106.5,ACFT,K,Approved,2015-06-01 17:12:00
2008747,12008747,2008747 Total (Diversion),Annual,1,2015,82.15,ACFT,K,Approved,2016-05-30 14:30:00
2008747,12008747,2008747 Total (Diversion),Annual,1,2016,100.78,ACFT,K,Approved,2018-01-03 15:56:00
2008747,12008747,2008747 Total (Diversion),Annual,1,2017,92.35,ACFT,K,Approved,2018-05-25 09:41:00
2008747,12008747,2008747 Total (Diversion),Annual,1,2018,121.315,ACFT,K,Approved,2019-04-04 16:17:00
2008747,12008747,2008747 Total (Diversion),Annual,1,2019,103.255,ACFT,K,Approved,2020-04-01 21:05:00
2008747,12008747,2008747 Total (Diversion),Annual,1,2020,112.805,ACFT,K,Approved,2021-03-26 10:46:00
2008747,12008747,2008747 Total (Diversion),Annual,1,2021,115.585,ACFT,K,Approved,2022-03-30 09:30:00
2008747,12008747,2008747 Total (Diversion),Annual,1,2022,94.445,ACFT,K,Approved,2023-02-03 11:03:00
2008747,12008747,2008747 Total (Diversion),Annual,1,2023,109.605,ACFT,K,Approved,2024-01-16 12:21:00
2008747,12008747,2008747 Total (Diversion),Annual,1,2024,110.37,ACFT,K,Approved,2024-11-27 09:28:00
2008748,12008748,2008748 Total (Diversion),Annual,1,2009,79.95,ACFT,U,Approved,2010-06-29 16:23:00
2008748,12008748,2008748 Total (Diversion),Annual,1,2010,109.135,ACFT,U,Approved,2013-11-25 22:06:00
2008748,12008748,2008748 Total (Diversion),Annual,1,2011,117.165,ACFT,U,Approved,2013-11-25 15:56:00
2008748,12008748,2008748 Total (Diversion),Annual,1,2012,116.68,ACFT,K,Approved,2013-05-03 15:13:00
2008748,12008748,2008748 Total (Diversion),Annual,1,2013,106.5,ACFT,K,Approved,2014-04-04 13:52:00
2008748,12008748,2008748 Total (Diversion),Annual,1,2014,103.6,ACFT,K,Approved,2015-06-01 17:12:00
2008748,12008748,2008748 Total (Diversion),Annual,1,2015,79.6,ACFT,K,Approved,2016-05-30 14:30:00
2008748,12008748,2008748 Total (Diversion),Annual,1,2016,98.89,ACFT,K,Approved,2018-01-03 15:56:00
2008748,12008748,2008748 Total (Diversion),Annual,1,2017,86.9,ACFT,K,Approved,2018-05-25 09:41:00
2008748,12008748,2008748 Total (Diversion),Annual,1,2018,114.675,ACFT,K,Approved,2019-04-04 16:17:00
2008748,12008748,2008748 Total (Diversion),Annual,1,2019,100.095,ACFT,K,Approved,2020-04-01 21:05:00
2008748,12008748,2008748 Total (Diversion),Annual,1,2020,108.555,ACFT,K,Approved,2021-03-26 10:46:00
2008748,12008748,2008748 Total (Diversion),Annual,1,2021,103.615,ACFT,K,Approved,2022-03-30 09:30:00
2008748,12008748,2008748 Total (Diversion),Annual,1,2022,87.165,ACFT,K,Approved,2023-02-03 11:02:00
2008748,12008748,2008748 Total (Diversion),Annual,1,2023,90.755,ACFT,K,Approved,2024-01-16 12:21:00
2008748,12008748,2008748 Total (Diversion),Annual,1,2024,101.96,ACFT,K,Approved,2024-11-27 09:28:00
2008756,12008756,2008756 Total (Diversion),Annual,1,2009,0.0,ACFT,U,Approved,2010-06-29 16:23:00
2008756,12008756,2008756 Total (Diversion),Annual,1,2010,15.3,ACFT,U,Approved,2011-06-20 17:12:00
2008756,12008756,2008756 Total (Diversion),Annual,1,2011,15.538,ACFT,U,Approved,2013-11-25 15:57:00
2008756,12008756,2008756 Total (Diversion),Annual,1,2012,27.132,ACFT,K,Approved,2013-05-03 15:13:00
2008756,12008756,2008756 Total (Diversion),Annual,1,2013,20.949,ACFT,K,Approved,2014-04-04 13:52:00
2008756,12008756,2008756 Total (Diversion),Annual,1,2014,29.306,ACFT,K,Approved,2015-06-01 17:12:00
2008756,12008756,2008756 Total (Diversion),Annual,1,2015,22.975,ACFT,K,Approved,2016-05-30 14:30:00
2008756,12008756,2008756 Total (Diversion),Annual,1,2016,2.504,ACFT,K,Approved,2018-01-03 15:56:00
2008756,12008756,2008756 Total (Diversion),Annual,1,2017,3.724,ACFT,K,Approved,2018-05-25 09:41:00
2008756,12008756,2008756 Total (Diversion),Annual,1,2018,0.0,ACFT,K,Approved,2019-04-04 16:17:00
2008756,12008756,2008756 Total (Diversion),Annual,1,2019,7.594,ACFT,K,Approved,2020-04-01 21:05:00
2008756,12008756,2008756 Total (Diversion),Annual,1,2020,6.954,ACFT,K,Approved,2021-03-26 10:46:00
2008756,12008756,2008756 Total (Diversion),Annual,1,2021,0.0,ACFT,K,Approved,2022-03-30 09:30:00
2008756,12008756,2008756 Total (Diversion),Annual,1,2022,0.0,ACFT,K,Approved,2023-02-03 11:02:00
2008756,12008756,2008756 Total (Diversion),Annual,1,2023,0.0,ACFT,K,Approved,2024-01-29 10:22:00
2008756,12008756,2008756 Total (Diversion),Annual,1,2024,0.087,ACFT,K,Approved,2024-11-15 15:01:00
2008773,12008773,2008773 Total (Diversion),Annual,1,2013,0.0,ACFT,K,Approved,2014-04-04 13:52:00
2008935,12008935,2008935 Total (Diversion),Annual,1,2009,94.7,ACFT,U,Approved,2013-10-02 08:01:00
2008935,12008935,2008935 Total (Diversion),Annual,1,2010,131.09,ACFT,U,Approved,2013-10-02 08:01:00
2008935,12008935,2008935 Total (Diversion),Annual,1,2011,96.45,ACFT,U,Approved,2013-10-02 08:01:00
2008935,12008935,2008935 Total (Diversion),Annual,1,2012,105.935,ACFT,K,Approved,2013-10-02 08:01:00
2008935,12008935,2008935 Total (Diversion),Annual,1,2013,88.68,ACFT,K,Approved,2014-04-04 13:52:00
2008935,12008935,2008935 Total (Diversion),Annual,1,2014,85.98,ACFT,K,Approved,2015-06-01 17:12:00
2008935,12008935,2008935 Total (Diversion),Annual,1,2015,77.43,ACFT,K,Approved,2016-05-30 14:30:00
2008935,12008935,2008935 Total (Diversion),Annual,1,2016,88.795,ACFT,K,Approved,2018-01-03 15:56:00
2008935,12008935,2008935 Total (Diversion),Annual,1,2017,96.55,ACFT,K,Approved,2018-05-25 09:41:00
2008935,12008935,2008935 Total (Diversion),Annual,1,2018,97.905,ACFT,K,Approved,2019-04-04 16:17:00
2008935,12008935,2008935 Total (Diversion),Annual,1,2019,45.0,ACFT,K,Approved,2020-04-01 21:05:00
2008935,12008935,2008935 Total (Diversion),Annual,1,2020,87.7,ACFT,K,Approved,2021-03-26 10:46:00
2008935,12008935,2008935 Total (Diversion),Annual,1,2021,41.2,ACFT,K,Approved,2022-03-30 09:30:00
2008935,12008935,2008935 Total (Diversion),Annual,1,2022,82.41,ACFT,K,Approved,2023-02-03 11:01:00
2008935,12008935,2008935 Total (Diversion),Annual,1,2023,34.225,ACFT,K,Approved,2024-01-12 17:37:00
2008935,12008935,2008935 Total (Diversion),Annual,1,2024,86.855,ACFT,K,Approved,2024-11-21 11:05:00
2009213,12009213,2009213 Total (Diversion),Annual,1,2009,11.82,ACFT,U,Approved,2010-06-29 16:23:00
2009213,12009213,2009213 Total (Diversion),Annual,1,2010,0.0,ACFT,U,Approved,2011-06-20 17:12:00
2009213,12009213,2009213 Total (Diversion),Annual,1,2011,0.0,ACFT,U,Approved,2012-07-06 07:51:00
2009213,12009213,2009213 Total (Diversion),Annual,1,2012,0.0,ACFT,K,Approved,2013-05-03 15:13:00
2009213,12009213,2009213 Total (Diversion),Annual,1,2013,0.0,ACFT,K,Approved,2014-04-04 13:52:00
2009213,12009213,2009213 Total (Diversion),Annual,1,2014,0.0,ACFT,K,Approved,2015-06-01 17:12:00
2009213,12009213,2009213 Total (Diversion),Annual,1,2015,0.0,ACFT,K,Approved,2016-05-30 14:30:00
2009213,12009213,2009213 Total (Diversion),Annual,1,2016,0.0,ACFT,K,Approved,2018-01-03 15:56:00
2009213,12009213,2009213 Total (Diversion),Annual,1,2017,0.0,ACFT,K,Approved,2018-05-25 09:41:00
2009213,12009213,2009213 Total (Diversion),Annual,1,2018,0.0,ACFT,K,Approved,2019-04-04 16:17:00
2009213,12009213,2009213 Total (Diversion),Annual,1,2019,0.0,ACFT,K,Approved,2020-04-01 21:05:00
2009213,12009213,2009213 Total (Diversion),Annual,1,2020,0.0,ACFT,K,Approved,2021-03-26 10:46:00
2009213,12009213,2009213 Total (Diversion),Annual,1,2021,0.0,ACFT,K,Approved,2022-03-30 09:30:00
2009213,12009213,2009213 Total (Diversion),Annual,1,2022,0.0,ACFT,K,Approved,2023-02-03 11:05:00
2009213,12009213,2009213 Total (Diversion),Annual,1,2023,0.0,ACFT,K,Approved,2023-10-12 15:18:00
2009213,12009213,2009213 Total (Diversion),Annual,1,2024,0.0,ACFT,K,Approved,2024-11-19 14:08:00
2009216,12009216,2009216 Total (Diversion),Annual,1,2009,115.62,ACFT,U,Approved,2010-06-29 16:23:00
2009216,12009216,2009216 Total (Diversion),Annual,1,2010,110.415,ACFT,U,Approved,2013-11-25 22:20:00
2009216,12009216,2009216 Total (Diversion),Annual,1,2011,223.87,ACFT,U,Approved,2012-07-06 07:51:00
2009216,12009216,2009216 Total (Diversion),Annual,1,2012,178.309,ACFT,K,Approved,2013-05-03 15:13:00
2009216,12009216,2009216 Total (Diversion),Annual,1,2013,155.826,ACFT,K,Approved,2014-04-04 13:52:00
2009216,12009216,2009216 Total (Diversion),Annual,1,2014,152.0,ACFT,K,Approved,2015-06-01 17:12:00
2009216,12009216,2009216 Total (Diversion),Annual,1,2015,145.221,ACFT,K,Approved,2016-05-30 14:30:00
2009216,12009216,2009216 Total (Diversion),Annual,1,2016,166.8714,ACFT,K,Approved,2018-01-03 15:56:00
2009216,12009216,2009216 Total (Diversion),Annual,1,2017,169.485,ACFT,K,Approved,2018-05-25 09:41:00
2009216,12009216,2009216 Total (Diversion),Annual,1,2018,213.964,ACFT,K,Approved,2019-04-04 16:17:00
2009216,12009216,2009216 Total (Diversion),Annual,1,2019,173.671,ACFT,K,Approved,2020-08-06 10:15:00
2009216,12009216,2009216 Total (Diversion),Annual,1,2020,201.172,ACFT,K,Approved,2021-03-26 10:46:00
2009216,12009216,2009216 Total (Diversion),Annual,1,2021,195.365,ACFT,K,Approved,2022-03-30 09:30:00
2009216,12009216,2009216 Total (Diversion),Annual,1,2022,191.297,ACFT,K,Approved,2023-02-03 11:05:00
2009216,12009216,2009216 Total (Diversion),Annual,1,2023,188.599,ACFT,K,Approved,2024-01-12 18:36:00
2009216,12009216,2009216 Total (Diversion),Annual,1,2024,151.515,ACFT,K,Approved,2024-11-18 13:14:00
2009217,12009217,2009217 Total (Diversion),Annual,1,2009,161.63,ACFT,U,Approved,2010-06-29 16:23:00
2009217,12009217,2009217 Total (Diversion),Annual,1,2010,217.16,ACFT,U,Approved,2011-06-20 17:12:00
2009217,12009217,2009217 Total (Diversion),Annual,1,2011,207.38,ACFT,U,Approved,2012-07-06 07:51:00
2009217,12009217,2009217 Total (Diversion),Annual,1,2012,187.59,ACFT,K,Approved,2013-05-03 15:13:00
2009217,12009217,2009217 Total (Diversion),Annual,1,2013,113.0,ACFT,K,Approved,2014-04-04 13:52:00
2009217,12009217,2009217 Total (Diversion),Annual,1,2014,183.0,ACFT,K,Approved,2015-06-01 17:12:00
2009217,12009217,2009217 Total (Diversion),Annual,1,2015,171.71,ACFT,K,Approved,2016-05-30 14:30:00
2009217,12009217,2009217 Total (Diversion),Annual,1,2016,213.26,ACFT,K,Approved,2018-01-03 15:56:00
2009217,12009217,2009217 Total (Diversion),Annual,1,2017,224.29,ACFT,K,Approved,2018-05-25 09:41:00
2009217,12009217,2009217 Total (Diversion),Annual,1,2018,204.36,ACFT,K,Approved,2019-04-04 16:17:00
2009217,12009217,2009217 Total (Diversion),Annual,1,2019,174.15,ACFT,K,Approved,2020-08-06 10:15:00
2009217,12009217,2009217 Total (Diversion),Annual,1,2020,214.28,ACFT,K,Approved,2021-03-26 10:46:00
2009217,12009217,2009217 Total (Diversion),Annual,1,2021,225.62,ACFT,K,Approved,2022-03-30 09:30:00
2009217,12009217,2009217 Total (Diversion),Annual,1,2022,231.03,ACFT,K,Approved,2023-02-03 11:03:00
2009217,12009217,2009217 Total (Diversion),Annual,1,2023,242.05,ACFT,K,Approved,2024-01-12 18:38:00
2009217,12009217,2009217 Total (Diversion),Annual,1,2024,162.89,ACFT,K,Approved,2024-11-18 13:11:00
2009609,12009609,2009609 Total (Diversion),Annual,1,2009,109.73,ACFT,U,Approved,2010-06-29 16:23:00
2009609,12009609,2009609 Total (Diversion),Annual,1,2010,122.763,ACFT,U,Approved,2013-11-25 22:27:00
2009609,12009609,2009609 Total (Diversion),Annual,1,2011,120.779,ACFT,U,Approved,2013-11-25 16:34:00
2009609,12009609,2009609 Total (Diversion),Annual,1,2012,98.516,ACFT,K,Approved,2013-05-03 15:13:00
2009609,12009609,2009609 Total (Diversion),Annual,1,2013,105.039,ACFT,K,Approved,2014-04-04 13:52:00
2009609,12009609,2009609 Total (Diversion),Annual,1,2014,81.488,ACFT,K,Approved,2015-06-01 17:12:00
2009609,12009609,2009609 Total (Diversion),Annual,1,2015,50.804,ACFT,K,Approved,2016-05-30 14:30:00
2009609,12009609,2009609 Total (Diversion),Annual,1,2016,49.031,ACFT,K,Approved,2018-01-03 15:56:00
2009609,12009609,2009609 Total (Diversion),Annual,1,2017,74.694,ACFT,K,Approved,2018-05-25 09:41:00
2009609,12009609,2009609 Total (Diversion),Annual,1,2018,88.991,ACFT,K,Approved,2019-04-04 16:17:00
2009609,12009609,2009609 Total (Diversion),Annual,1,2019,49.071,ACFT,K,Approved,2020-04-01 21:05:00
2009609,12009609,2009609 Total (Diversion),Annual,1,2020,34.325,ACFT,K,Approved,2021-03-26 10:46:00
2009609,12009609,2009609 Total (Diversion),Annual,1,2021,64.305,ACFT,K,Approved,2022-03-30 09:30:00
2009609,12009609,2009609 Total (Diversion),Annual,1,2022,59.379,ACFT,K,Approved,2023-02-03 11:02:00
2009609,12009609,2009609 Total (Diversion),Annual,1,2023,82.365,ACFT,K,Approved,2024-01-17 15:29:00
2009609,12009609,2009609 Total (Diversion),Annual,1,2024,47.062,ACFT,K,Approved,2024-11-14 15:35:00
2009639,12009639,2009639 Total (Diversion),Annual,1,2021,0.7288,ACFT,K,Approved,2022-03-30 09:30:00
2009639,12009639,2009639 Total (Diversion),Annual,1,2022,0.2632,ACFT,K,Approved,2023-02-03 11:05:00
2009639,12009639,2009639 Total (Diversion),Annual,1,2023,0.3623,ACFT,K,Approved,2024-02-05 13:50:00
2009639,12009639,2009639 Total (Diversion),Annual,1,2024,0.2837,ACFT,K,Approved,2024-12-30 09:06:00
2010320,12010320,2010320 Total (Diversion),Annual,1,2009,15.12,ACFT,U,Approved,2010-06-29 16:23:00
2010320,12010320,2010320 Total (Diversion),Annual,1,2010,0.2194,ACFT,U,Approved,2013-11-25 22:33:00
2010320,12010320,2010320 Total (Diversion),Annual,1,2011,20.3982,ACFT,U,Approved,2013-11-25 16:42:00
2010320,12010320,2010320 Total (Diversion),Annual,1,2012,10.7563,ACFT,K,Approved,2013-05-03 15:13:00
2010320,12010320,2010320 Total (Diversion),Annual,1,2013,29.5482,ACFT,K,Approved,2014-04-04 13:52:00
2010320,12010320,2010320 Total (Diversion),Annual,1,2014,6.0293,ACFT,K,Approved,2015-06-01 17:12:00
2010320,12010320,2010320 Total (Diversion),Annual,1,2015,1.671,ACFT,K,Approved,2016-05-30 14:30:00
2010320,12010320,2010320 Total (Diversion),Annual,1,2016,1.1742,ACFT,K,Approved,2018-02-12 13:00:00
2010320,12010320,2010320 Total (Diversion),Annual,1,2017,1.3852,ACFT,K,Approved,2018-05-25 09:41:00
2010320,12010320,2010320 Total (Diversion),Annual,1,2018,2.5863,ACFT,K,Approved,2019-04-04 16:17:00
2010320,12010320,2010320 Total (Diversion),Annual,1,2019,2.1631,ACFT,K,Approved,2020-04-01 21:05:00
2010320,12010320,2010320 Total (Diversion),Annual,1,2020,1.2804,ACFT,K,Approved,2021-03-26 10:46:00
2010320,12010320,2010320 Total (Diversion),Annual,1,2021,0.9517,ACFT,K,Approved,2022-03-30 09:30:00
2010320,12010320,2010320 Total (Diversion),Annual,1,2022,0.0,ACFT,K,Approved,2023-02-03 11:05:00
2010320,12010320,2010320 Total (Diversion),Annual,1,2023,2.5903,ACFT,K,Approved,2024-02-15 15:45:00
2010320,12010320,2010320 Total (Diversion),Annual,1,2024,12.282,ACFT,K,Approved,2024-10-16 16:42:00
2010597,12010597,2010597 Total (Diversion),Annual,1,2009,9.2,ACFT,U,Approved,2010-06-29 16:23:00
2010597,12010597,2010597 Total (Diversion),Annual,1,2010,0.0,ACFT,U,Approved,2011-06-20 17:12:00
2010597,12010597,2010597 Total (Diversion),Annual,1,2011,0.6,ACFT,U,Approved,2012-07-06 07:51:00
2010597,12010597,2010597 Total (Diversion),Annual,1,2012,9.5,ACFT,K,Approved,2013-05-03 15:13:00
2010597,12010597,2010597 Total (Diversion),Annual,1,2013,3.9,ACFT,K,Approved,2014-04-04 13:52:00
2010597,12010597,2010597 Total (Diversion),Annual,1,2014,4.7,ACFT,K,Approved,2015-06-01 17:12:00
2010597,12010597,2010597 Total (Diversion),Annual,1,2015,5.6,ACFT,K,Approved,2016-05-30 14:30:00
2010597,12010597,2010597 Total (Diversion),Annual,1,2016,4.6,ACFT,K,Approved,2018-01-03 15:56:00
2010597,12010597,2010597 Total (Diversion),Annual,1,2017,5.16,ACFT,K,Approved,2018-05-25 09:41:00
2010597,12010597,2010597 Total (Diversion),Annual,1,2018,5.23,ACFT,K,Approved,2019-04-04 16:17:00
2010597,12010597,2010597 Total (Diversion),Annual,1,2019,4.7,ACFT,K,Approved,2020-04-01 21:05:00
2010597,12010597,2010597 Total (Diversion),Annual,1,2020,4.81,ACFT,K,Approved,2021-03-26 10:46:00
2010597,12010597,2010597 Total (Diversion),Annual,1,2021,5.34,ACFT,K,Approved,2022-03-30 09:30:00
2010597,12010597,2010597 Total (Diversion),Annual,1,2022,5.54,ACFT,K,Approved,2023-02-03 11:01:00
2010597,12010597,2010597 Total (Diversion),Annual,1,2023,5.39,ACFT,K,Approved,2024-01-16 11:02:00
2010597,12010597,2010597 Total (Diversion),Annual,1,2024,5.2,ACFT,K,Approved,2024-11-25 09:44:00
2012409,12012409,2012409 Total (Diversion),Annual,1,2009,72.02,ACFT,U,Approved,2010-06-29 16:23:00
2012409,12012409,2012409 Total (Diversion),Annual,1,2010,144.84,ACFT,U,Approved,2011-06-20 17:12:00
2012409,12012409,2012409 Total (Diversion),Annual,1,2011,251.11,ACFT,U,Approved,2012-07-06 07:51:00
2012409,12012409,2012409 Total (Diversion),Annual,1,2012,231.16,ACFT,K,Approved,2013-05-03 15:13:00
2012409,12012409,2012409 Total (Diversion),Annual,1,2013,172.18,ACFT,K,Approved,2014-04-04 13:52:00
2012409,12012409,2012409 Total (Diversion),Annual,1,2014,40.56,ACFT,K,Approved,2015-06-01 17:12:00
2012409,12012409,2012409 Total (Diversion),Annual,1,2015,0.0,ACFT,K,Approved,2016-05-30 14:30:00
2012409,12012409,2012409 Total (Diversion),Annual,1,2016,23.58,ACFT,K,Approved,2018-01-03 15:56:00
2012409,12012409,2012409 Total (Diversion),Annual,1,2017,12.56,ACFT,K,Approved,2018-05-25 09:41:00
2012409,12012409,2012409 Total (Diversion),Annual,1,2018,99.88,ACFT,K,Approved,2019-04-04 16:17:00
2012409,12012409,2012409 Total (Diversion),Annual,1,2019,0.0,ACFT,K,Approved,2020-04-01 21:05:00
2012409,12012409,2012409 Total (Diversion),Annual,1,2020,2.87,ACFT,K,Approved,2021-03-26 10:46:00
2012409,12012409,2012409 Total (Diversion),Annual,1,2021,5.72,ACFT,K,Approved,2022-03-30 09:30:00
2012409,12012409,2012409 Total (Diversion),Annual,1,2022,0.07,ACFT,K,Approved,2023-02-03 11:03:00
2012409,12012409,2012409 Total (Diversion),Annual,1,2023,3.15,ACFT,K,Approved,2024-02-05 08:32:00
2012409,12012409,2012409 Total (Diversion),Annual,1,2024,0.0,ACFT,K,Approved,2024-10-30 13:07:00
2012520,12012520,2012520 Total (Diversion),Annual,1,2009,0.3987,ACFT,U,Approved,2017-02-17 16:20:00
2012520,12012520,2012520 Total (Diversion),Annual,1,2010,0.155,ACFT,U,Approved,2014-10-17 08:41:00
2012520,12012520,2012520 Total (Diversion),Annual,1,2011,0.015,ACFT,U,Approved,2014-10-17 08:41:00
2012520,12012520,2012520 Total (Diversion),Annual,1,2012,3.2173,ACFT,K,Approved,2014-10-17 08:41:00
2012520,12012520,2012520 Total (Diversion),Annual,1,2013,1.0206,ACFT,K,Approved,2014-10-17 08:41:00
2012520,12012520,2012520 Total (Diversion),Annual,1,2014,2.1604,ACFT,K,Approved,2015-06-01 17:12:00
2012520,12012520,2012520 Total (Diversion),Annual,1,2015,0.0,ACFT,K,Approved,2016-05-30 14:30:00
2012520,12012520,2012520 Total (Diversion),Annual,1,2016,0.0,ACFT,K,Approved,2018-01-03 15:56:00
2012520,12012520,2012520 Total (Diversion),Annual,1,2017,2.8721,ACFT,K,Approved,2018-05-25 09:41:00
2012520,12012520,2012520 Total (Diversion),Annual,1,2018,6.792,ACFT,K,Approved,2019-04-04 16:17:00
2012520,12012520,2012520 Total (Diversion),Annual,1,2019,6.792,ACFT,K,Approved,2020-04-01 21:05:00
2012520,12012520,2012520 Total (Diversion),Annual,1,2020,4.1208,ACFT,K,Approved,2021-03-26 10:46:00
2012520,12012520,2012520 Total (Diversion),Annual,1,2021,3.4787,ACFT,K,Approved,2022-03-30 09:30:00
2012520,12012520,2012520 Total (Diversion),Annual,1,2022,0.1657,ACFT,K,Approved,2023-02-03 11:04:00
2012520,12012520,2012520 Total (Diversion),Annual,1,2023,1.0431,ACFT,K,Approved,2024-02-05 13:49:00
2012520,12012520,2012520 Total (Diversion),Annual,1,2024,3.0081,ACFT,K,Approved,2024-12-02 12:08:00
2012521,12012521,2012521 Total (Diversion),Annual,1,2009,5.3,ACFT,U,Approved,2014-10-17 08:40:00
2012521,12012521,2012521 Total (Diversion),Annual,1,2010,5.2834,ACFT,U,Approved,2014-10-17 08:40:00
2012521,12012521,2012521 Total (Diversion),Annual,1,2011,5.981,ACFT,U,Approved,2014-10-17 08:40:00
2012521,12012521,2012521 Total (Diversion),Annual,1,2012,5.3485,ACFT,K,Approved,2014-10-17 08:40:00
2012521,12012521,2012521 Total (Diversion),Annual,1,2013,3.6379,ACFT,K,Approved,2014-10-17 08:40:00
2012521,12012521,2012521 Total (Diversion),Annual,1,2014,3.8972,ACFT,K,Approved,2015-06-01 17:12:00
2012521,12012521,2012521 Total (Diversion),Annual,1,2015,2.7654,ACFT,K,Approved,2016-05-30 14:30:00
2012521,12012521,2012521 Total (Diversion),Annual,1,2016,4.3988,ACFT,K,Approved,2018-01-03 15:56:00
2012521,12012521,2012521 Total (Diversion),Annual,1,2017,7.4247,ACFT,K,Approved,2018-05-25 09:41:00
2012521,12012521,2012521 Total (Diversion),Annual,1,2018,5.2033,ACFT,K,Approved,2019-04-04 16:17:00
2012521,12012521,2012521 Total (Diversion),Annual,1,2019,5.2033,ACFT,K,Approved,2020-04-01 21:05:00
2012521,12012521,2012521 Total (Diversion),Annual,1,2020,3.6735,ACFT,K,Approved,2021-03-26 10:46:00
2012521,12012521,2012521 Total (Diversion),Annual,1,2021,2.9962,ACFT,K,Approved,2022-03-30 09:30:00
2012521,12012521,2012521 Total (Diversion),Annual,1,2022,3.0161,ACFT,K,Approved,2023-02-03 11:05:00
2012521,12012521,2012521 Total (Diversion),Annual,1,2023,3.2584,ACFT,K,Approved,2024-02-05 08:43:00
2012521,12012521,2012521 Total (Diversion),Annual,1,2024,2.798,ACFT,K,Approved,2024-12-02 12:00:00
2012521,12012521,2012521 Total (Diversion),Annual,1,2025,0.0046,ACFT,K,Provisional,2025-06-20 16:42:00
2012522,12012522,2012522 Total (Diversion),Annual,1,2009,5.8499,ACFT,U,Approved,2017-02-17 16:00:00
2012522,12012522,2012522 Total (Diversion),Annual,1,2010,3.5522,ACFT,U,Approved,2017-02-17 16:00:00
2012522,12012522,2012522 Total (Diversion),Annual,1,2011,4.8142,ACFT,U,Approved,2017-02-17 16:01:00
2012522,12012522,2012522 Total (Diversion),Annual,1,2012,3.641,ACFT,K,Approved,2017-02-17 16:01:00
2012522,12012522,2012522 Total (Diversion),Annual,1,2013,5.1085,ACFT,K,Approved,2014-04-04 13:52:00
2012522,12012522,2012522 Total (Diversion),Annual,1,2014,2.1605,ACFT,K,Approved,2015-06-01 17:12:00
2012522,12012522,2012522 Total (Diversion),Annual,1,2015,0.0135,ACFT,K,Approved,2016-05-30 14:30:00
2012522,12012522,2012522 Total (Diversion),Annual,1,2016,6.2918,ACFT,K,Approved,2018-01-03 15:56:00
2012522,12012522,2012522 Total (Diversion),Annual,1,2017,4.0743,ACFT,K,Approved,2018-05-25 09:41:00
2012522,12012522,2012522 Total (Diversion),Annual,1,2018,5.1665,ACFT,K,Approved,2019-04-04 16:17:00
2012522,12012522,2012522 Total (Diversion),Annual,1,2019,5.1665,ACFT,K,Approved,2020-04-01 21:05:00
2012522,12012522,2012522 Total (Diversion),Annual,1,2020,3.9116,ACFT,K,Approved,2021-03-26 10:46:00
2012522,12012522,2012522 Total (Diversion),Annual,1,2021,4.3897,ACFT,K,Approved,2022-03-30 09:30:00
2012522,12012522,2012522 Total (Diversion),Annual,1,2022,4.371,ACFT,K,Approved,2023-02-03 11:04:00
2012522,12012522,2012522 Total (Diversion),Annual,1,2023,4.2118,ACFT,K,Approved,2024-02-05 08:44:00
2012522,12012522,2012522 Total (Diversion),Annual,1,2024,3.9454,ACFT,K,Approved,2024-12-02 12:08:00
2012523,12012523,2012523 Total (Diversion),Annual,1,2009,2.56,ACFT,U,Approved,2010-06-29 16:23:00
2012523,12012523,2012523 Total (Diversion),Annual,1,2010,3.9153,ACFT,U,Approved,2013-11-25 22:53:00
2012523,12012523,2012523 Total (Diversion),Annual,1,2011,2.0503,ACFT,U,Approved,2013-11-25 17:09:00
2012523,12012523,2012523 Total (Diversion),Annual,1,2012,1.7054,ACFT,K,Approved,2014-01-06 13:50:00
2012523,12012523,2012523 Total (Diversion),Annual,1,2013,3.9153,ACFT,K,Approved,2014-04-04 13:52:00
2012523,12012523,2012523 Total (Diversion),Annual,1,2014,1.8082,ACFT,K,Approved,2015-06-01 17:12:00
2012523,12012523,2012523 Total (Diversion),Annual,1,2015,0.0025,ACFT,K,Approved,2016-05-30 14:30:00
2012523,12012523,2012523 Total (Diversion),Annual,1,2016,0.0,ACFT,K,Approved,2018-01-03 15:56:00
2012523,12012523,2012523 Total (Diversion),Annual,1,2017,0.0,ACFT,K,Approved,2018-05-25 09:41:00
2012523,12012523,2012523 Total (Diversion),Annual,1,2018,0.0,ACFT,K,Approved,2019-04-04 16:17:00
2012523,12012523,2012523 Total (Diversion),Annual,1,2019,0.0,ACFT,K,Approved,2020-04-01 21:05:00
2012523,12012523,2012523 Total (Diversion),Annual,1,2020,0.0,ACFT,K,Approved,2021-03-26 10:46:00
2012523,12012523,2012523 Total (Diversion),Annual,1,2021,0.0,ACFT,K,Approved,2022-03-30 09:30:00
2012523,12012523,2012523 Total (Diversion),Annual,1,2022,0.0,ACFT,K,Approved,2023-02-03 11:04:00
2012523,12012523,2012523 Total (Diversion),Annual,1,2023,0.0,ACFT,K,Approved,2023-12-19 10:33:00
2012523,12012523,2012523 Total (Diversion),Annual,1,2024,0.0,ACFT,K,Approved,2024-11-19 14:08:00
2013322,12013322,2013322 Total (Diversion),Annual,1,2009,203.18,ACFT,U,Approved,2010-06-29 16:23:00
2013322,12013322,2013322 Total (Diversion),Annual,1,2010,214.52,ACFT,U,Approved,2011-06-20 17:12:00
2013322,12013322,2013322 Total (Diversion),Annual,1,2011,210.91,ACFT,U,Approved,2012-07-06 07:51:00
2013322,12013322,2013322 Total (Diversion),Annual,1,2012,190.69,ACFT,K,Approved,2013-05-03 15:13:00
2013322,12013322,2013322 Total (Diversion),Annual,1,2013,163.47,ACFT,K,Approved,2014-04-04 13:52:00
2013322,12013322,2013322 Total (Diversion),Annual,1,2014,155.0,ACFT,K,Approved,2015-06-01 17:12:00
2013322,12013322,2013322 Total (Diversion),Annual,1,2015,159.4,ACFT,K,Approved,2016-05-30 14:30:00
2013322,12013322,2013322 Total (Diversion),Annual,1,2016,166.11,ACFT,K,Approved,2018-01-03 15:56:00
2013322,12013322,2013322 Total (Diversion),Annual,1,2017,162.25,ACFT,K,Approved,2018-05-25 09:41:00
2013322,12013322,2013322 Total (Diversion),Annual,1,2018,217.05,ACFT,K,Approved,2019-04-04 16:17:00
2013322,12013322,2013322 Total (Diversion),Annual,1,2019,132.56,ACFT,K,Approved,2020-08-06 11:00:00
2013322,12013322,2013322 Total (Diversion),Annual,1,2020,194.43,ACFT,K,Approved,2021-03-26 10:46:00
2013322,12013322,2013322 Total (Diversion),Annual,1,2021,93.925,ACFT,K,Approved,2024-02-05 15:33:00
2013322,12013322,2013322 Total (Diversion),Annual,1,2022,105.28,ACFT,K,Approved,2023-12-27 11:08:00
2013322,12013322,2013322 Total (Diversion),Annual,1,2023,118.06,ACFT,K,Approved,2023-12-27 11:09:00
2013322,12013322,2013322 Total (Diversion),Annual,1,2024,89.09,ACFT,K,Approved,2024-11-18 13:12:00
2013449,12013449,2013449 Total (Diversion),Annual,1,2009,168.5,ACFT,U,Approved,2010-06-29 16:23:00
2013449,12013449,2013449 Total (Diversion),Annual,1,2010,165.93,ACFT,U,Approved,2011-06-20 17:12:00
2013449,12013449,2013449 Total (Diversion),Annual,1,2011,205.26,ACFT,U,Approved,2012-07-06 07:51:00
2013449,12013449,2013449 Total (Diversion),Annual,1,2012,156.3,ACFT,K,Approved,2013-05-03 15:13:00
2013449,12013449,2013449 Total (Diversion),Annual,1,2013,168.61,ACFT,K,Approved,2014-04-04 13:52:00
2013449,12013449,2013449 Total (Diversion),Annual,1,2014,89.0,ACFT,K,Approved,2015-06-01 17:12:00
2013449,12013449,2013449 Total (Diversion),Annual,1,2015,71.02,ACFT,K,Approved,2016-05-30 14:30:00
2013449,12013449,2013449 Total (Diversion),Annual,1,2016,79.025,ACFT,K,Approved,2018-01-03 15:56:00
2013449,12013449,2013449 Total (Diversion),Annual,1,2017,92.005,ACFT,K,Approved,2018-05-25 09:41:00
2013449,12013449,2013449 Total (Diversion),Annual,1,2018,103.27,ACFT,K,Approved,2019-04-04 16:17:00
2013449,12013449,2013449 Total (Diversion),Annual,1,2019,90.32,ACFT,K,Approved,2020-08-06 10:00:00
2013449,12013449,2013449 Total (Diversion),Annual,1,2020,90.885,ACFT,K,Approved,2021-03-26 10:46:00
2013449,12013449,2013449 Total (Diversion),Annual,1,2021,97.79,ACFT,K,Approved,2022-03-30 09:30:00
2013449,12013449,2013449 Total (Diversion),Annual,1,2022,89.325,ACFT,K,Approved,2023-02-03 11:03:00
2013449,12013449,2013449 Total (Diversion),Annual,1,2023,100.252,ACFT,K,Approved,2024-01-12 18:54:00
2013449,12013449,2013449 Total (Diversion),Annual,1,2024,88.644,ACFT,K,Approved,2024-11-18 13:14:00
2013576,12013576,2013576 Total (Diversion),Annual,1,2009,53.44,ACFT,U,Approved,2010-06-29 16:23:00
2013576,12013576,2013576 Total (Diversion),Annual,1,2010,202.29,ACFT,U,Approved,2011-06-20 17:12:00
2013576,12013576,2013576 Total (Diversion),Annual,1,2011,256.15,ACFT,U,Approved,2012-07-06 07:51:00
2013576,12013576,2013576 Total (Diversion),Annual,1,2012,213.35,ACFT,K,Approved,2013-05-03 15:13:00
2013576,12013576,2013576 Total (Diversion),Annual,1,2013,256.15,ACFT,K,Approved,2014-04-04 13:52:00
2013576,12013576,2013576 Total (Diversion),Annual,1,2014,206.08,ACFT,K,Approved,2015-06-01 17:12:00
2013576,12013576,2013576 Total (Diversion),Annual,1,2015,146.7,ACFT,K,Approved,2016-05-30 14:30:00
2013576,12013576,2013576 Total (Diversion),Annual,1,2016,155.72,ACFT,K,Approved,2018-01-03 15:56:00
2013576,12013576,2013576 Total (Diversion),Annual,1,2017,181.61,ACFT,K,Approved,2018-05-25 09:41:00
2013576,12013576,2013576 Total (Diversion),Annual,1,2018,233.72,ACFT,K,Approved,2019-04-04 16:17:00
2013576,12013576,2013576 Total (Diversion),Annual,1,2019,206.8,ACFT,K,Approved,2020-04-01 21:05:00
2013576,12013576,2013576 Total (Diversion),Annual,1,2020,172.06,ACFT,K,Approved,2021-03-26 10:46:00
2013576,12013576,2013576 Total (Diversion),Annual,1,2021,230.07,ACFT,K,Approved,2022-03-30 09:30:00
2013576,12013576,2013576 Total (Diversion),Annual,1,2022,141.96,ACFT,K,Approved,2023-02-03 11:03:00
2013576,12013576,2013576 Total (Diversion),Annual,1,2023,194.87,ACFT,K,Approved,2024-01-11 10:47:00
2013576,12013576,2013576 Total (Diversion),Annual,1,2024,203.36,ACFT,K,Approved,2024-12-03 16:25:00
2013576,12013576,2013576 Total (Diversion),Annual,1,2025,0.0,ACFT,K,Provisional,2025-01-24 09:25:00
2013593,12013593,2013593 Total (Diversion),Annual,1,2009,242.28,ACFT,U,Approved,2010-06-29 16:23:00
2013593,12013593,2013593 Total (Diversion),Annual,1,2010,255.47,ACFT,U,Approved,2011-06-20 17:12:00
2013593,12013593,2013593 Total (Diversion),Annual,1,2011,234.11,ACFT,U,Approved,2012-07-06 07:51:00
2013593,12013593,2013593 Total (Diversion),Annual,1,2012,116.63,ACFT,K,Approved,2013-05-03 15:13:00
2013593,12013593,2013593 Total (Diversion),Annual,1,2013,158.04,ACFT,K,Approved,2014-04-04 13:52:00
2013593,12013593,2013593 Total (Diversion),Annual,1,2014,52.6,ACFT,K,Approved,2015-06-01 17:12:00
2013593,12013593,2013593 Total (Diversion),Annual,1,2015,255.47,ACFT,K,Approved,2016-05-30 14:30:00
2013593,12013593,2013593 Total (Diversion),Annual,1,2016,29.615,ACFT,K,Approved,2018-01-03 15:56:00
2013593,12013593,2013593 Total (Diversion),Annual,1,2017,0.0,ACFT,K,Approved,2018-05-25 09:41:00
2013593,12013593,2013593 Total (Diversion),Annual,1,2018,18.829,ACFT,K,Approved,2019-04-04 16:17:00
2013593,12013593,2013593 Total (Diversion),Annual,1,2019,0.034,ACFT,K,Approved,2020-04-01 21:05:00
2013593,12013593,2013593 Total (Diversion),Annual,1,2020,0.0,ACFT,K,Approved,2021-03-26 10:46:00
2013593,12013593,2013593 Total (Diversion),Annual,1,2021,0.0,ACFT,K,Approved,2022-03-30 09:30:00
2013593,12013593,2013593 Total (Diversion),Annual,1,2022,0.0,ACFT,K,Approved,2023-02-03 11:02:00
2013593,12013593,2013593 Total (Diversion),Annual,1,2023,0.109,ACFT,K,Approved,2024-02-06 13:26:00
2013593,12013593,2013593 Total (Diversion),Annual,1,2024,0.002,ACFT,K,Approved,2024-11-15 14:58:00
2014004,12014004,2014004 Total (Diversion),Annual,1,2009,423.86,ACFT,U,Approved,2010-06-29 16:23:00
2014004,12014004,2014004 Total (Diversion),Annual,1,2010,357.6,ACFT,U,Approved,2011-06-20 17:12:00
2014004,12014004,2014004 Total (Diversion),Annual,1,2011,385.57,ACFT,U,Approved,2012-07-06 07:51:00
2014004,12014004,2014004 Total (Diversion),Annual,1,2012,233.38,ACFT,K,Approved,2013-05-03 15:13:00
2014004,12014004,2014004 Total (Diversion),Annual,1,2013,195.48,ACFT,K,Approved,2014-04-04 13:52:00
2014004,12014004,2014004 Total (Diversion),Annual,1,2014,308.71,ACFT,K,Approved,2015-06-01 17:12:00
2014004,12014004,2014004 Total (Diversion),Annual,1,2015,166.62,ACFT,K,Approved,2016-05-30 14:30:00
2014004,12014004,2014004 Total (Diversion),Annual,1,2016,147.25,ACFT,K,Approved,2018-01-03 15:56:00
2014004,12014004,2014004 Total (Diversion),Annual,1,2017,156.41,ACFT,K,Approved,2018-05-25 09:41:00
2014004,12014004,2014004 Total (Diversion),Annual,1,2018,279.8,ACFT,K,Approved,2019-04-04 16:17:00
2014004,12014004,2014004 Total (Diversion),Annual,1,2019,262.59,ACFT,K,Approved,2020-04-01 21:05:00
2014004,12014004,2014004 Total (Diversion),Annual,1,2020,318.79,ACFT,K,Approved,2021-03-26 10:46:00
2014004,12014004,2014004 Total (Diversion),Annual,1,2021,243.14,ACFT,K,Approved,2022-03-30 09:30:00
2014004,12014004,2014004 Total (Diversion),Annual,1,2022,230.67,ACFT,K,Approved,2023-02-03 11:03:00
2014004,12014004,2014004 Total (Diversion),Annual,1,2023,210.73,ACFT,K,Approved,2024-01-17 13:06:00
2014004,12014004,2014004 Total (Diversion),Annual,1,2024,178.07,ACFT,K,Approved,2024-11-21 11:05:00
2014030,12014030,2014030 Total (Diversion),Annual,1,2009,136.29,ACFT,U,Approved,2010-06-29 16:23:00
2014030,12014030,2014030 Total (Diversion),Annual,1,2010,203.02,ACFT,U,Approved,2011-06-20 17:12:00
2014030,12014030,2014030 Total (Diversion),Annual,1,2011,188.21,ACFT,U,Approved,2012-07-06 07:51:00
2014030,12014030,2014030 Total (Diversion),Annual,1,2012,228.33,ACFT,K,Approved,2013-05-03 15:13:00
2014030,12014030,2014030 Total (Diversion),Annual,1,2013,153.14,ACFT,K,Approved,2014-04-04 13:52:00
2014030,12014030,2014030 Total (Diversion),Annual,1,2014,196.24,ACFT,K,Approved,2015-06-01 17:12:00
2014030,12014030,2014030 Total (Diversion),Annual,1,2015,138.72,ACFT,K,Approved,2016-05-30 14:30:00
2014030,12014030,2014030 Total (Diversion),Annual,1,2016,154.96,ACFT,K,Approved,2018-01-03 15:56:00
2014030,12014030,2014030 Total (Diversion),Annual,1,2017,185.71,ACFT,K,Approved,2018-05-25 09:41:00
2014030,12014030,2014030 Total (Diversion),Annual,1,2018,221.16,ACFT,K,Approved,2019-04-04 16:17:00
2014030,12014030,2014030 Total (Diversion),Annual,1,2019,164.61,ACFT,K,Approved,2020-04-01 21:05:00
2014030,12014030,2014030 Total (Diversion),Annual,1,2020,159.49,ACFT,K,Approved,2021-03-26 10:46:00
2014030,12014030,2014030 Total (Diversion),Annual,1,2021,159.67,ACFT,K,Approved,2022-03-30 09:30:00
2014030,12014030,2014030 Total (Diversion),Annual,1,2022,211.38,ACFT,K,Approved,2023-02-03 11:03:00
2014030,12014030,2014030 Total (Diversion),Annual,1,2023,221.59,ACFT,K,Approved,2024-01-11 09:06:00
2014030,12014030,2014030 Total (Diversion),Annual,1,2024,173.82,ACFT,K,Approved,2024-12-09 09:41:00
2014514,12014514,2014514 Total (Diversion),Annual,1,2016,6.84,ACFT,K,Approved,2021-04-08 14:45:00
2014514,12014514,2014514 Total (Diversion),Annual,1,2017,3.9945,ACFT,K,Approved,2021-08-25 12:30:00
2014514,12014514,2014514 Total (Diversion),Annual,1,2018,4.5561,ACFT,K,Approved,2021-08-25 12:00:00
2014514,12014514,2014514 Total (Diversion),Annual,1,2019,5.2822,ACFT,K,Approved,2020-04-01 21:05:00
2014514,12014514,2014514 Total (Diversion),Annual,1,2020,5.1023,ACFT,K,Approved,2021-03-26 10:46:00
2014514,12014514,2014514 Total (Diversion),Annual,1,2021,4.3035,ACFT,K,Approved,2022-03-30 09:30:00
2014514,12014514,2014514 Total (Diversion),Annual,1,2022,5.3138,ACFT,K,Approved,2023-02-03 12:57:00
2014514,12014514,2014514 Total (Diversion),Annual,1,2023,4.7365,ACFT,K,Approved,2024-01-04 09:52:00
2014514,12014514,2014514 Total (Diversion),Annual,1,2024,5.5222,ACFT,K,Approved,2024-11-21 11:06:00
2014517,12014517,2014517 Total (Diversion),Annual,1,2016,5.1657,ACFT,K,Approved,2018-02-08 11:45:00
2014517,12014517,2014517 Total (Diversion),Annual,1,2017,9.5538,ACFT,K,Approved,2018-05-25 09:41:00
2014517,12014517,2014517 Total (Diversion),Annual,1,2018,5.5426,ACFT,K,Approved,2019-04-04 16:17:00
2014517,12014517,2014517 Total (Diversion),Annual,1,2019,3.9151,ACFT,K,Approved,2020-04-01 21:05:00
2014517,12014517,2014517 Total (Diversion),Annual,1,2020,6.9254,ACFT,K,Approved,2021-03-26 10:46:00
2014517,12014517,2014517 Total (Diversion),Annual,1,2021,5.9776,ACFT,K,Approved,2022-03-30 09:30:00
2014517,12014517,2014517 Total (Diversion),Annual,1,2022,6.7247,ACFT,K,Approved,2023-02-03 12:57:00
2014517,12014517,2014517 Total (Diversion),Annual,1,2023,3.2369,ACFT,K,Approved,2024-01-04 09:50:00
2014517,12014517,2014517 Total (Diversion),Annual,1,2024,8.9659,ACFT,K,Approved,2024-11-21 11:06:00
2014558,12014558,2014558 Total (Diversion),Annual,1,2020,0.127,ACFT,K,Approved,2021-03-26 10:46:00
2014558,12014558,2014558 Total (Diversion),Annual,1,2021,0.3781,ACFT,K,Approved,2022-03-30 09:30:00
2014558,12014558,2014558 Total (Diversion),Annual,1,2022,0.1663,ACFT,K,Approved,2023-02-03 11:02:00
2014558,12014558,2014558 Total (Diversion),Annual,1,2023,0.1335,ACFT,K,Approved,2024-01-31 10:27:00
2014558,12014558,2014558 Total (Diversion),Annual,1,2024,0.2172,ACFT,K,Approved,2024-11-27 09:13:00
2014630,12014630,2014630 Total (Diversion),Annual,1,2023,0.7158,ACFT,K,Approved,2024-02-05 13:50:00
2014630,12014630,2014630 Total (Diversion),Annual,1,2024,0.2996,ACFT,K,Approved,2024-11-18 13:14:00
