wdid,waterClassNum,wcIdentifier,measInterval,measCount,dataMeasDate,dataValue,measUnits,obsCode,approvalStatus,modified
2005053,12005053,2005053 Total (Diversion),Annual,1,2009,83.54,ACFT,U,Approved,2010-06-29 16:23:00
2005053,12005053,2005053 Total (Diversion),Annual,1,2010,101.66,ACFT,U,Approved,2011-06-20 17:12:00
2005053,12005053,2005053 Total (Diversion),Annual,1,2011,102.64,ACFT,U,Approved,2012-07-06 07:51:00
2005053,12005053,2005053 Total (Diversion),Annual,1,2012,48.935,ACFT,K,Approved,2013-05-03 15:13:00
2005053,12005053,2005053 Total (Diversion),Annual,1,2013,47.36,ACFT,K,Approved,2014-04-04 13:52:00
2005053,12005053,2005053 Total (Diversion),Annual,1,2014,50.6,ACFT,K,Approved,2015-06-01 17:12:00
2005053,12005053,2005053 Total (Diversion),Annual,1,2015,51.145,ACFT,K,Approved,2016-05-30 14:30:00
2005053,12005053,2005053 Total (Diversion),Annual,1,2016,75.78,ACFT,K,Approved,2018-01-03 15:56:00
2005053,12005053,2005053 Total (Diversion),Annual,1,2017,78.2,ACFT,K,Approved,2018-05-25 09:41:00
2005053,12005053,2005053 Total (Diversion),Annual,1,2018,69.745,ACFT,K,Approved,2019-04-04 16:17:00
2005053,12005053,2005053 Total (Diversion),Annual,1,2019,47.065,ACFT,K,Approved,2020-04-01 21:05:00
2005053,12005053,2005053 Total (Diversion),Annual,1,2020,63.065,ACFT,K,Approved,2021-03-26 10:46:00
2005053,12005053,2005053 Total (Diversion),Annual,1,2021,90.24,ACFT,K,Approved,2022-03-30 09:30:00
2005053,12005053,2005053 Total (Diversion),Annual,1,2022,95.015,ACFT,K,Approved,2023-02-03 11:02:00
2005053,12005053,2005053 Total (Diversion),Annual,1,2023,113.51,ACFT,K,Approved,2024-01-12 18:13:00
2005053,12005053,2005053 Total (Diversion),Annual,1,2024,93.68,ACFT,K,Approved,2024-12-05 10:01:00
2005103,12005103,2005103 Total (Diversion),Annual,1,2009,119.53,ACFT,U,Approved,2010-06-29 16:23:00
2005103,12005103,2005103 Total (Diversion),Annual,1,2010,95.46,ACFT,U,Approved,2011-06-20 17:12:00
2005103,12005103,2005103 Total (Diversion),Annual,1,2011,174.565,ACFT,U,Approved,2013-11-25 13:24:00
2005103,12005103,2005103 Total (Diversion),Annual,1,2012,119.635,ACFT,K,Approved,2013-05-03 15:13:00
2005103,12005103,2005103 Total (Diversion),Annual,1,2013,102.67,ACFT,K,Approved,2014-04-04 13:52:00
2005103,12005103,2005103 Total (Diversion),Annual,1,2014,100.77,ACFT,K,Approved,2015-06-01 17:12:00
2005103,12005103,2005103 Total (Diversion),Annual,1,2015,82.29,ACFT,K,Approved,2016-05-30 14:30:00
2005103,12005103,2005103 Total (Diversion),Annual,1,2016,86.48,ACFT,K,Approved,2018-01-03 15:56:00
2005103,12005103,2005103 Total (Diversion),Annual,1,2017,96.375,ACFT,K,Approved,2018-05-25 09:41:00
2005103,12005103,2005103 Total (Diversion),Annual,1,2018,132.255,ACFT,K,Approved,2019-04-04 16:17:00
2005103,12005103,2005103 Total (Diversion),Annual,1,2019,105.98,ACFT,K,Approved,2020-04-01 21:05:00
2005103,12005103,2005103 Total (Diversion),Annual,1,2020,102.915,ACFT,K,Approved,2021-03-26 10:46:00
2005103,12005103,2005103 Total (Diversion),Annual,1,2021,35.18,ACFT,K,Approved,2022-03-30 09:30:00
2005103,12005103,2005103 Total (Diversion),Annual,1,2022,97.995,ACFT,K,Approved,2023-02-03 11:03:00
2005103,12005103,2005103 Total (Diversion),Annual,1,2023,107.02,ACFT,K,Approved,2024-01-17 14:46:00
2005103,12005103,2005103 Total (Diversion),Annual,1,2024,56.705,ACFT,K,Approved,2024-12-02 11:41:00
2005104,12005104,2005104 Total (Diversion),Annual,1,2009,67.89,ACFT,U,Approved,2010-06-29 16:23:00
2005104,12005104,2005104 Total (Diversion),Annual,1,2010,109.46,ACFT,U,Approved,2011-06-20 17:12:00
2005104,12005104,2005104 Total (Diversion),Annual,1,2011,109.285,ACFT,U,Approved,2013-11-25 13:25:00
2005104,12005104,2005104 Total (Diversion),Annual,1,2012,92.55,ACFT,K,Approved,2013-05-03 15:13:00
2005104,12005104,2005104 Total (Diversion),Annual,1,2013,85.75,ACFT,K,Approved,2014-04-04 13:52:00
2005104,12005104,2005104 Total (Diversion),Annual,1,2014,97.53,ACFT,K,Approved,2015-06-01 17:12:00
2005104,12005104,2005104 Total (Diversion),Annual,1,2015,82.03,ACFT,K,Approved,2016-05-30 14:30:00
2005104,12005104,2005104 Total (Diversion),Annual,1,2016,106.63,ACFT,K,Approved,2018-01-03 15:56:00
2005104,12005104,2005104 Total (Diversion),Annual,1,2017,97.205,ACFT,K,Approved,2018-05-25 09:41:00
2005104,12005104,2005104 Total (Diversion),Annual,1,2018,136.13,ACFT,K,Approved,2019-04-04 16:17:00
2005104,12005104,2005104 Total (Diversion),Annual,1,2019,86.72,ACFT,K,Approved,2020-04-01 21:05:00
2005104,12005104,2005104 Total (Diversion),Annual,1,2020,56.285,ACFT,K,Approved,2021-03-26 10:46:00
2005104,12005104,2005104 Total (Diversion),Annual,1,2021,88.955,ACFT,K,Approved,2022-03-30 09:30:00
2005104,12005104,2005104 Total (Diversion),Annual,1,2022,37.465,ACFT,K,Approved,2023-02-03 11:03:00
2005104,12005104,2005104 Total (Diversion),Annual,1,2023,83.775,ACFT,K,Approved,2024-01-17 14:45:00
2005104,12005104,2005104 Total (Diversion),Annual,1,2024,70.21,ACFT,K,Approved,2024-12-02 11:41:00
2005337,12005337,2005337 Total (Diversion),Annual,1,2009,95.13,ACFT,U,Approved,2010-06-29 16:23:00
2005337,12005337,2005337 Total (Diversion),Annual,1,2010,101.945,ACFT,U,Approved,2013-11-25 20:56:00
2005337,12005337,2005337 Total (Diversion),Annual,1,2011,111.96,ACFT,U,Approved,2012-07-06 07:51:00
2005337,12005337,2005337 Total (Diversion),Annual,1,2012,95.355,ACFT,K,Approved,2013-05-03 15:13:00
2005337,12005337,2005337 Total (Diversion),Annual,1,2013,43.235,ACFT,K,Approved,2014-04-04 13:52:00
2005337,12005337,2005337 Total (Diversion),Annual,1,2014,66.345,ACFT,K,Approved,2015-06-01 17:12:00
2005337,12005337,2005337 Total (Diversion),Annual,1,2015,70.66,ACFT,K,Approved,2016-05-30 14:30:00
2005337,12005337,2005337 Total (Diversion),Annual,1,2016,93.255,ACFT,K,Approved,2018-01-03 15:56:00
2005337,12005337,2005337 Total (Diversion),Annual,1,2017,68.895,ACFT,K,Approved,2018-05-25 09:41:00
2005337,12005337,2005337 Total (Diversion),Annual,1,2018,104.6,ACFT,K,Approved,2019-04-04 16:17:00
2005337,12005337,2005337 Total (Diversion),Annual,1,2019,97.33,ACFT,K,Approved,2020-04-01 21:05:00
2005337,12005337,2005337 Total (Diversion),Annual,1,2020,68.35,ACFT,K,Approved,2021-03-26 10:46:00
2005337,12005337,2005337 Total (Diversion),Annual,1,2021,64.415,ACFT,K,Approved,2022-03-30 09:30:00
2005337,12005337,2005337 Total (Diversion),Annual,1,2022,67.355,ACFT,K,Approved,2023-02-03 11:01:00
2005337,12005337,2005337 Total (Diversion),Annual,1,2023,126.51,ACFT,K,Approved,2024-01-12 18:32:00
2005337,12005337,2005337 Total (Diversion),Annual,1,2024,90.62,ACFT,K,Approved,2024-12-05 10:01:00
2005339,12005339,2005339 Total (Diversion),Annual,1,2009,95.13,ACFT,U,Approved,2010-06-29 16:23:00
2005339,12005339,2005339 Total (Diversion),Annual,1,2010,101.945,ACFT,U,Approved,2013-11-25 20:56:00
2005339,12005339,2005339 Total (Diversion),Annual,1,2011,111.96,ACFT,U,Approved,2012-07-06 07:51:00
2005339,12005339,2005339 Total (Diversion),Annual,1,2012,95.355,ACFT,K,Approved,2013-05-03 15:13:00
2005339,12005339,2005339 Total (Diversion),Annual,1,2013,43.235,ACFT,K,Approved,2014-04-04 13:52:00
2005339,12005339,2005339 Total (Diversion),Annual,1,2014,66.345,ACFT,K,Approved,2015-06-01 17:12:00
2005339,12005339,2005339 Total (Diversion),Annual,1,2015,70.66,ACFT,K,Approved,2016-05-30 14:30:00
2005339,12005339,2005339 Total (Diversion),Annual,1,2016,93.255,ACFT,K,Approved,2018-01-03 15:56:00
2005339,12005339,2005339 Total (Diversion),Annual,1,2017,68.895,ACFT,K,Approved,2018-05-25 09:41:00
2005339,12005339,2005339 Total (Diversion),Annual,1,2018,104.6,ACFT,K,Approved,2019-04-04 16:17:00
2005339,12005339,2005339 Total (Diversion),Annual,1,2019,97.33,ACFT,K,Approved,2020-04-01 21:05:00
2005339,12005339,2005339 Total (Diversion),Annual,1,2020,68.35,ACFT,K,Approved,2021-03-26 10:46:00
2005339,12005339,2005339 Total (Diversion),Annual,1,2021,64.415,ACFT,K,Approved,2022-03-30 09:30:00
2005339,12005339,2005339 Total (Diversion),Annual,1,2022,67.355,ACFT,K,Approved,2023-02-03 11:01:00
2005339,12005339,2005339 Total (Diversion),Annual,1,2023,126.51,ACFT,K,Approved,2024-01-12 18:32:00
2005339,12005339,2005339 Total (Diversion),Annual,1,2024,90.62,ACFT,K,Approved,2024-12-05 10:01:00
2005707,12005707,2005707 Total (Diversion),Annual,1,2009,97.98,ACFT,U,Approved,2010-06-29 16:23:00
2005707,12005707,2005707 Total (Diversion),Annual,1,2010,128.475,ACFT,U,Approved,2013-11-25 21:09:00
2005707,12005707,2005707 Total (Diversion),Annual,1,2011,120.585,ACFT,U,Approved,2013-11-25 14:02:00
2005707,12005707,2005707 Total (Diversion),Annual,1,2012,113.005,ACFT,K,Approved,2013-05-03 15:13:00
2005707,12005707,2005707 Total (Diversion),Annual,1,2013,107.76,ACFT,K,Approved,2014-04-04 13:52:00
2005707,12005707,2005707 Total (Diversion),Annual,1,2014,105.715,ACFT,K,Approved,2015-06-01 17:12:00
2005707,12005707,2005707 Total (Diversion),Annual,1,2015,87.525,ACFT,K,Approved,2016-05-30 14:30:00
2005707,12005707,2005707 Total (Diversion),Annual,1,2016,114.655,ACFT,K,Approved,2018-01-03 15:56:00
2005707,12005707,2005707 Total (Diversion),Annual,1,2017,90.485,ACFT,K,Approved,2018-05-25 09:41:00
2005707,12005707,2005707 Total (Diversion),Annual,1,2018,59.385,ACFT,K,Approved,2019-04-04 16:17:00
2005707,12005707,2005707 Total (Diversion),Annual,1,2019,33.46,ACFT,K,Approved,2020-04-01 21:05:00
2005707,12005707,2005707 Total (Diversion),Annual,1,2020,117.375,ACFT,K,Approved,2021-03-26 10:46:00
2005707,12005707,2005707 Total (Diversion),Annual,1,2021,24.805,ACFT,K,Approved,2022-03-30 09:30:00
2005707,12005707,2005707 Total (Diversion),Annual,1,2022,110.3,ACFT,K,Approved,2023-02-03 11:03:00
2005707,12005707,2005707 Total (Diversion),Annual,1,2023,36.175,ACFT,K,Approved,2024-01-12 11:18:00
2005707,12005707,2005707 Total (Diversion),Annual,1,2024,97.67,ACFT,K,Approved,2024-12-10 09:11:00
2006278,12006278,2006278 Total (Diversion),Annual,1,2009,98.98,ACFT,U,Approved,2010-06-29 16:23:00
2006278,12006278,2006278 Total (Diversion),Annual,1,2010,71.965,ACFT,U,Approved,2013-11-25 21:27:00
2006278,12006278,2006278 Total (Diversion),Annual,1,2011,82.76,ACFT,U,Approved,2012-07-06 07:51:00
2006278,12006278,2006278 Total (Diversion),Annual,1,2012,96.675,ACFT,K,Approved,2013-05-03 15:13:00
2006278,12006278,2006278 Total (Diversion),Annual,1,2013,89.97,ACFT,K,Approved,2014-04-04 13:52:00
2006278,12006278,2006278 Total (Diversion),Annual,1,2014,98.96,ACFT,K,Approved,2015-06-01 17:12:00
2006278,12006278,2006278 Total (Diversion),Annual,1,2015,98.31,ACFT,K,Approved,2016-05-30 14:30:00
2006278,12006278,2006278 Total (Diversion),Annual,1,2016,106.09,ACFT,K,Approved,2018-01-03 15:56:00
2006278,12006278,2006278 Total (Diversion),Annual,1,2017,90.48,ACFT,K,Approved,2018-05-25 09:41:00
2006278,12006278,2006278 Total (Diversion),Annual,1,2018,101.4,ACFT,K,Approved,2019-04-04 16:17:00
2006278,12006278,2006278 Total (Diversion),Annual,1,2019,101.355,ACFT,K,Approved,2020-04-01 21:05:00
2006278,12006278,2006278 Total (Diversion),Annual,1,2020,112.45,ACFT,K,Approved,2021-03-26 10:46:00
2006278,12006278,2006278 Total (Diversion),Annual,1,2021,100.16,ACFT,K,Approved,2022-03-30 09:30:00
2006278,12006278,2006278 Total (Diversion),Annual,1,2022,101.855,ACFT,K,Approved,2023-02-03 11:03:00
2006278,12006278,2006278 Total (Diversion),Annual,1,2023,112.425,ACFT,K,Approved,2024-01-17 12:11:00
2006278,12006278,2006278 Total (Diversion),Annual,1,2024,91.465,ACFT,K,Approved,2024-11-19 11:03:00
2006362,12006362,2006362 Total (Diversion),Annual,1,2009,78.45,ACFT,U,Approved,2010-06-29 16:23:00
2006362,12006362,2006362 Total (Diversion),Annual,1,2010,52.63,ACFT,U,Approved,2011-06-20 17:12:00
2006362,12006362,2006362 Total (Diversion),Annual,1,2011,106.765,ACFT,U,Approved,2013-11-25 14:47:00
2006362,12006362,2006362 Total (Diversion),Annual,1,2012,42.945,ACFT,K,Approved,2013-05-03 15:13:00
2006362,12006362,2006362 Total (Diversion),Annual,1,2013,44.99,ACFT,K,Approved,2014-04-04 13:52:00
2006362,12006362,2006362 Total (Diversion),Annual,1,2014,47.905,ACFT,K,Approved,2015-06-01 17:12:00
2006362,12006362,2006362 Total (Diversion),Annual,1,2015,55.735,ACFT,K,Approved,2016-05-30 14:30:00
2006362,12006362,2006362 Total (Diversion),Annual,1,2016,78.805,ACFT,K,Approved,2018-01-03 15:56:00
2006362,12006362,2006362 Total (Diversion),Annual,1,2017,82.335,ACFT,K,Approved,2018-05-25 09:41:00
2006362,12006362,2006362 Total (Diversion),Annual,1,2018,69.495,ACFT,K,Approved,2019-04-04 16:17:00
2006362,12006362,2006362 Total (Diversion),Annual,1,2019,46.01,ACFT,K,Approved,2020-04-01 21:05:00
2006362,12006362,2006362 Total (Diversion),Annual,1,2020,66.78,ACFT,K,Approved,2021-03-26 10:46:00
2006362,12006362,2006362 Total (Diversion),Annual,1,2021,84.76,ACFT,K,Approved,2022-03-30 09:30:00
2006362,12006362,2006362 Total (Diversion),Annual,1,2022,90.105,ACFT,K,Approved,2023-02-03 11:01:00
2006362,12006362,2006362 Total (Diversion),Annual,1,2023,102.875,ACFT,K,Approved,2024-01-12 18:18:00
2006362,12006362,2006362 Total (Diversion),Annual,1,2024,71.52,ACFT,K,Approved,2024-12-05 10:01:00
2006448,12006448,2006448 Total (Diversion),Annual,1,2013,66.6105,ACFT,K,Approved,2018-01-31 14:10:00
2006448,12006448,2006448 Total (Diversion),Annual,1,2014,27.1458,ACFT,K,Approved,2021-04-21 16:45:00
2006448,12006448,2006448 Total (Diversion),Annual,1,2015,50.9223,ACFT,K,Approved,2018-01-24 16:00:00
2006448,12006448,2006448 Total (Diversion),Annual,1,2016,36.8214,ACFT,K,Approved,2018-01-26 12:16:00
2006448,12006448,2006448 Total (Diversion),Annual,1,2017,92.3307,ACFT,K,Approved,2018-05-25 09:41:00
2006448,12006448,2006448 Total (Diversion),Annual,1,2018,78.0516,ACFT,K,Approved,2019-04-04 16:17:00
2006448,12006448,2006448 Total (Diversion),Annual,1,2019,58.4331,ACFT,K,Approved,2020-04-01 21:05:00
2006448,12006448,2006448 Total (Diversion),Annual,1,2020,68.9502,ACFT,K,Approved,2021-03-26 10:46:00
2006448,12006448,2006448 Total (Diversion),Annual,1,2021,86.0211,ACFT,K,Approved,2022-03-30 09:30:00
2006448,12006448,2006448 Total (Diversion),Annual,1,2022,70.0359,ACFT,K,Approved,2023-02-03 11:01:00
2006448,12006448,2006448 Total (Diversion),Annual,1,2023,70.1844,ACFT,K,Approved,2024-10-29 14:22:00
2006448,12006448,2006448 Total (Diversion),Annual,1,2024,70.1844,ACFT,K,Approved,2024-10-31 09:12:00
2006519,12006519,2006519 Total (Diversion),Annual,1,2009,129.52,ACFT,U,Approved,2010-06-29 16:23:00
2006519,12006519,2006519 Total (Diversion),Annual,1,2010,134.385,ACFT,U,Approved,2013-11-25 21:38:00
2006519,12006519,2006519 Total (Diversion),Annual,1,2011,148.105,ACFT,U,Approved,2013-11-25 15:02:00
2006519,12006519,2006519 Total (Diversion),Annual,1,2012,135.59,ACFT,K,Approved,2013-05-03 15:13:00
2006519,12006519,2006519 Total (Diversion),Annual,1,2013,132.97,ACFT,K,Approved,2014-04-04 13:52:00
2006519,12006519,2006519 Total (Diversion),Annual,1,2014,115.535,ACFT,K,Approved,2015-06-01 17:12:00
2006519,12006519,2006519 Total (Diversion),Annual,1,2015,86.27,ACFT,K,Approved,2016-05-30 14:30:00
2006519,12006519,2006519 Total (Diversion),Annual,1,2016,98.505,ACFT,K,Approved,2018-01-03 15:56:00
2006519,12006519,2006519 Total (Diversion),Annual,1,2017,96.575,ACFT,K,Approved,2018-05-25 09:41:00
2006519,12006519,2006519 Total (Diversion),Annual,1,2018,111.415,ACFT,K,Approved,2019-04-04 16:17:00
2006519,12006519,2006519 Total (Diversion),Annual,1,2019,103.33,ACFT,K,Approved,2020-04-01 21:05:00
2006519,12006519,2006519 Total (Diversion),Annual,1,2020,109.875,ACFT,K,Approved,2021-03-26 10:46:00
2006519,12006519,2006519 Total (Diversion),Annual,1,2021,100.035,ACFT,K,Approved,2022-03-30 09:30:00
2006519,12006519,2006519 Total (Diversion),Annual,1,2022,107.48,ACFT,K,Approved,2023-02-03 11:01:00
2006519,12006519,2006519 Total (Diversion),Annual,1,2023,116.74,ACFT,K,Approved,2023-10-12 15:02:00
2006519,12006519,2006519 Total (Diversion),Annual,1,2024,109.08,ACFT,K,Approved,2024-11-19 14:52:00
2006520,12006520,2006520 Total (Diversion),Annual,1,2009,129.52,ACFT,U,Approved,2010-06-29 16:23:00
2006520,12006520,2006520 Total (Diversion),Annual,1,2010,134.385,ACFT,U,Approved,2013-11-25 21:38:00
2006520,12006520,2006520 Total (Diversion),Annual,1,2011,148.105,ACFT,U,Approved,2013-11-25 15:03:00
2006520,12006520,2006520 Total (Diversion),Annual,1,2012,135.59,ACFT,K,Approved,2013-05-03 15:13:00
2006520,12006520,2006520 Total (Diversion),Annual,1,2013,132.97,ACFT,K,Approved,2014-04-04 13:52:00
2006520,12006520,2006520 Total (Diversion),Annual,1,2014,115.535,ACFT,K,Approved,2015-06-01 17:12:00
2006520,12006520,2006520 Total (Diversion),Annual,1,2015,86.27,ACFT,K,Approved,2016-05-30 14:30:00
2006520,12006520,2006520 Total (Diversion),Annual,1,2016,98.505,ACFT,K,Approved,2018-01-03 15:56:00
2006520,12006520,2006520 Total (Diversion),Annual,1,2017,96.575,ACFT,K,Approved,2018-05-25 09:41:00
2006520,12006520,2006520 Total (Diversion),Annual,1,2018,111.415,ACFT,K,Approved,2019-04-04 16:17:00
2006520,12006520,2006520 Total (Diversion),Annual,1,2019,103.33,ACFT,K,Approved,2020-04-01 21:05:00
2006520,12006520,2006520 Total (Diversion),Annual,1,2020,109.875,ACFT,K,Approved,2021-03-26 10:46:00
2006520,12006520,2006520 Total (Diversion),Annual,1,2021,100.035,ACFT,K,Approved,2022-03-30 09:30:00
2006520,12006520,2006520 Total (Diversion),Annual,1,2022,107.48,ACFT,K,Approved,2023-02-03 11:01:00
2006520,12006520,2006520 Total (Diversion),Annual,1,2023,116.74,ACFT,K,Approved,2023-10-12 15:02:00
2006520,12006520,2006520 Total (Diversion),Annual,1,2024,109.08,ACFT,K,Approved,2024-11-19 14:52:00
2006632,12006632,2006632 Total (Diversion),Annual,1,2009,67.89,ACFT,U,Approved,2010-06-29 16:23:00
2006632,12006632,2006632 Total (Diversion),Annual,1,2010,109.46,ACFT,U,Approved,2011-06-20 17:12:00
2006632,12006632,2006632 Total (Diversion),Annual,1,2011,109.285,ACFT,U,Approved,2013-11-25 15:09:00
2006632,12006632,2006632 Total (Diversion),Annual,1,2012,92.55,ACFT,K,Approved,2013-05-03 15:13:00
2006632,12006632,2006632 Total (Diversion),Annual,1,2013,85.75,ACFT,K,Approved,2014-04-04 13:52:00
2006632,12006632,2006632 Total (Diversion),Annual,1,2014,97.53,ACFT,K,Approved,2015-06-01 17:12:00
2006632,12006632,2006632 Total (Diversion),Annual,1,2015,82.03,ACFT,K,Approved,2016-05-30 14:30:00
2006632,12006632,2006632 Total (Diversion),Annual,1,2016,106.63,ACFT,K,Approved,2018-01-03 15:56:00
2006632,12006632,2006632 Total (Diversion),Annual,1,2017,97.205,ACFT,K,Approved,2018-05-25 09:41:00
2006632,12006632,2006632 Total (Diversion),Annual,1,2018,136.13,ACFT,K,Approved,2019-04-04 16:17:00
2006632,12006632,2006632 Total (Diversion),Annual,1,2019,86.72,ACFT,K,Approved,2020-04-01 21:05:00
2006632,12006632,2006632 Total (Diversion),Annual,1,2020,56.285,ACFT,K,Approved,2021-03-26 10:46:00
2006632,12006632,2006632 Total (Diversion),Annual,1,2021,88.955,ACFT,K,Approved,2022-03-30 09:30:00
2006632,12006632,2006632 Total (Diversion),Annual,1,2022,37.465,ACFT,K,Approved,2023-02-03 11:03:00
2006632,12006632,2006632 Total (Diversion),Annual,1,2023,83.775,ACFT,K,Approved,2024-01-17 14:45:00
2006632,12006632,2006632 Total (Diversion),Annual,1,2024,70.21,ACFT,K,Approved,2024-12-02 11:41:00
2008034,12008034,2008034 Total (Diversion),Annual,1,2009,88.01,ACFT,U,Approved,2010-06-29 16:23:00
2008034,12008034,2008034 Total (Diversion),Annual,1,2010,116.01,ACFT,U,Approved,2011-06-20 17:12:00
2008034,12008034,2008034 Total (Diversion),Annual,1,2011,73.45,ACFT,U,Approved,2012-07-06 07:51:00
2008034,12008034,2008034 Total (Diversion),Annual,1,2012,76.73,ACFT,K,Approved,2013-05-03 15:13:00
2008034,12008034,2008034 Total (Diversion),Annual,1,2013,99.21,ACFT,K,Approved,2014-04-04 13:52:00
2008034,12008034,2008034 Total (Diversion),Annual,1,2014,84.98,ACFT,K,Approved,2015-06-01 17:12:00
2008034,12008034,2008034 Total (Diversion),Annual,1,2015,45.6,ACFT,K,Approved,2016-05-30 14:30:00
2008034,12008034,2008034 Total (Diversion),Annual,1,2016,74.61,ACFT,K,Approved,2018-01-03 15:56:00
2008034,12008034,2008034 Total (Diversion),Annual,1,2017,98.11,ACFT,K,Approved,2018-05-25 09:41:00
2008034,12008034,2008034 Total (Diversion),Annual,1,2018,96.4,ACFT,K,Approved,2019-04-04 16:17:00
2008034,12008034,2008034 Total (Diversion),Annual,1,2019,158.11,ACFT,K,Approved,2020-08-05 16:45:00
2008034,12008034,2008034 Total (Diversion),Annual,1,2020,103.69,ACFT,K,Approved,2021-03-26 10:46:00
2008034,12008034,2008034 Total (Diversion),Annual,1,2021,88.685,ACFT,K,Approved,2022-03-30 09:30:00
2008034,12008034,2008034 Total (Diversion),Annual,1,2022,102.04,ACFT,K,Approved,2023-02-03 11:04:00
2008034,12008034,2008034 Total (Diversion),Annual,1,2023,72.699,ACFT,K,Approved,2024-01-16 17:06:00
2008034,12008034,2008034 Total (Diversion),Annual,1,2024,49.483,ACFT,K,Approved,2024-12-12 11:34:00
2008176,12008176,2008176 Total (Diversion),Annual,1,2009,0.0,ACFT,U,Approved,2010-06-29 16:23:00
2008176,12008176,2008176 Total (Diversion),Annual,1,2010,0.0,ACFT,U,Approved,2011-06-20 17:12:00
2008176,12008176,2008176 Total (Diversion),Annual,1,2011,2.251,ACFT,U,Approved,2013-11-25 15:21:00
2008176,12008176,2008176 Total (Diversion),Annual,1,2012,0.467,ACFT,K,Approved,2015-03-19 09:50:00
2008176,12008176,2008176 Total (Diversion),Annual,1,2013,0.456,ACFT,K,Approved,2015-03-19 09:51:00
2008176,12008176,2008176 Total (Diversion),Annual,1,2014,0.746,ACFT,K,Approved,2018-02-12 12:36:00
2008176,12008176,2008176 Total (Diversion),Annual,1,2015,2.066,ACFT,K,Approved,2016-05-30 14:30:00
2008176,12008176,2008176 Total (Diversion),Annual,1,2016,0.223,ACFT,K,Approved,2018-01-03 15:56:00
2008176,12008176,2008176 Total (Diversion),Annual,1,2017,0.191,ACFT,K,Approved,2018-05-25 09:41:00
2008176,12008176,2008176 Total (Diversion),Annual,1,2018,0.199,ACFT,K,Approved,2019-04-04 16:17:00
2008176,12008176,2008176 Total (Diversion),Annual,1,2019,0.214,ACFT,K,Approved,2020-04-01 21:05:00
2008176,12008176,2008176 Total (Diversion),Annual,1,2020,0.157,ACFT,K,Approved,2021-03-26 10:46:00
2008176,12008176,2008176 Total (Diversion),Annual,1,2021,0.347,ACFT,K,Approved,2022-03-30 09:30:00
2008176,12008176,2008176 Total (Diversion),Annual,1,2022,0.755,ACFT,K,Approved,2023-02-03 11:05:00
2008176,12008176,2008176 Total (Diversion),Annual,1,2023,1.428,ACFT,K,Approved,2024-01-16 10:03:00
2008176,12008176,2008176 Total (Diversion),Annual,1,2024,3.258,ACFT,K,Approved,2024-12-20 12:21:00
2008254,12008254,2008254 Total (Diversion),Annual,1,2009,82.18,ACFT,U,Approved,2010-06-29 16:23:00
2008254,12008254,2008254 Total (Diversion),Annual,1,2010,96.55,ACFT,U,Approved,2011-06-20 17:12:00
2008254,12008254,2008254 Total (Diversion),Annual,1,2011,117.22,ACFT,U,Approved,2012-07-06 07:51:00
2008254,12008254,2008254 Total (Diversion),Annual,1,2012,82.3,ACFT,K,Approved,2013-05-03 15:13:00
2008254,12008254,2008254 Total (Diversion),Annual,1,2013,90.07,ACFT,K,Approved,2014-04-04 13:52:00
2008254,12008254,2008254 Total (Diversion),Annual,1,2014,90.91,ACFT,K,Approved,2015-06-01 17:12:00
2008254,12008254,2008254 Total (Diversion),Annual,1,2015,81.82,ACFT,K,Approved,2016-05-30 14:30:00
2008254,12008254,2008254 Total (Diversion),Annual,1,2016,82.09,ACFT,K,Approved,2018-01-03 15:56:00
2008254,12008254,2008254 Total (Diversion),Annual,1,2017,56.67,ACFT,K,Approved,2018-05-25 09:41:00
2008254,12008254,2008254 Total (Diversion),Annual,1,2018,98.3,ACFT,K,Approved,2019-04-04 16:17:00
2008254,12008254,2008254 Total (Diversion),Annual,1,2019,95.51,ACFT,K,Approved,2020-04-01 21:05:00
2008254,12008254,2008254 Total (Diversion),Annual,1,2020,96.42,ACFT,K,Approved,2021-03-26 10:46:00
2008254,12008254,2008254 Total (Diversion),Annual,1,2021,37.61,ACFT,K,Approved,2022-03-30 09:30:00
2008254,12008254,2008254 Total (Diversion),Annual,1,2022,80.14,ACFT,K,Approved,2023-02-03 11:03:00
2008254,12008254,2008254 Total (Diversion),Annual,1,2023,79.38,ACFT,K,Approved,2024-01-11 14:04:00
2008254,12008254,2008254 Total (Diversion),Annual,1,2024,81.16,ACFT,K,Approved,2024-12-02 11:58:00
2008378,12008378,2008378 Total (Diversion),Annual,1,2009,0.0,ACFT,U,Approved,2010-06-29 16:23:00
2008378,12008378,2008378 Total (Diversion),Annual,1,2010,0.0,ACFT,U,Approved,2011-06-20 17:12:00
2008378,12008378,2008378 Total (Diversion),Annual,1,2011,0.25,ACFT,U,Approved,2012-07-06 07:51:00
2008378,12008378,2008378 Total (Diversion),Annual,1,2012,4.42,ACFT,K,Approved,2018-02-08 11:00:00
2008378,12008378,2008378 Total (Diversion),Annual,1,2013,65.885,ACFT,K,Approved,2014-04-04 13:52:00
2008378,12008378,2008378 Total (Diversion),Annual,1,2014,62.83,ACFT,K,Approved,2015-06-01 17:12:00
2008378,12008378,2008378 Total (Diversion),Annual,1,2015,59.58,ACFT,K,Approved,2016-05-30 14:30:00
2008378,12008378,2008378 Total (Diversion),Annual,1,2016,74.835,ACFT,K,Approved,2018-01-03 15:56:00
2008378,12008378,2008378 Total (Diversion),Annual,1,2017,57.14,ACFT,K,Approved,2018-05-25 09:41:00
2008378,12008378,2008378 Total (Diversion),Annual,1,2018,76.585,ACFT,K,Approved,2019-04-04 16:17:00
2008378,12008378,2008378 Total (Diversion),Annual,1,2019,61.46,ACFT,K,Approved,2020-04-01 21:05:00
2008378,12008378,2008378 Total (Diversion),Annual,1,2020,77.155,ACFT,K,Approved,2021-03-26 10:46:00
2008378,12008378,2008378 Total (Diversion),Annual,1,2021,19.9135,ACFT,K,Approved,2022-03-30 09:30:00
2008378,12008378,2008378 Total (Diversion),Annual,1,2022,79.9975,ACFT,K,Approved,2023-02-03 11:04:00
2008378,12008378,2008378 Total (Diversion),Annual,1,2023,88.3655,ACFT,K,Approved,2024-01-09 16:36:00
2008378,12008378,2008378 Total (Diversion),Annual,1,2024,38.4425,ACFT,K,Approved,2024-11-12 13:37:00
2008566,12008566,2008566 Total (Diversion),Annual,1,2009,83.54,ACFT,U,Approved,2010-06-29 16:23:00
2008566,12008566,2008566 Total (Diversion),Annual,1,2010,101.66,ACFT,U,Approved,2011-06-20 17:12:00
2008566,12008566,2008566 Total (Diversion),Annual,1,2011,102.64,ACFT,U,Approved,2012-07-06 07:51:00
2008566,12008566,2008566 Total (Diversion),Annual,1,2012,48.935,ACFT,K,Approved,2013-05-03 15:13:00
2008566,12008566,2008566 Total (Diversion),Annual,1,2013,47.36,ACFT,K,Approved,2014-04-04 13:52:00
2008566,12008566,2008566 Total (Diversion),Annual,1,2014,50.6,ACFT,K,Approved,2015-06-01 17:12:00
2008566,12008566,2008566 Total (Diversion),Annual,1,2015,51.145,ACFT,K,Approved,2016-05-30 14:30:00
2008566,12008566,2008566 Total (Diversion),Annual,1,2016,75.78,ACFT,K,Approved,2018-01-03 15:56:00
2008566,12008566,2008566 Total (Diversion),Annual,1,2017,78.2,ACFT,K,Approved,2018-05-25 09:41:00
2008566,12008566,2008566 Total (Diversion),Annual,1,2018,69.745,ACFT,K,Approved,2019-04-04 16:17:00
2008566,12008566,2008566 Total (Diversion),Annual,1,2019,47.065,ACFT,K,Approved,2020-04-01 21:05:00
2008566,12008566,2008566 Total (Diversion),Annual,1,2020,63.065,ACFT,K,Approved,2021-03-26 10:46:00
2008566,12008566,2008566 Total (Diversion),Annual,1,2021,90.24,ACFT,K,Approved,2022-03-30 09:30:00
2008566,12008566,2008566 Total (Diversion),Annual,1,2022,95.015,ACFT,K,Approved,2023-02-03 11:02:00
2008566,12008566,2008566 Total (Diversion),Annual,1,2023,113.51,ACFT,K,Approved,2024-01-12 18:13:00
2008566,12008566,2008566 Total (Diversion),Annual,1,2024,93.68,ACFT,K,Approved,2024-12-05 10:01:00
2008617,12008617,2008617 Total (Diversion),Annual,1,2009,95.23,ACFT,U,Approved,2010-06-29 16:23:00
2008617,12008617,2008617 Total (Diversion),Annual,1,2010,127.7,ACFT,U,Approved,2011-06-20 17:12:00
2008617,12008617,2008617 Total (Diversion),Annual,1,2011,113.95,ACFT,U,Approved,2012-07-06 07:51:00
2008617,12008617,2008617 Total (Diversion),Annual,1,2012,24.38,ACFT,K,Approved,2013-05-03 15:13:00
2008617,12008617,2008617 Total (Diversion),Annual,1,2013,69.555,ACFT,K,Approved,2014-04-04 13:52:00
2008617,12008617,2008617 Total (Diversion),Annual,1,2014,53.975,ACFT,K,Approved,2015-06-01 17:12:00
2008617,12008617,2008617 Total (Diversion),Annual,1,2015,47.835,ACFT,K,Approved,2016-05-30 14:30:00
2008617,12008617,2008617 Total (Diversion),Annual,1,2016,91.67,ACFT,K,Approved,2018-01-03 15:56:00
2008617,12008617,2008617 Total (Diversion),Annual,1,2017,84.215,ACFT,K,Approved,2018-05-25 09:41:00
2008617,12008617,2008617 Total (Diversion),Annual,1,2018,36.525,ACFT,K,Approved,2019-04-04 16:17:00
2008617,12008617,2008617 Total (Diversion),Annual,1,2019,115.145,ACFT,K,Approved,2020-04-01 21:05:00
2008617,12008617,2008617 Total (Diversion),Annual,1,2020,0.0,ACFT,K,Approved,2021-03-26 10:46:00
2008617,12008617,2008617 Total (Diversion),Annual,1,2021,118.55,ACFT,K,Approved,2022-03-30 09:30:00
2008617,12008617,2008617 Total (Diversion),Annual,1,2022,44.61,ACFT,K,Approved,2023-02-03 11:01:00
2008617,12008617,2008617 Total (Diversion),Annual,1,2023,127.685,ACFT,K,Approved,2024-01-17 12:54:00
2008617,12008617,2008617 Total (Diversion),Annual,1,2024,0.14,ACFT,K,Approved,2024-11-18 13:15:00
2008669,12008669,2008669 Total (Diversion),Annual,1,2009,98.98,ACFT,U,Approved,2010-06-29 16:23:00
2008669,12008669,2008669 Total (Diversion),Annual,1,2010,71.965,ACFT,U,Approved,2013-11-25 22:03:00
2008669,12008669,2008669 Total (Diversion),Annual,1,2011,82.76,ACFT,U,Approved,2012-07-06 07:51:00
2008669,12008669,2008669 Total (Diversion),Annual,1,2012,96.675,ACFT,K,Approved,2013-05-03 15:13:00
2008669,12008669,2008669 Total (Diversion),Annual,1,2013,89.97,ACFT,K,Approved,2014-04-04 13:52:00
2008669,12008669,2008669 Total (Diversion),Annual,1,2014,98.96,ACFT,K,Approved,2015-06-01 17:12:00
2008669,12008669,2008669 Total (Diversion),Annual,1,2015,98.31,ACFT,K,Approved,2016-05-30 14:30:00
2008669,12008669,2008669 Total (Diversion),Annual,1,2016,106.09,ACFT,K,Approved,2018-01-03 15:56:00
2008669,12008669,2008669 Total (Diversion),Annual,1,2017,90.48,ACFT,K,Approved,2018-05-25 09:41:00
2008669,12008669,2008669 Total (Diversion),Annual,1,2018,101.4,ACFT,K,Approved,2019-04-04 16:17:00
2008669,12008669,2008669 Total (Diversion),Annual,1,2019,101.355,ACFT,K,Approved,2020-04-01 21:05:00
2008669,12008669,2008669 Total (Diversion),Annual,1,2020,112.45,ACFT,K,Approved,2021-03-26 10:46:00
2008669,12008669,2008669 Total (Diversion),Annual,1,2021,100.16,ACFT,K,Approved,2022-03-30 09:30:00
2008669,12008669,2008669 Total (Diversion),Annual,1,2022,101.855,ACFT,K,Approved,2023-02-03 11:03:00
2008669,12008669,2008669 Total (Diversion),Annual,1,2023,112.425,ACFT,K,Approved,2024-01-17 12:11:00
2008669,12008669,2008669 Total (Diversion),Annual,1,2024,91.465,ACFT,K,Approved,2024-11-19 11:03:00
2008808,12008808,2008808 Total (Diversion),Annual,1,1998,20.282,ACFT,*,Approved,
2008808,12008808,2008808 Total (Diversion),Annual,1,1999,67.3191,ACFT,U,Approved,2001-01-25 18:25:00
2008808,12008808,2008808 Total (Diversion),Annual,1,2000,103.8112,ACFT,U,Approved,2001-09-15 15:33:00
2008808,12008808,2008808 Total (Diversion),Annual,1,2001,28.7555,ACFT,U,Approved,2002-05-30 14:02:00
2008808,12008808,2008808 Total (Diversion),Annual,1,2002,114.41,ACFT,U,Approved,2003-07-17 15:18:00
2008808,12008808,2008808 Total (Diversion),Annual,1,2003,174.5491,ACFT,U,Approved,2004-04-05 10:27:00
2008808,12008808,2008808 Total (Diversion),Annual,1,2004,161.6506,ACFT,*,Approved,2005-04-15 10:20:00
2008808,12008808,2008808 Total (Diversion),Annual,1,2005,135.1323,ACFT,*,Approved,2006-06-15 15:21:00
2008808,12008808,2008808 Total (Diversion),Annual,1,2006,153.4904,ACFT,U,Approved,2007-05-15 13:47:00
2008808,12008808,2008808 Total (Diversion),Annual,1,2007,178.6,ACFT,U,Approved,2008-03-25 12:51:00
2008808,12008808,2008808 Total (Diversion),Annual,1,2008,164.01,ACFT,U,Approved,2009-06-22 12:21:00
2008808,12008808,2008808 Total (Diversion),Annual,1,2009,131.8148,ACFT,K,Approved,2017-06-26 19:40:00
2008808,12008808,2008808 Total (Diversion),Annual,1,2010,183.7466,ACFT,K,Approved,2017-06-26 17:25:00
2008808,12008808,2008808 Total (Diversion),Annual,1,2011,176.82,ACFT,*,Approved,2012-07-06 07:51:00
2008808,12008808,2008808 Total (Diversion),Annual,1,2012,217.1852,ACFT,K,Approved,2013-05-03 15:13:00
2008808,12008808,2008808 Total (Diversion),Annual,1,2013,160.6716,ACFT,K,Approved,2014-04-04 13:52:00
2008808,12008808,2008808 Total (Diversion),Annual,1,2014,160.3923,ACFT,K,Approved,2015-06-01 17:12:00
2008808,12008808,2008808 Total (Diversion),Annual,1,2015,277.219,ACFT,K,Approved,2016-05-30 14:30:00
2008808,12008808,2008808 Total (Diversion),Annual,1,2016,180.086,ACFT,K,Approved,2018-01-03 15:56:00
2008808,12008808,2008808 Total (Diversion),Annual,1,2017,184.03,ACFT,K,Approved,2018-05-25 09:41:00
2008808,12008808,2008808 Total (Diversion),Annual,1,2018,254.467,ACFT,K,Approved,2019-04-04 16:17:00
2008808,12008808,2008808 Total (Diversion),Annual,1,2019,303.97,ACFT,K,Approved,2020-04-01 21:05:00
2008808,12008808,2008808 Total (Diversion),Annual,1,2020,193.94,ACFT,K,Approved,2021-03-26 10:46:00
2008808,12008808,2008808 Total (Diversion),Annual,1,2021,260.536,ACFT,K,Approved,2022-03-30 09:30:00
2008808,12008808,2008808 Total (Diversion),Annual,1,2022,194.02,ACFT,K,Approved,2023-02-03 11:04:00
2008808,12008808,2008808 Total (Diversion),Annual,1,2023,167.079,ACFT,K,Approved,2024-01-29 10:29:00
2008808,12008808,2008808 Total (Diversion),Annual,1,2024,210.076,ACFT,K,Approved,2025-01-27 15:59:00
2008911,12008911,2008911 Total (Diversion),Annual,1,2009,80.14,ACFT,U,Approved,2010-06-29 16:23:00
2008911,12008911,2008911 Total (Diversion),Annual,1,2010,100.665,ACFT,U,Approved,2013-11-25 22:12:00
2008911,12008911,2008911 Total (Diversion),Annual,1,2011,92.555,ACFT,U,Approved,2013-11-25 16:06:00
2008911,12008911,2008911 Total (Diversion),Annual,1,2012,51.87,ACFT,K,Approved,2013-05-03 15:13:00
2008911,12008911,2008911 Total (Diversion),Annual,1,2013,105.312,ACFT,K,Approved,2014-04-04 13:52:00
2008911,12008911,2008911 Total (Diversion),Annual,1,2014,53.117,ACFT,K,Approved,2015-06-01 17:12:00
2008911,12008911,2008911 Total (Diversion),Annual,1,2015,52.5,ACFT,K,Approved,2016-05-30 14:30:00
2008911,12008911,2008911 Total (Diversion),Annual,1,2016,69.865,ACFT,K,Approved,2018-01-03 15:56:00
2008911,12008911,2008911 Total (Diversion),Annual,1,2017,78.82,ACFT,K,Approved,2018-05-25 09:41:00
2008911,12008911,2008911 Total (Diversion),Annual,1,2018,89.325,ACFT,K,Approved,2019-04-04 16:17:00
2008911,12008911,2008911 Total (Diversion),Annual,1,2019,75.06,ACFT,K,Approved,2020-04-01 21:05:00
2008911,12008911,2008911 Total (Diversion),Annual,1,2020,112.085,ACFT,K,Approved,2021-03-26 10:46:00
2008911,12008911,2008911 Total (Diversion),Annual,1,2021,85.875,ACFT,K,Approved,2022-03-30 09:30:00
2008911,12008911,2008911 Total (Diversion),Annual,1,2022,39.645,ACFT,K,Approved,2023-02-03 11:04:00
2008911,12008911,2008911 Total (Diversion),Annual,1,2023,111.98,ACFT,K,Approved,2024-01-11 13:05:00
2008911,12008911,2008911 Total (Diversion),Annual,1,2024,77.255,ACFT,K,Approved,2024-12-05 10:01:00
2008992,12008992,2008992 Total (Diversion),Annual,1,2009,144.32,ACFT,U,Approved,2010-06-29 16:23:00
2008992,12008992,2008992 Total (Diversion),Annual,1,2010,164.815,ACFT,U,Approved,2013-11-25 22:15:00
2008992,12008992,2008992 Total (Diversion),Annual,1,2011,127.7,ACFT,U,Approved,2012-07-06 07:51:00
2008992,12008992,2008992 Total (Diversion),Annual,1,2012,138.615,ACFT,K,Approved,2013-05-03 15:13:00
2008992,12008992,2008992 Total (Diversion),Annual,1,2013,143.185,ACFT,K,Approved,2014-04-04 13:52:00
2008992,12008992,2008992 Total (Diversion),Annual,1,2014,149.735,ACFT,K,Approved,2015-06-01 17:12:00
2008992,12008992,2008992 Total (Diversion),Annual,1,2015,77.94,ACFT,K,Approved,2016-05-30 14:30:00
2008992,12008992,2008992 Total (Diversion),Annual,1,2016,103.54,ACFT,K,Approved,2018-01-03 15:56:00
2008992,12008992,2008992 Total (Diversion),Annual,1,2017,103.52,ACFT,K,Approved,2018-05-25 09:41:00
2008992,12008992,2008992 Total (Diversion),Annual,1,2018,111.8,ACFT,K,Approved,2019-04-04 16:17:00
2008992,12008992,2008992 Total (Diversion),Annual,1,2019,108.01,ACFT,K,Approved,2020-04-01 21:05:00
2008992,12008992,2008992 Total (Diversion),Annual,1,2020,47.115,ACFT,K,Approved,2021-03-26 10:46:00
2008992,12008992,2008992 Total (Diversion),Annual,1,2021,110.135,ACFT,K,Approved,2022-03-30 09:30:00
2008992,12008992,2008992 Total (Diversion),Annual,1,2022,108.885,ACFT,K,Approved,2023-02-03 11:01:00
2008992,12008992,2008992 Total (Diversion),Annual,1,2023,122.135,ACFT,K,Approved,2023-10-12 15:07:00
2008992,12008992,2008992 Total (Diversion),Annual,1,2024,96.62,ACFT,K,Approved,2024-11-19 14:52:00
2011797,12011797,2011797 Total (Diversion),Annual,1,2009,200.0,ACFT,U,Approved,2010-06-29 16:23:00
2011797,12011797,2011797 Total (Diversion),Annual,1,2010,244.17,ACFT,U,Approved,2011-06-20 17:12:00
2011797,12011797,2011797 Total (Diversion),Annual,1,2011,242.98,ACFT,U,Approved,2012-07-06 07:51:00
2011797,12011797,2011797 Total (Diversion),Annual,1,2012,215.59,ACFT,K,Approved,2013-05-03 15:13:00
2011797,12011797,2011797 Total (Diversion),Annual,1,2013,184.35,ACFT,K,Approved,2014-04-04 13:52:00
2011797,12011797,2011797 Total (Diversion),Annual,1,2014,176.1,ACFT,K,Approved,2015-06-01 17:12:00
2011797,12011797,2011797 Total (Diversion),Annual,1,2015,159.35,ACFT,K,Approved,2016-05-30 14:30:00
2011797,12011797,2011797 Total (Diversion),Annual,1,2016,160.45,ACFT,K,Approved,2018-01-03 15:56:00
2011797,12011797,2011797 Total (Diversion),Annual,1,2017,164.45,ACFT,K,Approved,2018-05-25 09:41:00
2011797,12011797,2011797 Total (Diversion),Annual,1,2018,171.51,ACFT,K,Approved,2019-04-04 16:17:00
2011797,12011797,2011797 Total (Diversion),Annual,1,2019,167.13,ACFT,K,Approved,2020-04-01 21:05:00
2011797,12011797,2011797 Total (Diversion),Annual,1,2020,169.86,ACFT,K,Approved,2021-03-26 10:46:00
2011797,12011797,2011797 Total (Diversion),Annual,1,2021,139.96,ACFT,K,Approved,2022-03-30 09:30:00
2011797,12011797,2011797 Total (Diversion),Annual,1,2022,144.1,ACFT,K,Approved,2023-02-03 11:03:00
2011797,12011797,2011797 Total (Diversion),Annual,1,2023,0.0,ACFT,K,Approved,2024-01-12 11:00:00
2011797,12011797,2011797 Total (Diversion),Annual,1,2024,0.0,ACFT,K,Approved,2024-12-02 11:43:00
2011798,12011798,2011798 Total (Diversion),Annual,1,2009,195.5,ACFT,U,Approved,2010-06-29 16:23:00
2011798,12011798,2011798 Total (Diversion),Annual,1,2010,228.99,ACFT,U,Approved,2011-06-20 17:12:00
2011798,12011798,2011798 Total (Diversion),Annual,1,2011,211.16,ACFT,U,Approved,2012-07-06 07:51:00
2011798,12011798,2011798 Total (Diversion),Annual,1,2012,187.01,ACFT,K,Approved,2013-05-03 15:13:00
2011798,12011798,2011798 Total (Diversion),Annual,1,2013,175.01,ACFT,K,Approved,2014-04-04 13:52:00
2011798,12011798,2011798 Total (Diversion),Annual,1,2014,178.37,ACFT,K,Approved,2015-06-01 17:12:00
2011798,12011798,2011798 Total (Diversion),Annual,1,2015,181.76,ACFT,K,Approved,2016-05-30 14:30:00
2011798,12011798,2011798 Total (Diversion),Annual,1,2016,93.3,ACFT,K,Approved,2018-01-03 15:56:00
2011798,12011798,2011798 Total (Diversion),Annual,1,2017,118.02,ACFT,K,Approved,2018-05-25 09:41:00
2011798,12011798,2011798 Total (Diversion),Annual,1,2018,134.88,ACFT,K,Approved,2019-04-04 16:17:00
2011798,12011798,2011798 Total (Diversion),Annual,1,2019,120.45,ACFT,K,Approved,2020-04-01 21:05:00
2011798,12011798,2011798 Total (Diversion),Annual,1,2020,156.6,ACFT,K,Approved,2021-03-26 10:46:00
2011798,12011798,2011798 Total (Diversion),Annual,1,2021,92.26,ACFT,K,Approved,2022-03-30 09:30:00
2011798,12011798,2011798 Total (Diversion),Annual,1,2022,105.42,ACFT,K,Approved,2023-02-03 11:02:00
2011798,12011798,2011798 Total (Diversion),Annual,1,2023,48.26,ACFT,K,Approved,2024-01-12 11:32:00
2011798,12011798,2011798 Total (Diversion),Annual,1,2024,0.0,ACFT,K,Approved,2024-12-02 11:45:00
2012155,12012155,2012155 Total (Diversion),Annual,1,2009,82.0,ACFT,U,Approved,2010-06-29 16:23:00
2012155,12012155,2012155 Total (Diversion),Annual,1,2010,95.22,ACFT,U,Approved,2011-06-20 17:12:00
2012155,12012155,2012155 Total (Diversion),Annual,1,2011,86.49,ACFT,U,Approved,2012-07-06 07:51:00
2012155,12012155,2012155 Total (Diversion),Annual,1,2012,112.75,ACFT,K,Approved,2013-05-03 15:13:00
2012155,12012155,2012155 Total (Diversion),Annual,1,2013,78.94,ACFT,K,Approved,2014-04-04 13:52:00
2012155,12012155,2012155 Total (Diversion),Annual,1,2014,77.405,ACFT,K,Approved,2015-06-01 17:12:00
2012155,12012155,2012155 Total (Diversion),Annual,1,2015,79.095,ACFT,K,Approved,2016-05-30 14:30:00
2012155,12012155,2012155 Total (Diversion),Annual,1,2016,86.5,ACFT,K,Approved,2018-01-03 15:56:00
2012155,12012155,2012155 Total (Diversion),Annual,1,2017,104.525,ACFT,K,Approved,2018-05-25 09:41:00
2012155,12012155,2012155 Total (Diversion),Annual,1,2018,91.605,ACFT,K,Approved,2019-04-04 16:17:00
2012155,12012155,2012155 Total (Diversion),Annual,1,2019,87.59,ACFT,K,Approved,2020-04-01 21:05:00
2012155,12012155,2012155 Total (Diversion),Annual,1,2020,95.45,ACFT,K,Approved,2021-03-26 10:46:00
2012155,12012155,2012155 Total (Diversion),Annual,1,2021,86.985,ACFT,K,Approved,2022-03-30 09:30:00
2012155,12012155,2012155 Total (Diversion),Annual,1,2022,76.745,ACFT,K,Approved,2023-02-03 11:03:00
2012155,12012155,2012155 Total (Diversion),Annual,1,2023,87.96,ACFT,K,Approved,2024-01-12 18:26:00
2012155,12012155,2012155 Total (Diversion),Annual,1,2024,70.525,ACFT,K,Approved,2024-11-22 13:24:00
2012157,12012157,2012157 Total (Diversion),Annual,1,2013,104.43,ACFT,K,Approved,2014-04-04 13:52:00
2012157,12012157,2012157 Total (Diversion),Annual,1,2014,91.875,ACFT,K,Approved,2015-06-01 17:12:00
2012157,12012157,2012157 Total (Diversion),Annual,1,2015,100.125,ACFT,K,Approved,2016-05-30 14:30:00
2012157,12012157,2012157 Total (Diversion),Annual,1,2016,94.0,ACFT,K,Approved,2018-01-03 15:56:00
2012157,12012157,2012157 Total (Diversion),Annual,1,2017,114.3865,ACFT,K,Approved,2018-05-25 09:41:00
2012157,12012157,2012157 Total (Diversion),Annual,1,2018,122.804,ACFT,K,Approved,2019-08-21 15:45:00
2012157,12012157,2012157 Total (Diversion),Annual,1,2019,84.2677,ACFT,K,Approved,2020-04-01 21:05:00
2012157,12012157,2012157 Total (Diversion),Annual,1,2020,90.7142,ACFT,K,Approved,2021-03-26 10:46:00
2012157,12012157,2012157 Total (Diversion),Annual,1,2021,60.4319,ACFT,K,Approved,2022-03-30 09:30:00
2012157,12012157,2012157 Total (Diversion),Annual,1,2022,96.45,ACFT,K,Approved,2023-02-03 11:03:00
2012157,12012157,2012157 Total (Diversion),Annual,1,2023,99.23,ACFT,K,Approved,2024-01-12 18:40:00
2012157,12012157,2012157 Total (Diversion),Annual,1,2024,87.955,ACFT,K,Approved,2024-11-22 13:25:00
2013406,12013406,2013406 Total (Diversion),Annual,1,2009,90.0,ACFT,U,Approved,2010-06-29 16:23:00
2013406,12013406,2013406 Total (Diversion),Annual,1,2010,33.95,ACFT,U,Approved,2011-06-20 17:12:00
2013406,12013406,2013406 Total (Diversion),Annual,1,2011,134.54,ACFT,U,Approved,2012-07-06 07:51:00
2013406,12013406,2013406 Total (Diversion),Annual,1,2012,23.975,ACFT,K,Approved,2013-05-03 15:13:00
2013406,12013406,2013406 Total (Diversion),Annual,1,2013,92.855,ACFT,K,Approved,2014-04-04 13:52:00
2013406,12013406,2013406 Total (Diversion),Annual,1,2014,80.195,ACFT,K,Approved,2015-06-01 17:12:00
2013406,12013406,2013406 Total (Diversion),Annual,1,2015,82.9,ACFT,K,Approved,2016-05-30 14:30:00
2013406,12013406,2013406 Total (Diversion),Annual,1,2016,97.825,ACFT,K,Approved,2018-01-03 15:56:00
2013406,12013406,2013406 Total (Diversion),Annual,1,2017,99.24,ACFT,K,Approved,2018-05-25 09:41:00
2013406,12013406,2013406 Total (Diversion),Annual,1,2018,127.94,ACFT,K,Approved,2019-04-04 16:17:00
2013406,12013406,2013406 Total (Diversion),Annual,1,2019,118.07,ACFT,K,Approved,2020-04-01 21:05:00
2013406,12013406,2013406 Total (Diversion),Annual,1,2020,129.16,ACFT,K,Approved,2021-03-26 10:46:00
2013406,12013406,2013406 Total (Diversion),Annual,1,2021,114.28,ACFT,K,Approved,2022-03-30 09:30:00
2013406,12013406,2013406 Total (Diversion),Annual,1,2022,116.735,ACFT,K,Approved,2023-02-03 11:01:00
2013406,12013406,2013406 Total (Diversion),Annual,1,2023,132.315,ACFT,K,Approved,2024-01-10 16:13:00
2013406,12013406,2013406 Total (Diversion),Annual,1,2024,107.47,ACFT,K,Approved,2024-12-31 12:50:00
2013410,12013410,2013410 Total (Diversion),Annual,1,2009,82.0,ACFT,U,Approved,2010-06-29 16:23:00
2013410,12013410,2013410 Total (Diversion),Annual,1,2010,95.22,ACFT,U,Approved,2011-06-20 17:12:00
2013410,12013410,2013410 Total (Diversion),Annual,1,2011,86.49,ACFT,U,Approved,2012-07-06 07:51:00
2013410,12013410,2013410 Total (Diversion),Annual,1,2012,112.75,ACFT,K,Approved,2013-05-03 15:13:00
2013410,12013410,2013410 Total (Diversion),Annual,1,2013,78.94,ACFT,K,Approved,2014-04-04 13:52:00
2013410,12013410,2013410 Total (Diversion),Annual,1,2014,77.405,ACFT,K,Approved,2015-06-01 17:12:00
2013410,12013410,2013410 Total (Diversion),Annual,1,2015,79.095,ACFT,K,Approved,2016-05-30 14:30:00
2013410,12013410,2013410 Total (Diversion),Annual,1,2016,86.5,ACFT,K,Approved,2018-01-03 15:56:00
2013410,12013410,2013410 Total (Diversion),Annual,1,2017,104.525,ACFT,K,Approved,2018-05-25 09:41:00
2013410,12013410,2013410 Total (Diversion),Annual,1,2018,91.605,ACFT,K,Approved,2019-04-04 16:17:00
2013410,12013410,2013410 Total (Diversion),Annual,1,2019,87.59,ACFT,K,Approved,2020-04-01 21:05:00
2013410,12013410,2013410 Total (Diversion),Annual,1,2020,95.45,ACFT,K,Approved,2021-03-26 10:46:00
2013410,12013410,2013410 Total (Diversion),Annual,1,2021,86.985,ACFT,K,Approved,2022-03-30 09:30:00
2013410,12013410,2013410 Total (Diversion),Annual,1,2022,76.745,ACFT,K,Approved,2023-02-03 11:03:00
2013410,12013410,2013410 Total (Diversion),Annual,1,2023,87.96,ACFT,K,Approved,2024-01-12 18:26:00
2013410,12013410,2013410 Total (Diversion),Annual,1,2024,70.525,ACFT,K,Approved,2024-11-22 13:24:00
2013411,12013411,2013411 Total (Diversion),Annual,1,2009,187.19,ACFT,U,Approved,2010-06-29 16:23:00
2013411,12013411,2013411 Total (Diversion),Annual,1,2010,191.91,ACFT,U,Approved,2011-06-20 17:12:00
2013411,12013411,2013411 Total (Diversion),Annual,1,2011,260.67,ACFT,U,Approved,2012-07-06 07:51:00
2013411,12013411,2013411 Total (Diversion),Annual,1,2012,176.04,ACFT,K,Approved,2013-05-03 15:13:00
2013411,12013411,2013411 Total (Diversion),Annual,1,2013,104.43,ACFT,K,Approved,2014-04-04 13:52:00
2013411,12013411,2013411 Total (Diversion),Annual,1,2014,91.875,ACFT,K,Approved,2015-06-01 17:12:00
2013411,12013411,2013411 Total (Diversion),Annual,1,2015,100.125,ACFT,K,Approved,2016-05-30 14:30:00
2013411,12013411,2013411 Total (Diversion),Annual,1,2016,94.0,ACFT,K,Approved,2018-01-03 15:56:00
2013411,12013411,2013411 Total (Diversion),Annual,1,2017,114.3865,ACFT,K,Approved,2018-05-25 09:41:00
2013411,12013411,2013411 Total (Diversion),Annual,1,2018,122.804,ACFT,K,Approved,2019-08-21 15:45:00
2013411,12013411,2013411 Total (Diversion),Annual,1,2019,84.2677,ACFT,K,Approved,2020-04-01 21:05:00
2013411,12013411,2013411 Total (Diversion),Annual,1,2020,90.7142,ACFT,K,Approved,2021-03-26 10:46:00
2013411,12013411,2013411 Total (Diversion),Annual,1,2021,60.4319,ACFT,K,Approved,2022-03-30 09:30:00
2013411,12013411,2013411 Total (Diversion),Annual,1,2022,96.45,ACFT,K,Approved,2023-02-03 11:03:00
2013411,12013411,2013411 Total (Diversion),Annual,1,2023,99.23,ACFT,K,Approved,2024-01-12 18:40:00
2013411,12013411,2013411 Total (Diversion),Annual,1,2024,87.955,ACFT,K,Approved,2024-11-22 13:25:00
2013914,12013914,2013914 Total (Diversion),Annual,1,2009,80.14,ACFT,U,Approved,2010-06-29 16:23:00
2013914,12013914,2013914 Total (Diversion),Annual,1,2010,100.665,ACFT,U,Approved,2013-11-26 11:41:00
2013914,12013914,2013914 Total (Diversion),Annual,1,2011,92.555,ACFT,U,Approved,2013-11-25 18:23:00
2013914,12013914,2013914 Total (Diversion),Annual,1,2012,51.87,ACFT,K,Approved,2013-05-03 15:13:00
2013914,12013914,2013914 Total (Diversion),Annual,1,2013,42.365,ACFT,K,Approved,2014-04-04 13:52:00
2013914,12013914,2013914 Total (Diversion),Annual,1,2014,53.115,ACFT,K,Approved,2015-06-01 17:12:00
2013914,12013914,2013914 Total (Diversion),Annual,1,2015,52.5,ACFT,K,Approved,2016-05-30 14:30:00
2013914,12013914,2013914 Total (Diversion),Annual,1,2016,69.865,ACFT,K,Approved,2018-01-03 15:56:00
2013914,12013914,2013914 Total (Diversion),Annual,1,2017,78.82,ACFT,K,Approved,2018-05-25 09:41:00
2013914,12013914,2013914 Total (Diversion),Annual,1,2018,89.325,ACFT,K,Approved,2019-04-04 16:17:00
2013914,12013914,2013914 Total (Diversion),Annual,1,2019,75.06,ACFT,K,Approved,2020-04-01 21:05:00
2013914,12013914,2013914 Total (Diversion),Annual,1,2020,112.085,ACFT,K,Approved,2021-03-26 10:46:00
2013914,12013914,2013914 Total (Diversion),Annual,1,2021,85.875,ACFT,K,Approved,2022-03-30 09:30:00
2013914,12013914,2013914 Total (Diversion),Annual,1,2022,39.645,ACFT,K,Approved,2023-02-03 11:01:00
2013914,12013914,2013914 Total (Diversion),Annual,1,2023,111.98,ACFT,K,Approved,2024-01-11 13:05:00
2013914,12013914,2013914 Total (Diversion),Annual,1,2024,77.255,ACFT,K,Approved,2024-12-05 10:01:00
2013915,12013915,2013915 Total (Diversion),Annual,1,2009,99.77,ACFT,U,Approved,2010-06-29 16:23:00
2013915,12013915,2013915 Total (Diversion),Annual,1,2010,119.165,ACFT,U,Approved,2013-11-26 11:41:00
2013915,12013915,2013915 Total (Diversion),Annual,1,2011,137.495,ACFT,U,Approved,2013-11-25 18:23:00
2013915,12013915,2013915 Total (Diversion),Annual,1,2012,153.235,ACFT,K,Approved,2013-05-03 15:13:00
2013915,12013915,2013915 Total (Diversion),Annual,1,2013,110.165,ACFT,K,Approved,2014-04-04 13:52:00
2013915,12013915,2013915 Total (Diversion),Annual,1,2014,101.73,ACFT,K,Approved,2015-06-01 17:12:00
2013915,12013915,2013915 Total (Diversion),Annual,1,2015,94.835,ACFT,K,Approved,2016-05-30 14:30:00
2013915,12013915,2013915 Total (Diversion),Annual,1,2016,93.94,ACFT,K,Approved,2018-01-03 15:56:00
2013915,12013915,2013915 Total (Diversion),Annual,1,2017,105.625,ACFT,K,Approved,2018-05-25 09:41:00
2013915,12013915,2013915 Total (Diversion),Annual,1,2018,109.285,ACFT,K,Approved,2019-04-04 16:17:00
2013915,12013915,2013915 Total (Diversion),Annual,1,2019,50.765,ACFT,K,Approved,2020-04-01 21:05:00
2013915,12013915,2013915 Total (Diversion),Annual,1,2020,34.15,ACFT,K,Approved,2021-03-26 10:46:00
2013915,12013915,2013915 Total (Diversion),Annual,1,2021,116.295,ACFT,K,Approved,2022-03-30 09:30:00
2013915,12013915,2013915 Total (Diversion),Annual,1,2022,45.04,ACFT,K,Approved,2023-02-03 11:01:00
2013915,12013915,2013915 Total (Diversion),Annual,1,2023,126.41,ACFT,K,Approved,2024-01-11 16:45:00
2013915,12013915,2013915 Total (Diversion),Annual,1,2024,31.06,ACFT,K,Approved,2024-12-10 09:11:00
2014139,12014139,2014139 Total (Diversion),Annual,1,2013,43.255,ACFT,K,Approved,2014-04-04 13:52:00
2014139,12014139,2014139 Total (Diversion),Annual,1,2014,22.847,ACFT,K,Approved,2015-06-01 17:12:00
2014139,12014139,2014139 Total (Diversion),Annual,1,2015,37.334,ACFT,K,Approved,2016-05-30 14:30:00
2014139,12014139,2014139 Total (Diversion),Annual,1,2016,38.677,ACFT,K,Approved,2018-01-03 15:56:00
2014139,12014139,2014139 Total (Diversion),Annual,1,2017,38.362,ACFT,K,Approved,2018-05-25 09:41:00
2014139,12014139,2014139 Total (Diversion),Annual,1,2018,44.173,ACFT,K,Approved,2019-04-04 16:17:00
2014139,12014139,2014139 Total (Diversion),Annual,1,2019,38.834,ACFT,K,Approved,2020-04-01 21:05:00
2014139,12014139,2014139 Total (Diversion),Annual,1,2020,46.711,ACFT,K,Approved,2021-03-26 10:46:00
2014139,12014139,2014139 Total (Diversion),Annual,1,2021,43.97,ACFT,K,Approved,2022-03-30 09:30:00
2014139,12014139,2014139 Total (Diversion),Annual,1,2022,68.017,ACFT,K,Approved,2023-10-12 14:49:00
2014139,12014139,2014139 Total (Diversion),Annual,1,2023,48.083,ACFT,K,Approved,2024-01-17 12:54:00
2014139,12014139,2014139 Total (Diversion),Annual,1,2024,40.391,ACFT,K,Approved,2024-11-19 11:02:00
2014143,12014143,2014143 Total (Diversion),Annual,1,2009,144.32,ACFT,U,Approved,2010-06-29 16:23:00
2014143,12014143,2014143 Total (Diversion),Annual,1,2010,164.815,ACFT,U,Approved,2013-11-25 23:23:00
2014143,12014143,2014143 Total (Diversion),Annual,1,2011,127.7,ACFT,U,Approved,2012-07-06 07:51:00
2014143,12014143,2014143 Total (Diversion),Annual,1,2012,138.615,ACFT,K,Approved,2013-05-03 15:13:00
2014143,12014143,2014143 Total (Diversion),Annual,1,2013,143.185,ACFT,K,Approved,2014-04-04 13:52:00
2014143,12014143,2014143 Total (Diversion),Annual,1,2014,149.735,ACFT,K,Approved,2015-06-01 17:12:00
2014143,12014143,2014143 Total (Diversion),Annual,1,2015,77.94,ACFT,K,Approved,2016-05-30 14:30:00
2014143,12014143,2014143 Total (Diversion),Annual,1,2016,103.54,ACFT,K,Approved,2018-01-03 15:56:00
2014143,12014143,2014143 Total (Diversion),Annual,1,2017,103.52,ACFT,K,Approved,2018-05-25 09:41:00
2014143,12014143,2014143 Total (Diversion),Annual,1,2018,111.8,ACFT,K,Approved,2019-04-04 16:17:00
2014143,12014143,2014143 Total (Diversion),Annual,1,2019,108.01,ACFT,K,Approved,2020-04-01 21:05:00
2014143,12014143,2014143 Total (Diversion),Annual,1,2020,47.115,ACFT,K,Approved,2021-03-26 10:46:00
2014143,12014143,2014143 Total (Diversion),Annual,1,2021,110.135,ACFT,K,Approved,2022-03-30 09:30:00
2014143,12014143,2014143 Total (Diversion),Annual,1,2022,108.885,ACFT,K,Approved,2023-02-03 11:01:00
2014143,12014143,2014143 Total (Diversion),Annual,1,2023,122.135,ACFT,K,Approved,2023-10-12 15:07:00
2014143,12014143,2014143 Total (Diversion),Annual,1,2024,96.62,ACFT,K,Approved,2024-11-19 14:52:00
2014145,12014145,2014145 Total (Diversion),Annual,1,2009,204.73,ACFT,U,Approved,2010-06-29 16:23:00
2014145,12014145,2014145 Total (Diversion),Annual,1,2010,228.31,ACFT,U,Approved,2011-06-20 17:12:00
2014145,12014145,2014145 Total (Diversion),Annual,1,2011,187.73,ACFT,U,Approved,2012-07-06 07:51:00
2014145,12014145,2014145 Total (Diversion),Annual,1,2012,190.82,ACFT,K,Approved,2013-05-03 15:13:00
2014145,12014145,2014145 Total (Diversion),Annual,1,2013,132.21,ACFT,K,Approved,2014-04-04 13:52:00
2014145,12014145,2014145 Total (Diversion),Annual,1,2014,165.79,ACFT,K,Approved,2015-06-01 17:12:00
2014145,12014145,2014145 Total (Diversion),Annual,1,2015,145.37,ACFT,K,Approved,2016-05-30 14:30:00
2014145,12014145,2014145 Total (Diversion),Annual,1,2016,171.84,ACFT,K,Approved,2018-01-03 15:56:00
2014145,12014145,2014145 Total (Diversion),Annual,1,2017,156.51,ACFT,K,Approved,2018-05-25 09:41:00
2014145,12014145,2014145 Total (Diversion),Annual,1,2018,231.84,ACFT,K,Approved,2019-04-04 16:17:00
2014145,12014145,2014145 Total (Diversion),Annual,1,2019,183.65,ACFT,K,Approved,2020-04-01 21:05:00
2014145,12014145,2014145 Total (Diversion),Annual,1,2020,209.75,ACFT,K,Approved,2021-03-26 10:46:00
2014145,12014145,2014145 Total (Diversion),Annual,1,2021,195.24,ACFT,K,Approved,2022-03-30 09:30:00
2014145,12014145,2014145 Total (Diversion),Annual,1,2022,150.95,ACFT,K,Approved,2023-02-03 11:01:00
2014145,12014145,2014145 Total (Diversion),Annual,1,2023,137.78,ACFT,K,Approved,2024-01-16 09:49:00
2014145,12014145,2014145 Total (Diversion),Annual,1,2024,80.594,ACFT,K,Approved,2024-12-20 12:21:00
2014485,12014485,2014485 Total (Diversion),Annual,1,2018,0.7531,ACFT,K,Approved,2019-04-04 16:17:00
2014485,12014485,2014485 Total (Diversion),Annual,1,2019,7.4961,ACFT,K,Approved,2022-11-29 09:30:00
2014485,12014485,2014485 Total (Diversion),Annual,1,2020,6.1101,ACFT,K,Approved,2022-11-29 09:30:00
2014485,12014485,2014485 Total (Diversion),Annual,1,2021,4.1185,ACFT,K,Approved,2022-11-29 09:30:00
2014485,12014485,2014485 Total (Diversion),Annual,1,2022,1.7259,ACFT,K,Approved,2023-02-03 11:05:00
2014485,12014485,2014485 Total (Diversion),Annual,1,2023,6.4465,ACFT,K,Approved,2024-01-16 10:59:00
2014485,12014485,2014485 Total (Diversion),Annual,1,2024,13.5123,ACFT,K,Approved,2024-11-25 16:17:00
2014560,12014560,2014560 Total (Diversion),Annual,1,2020,0.5399,ACFT,K,Approved,2021-03-26 10:46:00
2014560,12014560,2014560 Total (Diversion),Annual,1,2021,1.0163,ACFT,K,Approved,2022-03-30 09:30:00
2014560,12014560,2014560 Total (Diversion),Annual,1,2022,0.4954,ACFT,K,Approved,2023-02-03 11:04:00
2014560,12014560,2014560 Total (Diversion),Annual,1,2023,1.2137,ACFT,K,Approved,2024-01-16 10:59:00
2014560,12014560,2014560 Total (Diversion),Annual,1,2024,0.8975,ACFT,K,Approved,2024-11-22 14:59:00
2014623,12014623,2014623 Total (Diversion),Annual,1,2022,0.7533,ACFT,K,Approved,2023-02-03 11:05:00
2014623,12014623,2014623 Total (Diversion),Annual,1,2023,1.0405,ACFT,K,Approved,2024-01-30 12:02:00
2014623,12014623,2014623 Total (Diversion),Annual,1,2024,0.963,ACFT,K,Approved,2024-11-26 13:39:00
