wdid,waterClassNum,wcIdentifier,measInterval,measCount,dataMeasDate,dataValue,measUnits,obsCode,approvalStatus,modified
2005011,12005011,2005011 Total (Diversion),Annual,1,2009,350.34,ACFT,U,Approved,2010-06-29 16:23:00
2005011,12005011,2005011 Total (Diversion),Annual,1,2010,270.607,ACFT,U,Approved,2013-11-25 20:48:00
2005011,12005011,2005011 Total (Diversion),Annual,1,2011,299.852,ACFT,U,Approved,2013-11-25 13:20:00
2005011,12005011,2005011 Total (Diversion),Annual,1,2012,261.292,ACFT,K,Approved,2013-05-03 15:13:00
2005011,12005011,2005011 Total (Diversion),Annual,1,2013,207.964,ACFT,K,Approved,2014-04-04 13:52:00
2005011,12005011,2005011 Total (Diversion),Annual,1,2014,222.309,ACFT,K,Approved,2015-06-01 17:12:00
2005011,12005011,2005011 Total (Diversion),Annual,1,2015,138.825,ACFT,K,Approved,2016-05-30 14:30:00
2005011,12005011,2005011 Total (Diversion),Annual,1,2016,201.3803,ACFT,K,Approved,2018-01-03 15:56:00
2005011,12005011,2005011 Total (Diversion),Annual,1,2017,139.0115,ACFT,K,Approved,2018-05-25 09:41:00
2005011,12005011,2005011 Total (Diversion),Annual,1,2018,233.4527,ACFT,K,Approved,2019-04-04 16:17:00
2005011,12005011,2005011 Total (Diversion),Annual,1,2019,121.6393,ACFT,K,Approved,2020-04-01 21:05:00
2005011,12005011,2005011 Total (Diversion),Annual,1,2020,170.6797,ACFT,K,Approved,2021-03-26 10:46:00
2005011,12005011,2005011 Total (Diversion),Annual,1,2021,180.2889,ACFT,K,Approved,2022-03-30 09:30:00
2005011,12005011,2005011 Total (Diversion),Annual,1,2022,169.3734,ACFT,K,Approved,2023-02-03 11:02:00
2005011,12005011,2005011 Total (Diversion),Annual,1,2023,127.11,ACFT,K,Approved,2024-01-24 10:46:00
2005011,12005011,2005011 Total (Diversion),Annual,1,2024,100.718,ACFT,K,Approved,2024-11-19 11:04:00
2005447,12005447,2005447 Total (Diversion),Annual,1,2009,30.01,ACFT,U,Approved,2010-06-29 16:23:00
2005447,12005447,2005447 Total (Diversion),Annual,1,2010,37.4512,ACFT,U,Approved,2013-11-25 20:58:00
2005447,12005447,2005447 Total (Diversion),Annual,1,2011,17.6283,ACFT,U,Approved,2013-11-25 13:41:00
2005447,12005447,2005447 Total (Diversion),Annual,1,2012,0.0001,ACFT,K,Approved,2013-05-03 15:13:00
2005447,12005447,2005447 Total (Diversion),Annual,1,2013,0.0003,ACFT,K,Approved,2014-04-04 13:52:00
2005447,12005447,2005447 Total (Diversion),Annual,1,2014,12.2992,ACFT,K,Approved,2018-02-13 13:40:00
2005447,12005447,2005447 Total (Diversion),Annual,1,2015,34.3655,ACFT,K,Approved,2016-05-30 14:30:00
2005447,12005447,2005447 Total (Diversion),Annual,1,2016,18.9348,ACFT,K,Approved,2021-12-15 09:45:00
2005447,12005447,2005447 Total (Diversion),Annual,1,2017,0.0,ACFT,K,Approved,2018-05-25 09:41:00
2005447,12005447,2005447 Total (Diversion),Annual,1,2018,14.9956,ACFT,K,Approved,2019-04-04 16:17:00
2005447,12005447,2005447 Total (Diversion),Annual,1,2019,20.3808,ACFT,K,Approved,2020-04-01 21:05:00
2005447,12005447,2005447 Total (Diversion),Annual,1,2020,39.4391,ACFT,K,Approved,2021-03-26 10:46:00
2005447,12005447,2005447 Total (Diversion),Annual,1,2021,69.911,ACFT,K,Approved,2022-03-30 09:30:00
2005447,12005447,2005447 Total (Diversion),Annual,1,2022,52.2514,ACFT,K,Approved,2023-04-04 11:46:00
2005447,12005447,2005447 Total (Diversion),Annual,1,2023,42.3657,ACFT,K,Approved,2024-01-17 16:21:00
2005447,12005447,2005447 Total (Diversion),Annual,1,2024,60.398,ACFT,K,Approved,2024-10-24 09:30:00
2005447,12005447,2005447 Total (Diversion),Annual,1,2025,0.0,ACFT,K,Provisional,2025-10-02 14:04:00
2005448,12005448,2005448 Total (Diversion),Annual,1,2009,31.46,ACFT,U,Approved,2010-06-29 16:23:00
2005448,12005448,2005448 Total (Diversion),Annual,1,2010,18.4228,ACFT,U,Approved,2013-11-25 20:58:00
2005448,12005448,2005448 Total (Diversion),Annual,1,2011,19.5187,ACFT,U,Approved,2013-11-25 13:42:00
2005448,12005448,2005448 Total (Diversion),Annual,1,2012,0.2526,ACFT,K,Approved,2013-05-03 15:13:00
2005448,12005448,2005448 Total (Diversion),Annual,1,2013,0.0,ACFT,K,Approved,2014-04-04 13:52:00
2005448,12005448,2005448 Total (Diversion),Annual,1,2014,26.3506,ACFT,K,Approved,2015-06-01 17:12:00
2005448,12005448,2005448 Total (Diversion),Annual,1,2015,10.839,ACFT,K,Approved,2016-05-30 14:30:00
2005448,12005448,2005448 Total (Diversion),Annual,1,2016,6.5312,ACFT,K,Approved,2018-01-03 15:56:00
2005448,12005448,2005448 Total (Diversion),Annual,1,2017,0.0,ACFT,K,Approved,2018-05-25 09:41:00
2005448,12005448,2005448 Total (Diversion),Annual,1,2018,156.7809,ACFT,K,Approved,2019-04-04 16:17:00
2005511,12005511,2005511 Total (Diversion),Annual,1,2009,26.92,ACFT,U,Approved,2010-06-29 16:23:00
2005511,12005511,2005511 Total (Diversion),Annual,1,2010,34.3633,ACFT,U,Approved,2013-11-25 21:00:00
2005511,12005511,2005511 Total (Diversion),Annual,1,2011,18.0755,ACFT,U,Approved,2013-11-25 13:45:00
2005511,12005511,2005511 Total (Diversion),Annual,1,2012,0.0,ACFT,K,Approved,2013-05-03 15:13:00
2005511,12005511,2005511 Total (Diversion),Annual,1,2013,0.0,ACFT,K,Approved,2014-04-04 13:52:00
2005511,12005511,2005511 Total (Diversion),Annual,1,2014,1.3486,ACFT,K,Approved,2018-02-12 15:56:00
2005511,12005511,2005511 Total (Diversion),Annual,1,2015,34.3655,ACFT,K,Approved,2016-05-30 14:30:00
2005511,12005511,2005511 Total (Diversion),Annual,1,2016,25.9671,ACFT,K,Approved,2018-01-03 15:56:00
2005511,12005511,2005511 Total (Diversion),Annual,1,2017,0.0,ACFT,K,Approved,2018-05-25 09:41:00
2005511,12005511,2005511 Total (Diversion),Annual,1,2018,5.1654,ACFT,K,Approved,2019-04-04 16:17:00
2005511,12005511,2005511 Total (Diversion),Annual,1,2019,7.1972,ACFT,K,Approved,2020-04-01 21:05:00
2005511,12005511,2005511 Total (Diversion),Annual,1,2020,15.7779,ACFT,K,Approved,2021-03-26 10:46:00
2005511,12005511,2005511 Total (Diversion),Annual,1,2021,12.066,ACFT,K,Approved,2022-03-30 09:30:00
2005511,12005511,2005511 Total (Diversion),Annual,1,2022,7.7836,ACFT,K,Approved,2023-04-04 11:46:00
2005511,12005511,2005511 Total (Diversion),Annual,1,2023,8.6213,ACFT,K,Approved,2024-01-17 16:21:00
2005511,12005511,2005511 Total (Diversion),Annual,1,2024,19.223,ACFT,K,Approved,2024-10-24 09:30:00
2005511,12005511,2005511 Total (Diversion),Annual,1,2025,0.0,ACFT,K,Provisional,2025-10-02 14:04:00
2005512,12005512,2005512 Total (Diversion),Annual,1,2009,9.56,ACFT,U,Approved,2010-06-29 16:23:00
2005512,12005512,2005512 Total (Diversion),Annual,1,2010,16.5606,ACFT,U,Approved,2013-11-25 21:00:00
2005512,12005512,2005512 Total (Diversion),Annual,1,2011,22.37,ACFT,U,Approved,2012-07-06 07:51:00
2005512,12005512,2005512 Total (Diversion),Annual,1,2012,0.092,ACFT,K,Approved,2013-05-03 15:13:00
2005512,12005512,2005512 Total (Diversion),Annual,1,2013,0.0114,ACFT,K,Approved,2014-04-04 13:52:00
2005512,12005512,2005512 Total (Diversion),Annual,1,2014,8.4919,ACFT,K,Approved,2015-06-01 17:12:00
2005512,12005512,2005512 Total (Diversion),Annual,1,2015,3.4415,ACFT,K,Approved,2016-05-30 14:30:00
2005512,12005512,2005512 Total (Diversion),Annual,1,2016,0.0,ACFT,K,Approved,2018-01-03 15:56:00
2005512,12005512,2005512 Total (Diversion),Annual,1,2017,0.0,ACFT,K,Approved,2018-05-25 09:41:00
2005512,12005512,2005512 Total (Diversion),Annual,1,2018,63.0589,ACFT,K,Approved,2019-04-04 16:17:00
2005512,12005512,2005512 Total (Diversion),Annual,1,2019,0.0,ACFT,K,Approved,2020-04-01 21:05:00
2005761,12005761,2005761 Total (Diversion),Annual,1,2009,71.73,ACFT,U,Approved,2010-06-29 16:23:00
2005761,12005761,2005761 Total (Diversion),Annual,1,2010,79.37,ACFT,U,Approved,2011-06-20 17:12:00
2005761,12005761,2005761 Total (Diversion),Annual,1,2011,69.66,ACFT,U,Approved,2012-07-06 07:51:00
2005761,12005761,2005761 Total (Diversion),Annual,1,2012,87.5024,ACFT,K,Approved,2013-05-03 15:13:00
2005761,12005761,2005761 Total (Diversion),Annual,1,2013,53.0706,ACFT,K,Approved,2014-04-04 13:52:00
2005761,12005761,2005761 Total (Diversion),Annual,1,2014,95.1391,ACFT,K,Approved,2015-06-01 17:12:00
2005761,12005761,2005761 Total (Diversion),Annual,1,2015,94.5673,ACFT,K,Approved,2016-05-30 14:30:00
2005761,12005761,2005761 Total (Diversion),Annual,1,2016,42.5921,ACFT,K,Approved,2018-01-03 15:56:00
2005761,12005761,2005761 Total (Diversion),Annual,1,2017,63.4668,ACFT,K,Approved,2018-05-25 09:41:00
2005761,12005761,2005761 Total (Diversion),Annual,1,2018,92.5942,ACFT,K,Approved,2019-04-04 16:17:00
2005761,12005761,2005761 Total (Diversion),Annual,1,2019,77.4476,ACFT,K,Approved,2020-04-01 21:05:00
2005761,12005761,2005761 Total (Diversion),Annual,1,2020,72.1643,ACFT,K,Approved,2021-03-26 10:46:00
2005761,12005761,2005761 Total (Diversion),Annual,1,2021,67.608,ACFT,K,Approved,2022-03-30 09:30:00
2005761,12005761,2005761 Total (Diversion),Annual,1,2022,45.6953,ACFT,K,Approved,2023-02-03 11:04:00
2005761,12005761,2005761 Total (Diversion),Annual,1,2023,54.2413,ACFT,K,Approved,2024-01-12 17:53:00
2005761,12005761,2005761 Total (Diversion),Annual,1,2024,49.7059,ACFT,K,Approved,2024-11-18 13:11:00
2005762,12005762,2005762 Total (Diversion),Annual,1,2009,71.73,ACFT,U,Approved,2010-06-29 16:23:00
2005762,12005762,2005762 Total (Diversion),Annual,1,2010,79.37,ACFT,U,Approved,2011-06-20 17:12:00
2005762,12005762,2005762 Total (Diversion),Annual,1,2011,69.66,ACFT,U,Approved,2012-07-06 07:51:00
2005762,12005762,2005762 Total (Diversion),Annual,1,2012,84.9288,ACFT,K,Approved,2013-05-03 15:13:00
2005762,12005762,2005762 Total (Diversion),Annual,1,2013,51.5097,ACFT,K,Approved,2014-04-04 13:52:00
2005762,12005762,2005762 Total (Diversion),Annual,1,2014,92.3409,ACFT,K,Approved,2015-06-01 17:12:00
2005762,12005762,2005762 Total (Diversion),Annual,1,2015,91.7859,ACFT,K,Approved,2016-05-30 14:30:00
2005762,12005762,2005762 Total (Diversion),Annual,1,2016,41.3394,ACFT,K,Approved,2018-01-03 15:56:00
2005762,12005762,2005762 Total (Diversion),Annual,1,2017,61.6001,ACFT,K,Approved,2018-05-25 09:41:00
2005762,12005762,2005762 Total (Diversion),Annual,1,2018,89.8709,ACFT,K,Approved,2019-04-04 16:17:00
2005762,12005762,2005762 Total (Diversion),Annual,1,2019,75.1697,ACFT,K,Approved,2020-04-01 21:05:00
2005762,12005762,2005762 Total (Diversion),Annual,1,2020,70.0418,ACFT,K,Approved,2021-03-26 10:46:00
2005762,12005762,2005762 Total (Diversion),Annual,1,2021,65.6195,ACFT,K,Approved,2022-03-30 09:30:00
2005762,12005762,2005762 Total (Diversion),Annual,1,2022,44.3513,ACFT,K,Approved,2023-02-03 11:04:00
2005762,12005762,2005762 Total (Diversion),Annual,1,2023,52.646,ACFT,K,Approved,2024-01-12 17:53:00
2005762,12005762,2005762 Total (Diversion),Annual,1,2024,48.244,ACFT,K,Approved,2024-11-18 13:11:00
2006321,12006321,2006321 Total (Diversion),Annual,1,2009,13.53,ACFT,U,Approved,2010-06-29 16:23:00
2006321,12006321,2006321 Total (Diversion),Annual,1,2010,8.0375,ACFT,U,Approved,2013-11-25 21:29:00
2006321,12006321,2006321 Total (Diversion),Annual,1,2011,36.945,ACFT,U,Approved,2013-11-25 14:45:00
2006321,12006321,2006321 Total (Diversion),Annual,1,2012,0.025,ACFT,K,Approved,2013-05-03 15:13:00
2006321,12006321,2006321 Total (Diversion),Annual,1,2013,0.0,ACFT,K,Approved,2014-04-04 13:52:00
2006321,12006321,2006321 Total (Diversion),Annual,1,2014,19.9175,ACFT,K,Approved,2018-02-13 13:30:00
2006321,12006321,2006321 Total (Diversion),Annual,1,2015,41.827,ACFT,K,Approved,2016-05-30 14:30:00
2006321,12006321,2006321 Total (Diversion),Annual,1,2016,0.8193,ACFT,K,Approved,2018-01-03 15:56:00
2006321,12006321,2006321 Total (Diversion),Annual,1,2017,0.0,ACFT,K,Approved,2018-05-25 09:41:00
2006321,12006321,2006321 Total (Diversion),Annual,1,2018,0.0,ACFT,K,Approved,2019-04-04 16:17:00
2006322,12006322,2006322 Total (Diversion),Annual,1,2009,13.53,ACFT,U,Approved,2010-06-29 16:23:00
2006322,12006322,2006322 Total (Diversion),Annual,1,2010,8.0375,ACFT,U,Approved,2013-11-25 21:29:00
2006322,12006322,2006322 Total (Diversion),Annual,1,2011,36.945,ACFT,U,Approved,2013-11-25 14:45:00
2006322,12006322,2006322 Total (Diversion),Annual,1,2012,0.025,ACFT,K,Approved,2013-05-03 15:13:00
2006322,12006322,2006322 Total (Diversion),Annual,1,2013,0.0,ACFT,K,Approved,2014-04-04 13:52:00
2006322,12006322,2006322 Total (Diversion),Annual,1,2014,19.9175,ACFT,K,Approved,2018-02-13 13:30:00
2006322,12006322,2006322 Total (Diversion),Annual,1,2015,41.827,ACFT,K,Approved,2016-05-30 14:30:00
2006322,12006322,2006322 Total (Diversion),Annual,1,2016,0.8193,ACFT,K,Approved,2018-01-03 15:56:00
2006322,12006322,2006322 Total (Diversion),Annual,1,2017,0.0,ACFT,K,Approved,2018-05-25 09:41:00
2006322,12006322,2006322 Total (Diversion),Annual,1,2018,0.0,ACFT,K,Approved,2019-04-04 16:17:00
2006333,12006333,2006333 Total (Diversion),Annual,1,2009,15.71,ACFT,U,Approved,2010-06-29 16:23:00
2006333,12006333,2006333 Total (Diversion),Annual,1,2010,10.5775,ACFT,U,Approved,2013-11-25 21:31:00
2006333,12006333,2006333 Total (Diversion),Annual,1,2011,0.0675,ACFT,U,Approved,2013-11-25 14:45:00
2006333,12006333,2006333 Total (Diversion),Annual,1,2012,25.885,ACFT,K,Approved,2013-05-03 15:13:00
2006333,12006333,2006333 Total (Diversion),Annual,1,2013,16.515,ACFT,K,Approved,2014-04-04 13:52:00
2006333,12006333,2006333 Total (Diversion),Annual,1,2014,14.9225,ACFT,K,Approved,2015-06-01 17:12:00
2006333,12006333,2006333 Total (Diversion),Annual,1,2015,14.2925,ACFT,K,Approved,2016-05-30 14:30:00
2006333,12006333,2006333 Total (Diversion),Annual,1,2016,18.61,ACFT,K,Approved,2018-01-03 15:56:00
2006333,12006333,2006333 Total (Diversion),Annual,1,2017,17.7475,ACFT,K,Approved,2018-05-25 09:41:00
2006333,12006333,2006333 Total (Diversion),Annual,1,2018,30.405,ACFT,K,Approved,2019-04-04 16:17:00
2006333,12006333,2006333 Total (Diversion),Annual,1,2019,1.7775,ACFT,K,Approved,2020-04-01 21:05:00
2006333,12006333,2006333 Total (Diversion),Annual,1,2020,10.29,ACFT,K,Approved,2021-03-26 10:46:00
2006333,12006333,2006333 Total (Diversion),Annual,1,2021,0.0,ACFT,K,Approved,2022-03-30 09:30:00
2006333,12006333,2006333 Total (Diversion),Annual,1,2022,0.0,ACFT,K,Approved,2023-02-03 11:03:00
2006333,12006333,2006333 Total (Diversion),Annual,1,2023,0.0,ACFT,K,Approved,2024-01-11 12:46:00
2006333,12006333,2006333 Total (Diversion),Annual,1,2024,0.0,ACFT,K,Approved,2024-11-19 14:08:00
2006336,12006336,2006336 Total (Diversion),Annual,1,2009,20.78,ACFT,U,Approved,2010-06-29 16:23:00
2006336,12006336,2006336 Total (Diversion),Annual,1,2010,16.0025,ACFT,U,Approved,2013-11-25 21:32:00
2006336,12006336,2006336 Total (Diversion),Annual,1,2011,18.1625,ACFT,U,Approved,2013-11-25 14:47:00
2006336,12006336,2006336 Total (Diversion),Annual,1,2012,1.37,ACFT,K,Approved,2013-05-03 15:13:00
2006336,12006336,2006336 Total (Diversion),Annual,1,2013,0.0,ACFT,K,Approved,2014-04-04 13:52:00
2006336,12006336,2006336 Total (Diversion),Annual,1,2014,0.1275,ACFT,K,Approved,2015-06-01 17:12:00
2006336,12006336,2006336 Total (Diversion),Annual,1,2015,23.5003,ACFT,K,Approved,2016-05-30 14:30:00
2006336,12006336,2006336 Total (Diversion),Annual,1,2016,10.3968,ACFT,K,Approved,2018-01-03 15:56:00
2006336,12006336,2006336 Total (Diversion),Annual,1,2017,15.1798,ACFT,K,Approved,2018-05-25 09:41:00
2006336,12006336,2006336 Total (Diversion),Annual,1,2018,0.0,ACFT,K,Approved,2019-04-04 16:17:00
2006336,12006336,2006336 Total (Diversion),Annual,1,2019,0.0,ACFT,K,Approved,2020-04-01 21:05:00
2006527,12006527,2006527 Total (Diversion),Annual,1,2009,116.49,ACFT,U,Approved,2010-06-29 16:23:00
2006527,12006527,2006527 Total (Diversion),Annual,1,2010,109.95,ACFT,U,Approved,2011-06-20 17:12:00
2006527,12006527,2006527 Total (Diversion),Annual,1,2011,2.51,ACFT,U,Approved,2012-07-06 07:51:00
2006527,12006527,2006527 Total (Diversion),Annual,1,2012,13.84,ACFT,K,Approved,2013-05-03 15:13:00
2006527,12006527,2006527 Total (Diversion),Annual,1,2013,124.0,ACFT,K,Approved,2014-04-04 13:52:00
2006527,12006527,2006527 Total (Diversion),Annual,1,2014,73.0,ACFT,K,Approved,2015-06-01 17:12:00
2006527,12006527,2006527 Total (Diversion),Annual,1,2015,103.9,ACFT,K,Approved,2016-05-30 14:30:00
2006527,12006527,2006527 Total (Diversion),Annual,1,2016,117.01,ACFT,K,Approved,2018-01-03 15:56:00
2006527,12006527,2006527 Total (Diversion),Annual,1,2017,101.947,ACFT,K,Approved,2018-05-25 09:41:00
2006527,12006527,2006527 Total (Diversion),Annual,1,2018,86.654,ACFT,K,Approved,2019-04-04 16:17:00
2006527,12006527,2006527 Total (Diversion),Annual,1,2019,54.961,ACFT,K,Approved,2020-04-01 21:05:00
2006527,12006527,2006527 Total (Diversion),Annual,1,2020,35.016,ACFT,K,Approved,2021-03-26 10:46:00
2006527,12006527,2006527 Total (Diversion),Annual,1,2021,88.127,ACFT,K,Approved,2022-03-30 09:30:00
2006527,12006527,2006527 Total (Diversion),Annual,1,2022,65.632,ACFT,K,Approved,2023-02-03 11:04:00
2006527,12006527,2006527 Total (Diversion),Annual,1,2023,129.666,ACFT,K,Approved,2024-01-12 13:05:00
2006527,12006527,2006527 Total (Diversion),Annual,1,2024,78.125,ACFT,K,Approved,2024-12-02 13:40:00
2006555,12006555,2006555 Total (Diversion),Annual,1,2009,100.7,ACFT,U,Approved,2010-06-29 16:23:00
2006555,12006555,2006555 Total (Diversion),Annual,1,2010,124.45,ACFT,U,Approved,2011-06-20 17:12:00
2006555,12006555,2006555 Total (Diversion),Annual,1,2011,113.425,ACFT,U,Approved,2013-11-25 15:04:00
2006555,12006555,2006555 Total (Diversion),Annual,1,2012,80.53,ACFT,K,Approved,2013-05-03 15:13:00
2006555,12006555,2006555 Total (Diversion),Annual,1,2013,105.505,ACFT,K,Approved,2014-04-04 13:52:00
2006555,12006555,2006555 Total (Diversion),Annual,1,2014,100.825,ACFT,K,Approved,2018-02-13 15:35:00
2006555,12006555,2006555 Total (Diversion),Annual,1,2015,55.16,ACFT,K,Approved,2018-02-05 16:05:00
2006555,12006555,2006555 Total (Diversion),Annual,1,2016,113.32,ACFT,K,Approved,2018-01-03 15:56:00
2006555,12006555,2006555 Total (Diversion),Annual,1,2017,115.015,ACFT,K,Approved,2018-05-25 09:41:00
2006555,12006555,2006555 Total (Diversion),Annual,1,2018,114.935,ACFT,K,Approved,2019-07-12 09:15:00
2006555,12006555,2006555 Total (Diversion),Annual,1,2019,107.37,ACFT,K,Approved,2020-04-01 21:05:00
2006555,12006555,2006555 Total (Diversion),Annual,1,2020,110.205,ACFT,K,Approved,2021-03-26 10:46:00
2006555,12006555,2006555 Total (Diversion),Annual,1,2021,141.7075,ACFT,K,Approved,2022-03-30 09:30:00
2006555,12006555,2006555 Total (Diversion),Annual,1,2022,128.8565,ACFT,K,Approved,2023-02-03 11:04:00
2006555,12006555,2006555 Total (Diversion),Annual,1,2023,138.768,ACFT,K,Approved,2023-11-29 09:41:00
2006555,12006555,2006555 Total (Diversion),Annual,1,2024,111.142,ACFT,K,Approved,2024-12-02 13:41:00
2008042,12008042,2008042 Total (Diversion),Annual,1,2009,114.76,ACFT,U,Approved,2010-06-29 16:23:00
2008042,12008042,2008042 Total (Diversion),Annual,1,2010,119.165,ACFT,U,Approved,2013-11-25 21:46:00
2008042,12008042,2008042 Total (Diversion),Annual,1,2011,115.435,ACFT,U,Approved,2013-11-25 15:16:00
2008042,12008042,2008042 Total (Diversion),Annual,1,2012,56.515,ACFT,K,Approved,2013-05-03 15:13:00
2008042,12008042,2008042 Total (Diversion),Annual,1,2013,97.136,ACFT,K,Approved,2014-04-04 13:52:00
2008042,12008042,2008042 Total (Diversion),Annual,1,2014,99.864,ACFT,K,Approved,2015-06-01 17:12:00
2008042,12008042,2008042 Total (Diversion),Annual,1,2015,57.959,ACFT,K,Approved,2016-05-30 14:30:00
2008042,12008042,2008042 Total (Diversion),Annual,1,2016,56.1035,ACFT,K,Approved,2018-01-03 15:56:00
2008042,12008042,2008042 Total (Diversion),Annual,1,2017,70.4815,ACFT,K,Approved,2018-05-25 09:41:00
2008042,12008042,2008042 Total (Diversion),Annual,1,2018,0.0,ACFT,K,Approved,2019-04-04 16:17:00
2008042,12008042,2008042 Total (Diversion),Annual,1,2019,31.2205,ACFT,K,Approved,2020-04-01 21:05:00
2008042,12008042,2008042 Total (Diversion),Annual,1,2020,78.5555,ACFT,K,Approved,2021-03-26 10:46:00
2008042,12008042,2008042 Total (Diversion),Annual,1,2021,3.2405,ACFT,K,Approved,2022-03-30 09:30:00
2008042,12008042,2008042 Total (Diversion),Annual,1,2022,54.336,ACFT,K,Approved,2023-02-03 11:05:00
2008042,12008042,2008042 Total (Diversion),Annual,1,2023,62.2325,ACFT,K,Approved,2024-01-12 11:41:00
2008042,12008042,2008042 Total (Diversion),Annual,1,2024,69.0105,ACFT,K,Approved,2024-12-02 13:39:00
2008369,12008369,2008369 Total (Diversion),Annual,1,2009,38.32,ACFT,U,Approved,2010-06-29 16:23:00
2008369,12008369,2008369 Total (Diversion),Annual,1,2010,59.877,ACFT,U,Approved,2013-11-25 21:54:00
2008369,12008369,2008369 Total (Diversion),Annual,1,2011,13.017,ACFT,U,Approved,2013-11-25 15:36:00
2008369,12008369,2008369 Total (Diversion),Annual,1,2012,36.801,ACFT,K,Approved,2013-05-03 15:13:00
2008369,12008369,2008369 Total (Diversion),Annual,1,2013,0.0,ACFT,K,Approved,2014-04-04 13:52:00
2008369,12008369,2008369 Total (Diversion),Annual,1,2014,0.0,ACFT,K,Approved,2015-06-01 17:12:00
2008369,12008369,2008369 Total (Diversion),Annual,1,2015,0.0,ACFT,K,Approved,2016-05-30 14:30:00
2008369,12008369,2008369 Total (Diversion),Annual,1,2016,170.118,ACFT,K,Approved,2018-01-03 15:56:00
2008369,12008369,2008369 Total (Diversion),Annual,1,2017,54.166,ACFT,K,Approved,2018-05-25 09:41:00
2008369,12008369,2008369 Total (Diversion),Annual,1,2018,3.084,ACFT,K,Approved,2019-04-04 16:17:00
2008369,12008369,2008369 Total (Diversion),Annual,1,2019,7.28,ACFT,K,Approved,2020-04-01 21:05:00
2008369,12008369,2008369 Total (Diversion),Annual,1,2020,49.28,ACFT,K,Approved,2021-03-26 10:46:00
2008369,12008369,2008369 Total (Diversion),Annual,1,2021,0.0,ACFT,K,Approved,2022-03-30 09:30:00
2008369,12008369,2008369 Total (Diversion),Annual,1,2022,0.516,ACFT,K,Approved,2023-08-25 11:14:00
2008369,12008369,2008369 Total (Diversion),Annual,1,2023,0.0,ACFT,K,Approved,2024-01-25 10:58:00
2008369,12008369,2008369 Total (Diversion),Annual,1,2024,10.001,ACFT,K,Approved,2024-11-19 14:08:00
2009447,12009447,2009447 Total (Diversion),Annual,1,2009,58.11,ACFT,U,Approved,2010-06-29 16:23:00
2009447,12009447,2009447 Total (Diversion),Annual,1,2010,15.0,ACFT,U,Approved,2011-06-20 17:12:00
2009447,12009447,2009447 Total (Diversion),Annual,1,2011,21.31,ACFT,U,Approved,2012-07-06 07:51:00
2009447,12009447,2009447 Total (Diversion),Annual,1,2012,5.59,ACFT,K,Approved,2013-05-03 15:13:00
2009447,12009447,2009447 Total (Diversion),Annual,1,2013,227.0,ACFT,K,Approved,2014-04-04 13:52:00
2009447,12009447,2009447 Total (Diversion),Annual,1,2014,212.57,ACFT,K,Approved,2015-06-01 17:12:00
2009447,12009447,2009447 Total (Diversion),Annual,1,2015,206.43,ACFT,K,Approved,2016-05-30 14:30:00
2009447,12009447,2009447 Total (Diversion),Annual,1,2016,371.0,ACFT,K,Approved,2018-01-03 15:56:00
2009447,12009447,2009447 Total (Diversion),Annual,1,2017,227.0,ACFT,K,Approved,2018-05-25 09:41:00
2009447,12009447,2009447 Total (Diversion),Annual,1,2018,218.0,ACFT,K,Approved,2019-04-04 16:17:00
2009447,12009447,2009447 Total (Diversion),Annual,1,2019,464.0,ACFT,K,Approved,2020-04-01 21:05:00
2009447,12009447,2009447 Total (Diversion),Annual,1,2020,112.49,ACFT,K,Approved,2021-03-26 10:46:00
2009447,12009447,2009447 Total (Diversion),Annual,1,2021,277.0,ACFT,K,Approved,2022-03-30 09:30:00
2009447,12009447,2009447 Total (Diversion),Annual,1,2022,362.0,ACFT,K,Approved,2023-02-03 11:01:00
2009447,12009447,2009447 Total (Diversion),Annual,1,2023,133.32,ACFT,K,Approved,2024-01-29 13:28:00
2009447,12009447,2009447 Total (Diversion),Annual,1,2024,518.34,ACFT,K,Approved,2024-11-20 15:03:00
2010270,12010270,2010270 Total (Diversion),Annual,1,2009,50.07,ACFT,U,Approved,2010-06-29 16:23:00
2010270,12010270,2010270 Total (Diversion),Annual,1,2010,102.67,ACFT,U,Approved,2011-06-20 17:12:00
2010270,12010270,2010270 Total (Diversion),Annual,1,2011,103.85,ACFT,U,Approved,2012-07-06 07:51:00
2010270,12010270,2010270 Total (Diversion),Annual,1,2012,0.7,ACFT,K,Approved,2013-05-03 15:13:00
2010270,12010270,2010270 Total (Diversion),Annual,1,2013,0.0,ACFT,K,Approved,2014-04-04 13:52:00
2010270,12010270,2010270 Total (Diversion),Annual,1,2014,49.26,ACFT,K,Approved,2015-06-01 17:12:00
2010270,12010270,2010270 Total (Diversion),Annual,1,2015,62.19,ACFT,K,Approved,2016-05-30 14:30:00
2010270,12010270,2010270 Total (Diversion),Annual,1,2016,43.49,ACFT,K,Approved,2018-01-03 15:56:00
2010270,12010270,2010270 Total (Diversion),Annual,1,2017,26.71,ACFT,K,Approved,2018-05-25 09:41:00
2010270,12010270,2010270 Total (Diversion),Annual,1,2018,0.0,ACFT,K,Approved,2019-04-04 16:17:00
2010270,12010270,2010270 Total (Diversion),Annual,1,2019,0.028,ACFT,K,Approved,2020-04-01 21:05:00
2010270,12010270,2010270 Total (Diversion),Annual,1,2020,0.322,ACFT,K,Approved,2021-03-26 10:46:00
2010270,12010270,2010270 Total (Diversion),Annual,1,2021,0.048,ACFT,K,Approved,2022-03-30 09:30:00
2010270,12010270,2010270 Total (Diversion),Annual,1,2022,0.0,ACFT,K,Approved,2023-02-03 11:03:00
2010270,12010270,2010270 Total (Diversion),Annual,1,2023,1.95,ACFT,K,Approved,2024-01-12 10:19:00
2010270,12010270,2010270 Total (Diversion),Annual,1,2024,0.0,ACFT,K,Approved,2024-11-20 12:32:00
2011904,12011904,2011904 Total (Diversion),Annual,1,2009,3.16,ACFT,U,Approved,2010-06-29 16:23:00
2011904,12011904,2011904 Total (Diversion),Annual,1,2010,1.9687,ACFT,U,Approved,2013-11-25 22:45:00
2011904,12011904,2011904 Total (Diversion),Annual,1,2011,2.9977,ACFT,U,Approved,2013-11-25 16:59:00
2011904,12011904,2011904 Total (Diversion),Annual,1,2012,4.3517,ACFT,K,Approved,2013-05-03 15:13:00
2011904,12011904,2011904 Total (Diversion),Annual,1,2013,3.54,ACFT,K,Approved,2014-04-04 13:52:00
2011904,12011904,2011904 Total (Diversion),Annual,1,2014,2.8605,ACFT,K,Approved,2015-06-01 17:12:00
2011904,12011904,2011904 Total (Diversion),Annual,1,2015,1.8472,ACFT,K,Approved,2016-05-30 14:30:00
2011904,12011904,2011904 Total (Diversion),Annual,1,2016,1.9478,ACFT,K,Approved,2021-12-14 14:00:00
2011904,12011904,2011904 Total (Diversion),Annual,1,2017,4.5321,ACFT,K,Approved,2018-05-25 09:41:00
2011904,12011904,2011904 Total (Diversion),Annual,1,2018,1.7995,ACFT,K,Approved,2019-04-04 16:17:00
2011904,12011904,2011904 Total (Diversion),Annual,1,2019,10.8605,ACFT,K,Approved,2020-04-01 21:05:00
2011904,12011904,2011904 Total (Diversion),Annual,1,2020,12.2072,ACFT,K,Approved,2021-03-26 10:46:00
2011904,12011904,2011904 Total (Diversion),Annual,1,2021,14.4001,ACFT,K,Approved,2022-03-30 09:30:00
2011904,12011904,2011904 Total (Diversion),Annual,1,2022,12.3145,ACFT,K,Approved,2023-02-03 11:05:00
2011904,12011904,2011904 Total (Diversion),Annual,1,2023,7.1133,ACFT,K,Approved,2024-01-31 16:09:00
2011904,12011904,2011904 Total (Diversion),Annual,1,2024,5.361,ACFT,K,Approved,2024-12-02 11:58:00
2013863,12013863,2013863 Total (Diversion),Annual,1,2009,106.24,ACFT,U,Approved,2010-06-29 16:23:00
2013863,12013863,2013863 Total (Diversion),Annual,1,2010,110.955,ACFT,U,Approved,2013-11-26 11:39:00
2013863,12013863,2013863 Total (Diversion),Annual,1,2011,125.755,ACFT,U,Approved,2013-11-25 18:20:00
2013863,12013863,2013863 Total (Diversion),Annual,1,2012,109.495,ACFT,K,Approved,2013-05-03 15:13:00
2013863,12013863,2013863 Total (Diversion),Annual,1,2013,103.5,ACFT,K,Approved,2014-04-04 13:52:00
2013863,12013863,2013863 Total (Diversion),Annual,1,2014,68.603,ACFT,K,Approved,2015-06-01 17:12:00
2013863,12013863,2013863 Total (Diversion),Annual,1,2015,52.197,ACFT,K,Approved,2016-05-30 14:30:00
2013863,12013863,2013863 Total (Diversion),Annual,1,2016,52.226,ACFT,K,Approved,2018-01-03 15:56:00
2013863,12013863,2013863 Total (Diversion),Annual,1,2017,74.0155,ACFT,K,Approved,2018-05-25 09:41:00
2013863,12013863,2013863 Total (Diversion),Annual,1,2018,45.487,ACFT,K,Approved,2019-04-04 16:17:00
2013863,12013863,2013863 Total (Diversion),Annual,1,2019,51.854,ACFT,K,Approved,2020-04-01 21:05:00
2013863,12013863,2013863 Total (Diversion),Annual,1,2020,68.2105,ACFT,K,Approved,2021-03-26 10:46:00
2013863,12013863,2013863 Total (Diversion),Annual,1,2021,65.831,ACFT,K,Approved,2022-03-30 09:30:00
2013863,12013863,2013863 Total (Diversion),Annual,1,2022,96.585,ACFT,K,Approved,2023-02-03 11:05:00
2013863,12013863,2013863 Total (Diversion),Annual,1,2023,47.823,ACFT,K,Approved,2024-01-12 12:51:00
2013863,12013863,2013863 Total (Diversion),Annual,1,2024,86.6107,ACFT,K,Approved,2024-12-02 13:37:00
2013864,12013864,2013864 Total (Diversion),Annual,1,2009,106.24,ACFT,U,Approved,2010-06-29 16:23:00
2013864,12013864,2013864 Total (Diversion),Annual,1,2010,110.955,ACFT,U,Approved,2013-11-26 11:39:00
2013864,12013864,2013864 Total (Diversion),Annual,1,2011,125.755,ACFT,U,Approved,2013-11-25 18:20:00
2013864,12013864,2013864 Total (Diversion),Annual,1,2012,109.495,ACFT,K,Approved,2013-05-03 15:13:00
2013864,12013864,2013864 Total (Diversion),Annual,1,2013,103.5,ACFT,K,Approved,2014-04-04 13:52:00
2013864,12013864,2013864 Total (Diversion),Annual,1,2014,68.603,ACFT,K,Approved,2015-06-01 17:12:00
2013864,12013864,2013864 Total (Diversion),Annual,1,2015,52.197,ACFT,K,Approved,2016-05-30 14:30:00
2013864,12013864,2013864 Total (Diversion),Annual,1,2016,52.226,ACFT,K,Approved,2018-01-03 15:56:00
2013864,12013864,2013864 Total (Diversion),Annual,1,2017,74.0155,ACFT,K,Approved,2018-05-25 09:41:00
2013864,12013864,2013864 Total (Diversion),Annual,1,2018,45.487,ACFT,K,Approved,2019-04-04 16:17:00
2013864,12013864,2013864 Total (Diversion),Annual,1,2019,51.854,ACFT,K,Approved,2020-04-01 21:05:00
2013864,12013864,2013864 Total (Diversion),Annual,1,2020,68.2105,ACFT,K,Approved,2021-03-26 10:46:00
2013864,12013864,2013864 Total (Diversion),Annual,1,2021,65.831,ACFT,K,Approved,2022-03-30 09:30:00
2013864,12013864,2013864 Total (Diversion),Annual,1,2022,96.585,ACFT,K,Approved,2023-02-03 11:05:00
2013864,12013864,2013864 Total (Diversion),Annual,1,2023,47.823,ACFT,K,Approved,2024-01-12 12:51:00
2013864,12013864,2013864 Total (Diversion),Annual,1,2024,86.6107,ACFT,K,Approved,2024-12-02 13:37:00
2014081,12014081,2014081 Total (Diversion),Annual,1,2009,0.33,ACFT,U,Approved,2010-06-29 16:23:00
2014081,12014081,2014081 Total (Diversion),Annual,1,2010,0.0325,ACFT,U,Approved,2013-11-25 23:20:00
2014081,12014081,2014081 Total (Diversion),Annual,1,2011,0.0,ACFT,U,Approved,2012-07-06 07:51:00
2014081,12014081,2014081 Total (Diversion),Annual,1,2012,16.5375,ACFT,K,Approved,2013-05-03 15:13:00
2014081,12014081,2014081 Total (Diversion),Annual,1,2013,10.6575,ACFT,K,Approved,2014-04-04 13:52:00
2014081,12014081,2014081 Total (Diversion),Annual,1,2014,20.415,ACFT,K,Approved,2015-06-01 17:12:00
2014081,12014081,2014081 Total (Diversion),Annual,1,2015,0.0,ACFT,K,Approved,2016-05-30 14:30:00
2014081,12014081,2014081 Total (Diversion),Annual,1,2016,22.105,ACFT,K,Approved,2018-01-03 15:56:00
2014081,12014081,2014081 Total (Diversion),Annual,1,2017,24.9175,ACFT,K,Approved,2018-05-25 09:41:00
2014081,12014081,2014081 Total (Diversion),Annual,1,2018,27.7175,ACFT,K,Approved,2019-04-04 16:17:00
2014081,12014081,2014081 Total (Diversion),Annual,1,2019,5.0425,ACFT,K,Approved,2020-04-01 21:05:00
2014081,12014081,2014081 Total (Diversion),Annual,1,2020,4.355,ACFT,K,Approved,2021-03-26 10:46:00
2014081,12014081,2014081 Total (Diversion),Annual,1,2021,0.0,ACFT,K,Approved,2022-03-30 09:30:00
2014081,12014081,2014081 Total (Diversion),Annual,1,2023,0.0,ACFT,K,Approved,2024-01-11 12:57:00
2014081,12014081,2014081 Total (Diversion),Annual,1,2024,0.0,ACFT,K,Approved,2024-11-19 14:08:00
2014082,12014082,2014082 Total (Diversion),Annual,1,2009,0.33,ACFT,U,Approved,2010-06-29 16:23:00
2014082,12014082,2014082 Total (Diversion),Annual,1,2010,0.0325,ACFT,U,Approved,2013-11-25 23:20:00
2014082,12014082,2014082 Total (Diversion),Annual,1,2011,0.0,ACFT,U,Approved,2012-07-06 07:51:00
2014082,12014082,2014082 Total (Diversion),Annual,1,2012,16.5375,ACFT,K,Approved,2013-05-03 15:13:00
2014082,12014082,2014082 Total (Diversion),Annual,1,2013,10.6575,ACFT,K,Approved,2014-04-04 13:52:00
2014082,12014082,2014082 Total (Diversion),Annual,1,2014,20.415,ACFT,K,Approved,2015-06-01 17:12:00
2014082,12014082,2014082 Total (Diversion),Annual,1,2015,0.0,ACFT,K,Approved,2016-05-30 14:30:00
2014082,12014082,2014082 Total (Diversion),Annual,1,2016,22.105,ACFT,K,Approved,2018-01-03 15:56:00
2014082,12014082,2014082 Total (Diversion),Annual,1,2017,24.9175,ACFT,K,Approved,2018-05-25 09:41:00
2014082,12014082,2014082 Total (Diversion),Annual,1,2018,27.7175,ACFT,K,Approved,2019-04-04 16:17:00
2014082,12014082,2014082 Total (Diversion),Annual,1,2019,5.0425,ACFT,K,Approved,2020-04-01 21:05:00
2014082,12014082,2014082 Total (Diversion),Annual,1,2020,4.355,ACFT,K,Approved,2021-03-26 10:46:00
2014082,12014082,2014082 Total (Diversion),Annual,1,2021,0.0,ACFT,K,Approved,2022-03-30 09:30:00
2014082,12014082,2014082 Total (Diversion),Annual,1,2023,0.0,ACFT,K,Approved,2024-01-11 12:57:00
2014082,12014082,2014082 Total (Diversion),Annual,1,2024,0.0,ACFT,K,Approved,2024-11-19 14:08:00
2014083,12014083,2014083 Total (Diversion),Annual,1,2009,21.57,ACFT,U,Approved,2010-06-29 16:23:00
2014083,12014083,2014083 Total (Diversion),Annual,1,2010,54.4975,ACFT,U,Approved,2013-11-25 23:20:00
2014083,12014083,2014083 Total (Diversion),Annual,1,2011,46.7,ACFT,U,Approved,2012-07-06 07:51:00
2014083,12014083,2014083 Total (Diversion),Annual,1,2012,1.34,ACFT,K,Approved,2013-05-03 15:13:00
2014083,12014083,2014083 Total (Diversion),Annual,1,2013,0.0,ACFT,K,Approved,2014-04-04 13:52:00
2014083,12014083,2014083 Total (Diversion),Annual,1,2014,1.1475,ACFT,K,Approved,2015-06-01 17:12:00
2014083,12014083,2014083 Total (Diversion),Annual,1,2015,1.0125,ACFT,K,Approved,2016-05-30 14:30:00
2014083,12014083,2014083 Total (Diversion),Annual,1,2016,69.414,ACFT,K,Approved,2018-01-03 15:56:00
2014083,12014083,2014083 Total (Diversion),Annual,1,2017,37.1148,ACFT,K,Approved,2018-05-25 09:41:00
2014083,12014083,2014083 Total (Diversion),Annual,1,2018,0.0,ACFT,K,Approved,2019-04-04 16:17:00
2014083,12014083,2014083 Total (Diversion),Annual,1,2019,0.0,ACFT,K,Approved,2020-04-01 21:05:00
2014083,12014083,2014083 Total (Diversion),Annual,1,2020,0.0,ACFT,K,Approved,2021-03-26 10:46:00
2014083,12014083,2014083 Total (Diversion),Annual,1,2021,0.0,ACFT,K,Approved,2022-03-30 09:30:00
2014083,12014083,2014083 Total (Diversion),Annual,1,2023,0.0,ACFT,K,Approved,2024-01-12 08:53:00
2014083,12014083,2014083 Total (Diversion),Annual,1,2024,0.0,ACFT,K,Approved,2024-11-19 14:09:00
2014085,12014085,2014085 Total (Diversion),Annual,1,2009,21.57,ACFT,U,Approved,2010-06-29 16:23:00
2014085,12014085,2014085 Total (Diversion),Annual,1,2010,54.4975,ACFT,U,Approved,2013-11-25 23:21:00
2014085,12014085,2014085 Total (Diversion),Annual,1,2011,46.7,ACFT,U,Approved,2012-07-06 07:51:00
2014085,12014085,2014085 Total (Diversion),Annual,1,2012,1.34,ACFT,K,Approved,2013-05-03 15:13:00
2014085,12014085,2014085 Total (Diversion),Annual,1,2013,0.0,ACFT,K,Approved,2014-04-04 13:52:00
2014085,12014085,2014085 Total (Diversion),Annual,1,2014,1.1475,ACFT,K,Approved,2015-06-01 17:12:00
2014085,12014085,2014085 Total (Diversion),Annual,1,2015,1.0125,ACFT,K,Approved,2016-05-30 14:30:00
2014085,12014085,2014085 Total (Diversion),Annual,1,2016,69.414,ACFT,K,Approved,2018-01-03 15:56:00
2014085,12014085,2014085 Total (Diversion),Annual,1,2017,37.1148,ACFT,K,Approved,2018-05-25 09:41:00
2014085,12014085,2014085 Total (Diversion),Annual,1,2018,0.0,ACFT,K,Approved,2019-04-04 16:17:00
2014085,12014085,2014085 Total (Diversion),Annual,1,2019,0.0,ACFT,K,Approved,2020-04-01 21:05:00
2014085,12014085,2014085 Total (Diversion),Annual,1,2020,0.0,ACFT,K,Approved,2021-03-26 10:46:00
2014085,12014085,2014085 Total (Diversion),Annual,1,2021,0.0,ACFT,K,Approved,2022-03-30 09:30:00
2014085,12014085,2014085 Total (Diversion),Annual,1,2023,0.0,ACFT,K,Approved,2024-01-12 08:53:00
2014085,12014085,2014085 Total (Diversion),Annual,1,2024,0.0,ACFT,K,Approved,2024-11-19 14:09:00
2014087,12014087,2014087 Total (Diversion),Annual,1,2009,20.78,ACFT,U,Approved,2010-06-29 16:23:00
2014087,12014087,2014087 Total (Diversion),Annual,1,2010,16.0025,ACFT,U,Approved,2013-11-26 11:48:00
2014087,12014087,2014087 Total (Diversion),Annual,1,2011,18.1625,ACFT,U,Approved,2013-11-25 18:32:00
2014087,12014087,2014087 Total (Diversion),Annual,1,2012,1.37,ACFT,K,Approved,2013-05-03 15:13:00
2014087,12014087,2014087 Total (Diversion),Annual,1,2013,0.0,ACFT,K,Approved,2014-04-04 13:52:00
2014087,12014087,2014087 Total (Diversion),Annual,1,2014,0.1275,ACFT,K,Approved,2015-06-01 17:12:00
2014087,12014087,2014087 Total (Diversion),Annual,1,2015,23.5003,ACFT,K,Approved,2016-05-30 14:30:00
2014087,12014087,2014087 Total (Diversion),Annual,1,2016,10.3968,ACFT,K,Approved,2018-01-03 15:56:00
2014087,12014087,2014087 Total (Diversion),Annual,1,2017,15.1798,ACFT,K,Approved,2018-05-25 09:41:00
2014087,12014087,2014087 Total (Diversion),Annual,1,2018,0.0,ACFT,K,Approved,2019-04-04 16:17:00
2014087,12014087,2014087 Total (Diversion),Annual,1,2019,0.0,ACFT,K,Approved,2020-04-01 21:05:00
2014088,12014088,2014088 Total (Diversion),Annual,1,2009,31.89,ACFT,U,Approved,2010-06-29 16:23:00
2014088,12014088,2014088 Total (Diversion),Annual,1,2010,34.135,ACFT,U,Approved,2013-11-25 23:21:00
2014088,12014088,2014088 Total (Diversion),Annual,1,2011,64.86,ACFT,U,Approved,2012-07-06 07:51:00
2014088,12014088,2014088 Total (Diversion),Annual,1,2012,0.0,ACFT,K,Approved,2013-05-03 15:13:00
2014088,12014088,2014088 Total (Diversion),Annual,1,2013,0.0,ACFT,K,Approved,2014-04-04 13:52:00
2014088,12014088,2014088 Total (Diversion),Annual,1,2014,0.0,ACFT,K,Approved,2015-06-01 17:12:00
2014088,12014088,2014088 Total (Diversion),Annual,1,2015,60.9565,ACFT,K,Approved,2016-05-30 14:30:00
2014088,12014088,2014088 Total (Diversion),Annual,1,2016,12.7285,ACFT,K,Approved,2018-01-03 15:56:00
2014088,12014088,2014088 Total (Diversion),Annual,1,2017,23.1375,ACFT,K,Approved,2018-05-25 09:41:00
2014088,12014088,2014088 Total (Diversion),Annual,1,2018,0.0,ACFT,K,Approved,2019-04-04 16:17:00
2014091,12014091,2014091 Total (Diversion),Annual,1,2009,13.53,ACFT,U,Approved,2010-06-29 16:23:00
2014091,12014091,2014091 Total (Diversion),Annual,1,2010,8.0375,ACFT,U,Approved,2013-11-26 11:48:00
2014091,12014091,2014091 Total (Diversion),Annual,1,2011,36.945,ACFT,U,Approved,2013-11-25 18:33:00
2014091,12014091,2014091 Total (Diversion),Annual,1,2012,0.025,ACFT,K,Approved,2013-05-03 15:13:00
2014091,12014091,2014091 Total (Diversion),Annual,1,2013,0.0,ACFT,K,Approved,2014-04-04 13:52:00
2014091,12014091,2014091 Total (Diversion),Annual,1,2014,19.9175,ACFT,K,Approved,2018-02-13 13:30:00
2014091,12014091,2014091 Total (Diversion),Annual,1,2015,41.827,ACFT,K,Approved,2016-05-30 14:30:00
2014091,12014091,2014091 Total (Diversion),Annual,1,2016,0.8193,ACFT,K,Approved,2018-01-03 15:56:00
2014091,12014091,2014091 Total (Diversion),Annual,1,2017,0.0,ACFT,K,Approved,2018-05-25 09:41:00
2014091,12014091,2014091 Total (Diversion),Annual,1,2018,0.0,ACFT,K,Approved,2019-04-04 16:17:00
2014095,12014095,2014095 Total (Diversion),Annual,1,2009,0.31,ACFT,U,Approved,2010-06-29 16:23:00
2014095,12014095,2014095 Total (Diversion),Annual,1,2010,0.12,ACFT,U,Approved,2011-06-20 17:12:00
2014095,12014095,2014095 Total (Diversion),Annual,1,2011,0.331,ACFT,U,Approved,2013-11-25 18:33:00
2014095,12014095,2014095 Total (Diversion),Annual,1,2012,0.349,ACFT,K,Approved,2013-05-03 15:13:00
2014095,12014095,2014095 Total (Diversion),Annual,1,2013,0.336,ACFT,K,Approved,2014-04-04 13:52:00
2014095,12014095,2014095 Total (Diversion),Annual,1,2014,0.0,ACFT,K,Approved,2015-06-01 17:12:00
2014095,12014095,2014095 Total (Diversion),Annual,1,2015,0.0,ACFT,K,Approved,2016-05-30 14:30:00
2014095,12014095,2014095 Total (Diversion),Annual,1,2016,0.0,ACFT,K,Approved,2018-01-03 15:56:00
2014095,12014095,2014095 Total (Diversion),Annual,1,2017,0.0,ACFT,K,Approved,2018-05-25 09:41:00
2014095,12014095,2014095 Total (Diversion),Annual,1,2018,0.046,ACFT,K,Approved,2019-04-04 16:17:00
2014095,12014095,2014095 Total (Diversion),Annual,1,2019,0.004,ACFT,K,Approved,2020-04-01 21:05:00
2014095,12014095,2014095 Total (Diversion),Annual,1,2020,0.424,ACFT,K,Approved,2021-03-26 10:46:00
2014095,12014095,2014095 Total (Diversion),Annual,1,2021,0.008,ACFT,K,Approved,2022-03-30 09:30:00
2014095,12014095,2014095 Total (Diversion),Annual,1,2022,0.214,ACFT,K,Approved,2023-02-03 11:01:00
2014095,12014095,2014095 Total (Diversion),Annual,1,2023,0.341,ACFT,K,Approved,2024-02-05 11:16:00
2014095,12014095,2014095 Total (Diversion),Annual,1,2024,0.454,ACFT,K,Approved,2024-10-24 09:33:00
2014099,12014099,2014099 Total (Diversion),Annual,1,2009,45.96,ACFT,U,Approved,2010-06-29 16:23:00
2014099,12014099,2014099 Total (Diversion),Annual,1,2010,20.1,ACFT,U,Approved,2011-06-20 17:12:00
2014099,12014099,2014099 Total (Diversion),Annual,1,2011,39.84,ACFT,U,Approved,2012-07-06 07:51:00
2014099,12014099,2014099 Total (Diversion),Annual,1,2012,95.2,ACFT,K,Approved,2013-05-03 15:13:00
2014099,12014099,2014099 Total (Diversion),Annual,1,2013,102.82,ACFT,K,Approved,2014-04-04 13:52:00
2014099,12014099,2014099 Total (Diversion),Annual,1,2014,85.62,ACFT,K,Approved,2015-06-01 17:12:00
2014099,12014099,2014099 Total (Diversion),Annual,1,2015,19.02,ACFT,K,Approved,2016-05-30 14:30:00
2014099,12014099,2014099 Total (Diversion),Annual,1,2016,22.79,ACFT,K,Approved,2018-01-03 15:56:00
2014099,12014099,2014099 Total (Diversion),Annual,1,2017,32.05,ACFT,K,Approved,2018-05-25 09:41:00
2014099,12014099,2014099 Total (Diversion),Annual,1,2018,32.64,ACFT,K,Approved,2019-04-04 16:17:00
2014099,12014099,2014099 Total (Diversion),Annual,1,2019,18.14,ACFT,K,Approved,2020-04-01 21:05:00
2014099,12014099,2014099 Total (Diversion),Annual,1,2020,32.24,ACFT,K,Approved,2021-03-26 10:46:00
2014099,12014099,2014099 Total (Diversion),Annual,1,2021,17.26,ACFT,K,Approved,2022-03-30 09:30:00
2014099,12014099,2014099 Total (Diversion),Annual,1,2022,27.85,ACFT,K,Approved,2023-02-03 11:02:00
2014099,12014099,2014099 Total (Diversion),Annual,1,2023,10.55,ACFT,K,Approved,2024-02-05 11:15:00
2014099,12014099,2014099 Total (Diversion),Annual,1,2024,1.0,ACFT,K,Approved,2025-04-04 16:41:00
2014108,12014108,2014108 Total (Diversion),Annual,1,2009,8.48,ACFT,U,Approved,2010-06-29 16:23:00
2014108,12014108,2014108 Total (Diversion),Annual,1,2010,2.71,ACFT,U,Approved,2011-06-20 17:12:00
2014108,12014108,2014108 Total (Diversion),Annual,1,2011,6.81,ACFT,U,Approved,2012-07-06 07:51:00
2014108,12014108,2014108 Total (Diversion),Annual,1,2012,38.07,ACFT,K,Approved,2013-05-03 15:13:00
2014108,12014108,2014108 Total (Diversion),Annual,1,2013,99.3,ACFT,K,Approved,2014-04-04 13:52:00
2014108,12014108,2014108 Total (Diversion),Annual,1,2014,43.9,ACFT,K,Approved,2015-06-01 17:12:00
2014108,12014108,2014108 Total (Diversion),Annual,1,2015,8.17,ACFT,K,Approved,2016-05-30 14:30:00
2014108,12014108,2014108 Total (Diversion),Annual,1,2016,11.37,ACFT,K,Approved,2018-01-03 15:56:00
2014108,12014108,2014108 Total (Diversion),Annual,1,2017,9.9,ACFT,K,Approved,2018-05-25 09:41:00
2014108,12014108,2014108 Total (Diversion),Annual,1,2018,38.24,ACFT,K,Approved,2019-04-04 16:17:00
2014108,12014108,2014108 Total (Diversion),Annual,1,2019,13.3,ACFT,K,Approved,2020-04-01 21:05:00
2014108,12014108,2014108 Total (Diversion),Annual,1,2020,37.67,ACFT,K,Approved,2021-03-26 10:46:00
2014108,12014108,2014108 Total (Diversion),Annual,1,2021,16.13,ACFT,K,Approved,2022-03-30 09:30:00
2014108,12014108,2014108 Total (Diversion),Annual,1,2022,29.83,ACFT,K,Approved,2023-02-03 11:03:00
2014108,12014108,2014108 Total (Diversion),Annual,1,2023,2.25,ACFT,K,Approved,2025-04-04 16:19:00
2014108,12014108,2014108 Total (Diversion),Annual,1,2024,0.0,ACFT,K,Approved,2025-04-04 16:02:00
2014109,12014109,2014109 Total (Diversion),Annual,1,2009,40.8,ACFT,U,Approved,2010-06-29 16:23:00
2014109,12014109,2014109 Total (Diversion),Annual,1,2010,0.0,ACFT,U,Approved,2011-06-20 17:12:00
2014109,12014109,2014109 Total (Diversion),Annual,1,2011,36.93,ACFT,U,Approved,2012-07-06 07:51:00
2014109,12014109,2014109 Total (Diversion),Annual,1,2012,46.11,ACFT,K,Approved,2013-05-03 15:13:00
2014109,12014109,2014109 Total (Diversion),Annual,1,2013,45.0,ACFT,K,Approved,2014-04-04 13:52:00
2014109,12014109,2014109 Total (Diversion),Annual,1,2014,31.64,ACFT,K,Approved,2015-06-01 17:12:00
2014109,12014109,2014109 Total (Diversion),Annual,1,2015,17.56,ACFT,K,Approved,2016-05-30 14:30:00
2014109,12014109,2014109 Total (Diversion),Annual,1,2016,23.67,ACFT,K,Approved,2018-01-03 15:56:00
2014109,12014109,2014109 Total (Diversion),Annual,1,2017,11.61,ACFT,K,Approved,2018-05-25 09:41:00
2014109,12014109,2014109 Total (Diversion),Annual,1,2018,69.4,ACFT,K,Approved,2019-04-04 16:17:00
2014109,12014109,2014109 Total (Diversion),Annual,1,2019,33.78,ACFT,K,Approved,2020-04-01 21:05:00
2014109,12014109,2014109 Total (Diversion),Annual,1,2020,49.72,ACFT,K,Approved,2021-03-26 10:46:00
2014109,12014109,2014109 Total (Diversion),Annual,1,2021,58.05,ACFT,K,Approved,2022-03-30 09:30:00
2014109,12014109,2014109 Total (Diversion),Annual,1,2022,52.81,ACFT,K,Approved,2023-02-03 11:01:00
2014109,12014109,2014109 Total (Diversion),Annual,1,2023,2.885,ACFT,K,Approved,2024-02-07 11:39:00
2014109,12014109,2014109 Total (Diversion),Annual,1,2024,0.0,ACFT,K,Approved,2025-04-04 16:40:00
2014118,12014118,2014118 Total (Diversion),Annual,1,2009,80.33,ACFT,U,Approved,2010-06-29 16:23:00
2014118,12014118,2014118 Total (Diversion),Annual,1,2010,105.395,ACFT,U,Approved,2013-11-26 11:50:00
2014118,12014118,2014118 Total (Diversion),Annual,1,2011,93.375,ACFT,U,Approved,2013-11-25 18:36:00
2014118,12014118,2014118 Total (Diversion),Annual,1,2012,65.3,ACFT,K,Approved,2013-05-03 15:13:00
2014118,12014118,2014118 Total (Diversion),Annual,1,2013,70.385,ACFT,K,Approved,2014-04-04 13:52:00
2014118,12014118,2014118 Total (Diversion),Annual,1,2014,95.215,ACFT,K,Approved,2015-06-01 17:12:00
2014118,12014118,2014118 Total (Diversion),Annual,1,2015,80.585,ACFT,K,Approved,2016-05-30 14:30:00
2014118,12014118,2014118 Total (Diversion),Annual,1,2016,86.38,ACFT,K,Approved,2018-02-12 13:10:00
2014118,12014118,2014118 Total (Diversion),Annual,1,2017,112.605,ACFT,K,Approved,2018-05-25 09:41:00
2014118,12014118,2014118 Total (Diversion),Annual,1,2018,101.38,ACFT,K,Approved,2019-04-04 16:17:00
2014118,12014118,2014118 Total (Diversion),Annual,1,2019,81.3285,ACFT,K,Approved,2020-04-01 21:05:00
2014118,12014118,2014118 Total (Diversion),Annual,1,2020,73.1865,ACFT,K,Approved,2021-03-26 10:46:00
2014118,12014118,2014118 Total (Diversion),Annual,1,2021,79.633,ACFT,K,Approved,2022-03-30 09:30:00
2014118,12014118,2014118 Total (Diversion),Annual,1,2022,77.7715,ACFT,K,Approved,2023-02-03 11:04:00
2014118,12014118,2014118 Total (Diversion),Annual,1,2023,83.2555,ACFT,K,Approved,2024-01-16 10:25:00
2014118,12014118,2014118 Total (Diversion),Annual,1,2024,0.0,ACFT,K,Approved,2024-03-21 12:37:00
2014119,12014119,2014119 Total (Diversion),Annual,1,2009,80.33,ACFT,U,Approved,2010-06-29 16:23:00
2014119,12014119,2014119 Total (Diversion),Annual,1,2010,105.395,ACFT,U,Approved,2013-11-26 11:50:00
2014119,12014119,2014119 Total (Diversion),Annual,1,2011,93.375,ACFT,U,Approved,2013-11-25 18:36:00
2014119,12014119,2014119 Total (Diversion),Annual,1,2012,65.3,ACFT,K,Approved,2013-05-03 15:13:00
2014119,12014119,2014119 Total (Diversion),Annual,1,2013,70.385,ACFT,K,Approved,2014-04-04 13:52:00
2014119,12014119,2014119 Total (Diversion),Annual,1,2014,95.215,ACFT,K,Approved,2015-06-01 17:12:00
2014119,12014119,2014119 Total (Diversion),Annual,1,2015,80.585,ACFT,K,Approved,2016-05-30 14:30:00
2014119,12014119,2014119 Total (Diversion),Annual,1,2016,86.38,ACFT,K,Approved,2018-02-12 13:10:00
2014119,12014119,2014119 Total (Diversion),Annual,1,2017,112.605,ACFT,K,Approved,2018-05-25 09:41:00
2014119,12014119,2014119 Total (Diversion),Annual,1,2018,101.38,ACFT,K,Approved,2019-04-04 16:17:00
2014119,12014119,2014119 Total (Diversion),Annual,1,2019,81.3285,ACFT,K,Approved,2020-04-01 21:05:00
2014119,12014119,2014119 Total (Diversion),Annual,1,2020,73.1865,ACFT,K,Approved,2021-03-26 10:46:00
2014119,12014119,2014119 Total (Diversion),Annual,1,2021,79.633,ACFT,K,Approved,2022-03-30 09:30:00
2014119,12014119,2014119 Total (Diversion),Annual,1,2022,77.7715,ACFT,K,Approved,2023-02-03 11:04:00
2014119,12014119,2014119 Total (Diversion),Annual,1,2023,83.2555,ACFT,K,Approved,2024-01-16 10:25:00
2014119,12014119,2014119 Total (Diversion),Annual,1,2024,0.0,ACFT,K,Approved,2024-03-21 12:37:00
2014122,12014122,2014122 Total (Diversion),Annual,1,2009,71.73,ACFT,U,Approved,2010-06-29 16:23:00
2014122,12014122,2014122 Total (Diversion),Annual,1,2010,79.37,ACFT,U,Approved,2011-06-20 17:12:00
2014122,12014122,2014122 Total (Diversion),Annual,1,2011,69.66,ACFT,U,Approved,2012-07-06 07:51:00
2014122,12014122,2014122 Total (Diversion),Annual,1,2012,84.9288,ACFT,K,Approved,2013-05-03 15:13:00
2014122,12014122,2014122 Total (Diversion),Annual,1,2013,51.5097,ACFT,K,Approved,2014-04-04 13:52:00
2014122,12014122,2014122 Total (Diversion),Annual,1,2014,92.3409,ACFT,K,Approved,2015-06-01 17:12:00
2014122,12014122,2014122 Total (Diversion),Annual,1,2015,91.7859,ACFT,K,Approved,2016-05-30 14:30:00
2014122,12014122,2014122 Total (Diversion),Annual,1,2016,41.3394,ACFT,K,Approved,2018-01-03 15:56:00
2014122,12014122,2014122 Total (Diversion),Annual,1,2017,61.6001,ACFT,K,Approved,2018-05-25 09:41:00
2014122,12014122,2014122 Total (Diversion),Annual,1,2018,89.8709,ACFT,K,Approved,2019-04-04 16:17:00
2014122,12014122,2014122 Total (Diversion),Annual,1,2019,75.1697,ACFT,K,Approved,2020-04-01 21:05:00
2014122,12014122,2014122 Total (Diversion),Annual,1,2020,70.0418,ACFT,K,Approved,2021-03-26 10:46:00
2014122,12014122,2014122 Total (Diversion),Annual,1,2021,65.6195,ACFT,K,Approved,2022-03-30 09:30:00
2014122,12014122,2014122 Total (Diversion),Annual,1,2022,44.3513,ACFT,K,Approved,2023-02-03 11:04:00
2014122,12014122,2014122 Total (Diversion),Annual,1,2023,52.646,ACFT,K,Approved,2024-01-12 17:53:00
2014122,12014122,2014122 Total (Diversion),Annual,1,2024,48.244,ACFT,K,Approved,2024-11-18 13:11:00
2014171,12014171,2014171 Total (Diversion),Annual,1,2013,0.037,ACFT,K,Approved,2018-02-02 14:05:00
2014171,12014171,2014171 Total (Diversion),Annual,1,2014,1.769,ACFT,K,Approved,2015-06-01 17:12:00
2014171,12014171,2014171 Total (Diversion),Annual,1,2015,12.187,ACFT,K,Approved,2016-05-30 14:30:00
2014171,12014171,2014171 Total (Diversion),Annual,1,2016,0.03,ACFT,K,Approved,2018-01-03 15:56:00
2014171,12014171,2014171 Total (Diversion),Annual,1,2017,0.02,ACFT,K,Approved,2018-05-25 09:41:00
2014171,12014171,2014171 Total (Diversion),Annual,1,2018,0.0,ACFT,K,Approved,2019-04-04 16:17:00
2014171,12014171,2014171 Total (Diversion),Annual,1,2019,10.439,ACFT,K,Approved,2020-04-01 21:05:00
2014171,12014171,2014171 Total (Diversion),Annual,1,2020,4.095,ACFT,K,Approved,2021-03-26 10:46:00
2014171,12014171,2014171 Total (Diversion),Annual,1,2021,0.5,ACFT,K,Approved,2022-03-30 09:30:00
2014171,12014171,2014171 Total (Diversion),Annual,1,2022,0.0,ACFT,K,Approved,2023-02-03 11:05:00
2014171,12014171,2014171 Total (Diversion),Annual,1,2023,15.193,ACFT,K,Approved,2024-02-05 11:08:00
2014171,12014171,2014171 Total (Diversion),Annual,1,2024,22.134,ACFT,K,Approved,2024-12-02 11:50:00
2014274,12014274,2014274 Total (Diversion),Annual,1,2009,17.5,ACFT,U,Approved,2010-06-29 16:23:00
2014274,12014274,2014274 Total (Diversion),Annual,1,2010,11.2806,ACFT,U,Approved,2013-11-26 11:57:00
2014274,12014274,2014274 Total (Diversion),Annual,1,2011,3.7493,ACFT,U,Approved,2013-11-25 18:47:00
2014274,12014274,2014274 Total (Diversion),Annual,1,2012,0.1402,ACFT,K,Approved,2013-05-03 15:13:00
2014274,12014274,2014274 Total (Diversion),Annual,1,2013,0.0641,ACFT,K,Approved,2014-04-04 13:52:00
2014274,12014274,2014274 Total (Diversion),Annual,1,2014,11.6912,ACFT,K,Approved,2015-06-01 17:12:00
2014274,12014274,2014274 Total (Diversion),Annual,1,2015,7.651,ACFT,K,Approved,2016-05-30 14:30:00
2014274,12014274,2014274 Total (Diversion),Annual,1,2016,3.6932,ACFT,K,Approved,2018-01-03 15:56:00
2014274,12014274,2014274 Total (Diversion),Annual,1,2017,0.0,ACFT,K,Approved,2018-05-25 09:41:00
2014274,12014274,2014274 Total (Diversion),Annual,1,2018,0.0,ACFT,K,Approved,2019-04-04 16:17:00
2014274,12014274,2014274 Total (Diversion),Annual,1,2019,0.0,ACFT,K,Approved,2020-04-01 21:05:00
2014309,12014309,2014309 Total (Diversion),Annual,1,2009,15.71,ACFT,U,Approved,2010-06-29 16:23:00
2014309,12014309,2014309 Total (Diversion),Annual,1,2010,10.5775,ACFT,U,Approved,2013-11-26 11:58:00
2014309,12014309,2014309 Total (Diversion),Annual,1,2011,0.0675,ACFT,U,Approved,2013-11-25 18:49:00
2014309,12014309,2014309 Total (Diversion),Annual,1,2012,25.885,ACFT,K,Approved,2013-05-03 15:13:00
2014309,12014309,2014309 Total (Diversion),Annual,1,2013,16.515,ACFT,K,Approved,2014-04-04 13:52:00
2014309,12014309,2014309 Total (Diversion),Annual,1,2014,14.9225,ACFT,K,Approved,2015-06-01 17:12:00
2014309,12014309,2014309 Total (Diversion),Annual,1,2015,14.2925,ACFT,K,Approved,2016-05-30 14:30:00
2014309,12014309,2014309 Total (Diversion),Annual,1,2016,18.61,ACFT,K,Approved,2018-01-03 15:56:00
2014309,12014309,2014309 Total (Diversion),Annual,1,2017,17.7475,ACFT,K,Approved,2018-05-25 09:41:00
2014309,12014309,2014309 Total (Diversion),Annual,1,2018,30.405,ACFT,K,Approved,2019-04-04 16:17:00
2014309,12014309,2014309 Total (Diversion),Annual,1,2019,1.7775,ACFT,K,Approved,2020-04-01 21:05:00
2014309,12014309,2014309 Total (Diversion),Annual,1,2020,10.29,ACFT,K,Approved,2021-03-26 10:46:00
2014309,12014309,2014309 Total (Diversion),Annual,1,2021,0.0,ACFT,K,Approved,2022-03-30 09:30:00
2014309,12014309,2014309 Total (Diversion),Annual,1,2022,0.0,ACFT,K,Approved,2023-02-03 11:03:00
2014309,12014309,2014309 Total (Diversion),Annual,1,2023,0.0,ACFT,K,Approved,2024-01-11 12:46:00
2014309,12014309,2014309 Total (Diversion),Annual,1,2024,0.0,ACFT,K,Approved,2024-11-19 14:08:00
3505739,13505739,3505739 Total (Diversion),Annual,1,2006,22.6,ACFT,U,Approved,2019-02-13 15:23:00
3505739,13505739,3505739 Total (Diversion),Annual,1,2007,22.6,ACFT,U,Approved,2019-02-13 15:23:00
3505739,13505739,3505739 Total (Diversion),Annual,1,2008,24.2,ACFT,U,Approved,2019-02-13 15:23:00
3505739,13505739,3505739 Total (Diversion),Annual,1,2009,29.0,ACFT,U,Approved,2019-02-13 15:23:00
3505739,13505739,3505739 Total (Diversion),Annual,1,2010,16.1,ACFT,U,Approved,2019-02-13 15:23:00
3505739,13505739,3505739 Total (Diversion),Annual,1,2011,15.3,ACFT,U,Approved,2019-02-13 15:23:00
3505739,13505739,3505739 Total (Diversion),Annual,1,2012,15.6,ACFT,U,Approved,2019-02-13 15:23:00
3505739,13505739,3505739 Total (Diversion),Annual,1,2013,15.7,ACFT,U,Approved,2019-02-13 15:23:00
3505739,13505739,3505739 Total (Diversion),Annual,1,2014,15.5,ACFT,U,Approved,2019-02-13 15:23:00
3505739,13505739,3505739 Total (Diversion),Annual,1,2015,15.2,ACFT,U,Approved,2019-02-13 15:23:00
3505739,13505739,3505739 Total (Diversion),Annual,1,2016,10.0,ACFT,U,Approved,2019-02-13 15:23:00
3505739,13505739,3505739 Total (Diversion),Annual,1,2017,21.7,ACFT,U,Approved,2019-02-13 15:23:00
3505739,13505739,3505739 Total (Diversion),Annual,1,2018,14.68,ACFT,E,Approved,2021-03-05 09:40:00
3505739,13505739,3505739 Total (Diversion),Annual,1,2019,14.68,ACFT,K,Approved,2020-08-18 08:46:00
3505739,13505739,3505739 Total (Diversion),Annual,1,2020,22.8623,ACFT,K,Approved,2021-03-25 17:01:00
3505739,13505739,3505739 Total (Diversion),Annual,1,2021,14.9304,ACFT,K,Approved,2022-03-30 09:45:00
3505739,13505739,3505739 Total (Diversion),Annual,1,2022,15.0494,ACFT,K,Approved,2023-03-08 11:30:00
3505739,13505739,3505739 Total (Diversion),Annual,1,2023,14.5247,ACFT,K,Approved,2023-12-01 16:22:00
3505739,13505739,3505739 Total (Diversion),Annual,1,2024,14.7329,ACFT,K,Approved,2024-12-09 09:35:00
