wdid,waterClassNum,wcIdentifier,measInterval,measCount,dataMeasDate,dataValue,measUnits,obsCode,approvalStatus,modified
6405010,16405010,6405010 Total (Diversion),Monthly,1,2009,0.095,ACFT,U,Approved,2010-03-30 14:28:00
6405010,16405010,6405010 Total (Diversion),Monthly,1,2011,23.4724,ACFT,K,Approved,2012-05-23 08:51:00
6405010,16405010,6405010 Total (Diversion),Monthly,4,2012,128.43,ACFT,K,Approved,2013-04-04 08:06:00
6405010,16405010,6405010 Total (Diversion),Monthly,3,2013,85.8,ACFT,K,Approved,2014-05-01 16:21:00
6405010,16405010,6405010 Total (Diversion),Monthly,4,2014,89.91,ACFT,K,Approved,2015-05-11 10:26:00
6405010,16405010,6405010 Total (Diversion),Monthly,3,2015,177.1,ACFT,K,Approved,2016-05-25 18:44:00
6405010,16405010,6405010 Total (Diversion),Monthly,5,2016,72.41,ACFT,K,Approved,2017-03-24 09:10:00
6405010,16405010,6405010 Total (Diversion),Monthly,5,2017,84.62,ACFT,K,Approved,2018-03-29 12:30:00
6405010,16405010,6405010 Total (Diversion),Monthly,4,2018,124.27,ACFT,K,Approved,2019-03-15 09:36:00
6405010,16405010,6405010 Total (Diversion),Monthly,5,2019,123.14,ACFT,K,Approved,2020-02-27 09:31:00
6405010,16405010,6405010 Total (Diversion),Monthly,5,2020,62.19,ACFT,K,Approved,2021-04-20 08:20:00
6405010,16405010,6405010 Total (Diversion),Monthly,1,2021,2.83,ACFT,U,Approved,2022-09-14 13:31:00
6405010,16405010,6405010 Total (Diversion),Monthly,5,2022,69.72,ACFT,U,Approved,2023-10-23 07:48:00
6405010,16405010,6405010 Total (Diversion),Monthly,2,2023,11.13,ACFT,K,Approved,2024-02-27 08:45:00
6405010,16405010,6405010 Total (Diversion),Monthly,1,2024,5.7,ACFT,K,Approved,2024-12-17 13:12:00
6405011,16405011,6405011 Total (Diversion),Monthly,5,2007,61.62,ACFT,U,Approved,2008-04-07 13:37:00
6405011,16405011,6405011 Total (Diversion),Monthly,5,2008,113.014,ACFT,U,Approved,2009-04-17 15:31:00
6405011,16405011,6405011 Total (Diversion),Monthly,4,2009,77.344,ACFT,U,Approved,2010-03-30 14:28:00
6405011,16405011,6405011 Total (Diversion),Monthly,6,2010,91.477,ACFT,U,Approved,2011-03-30 11:01:00
6405011,16405011,6405011 Total (Diversion),Monthly,5,2011,88.3665,ACFT,K,Approved,2012-05-23 08:51:00
6405011,16405011,6405011 Total (Diversion),Monthly,6,2012,105.0,ACFT,K,Approved,2013-04-04 08:06:00
6405011,16405011,6405011 Total (Diversion),Monthly,6,2013,98.15,ACFT,K,Approved,2014-05-01 16:21:00
6405011,16405011,6405011 Total (Diversion),Monthly,5,2014,75.42,ACFT,K,Approved,2015-05-11 10:26:00
6405011,16405011,6405011 Total (Diversion),Monthly,3,2015,94.42,ACFT,K,Approved,2016-05-25 18:44:00
6405011,16405011,6405011 Total (Diversion),Monthly,4,2016,131.26,ACFT,K,Approved,2017-03-24 09:10:00
6405011,16405011,6405011 Total (Diversion),Monthly,5,2017,102.65,ACFT,K,Approved,2018-03-29 12:30:00
6405011,16405011,6405011 Total (Diversion),Monthly,5,2018,122.14,ACFT,K,Approved,2019-03-15 09:36:00
6405011,16405011,6405011 Total (Diversion),Monthly,5,2019,108.99,ACFT,K,Approved,2020-02-27 09:31:00
6405011,16405011,6405011 Total (Diversion),Monthly,5,2020,93.51,ACFT,K,Approved,2021-04-20 08:20:00
6405011,16405011,6405011 Total (Diversion),Monthly,3,2021,56.37,ACFT,U,Approved,2022-09-14 13:31:00
6405011,16405011,6405011 Total (Diversion),Monthly,5,2022,99.95,ACFT,U,Approved,2023-10-23 07:48:00
6405011,16405011,6405011 Total (Diversion),Monthly,4,2023,60.52,ACFT,K,Approved,2024-02-27 08:45:00
6405011,16405011,6405011 Total (Diversion),Monthly,6,2024,83.78,ACFT,K,Approved,2024-12-17 13:12:00
6405012,16405012,6405012 Total (Diversion),Monthly,6,2007,110.15,ACFT,U,Approved,2008-04-07 13:37:00
6405012,16405012,6405012 Total (Diversion),Monthly,6,2008,262.24,ACFT,U,Approved,2009-04-17 15:31:00
6405012,16405012,6405012 Total (Diversion),Monthly,6,2009,277.09,ACFT,U,Approved,2010-03-30 14:28:00
6405012,16405012,6405012 Total (Diversion),Monthly,6,2010,265.394,ACFT,U,Approved,2011-03-30 11:01:00
6405012,16405012,6405012 Total (Diversion),Monthly,7,2011,320.744,ACFT,K,Approved,2012-05-23 08:51:00
6405012,16405012,6405012 Total (Diversion),Monthly,7,2012,330.49,ACFT,K,Approved,2013-04-04 08:06:00
6405012,16405012,6405012 Total (Diversion),Monthly,5,2013,189.48,ACFT,K,Approved,2014-05-01 16:21:00
6405012,16405012,6405012 Total (Diversion),Monthly,5,2014,226.13,ACFT,K,Approved,2015-05-11 10:26:00
6405012,16405012,6405012 Total (Diversion),Monthly,4,2015,158.47,ACFT,K,Approved,2016-05-25 18:44:00
6405012,16405012,6405012 Total (Diversion),Monthly,6,2016,238.88,ACFT,K,Approved,2017-03-24 09:10:00
6405012,16405012,6405012 Total (Diversion),Monthly,6,2017,231.52,ACFT,K,Approved,2018-03-29 12:30:00
6405012,16405012,6405012 Total (Diversion),Monthly,5,2018,252.36,ACFT,K,Approved,2019-03-15 09:36:00
6405012,16405012,6405012 Total (Diversion),Monthly,5,2019,216.57,ACFT,K,Approved,2020-02-27 09:31:00
6405012,16405012,6405012 Total (Diversion),Monthly,6,2020,276.36,ACFT,K,Approved,2021-04-20 08:20:00
6405012,16405012,6405012 Total (Diversion),Monthly,4,2021,205.26,ACFT,U,Approved,2022-09-14 13:31:00
6405012,16405012,6405012 Total (Diversion),Monthly,5,2022,307.69,ACFT,U,Approved,2023-10-23 07:48:00
6405012,16405012,6405012 Total (Diversion),Monthly,3,2023,182.22,ACFT,K,Approved,2024-02-27 08:45:00
6405012,16405012,6405012 Total (Diversion),Monthly,7,2024,246.56,ACFT,K,Approved,2024-12-17 13:12:00
6405064,16405064,6405064 Total (Diversion),Monthly,14,2007,968.82,ACFT,U,Approved,2008-04-07 13:37:00
6405064,16405064,6405064 Total (Diversion),Monthly,15,2008,1104.899,ACFT,U,Approved,2009-04-17 15:31:00
6405064,16405064,6405064 Total (Diversion),Monthly,16,2009,1270.921,ACFT,U,Approved,2010-03-30 14:28:00
6405064,16405064,6405064 Total (Diversion),Monthly,11,2010,667.481,ACFT,U,Approved,2011-03-30 11:01:00
6405064,16405064,6405064 Total (Diversion),Monthly,6,2011,158.0193,ACFT,K,Approved,2012-05-23 08:51:00
6405064,16405064,6405064 Total (Diversion),Daily,100,2012,559.4255,ACFT,*,Approved,2013-04-04 08:04:00
6405064,16405064,6405064 Total (Diversion),Monthly,7,2012,319.5,ACFT,K,Approved,2013-04-04 08:06:00
6405064,16405064,6405064 Total (Diversion),Monthly,5,2013,186.04,ACFT,K,Approved,2014-05-01 16:21:00
6405064,16405064,6405064 Total (Diversion),Monthly,6,2014,138.33,ACFT,K,Approved,2015-05-11 10:26:00
6405064,16405064,6405064 Total (Diversion),Daily,31,2015,88.5018,ACFT,*,Approved,2016-05-25 18:44:00
6405064,16405064,6405064 Total (Diversion),Monthly,4,2015,218.02,ACFT,K,Approved,2016-05-25 18:44:00
6405064,16405064,6405064 Total (Diversion),Daily,113,2016,573.1772,ACFT,*,Approved,2017-03-24 09:11:00
6405064,16405064,6405064 Total (Diversion),Monthly,6,2016,166.54,ACFT,K,Approved,2017-03-24 09:10:00
6405064,16405064,6405064 Total (Diversion),Daily,105,2017,482.8236,ACFT,*,Approved,2018-03-29 12:31:00
6405064,16405064,6405064 Total (Diversion),Monthly,4,2017,211.74,ACFT,K,Approved,2018-03-29 12:30:00
6405064,16405064,6405064 Total (Diversion),Daily,64,2018,251.8557,ACFT,*,Approved,2019-03-15 09:35:00
6405064,16405064,6405064 Total (Diversion),Monthly,6,2018,211.81,ACFT,K,Approved,2019-03-15 09:36:00
6405064,16405064,6405064 Total (Diversion),Daily,152,2019,634.5625,ACFT,*,Approved,2020-02-27 09:30:00
6405064,16405064,6405064 Total (Diversion),Monthly,5,2019,195.33,ACFT,K,Approved,2020-02-27 09:31:00
6405064,16405064,6405064 Total (Diversion),Daily,87,2020,366.047,ACFT,*,Approved,2021-04-20 08:20:00
6405064,16405064,6405064 Total (Diversion),Monthly,6,2020,184.02,ACFT,K,Approved,2021-04-20 08:20:00
6405064,16405064,6405064 Total (Diversion),Monthly,5,2021,201.39,ACFT,U,Approved,2022-09-14 13:31:00
6405064,16405064,6405064 Total (Diversion),Daily,85,2021,461.7661,ACFT,R,Approved,2022-09-14 13:30:00
6405064,16405064,6405064 Total (Diversion),Monthly,6,2022,65.09,ACFT,U,Approved,2023-10-23 07:48:00
6405064,16405064,6405064 Total (Diversion),Daily,122,2022,525.5573,ACFT,*,Approved,2023-10-23 07:48:00
6405064,16405064,6405064 Total (Diversion),Monthly,5,2023,169.59,ACFT,K,Approved,2024-02-27 08:45:00
6405064,16405064,6405064 Total (Diversion),Daily,104,2023,365.2782,ACFT,*,Approved,2023-12-06 10:28:00
6405064,16405064,6405064 Total (Diversion),Daily,130,2024,491.3086,ACFT,*,Approved,2024-10-14 11:07:00
6405064,16405064,6405064 Total (Diversion),Monthly,7,2024,274.38,ACFT,K,Approved,2024-12-17 13:12:00
6405098,16405098,6405098 Total (Diversion),Monthly,1,2008,0.039,ACFT,U,Approved,2009-04-17 15:31:00
6405098,16405098,6405098 Total (Diversion),Monthly,6,2009,0.23,ACFT,U,Approved,2010-03-30 14:28:00
6405098,16405098,6405098 Total (Diversion),Monthly,7,2010,0.242,ACFT,U,Approved,2011-03-30 11:01:00
6405098,16405098,6405098 Total (Diversion),Monthly,2,2011,0.1602,ACFT,K,Approved,2012-05-23 08:51:00
6405098,16405098,6405098 Total (Diversion),Monthly,5,2014,0.05,ACFT,K,Approved,2015-05-11 10:26:00
6405098,16405098,6405098 Total (Diversion),Monthly,12,2015,52.58,ACFT,K,Approved,2016-05-25 18:44:00
6405098,16405098,6405098 Total (Diversion),Monthly,12,2016,59.12,ACFT,K,Approved,2017-03-24 09:10:00
6405098,16405098,6405098 Total (Diversion),Monthly,10,2017,75.3,ACFT,K,Approved,2018-03-29 12:30:00
6405098,16405098,6405098 Total (Diversion),Monthly,2,2018,0.8,ACFT,K,Approved,2019-03-15 09:36:00
6405098,16405098,6405098 Total (Diversion),Monthly,2,2020,0.17,ACFT,*,Approved,2021-04-20 08:20:00
6405098,16405098,6405098 Total (Diversion),Monthly,5,2024,3.6,ACFT,K,Approved,2024-12-17 13:12:00
6405164,16405164,6405164 Total (Diversion),Monthly,2,2008,16.379,ACFT,U,Approved,2009-04-17 15:31:00
6405164,16405164,6405164 Total (Diversion),Monthly,2,2009,17.736,ACFT,U,Approved,2010-03-30 14:28:00
6405164,16405164,6405164 Total (Diversion),Monthly,3,2010,21.397,ACFT,U,Approved,2011-03-30 11:01:00
6405164,16405164,6405164 Total (Diversion),Monthly,3,2011,11.5119,ACFT,K,Approved,2012-05-23 08:51:00
6405164,16405164,6405164 Total (Diversion),Monthly,4,2012,92.162,ACFT,K,Approved,2013-04-04 08:06:00
6405164,16405164,6405164 Total (Diversion),Monthly,3,2013,28.89,ACFT,K,Approved,2014-05-01 16:21:00
6405164,16405164,6405164 Total (Diversion),Monthly,2,2014,4.061,ACFT,K,Approved,2015-05-11 10:26:00
6405164,16405164,6405164 Total (Diversion),Monthly,3,2015,13.18,ACFT,K,Approved,2016-05-25 18:44:00
6405164,16405164,6405164 Total (Diversion),Monthly,2,2016,13.34,ACFT,K,Approved,2017-03-24 09:10:00
6405164,16405164,6405164 Total (Diversion),Monthly,1,2017,1.29,ACFT,K,Approved,2018-03-29 12:30:00
6405164,16405164,6405164 Total (Diversion),Monthly,2,2018,4.84,ACFT,K,Approved,2019-03-15 09:36:00
6405164,16405164,6405164 Total (Diversion),Monthly,4,2019,16.207,ACFT,K,Approved,2020-02-27 09:31:00
6405164,16405164,6405164 Total (Diversion),Monthly,1,2020,3.46,ACFT,K,Approved,2021-04-20 08:20:00
6405164,16405164,6405164 Total (Diversion),Monthly,2,2021,6.2,ACFT,K,Approved,2022-09-14 13:31:00
6405164,16405164,6405164 Total (Diversion),Monthly,3,2022,13.8356,ACFT,K,Approved,2023-11-03 06:26:00
6405164,16405164,6405164 Total (Diversion),Monthly,2,2023,10.6167,ACFT,K,Approved,2024-04-22 14:57:00
6405164,16405164,6405164 Total (Diversion),Monthly,2,2024,12.0568,ACFT,K,Approved,2025-03-07 11:30:00
6405165,16405165,6405165 Total (Diversion),Monthly,3,2008,42.121,ACFT,U,Approved,2009-04-17 15:31:00
6405165,16405165,6405165 Total (Diversion),Monthly,2,2010,0.254,ACFT,U,Approved,2011-03-30 11:01:00
6405165,16405165,6405165 Total (Diversion),Monthly,1,2011,0.225,ACFT,K,Approved,2012-05-23 08:51:00
6405165,16405165,6405165 Total (Diversion),Monthly,5,2012,128.953,ACFT,K,Approved,2013-04-04 08:06:00
6405165,16405165,6405165 Total (Diversion),Monthly,1,2013,11.8,ACFT,K,Approved,2014-05-01 16:21:00
6405165,16405165,6405165 Total (Diversion),Monthly,1,2014,0.05,ACFT,K,Approved,2015-05-11 10:26:00
6405165,16405165,6405165 Total (Diversion),Monthly,1,2015,13.54,ACFT,K,Approved,2016-05-25 18:44:00
6405165,16405165,6405165 Total (Diversion),Monthly,2,2017,22.34,ACFT,K,Approved,2018-03-29 12:30:00
6405165,16405165,6405165 Total (Diversion),Monthly,1,2018,0.04,ACFT,K,Approved,2019-03-15 09:36:00
6405165,16405165,6405165 Total (Diversion),Monthly,1,2019,6.19,ACFT,K,Approved,2020-02-27 09:31:00
6405165,16405165,6405165 Total (Diversion),Monthly,1,2020,0.3523,ACFT,K,Approved,2021-04-20 08:20:00
6405165,16405165,6405165 Total (Diversion),Monthly,3,2022,11.7827,ACFT,K,Approved,2023-11-03 06:26:00
6405165,16405165,6405165 Total (Diversion),Monthly,1,2023,9.0886,ACFT,K,Approved,2024-04-22 14:57:00
6405165,16405165,6405165 Total (Diversion),Monthly,1,2024,5.808,ACFT,K,Approved,2025-03-07 11:30:00
6405184,16405184,6405184 Total (Diversion),Monthly,5,2007,101.32,ACFT,U,Approved,2008-04-07 13:37:00
6405184,16405184,6405184 Total (Diversion),Monthly,7,2008,132.496,ACFT,U,Approved,2009-04-17 15:31:00
6405184,16405184,6405184 Total (Diversion),Monthly,5,2009,67.323,ACFT,U,Approved,2010-03-30 14:28:00
6405184,16405184,6405184 Total (Diversion),Monthly,4,2010,55.723,ACFT,U,Approved,2011-03-30 11:01:00
6405184,16405184,6405184 Total (Diversion),Monthly,4,2011,58.2657,ACFT,K,Approved,2012-05-23 08:51:00
6405184,16405184,6405184 Total (Diversion),Monthly,6,2012,88.7,ACFT,K,Approved,2013-04-04 08:06:00
6405184,16405184,6405184 Total (Diversion),Monthly,5,2013,92.47,ACFT,K,Approved,2014-05-01 16:21:00
6405184,16405184,6405184 Total (Diversion),Monthly,4,2014,42.98,ACFT,K,Approved,2015-05-11 10:26:00
6405184,16405184,6405184 Total (Diversion),Monthly,5,2015,81.05,ACFT,K,Approved,2016-05-25 18:44:00
6405184,16405184,6405184 Total (Diversion),Monthly,4,2016,53.65,ACFT,K,Approved,2017-03-24 09:10:00
6405184,16405184,6405184 Total (Diversion),Monthly,5,2017,47.03,ACFT,K,Approved,2018-03-29 12:30:00
6405184,16405184,6405184 Total (Diversion),Monthly,4,2018,34.59,ACFT,K,Approved,2019-03-15 09:36:00
6405184,16405184,6405184 Total (Diversion),Monthly,5,2019,59.83,ACFT,K,Approved,2020-02-27 09:31:00
6405184,16405184,6405184 Total (Diversion),Monthly,6,2020,98.95,ACFT,K,Approved,2021-04-20 08:20:00
6405184,16405184,6405184 Total (Diversion),Monthly,5,2021,184.32,ACFT,U,Approved,2022-09-14 13:31:00
6405184,16405184,6405184 Total (Diversion),Monthly,7,2022,150.79,ACFT,U,Approved,2023-10-23 07:48:00
6405184,16405184,6405184 Total (Diversion),Monthly,7,2024,176.36,ACFT,*,Approved,2024-12-17 14:02:00
6405278,16405278,6405278 Total (Diversion),Monthly,4,2007,50.51,ACFT,U,Approved,2008-04-07 13:37:00
6405278,16405278,6405278 Total (Diversion),Monthly,5,2008,70.09,ACFT,U,Approved,2009-04-17 15:31:00
6405278,16405278,6405278 Total (Diversion),Monthly,4,2009,46.032,ACFT,U,Approved,2010-03-30 14:28:00
6405278,16405278,6405278 Total (Diversion),Monthly,5,2010,59.399,ACFT,U,Approved,2011-03-30 11:01:00
6405278,16405278,6405278 Total (Diversion),Monthly,7,2011,45.8357,ACFT,K,Approved,2012-05-23 08:51:00
6405278,16405278,6405278 Total (Diversion),Monthly,6,2012,88.24,ACFT,K,Approved,2013-04-04 08:06:00
6405278,16405278,6405278 Total (Diversion),Monthly,5,2013,72.2,ACFT,K,Approved,2014-05-01 16:21:00
6405278,16405278,6405278 Total (Diversion),Monthly,4,2014,40.07,ACFT,K,Approved,2015-05-11 10:26:00
6405278,16405278,6405278 Total (Diversion),Monthly,5,2015,79.17,ACFT,K,Approved,2016-05-25 18:44:00
6405278,16405278,6405278 Total (Diversion),Monthly,5,2016,140.42,ACFT,K,Approved,2017-03-24 09:10:00
6405278,16405278,6405278 Total (Diversion),Monthly,4,2017,96.79,ACFT,K,Approved,2018-03-29 12:30:00
6405278,16405278,6405278 Total (Diversion),Monthly,5,2018,102.18,ACFT,K,Approved,2019-03-15 09:36:00
6405278,16405278,6405278 Total (Diversion),Monthly,5,2019,105.5,ACFT,K,Approved,2020-02-27 09:31:00
6405278,16405278,6405278 Total (Diversion),Monthly,5,2020,116.64,ACFT,K,Approved,2021-04-20 08:20:00
6405278,16405278,6405278 Total (Diversion),Monthly,4,2021,106.37,ACFT,U,Approved,2022-09-14 13:31:00
6405278,16405278,6405278 Total (Diversion),Monthly,5,2022,144.52,ACFT,U,Approved,2023-10-23 07:48:00
6405278,16405278,6405278 Total (Diversion),Monthly,3,2023,91.9,ACFT,K,Approved,2024-02-27 08:45:00
6405278,16405278,6405278 Total (Diversion),Monthly,5,2024,116.43,ACFT,K,Approved,2024-12-17 13:12:00
6405280,16405280,6405280 Total (Diversion),Monthly,4,2007,50.51,ACFT,U,Approved,2008-04-07 13:37:00
6405280,16405280,6405280 Total (Diversion),Monthly,5,2008,70.09,ACFT,U,Approved,2009-04-17 15:31:00
6405280,16405280,6405280 Total (Diversion),Monthly,5,2009,34.644,ACFT,U,Approved,2010-03-30 14:28:00
6405280,16405280,6405280 Total (Diversion),Monthly,5,2010,59.399,ACFT,U,Approved,2011-03-30 11:01:00
6405280,16405280,6405280 Total (Diversion),Monthly,7,2011,49.945,ACFT,K,Approved,2012-05-23 08:51:00
6405280,16405280,6405280 Total (Diversion),Monthly,6,2012,96.17,ACFT,K,Approved,2013-04-04 08:06:00
6405280,16405280,6405280 Total (Diversion),Monthly,5,2013,78.67,ACFT,K,Approved,2014-05-01 16:21:00
6405280,16405280,6405280 Total (Diversion),Monthly,4,2014,43.68,ACFT,K,Approved,2015-05-11 10:26:00
6405280,16405280,6405280 Total (Diversion),Monthly,5,2015,86.26,ACFT,K,Approved,2016-05-25 18:44:00
6405280,16405280,6405280 Total (Diversion),Monthly,5,2016,65.01,ACFT,K,Approved,2017-03-24 09:10:00
6405280,16405280,6405280 Total (Diversion),Monthly,4,2017,96.28,ACFT,K,Approved,2018-03-29 12:30:00
6405280,16405280,6405280 Total (Diversion),Monthly,5,2018,102.18,ACFT,K,Approved,2019-03-15 09:36:00
6405280,16405280,6405280 Total (Diversion),Monthly,5,2019,105.5,ACFT,K,Approved,2020-02-27 09:31:00
6405280,16405280,6405280 Total (Diversion),Monthly,5,2020,116.64,ACFT,K,Approved,2021-04-20 08:20:00
6405280,16405280,6405280 Total (Diversion),Monthly,4,2021,106.37,ACFT,U,Approved,2022-09-14 13:31:00
6405280,16405280,6405280 Total (Diversion),Monthly,5,2022,118.73,ACFT,U,Approved,2023-10-23 07:48:00
6405280,16405280,6405280 Total (Diversion),Monthly,3,2023,91.9,ACFT,K,Approved,2024-02-27 08:45:00
6405280,16405280,6405280 Total (Diversion),Monthly,5,2024,116.43,ACFT,K,Approved,2024-12-17 13:12:00
6405387,16405387,6405387 Total (Diversion),Monthly,4,2008,154.98,ACFT,U,Approved,2009-04-17 15:31:00
6405387,16405387,6405387 Total (Diversion),Monthly,1,2009,8.019,ACFT,U,Approved,2010-03-30 14:28:00
6405387,16405387,6405387 Total (Diversion),Monthly,1,2014,0.84,ACFT,K,Approved,2015-05-11 10:26:00
6405387,16405387,6405387 Total (Diversion),Monthly,3,2015,11.58,ACFT,K,Approved,2016-05-25 18:44:00
6405387,16405387,6405387 Total (Diversion),Monthly,2,2016,10.15,ACFT,K,Approved,2017-03-24 09:10:00
6405387,16405387,6405387 Total (Diversion),Monthly,3,2017,49.98,ACFT,K,Approved,2018-03-29 12:30:00
6405387,16405387,6405387 Total (Diversion),Monthly,1,2019,26.51,ACFT,K,Approved,2020-02-27 09:31:00
6405387,16405387,6405387 Total (Diversion),Monthly,3,2021,59.6,ACFT,K,Approved,2022-09-14 13:31:00
6405387,16405387,6405387 Total (Diversion),Monthly,5,2022,16.8996,ACFT,K,Approved,2023-11-03 06:26:00
6405387,16405387,6405387 Total (Diversion),Monthly,1,2023,5.1501,ACFT,K,Approved,2024-04-22 14:57:00
6405387,16405387,6405387 Total (Diversion),Monthly,1,2024,0.4777,ACFT,K,Approved,2025-03-07 11:30:00
6405391,16405391,6405391 Total (Diversion),Monthly,3,2008,39.161,ACFT,U,Approved,2009-04-17 15:31:00
6405391,16405391,6405391 Total (Diversion),Monthly,1,2009,1.05,ACFT,U,Approved,2010-03-30 14:28:00
6405391,16405391,6405391 Total (Diversion),Monthly,2,2014,8.019,ACFT,K,Approved,2015-05-11 10:26:00
6405391,16405391,6405391 Total (Diversion),Monthly,2,2015,2.29,ACFT,K,Approved,2016-05-25 18:44:00
6405426,16405426,6405426 Total (Diversion),Monthly,7,2008,179.034,ACFT,U,Approved,2009-04-17 15:31:00
6405426,16405426,6405426 Total (Diversion),Monthly,5,2009,96.825,ACFT,U,Approved,2010-03-30 14:28:00
6405426,16405426,6405426 Total (Diversion),Monthly,4,2011,146.9082,ACFT,K,Approved,2012-05-23 08:51:00
6405426,16405426,6405426 Total (Diversion),Monthly,5,2012,204.59,ACFT,K,Approved,2013-04-04 08:06:00
6405426,16405426,6405426 Total (Diversion),Monthly,5,2013,156.12,ACFT,K,Approved,2014-05-01 16:21:00
6405426,16405426,6405426 Total (Diversion),Monthly,6,2014,119.02,ACFT,K,Approved,2015-05-11 10:26:00
6405426,16405426,6405426 Total (Diversion),Monthly,4,2015,103.53,ACFT,K,Approved,2016-05-25 18:44:00
6405426,16405426,6405426 Total (Diversion),Monthly,5,2016,103.36,ACFT,K,Approved,2017-03-24 09:10:00
6405426,16405426,6405426 Total (Diversion),Monthly,5,2017,141.77,ACFT,K,Approved,2018-03-29 12:30:00
6405426,16405426,6405426 Total (Diversion),Monthly,4,2018,137.16,ACFT,K,Approved,2019-03-15 09:36:00
6405426,16405426,6405426 Total (Diversion),Monthly,3,2019,115.11,ACFT,K,Approved,2020-02-27 09:31:00
6405426,16405426,6405426 Total (Diversion),Monthly,5,2020,153.07,ACFT,K,Approved,2021-04-20 08:20:00
6405426,16405426,6405426 Total (Diversion),Monthly,4,2021,141.31,ACFT,U,Approved,2022-09-14 13:31:00
6405426,16405426,6405426 Total (Diversion),Monthly,5,2022,156.33,ACFT,U,Approved,2023-10-23 07:48:00
6405426,16405426,6405426 Total (Diversion),Monthly,5,2023,104.16,ACFT,K,Approved,2024-02-27 08:45:00
6405426,16405426,6405426 Total (Diversion),Monthly,6,2024,122.9,ACFT,K,Approved,2024-12-17 13:12:00
6405455,16405455,6405455 Total (Diversion),Monthly,4,2007,171.84,ACFT,U,Approved,2008-04-07 13:37:00
6405455,16405455,6405455 Total (Diversion),Monthly,5,2008,196.844,ACFT,U,Approved,2009-04-17 15:31:00
6405455,16405455,6405455 Total (Diversion),Monthly,3,2009,64.128,ACFT,U,Approved,2010-03-30 14:28:00
6405455,16405455,6405455 Total (Diversion),Monthly,1,2010,0.037,ACFT,U,Approved,2011-03-30 11:01:00
6405455,16405455,6405455 Total (Diversion),Monthly,3,2011,66.2234,ACFT,K,Approved,2012-05-23 08:51:00
6405455,16405455,6405455 Total (Diversion),Monthly,3,2012,357.4,ACFT,K,Approved,2013-04-04 08:06:00
6405455,16405455,6405455 Total (Diversion),Monthly,3,2013,92.46,ACFT,K,Approved,2014-05-01 16:21:00
6405455,16405455,6405455 Total (Diversion),Monthly,2,2014,15.09,ACFT,K,Approved,2015-05-11 10:26:00
6405455,16405455,6405455 Total (Diversion),Monthly,3,2015,9.36,ACFT,K,Approved,2016-05-25 18:44:00
6405455,16405455,6405455 Total (Diversion),Monthly,3,2016,41.47,ACFT,K,Approved,2017-03-24 09:10:00
6405455,16405455,6405455 Total (Diversion),Monthly,5,2017,41.39,ACFT,K,Approved,2018-03-29 12:30:00
6405455,16405455,6405455 Total (Diversion),Monthly,4,2018,84.51,ACFT,K,Approved,2019-03-15 09:36:00
6405455,16405455,6405455 Total (Diversion),Monthly,5,2019,44.13,ACFT,K,Approved,2020-02-27 09:31:00
6405455,16405455,6405455 Total (Diversion),Monthly,4,2020,59.16,ACFT,K,Approved,2021-04-20 08:20:00
6405455,16405455,6405455 Total (Diversion),Monthly,4,2021,18.0,ACFT,U,Approved,2022-09-14 13:31:00
6405455,16405455,6405455 Total (Diversion),Monthly,5,2022,68.55,ACFT,U,Approved,2023-10-23 07:48:00
6405455,16405455,6405455 Total (Diversion),Monthly,3,2023,22.19,ACFT,K,Approved,2024-02-27 08:45:00
6405455,16405455,6405455 Total (Diversion),Monthly,2,2024,12.47,ACFT,K,Approved,2024-12-17 13:12:00
6405510,16405510,6405510 Total (Diversion),Monthly,3,2007,358.7,ACFT,U,Approved,2008-04-07 13:37:00
6405510,16405510,6405510 Total (Diversion),Monthly,5,2008,502.204,ACFT,U,Approved,2009-04-17 15:31:00
6405510,16405510,6405510 Total (Diversion),Monthly,3,2009,212.273,ACFT,U,Approved,2010-03-30 14:28:00
6405510,16405510,6405510 Total (Diversion),Monthly,4,2010,208.515,ACFT,U,Approved,2011-03-30 11:01:00
6405510,16405510,6405510 Total (Diversion),Monthly,4,2011,163.594,ACFT,K,Approved,2012-05-23 08:51:00
6405510,16405510,6405510 Total (Diversion),Monthly,5,2012,296.67,ACFT,K,Approved,2013-04-04 08:06:00
6405510,16405510,6405510 Total (Diversion),Monthly,5,2013,215.8,ACFT,K,Approved,2014-05-01 16:21:00
6405510,16405510,6405510 Total (Diversion),Monthly,3,2014,102.11,ACFT,K,Approved,2015-05-11 10:26:00
6405510,16405510,6405510 Total (Diversion),Monthly,4,2015,145.34,ACFT,K,Approved,2016-05-25 18:44:00
6405510,16405510,6405510 Total (Diversion),Monthly,4,2016,202.07,ACFT,K,Approved,2017-03-24 09:10:00
6405510,16405510,6405510 Total (Diversion),Monthly,4,2017,164.77,ACFT,K,Approved,2018-03-29 12:30:00
6405510,16405510,6405510 Total (Diversion),Monthly,4,2018,205.72,ACFT,K,Approved,2019-03-15 09:36:00
6405510,16405510,6405510 Total (Diversion),Monthly,4,2019,176.76,ACFT,K,Approved,2020-02-27 09:31:00
6405510,16405510,6405510 Total (Diversion),Monthly,4,2020,211.57,ACFT,K,Approved,2021-04-20 08:20:00
6405510,16405510,6405510 Total (Diversion),Monthly,4,2021,157.0,ACFT,U,Approved,2022-09-14 13:31:00
6405510,16405510,6405510 Total (Diversion),Monthly,5,2022,174.31,ACFT,U,Approved,2023-10-23 07:48:00
6405510,16405510,6405510 Total (Diversion),Monthly,5,2023,93.9,ACFT,K,Approved,2024-02-27 08:45:00
6405510,16405510,6405510 Total (Diversion),Monthly,5,2024,118.51,ACFT,K,Approved,2024-12-17 13:12:00
6405513,16405513,6405513 Total (Diversion),Monthly,3,2007,165.2,ACFT,U,Approved,2008-04-07 13:37:00
6405513,16405513,6405513 Total (Diversion),Monthly,5,2008,167.021,ACFT,U,Approved,2009-04-17 15:31:00
6405513,16405513,6405513 Total (Diversion),Monthly,2,2009,49.539,ACFT,U,Approved,2010-03-30 14:28:00
6405513,16405513,6405513 Total (Diversion),Monthly,3,2010,37.048,ACFT,U,Approved,2011-03-30 11:01:00
6405513,16405513,6405513 Total (Diversion),Monthly,2,2011,50.678,ACFT,K,Approved,2012-05-23 08:51:00
6405513,16405513,6405513 Total (Diversion),Monthly,4,2012,132.22,ACFT,K,Approved,2013-04-04 08:06:00
6405513,16405513,6405513 Total (Diversion),Monthly,3,2013,109.99,ACFT,K,Approved,2014-05-01 16:21:00
6405513,16405513,6405513 Total (Diversion),Monthly,3,2014,35.43,ACFT,K,Approved,2015-05-11 10:26:00
6405513,16405513,6405513 Total (Diversion),Monthly,4,2015,58.77,ACFT,K,Approved,2016-05-25 18:44:00
6405513,16405513,6405513 Total (Diversion),Monthly,4,2016,57.25,ACFT,K,Approved,2017-03-24 09:10:00
6405513,16405513,6405513 Total (Diversion),Monthly,4,2017,86.9,ACFT,K,Approved,2018-03-29 12:30:00
6405513,16405513,6405513 Total (Diversion),Monthly,4,2018,84.76,ACFT,K,Approved,2019-03-15 09:36:00
6405513,16405513,6405513 Total (Diversion),Monthly,3,2019,87.01,ACFT,K,Approved,2020-02-27 09:31:00
6405513,16405513,6405513 Total (Diversion),Monthly,5,2020,88.07,ACFT,K,Approved,2021-04-20 08:20:00
6405513,16405513,6405513 Total (Diversion),Monthly,3,2021,44.81,ACFT,U,Approved,2022-09-14 13:31:00
6405513,16405513,6405513 Total (Diversion),Monthly,4,2022,152.11,ACFT,U,Approved,2023-10-23 07:48:00
6405513,16405513,6405513 Total (Diversion),Monthly,3,2023,20.66,ACFT,K,Approved,2024-02-27 08:45:00
6405513,16405513,6405513 Total (Diversion),Monthly,2,2024,23.14,ACFT,K,Approved,2024-12-17 13:12:00
6405526,16405526,6405526 Total (Diversion),Monthly,3,2007,210.57,ACFT,U,Approved,2008-04-07 13:37:00
6405526,16405526,6405526 Total (Diversion),Monthly,5,2008,335.411,ACFT,U,Approved,2009-04-17 15:31:00
6405526,16405526,6405526 Total (Diversion),Monthly,4,2009,113.404,ACFT,U,Approved,2010-03-30 14:28:00
6405526,16405526,6405526 Total (Diversion),Monthly,4,2010,108.249,ACFT,U,Approved,2011-03-30 11:01:00
6405526,16405526,6405526 Total (Diversion),Monthly,4,2011,88.0687,ACFT,K,Approved,2012-05-23 08:51:00
6405526,16405526,6405526 Total (Diversion),Monthly,5,2012,183.44,ACFT,K,Approved,2013-04-04 08:06:00
6405526,16405526,6405526 Total (Diversion),Monthly,5,2013,126.52,ACFT,K,Approved,2014-05-01 16:21:00
6405526,16405526,6405526 Total (Diversion),Monthly,2,2014,60.83,ACFT,K,Approved,2015-05-11 10:26:00
6405526,16405526,6405526 Total (Diversion),Monthly,4,2015,122.28,ACFT,K,Approved,2016-05-25 18:44:00
6405526,16405526,6405526 Total (Diversion),Monthly,4,2016,104.31,ACFT,K,Approved,2017-03-24 09:10:00
6405526,16405526,6405526 Total (Diversion),Monthly,4,2017,99.22,ACFT,K,Approved,2018-03-29 12:30:00
6405526,16405526,6405526 Total (Diversion),Monthly,4,2018,93.86,ACFT,K,Approved,2019-03-15 09:36:00
6405526,16405526,6405526 Total (Diversion),Monthly,5,2019,94.92,ACFT,K,Approved,2020-02-27 09:31:00
6405526,16405526,6405526 Total (Diversion),Monthly,5,2020,101.96,ACFT,K,Approved,2021-04-20 08:20:00
6405526,16405526,6405526 Total (Diversion),Monthly,6,2021,96.9,ACFT,U,Approved,2022-09-14 13:31:00
6405526,16405526,6405526 Total (Diversion),Monthly,7,2022,135.39,ACFT,U,Approved,2023-10-23 07:48:00
6405526,16405526,6405526 Total (Diversion),Monthly,4,2023,59.28,ACFT,K,Approved,2024-02-27 08:45:00
6405526,16405526,6405526 Total (Diversion),Monthly,8,2024,117.31,ACFT,K,Approved,2024-12-17 13:12:00
6405530,16405530,6405530 Total (Diversion),Monthly,3,2007,92.77,ACFT,U,Approved,2008-04-07 13:37:00
6405530,16405530,6405530 Total (Diversion),Monthly,5,2008,168.782,ACFT,U,Approved,2009-04-17 15:31:00
6405530,16405530,6405530 Total (Diversion),Monthly,2,2009,9.351,ACFT,U,Approved,2010-03-30 14:28:00
6405530,16405530,6405530 Total (Diversion),Monthly,3,2011,4.448,ACFT,K,Approved,2012-05-23 08:51:00
6405530,16405530,6405530 Total (Diversion),Monthly,1,2015,0.01,ACFT,K,Approved,2016-05-25 18:44:00
6405530,16405530,6405530 Total (Diversion),Monthly,1,2023,5.69,ACFT,K,Approved,2024-02-27 08:45:00
6405530,16405530,6405530 Total (Diversion),Monthly,2,2024,12.6,ACFT,K,Approved,2024-12-17 13:12:00
6405558,16405558,6405558 Total (Diversion),Monthly,1,2007,29.94,ACFT,U,Approved,2008-04-07 13:37:00
6405558,16405558,6405558 Total (Diversion),Monthly,4,2021,112.01,ACFT,U,Approved,2022-09-14 13:31:00
6405558,16405558,6405558 Total (Diversion),Monthly,6,2022,355.59,ACFT,U,Approved,2023-10-23 07:48:00
6405558,16405558,6405558 Total (Diversion),Monthly,4,2023,193.73,ACFT,K,Approved,2024-02-27 08:45:00
6405558,16405558,6405558 Total (Diversion),Monthly,6,2024,327.08,ACFT,K,Approved,2024-12-17 13:12:00
6405742,16405742,6405742 Total (Diversion),Monthly,1,2007,1.5,ACFT,U,Approved,2008-04-07 13:37:00
6405742,16405742,6405742 Total (Diversion),Monthly,4,2008,7.061,ACFT,U,Approved,2009-04-17 15:31:00
6405742,16405742,6405742 Total (Diversion),Monthly,2,2009,11.723,ACFT,U,Approved,2010-03-30 14:28:00
6405742,16405742,6405742 Total (Diversion),Monthly,2,2010,3.985,ACFT,U,Approved,2011-03-30 11:01:00
6405742,16405742,6405742 Total (Diversion),Monthly,1,2011,23.39,ACFT,K,Approved,2012-05-23 08:51:00
6405742,16405742,6405742 Total (Diversion),Monthly,2,2012,130.41,ACFT,K,Approved,2013-04-04 08:06:00
6405742,16405742,6405742 Total (Diversion),Monthly,2,2013,8.45,ACFT,K,Approved,2014-05-01 16:21:00
6405742,16405742,6405742 Total (Diversion),Monthly,3,2014,13.66,ACFT,K,Approved,2015-05-11 10:26:00
6405742,16405742,6405742 Total (Diversion),Monthly,1,2015,0.53,ACFT,K,Approved,2016-05-25 18:44:00
6405742,16405742,6405742 Total (Diversion),Monthly,3,2016,6.27,ACFT,K,Approved,2017-03-24 09:10:00
6405742,16405742,6405742 Total (Diversion),Monthly,2,2017,36.74,ACFT,K,Approved,2018-03-29 12:30:00
6405742,16405742,6405742 Total (Diversion),Monthly,3,2018,39.19,ACFT,K,Approved,2019-03-15 09:36:00
6405742,16405742,6405742 Total (Diversion),Monthly,3,2019,36.25,ACFT,K,Approved,2020-02-27 09:31:00
6405742,16405742,6405742 Total (Diversion),Monthly,3,2020,78.07,ACFT,K,Approved,2021-04-20 08:20:00
6405742,16405742,6405742 Total (Diversion),Monthly,2,2021,43.26,ACFT,U,Approved,2022-09-14 13:31:00
6405742,16405742,6405742 Total (Diversion),Monthly,5,2022,69.75,ACFT,U,Approved,2023-10-23 07:48:00
6405742,16405742,6405742 Total (Diversion),Monthly,1,2023,23.14,ACFT,K,Approved,2024-02-27 08:45:00
6405742,16405742,6405742 Total (Diversion),Monthly,2,2024,19.38,ACFT,K,Approved,2024-12-17 13:12:00
6405744,16405744,6405744 Total (Diversion),Monthly,5,2007,67.83,ACFT,U,Approved,2008-04-07 13:37:00
6405744,16405744,6405744 Total (Diversion),Monthly,4,2008,52.096,ACFT,U,Approved,2009-04-17 15:31:00
6405744,16405744,6405744 Total (Diversion),Monthly,3,2009,73.752,ACFT,U,Approved,2010-03-30 14:28:00
6405744,16405744,6405744 Total (Diversion),Monthly,4,2010,44.348,ACFT,U,Approved,2011-03-30 11:01:00
6405744,16405744,6405744 Total (Diversion),Monthly,4,2011,24.7841,ACFT,K,Approved,2012-05-23 08:51:00
6405744,16405744,6405744 Total (Diversion),Monthly,2,2012,72.59,ACFT,K,Approved,2013-04-04 08:06:00
6405744,16405744,6405744 Total (Diversion),Monthly,4,2013,53.75,ACFT,K,Approved,2014-05-01 16:21:00
6405744,16405744,6405744 Total (Diversion),Monthly,2,2014,16.38,ACFT,K,Approved,2015-05-11 10:26:00
6405744,16405744,6405744 Total (Diversion),Monthly,3,2015,27.95,ACFT,K,Approved,2016-05-25 18:44:00
6405744,16405744,6405744 Total (Diversion),Monthly,3,2016,14.07,ACFT,K,Approved,2017-03-24 09:10:00
6405744,16405744,6405744 Total (Diversion),Monthly,3,2017,21.5,ACFT,K,Approved,2018-03-29 12:30:00
6405744,16405744,6405744 Total (Diversion),Monthly,3,2018,27.31,ACFT,K,Approved,2019-03-15 09:36:00
6405744,16405744,6405744 Total (Diversion),Monthly,3,2020,21.42,ACFT,*,Approved,2021-04-20 08:20:00
6405744,16405744,6405744 Total (Diversion),Monthly,3,2021,84.03,ACFT,U,Approved,2022-09-14 13:31:00
6405744,16405744,6405744 Total (Diversion),Monthly,5,2022,37.76,ACFT,U,Approved,2023-10-23 07:48:00
6405744,16405744,6405744 Total (Diversion),Monthly,1,2023,26.85,ACFT,K,Approved,2024-02-27 08:45:00
6405744,16405744,6405744 Total (Diversion),Monthly,4,2024,46.2,ACFT,K,Approved,2024-12-17 13:12:00
6405793,16405793,6405793 Total (Diversion),Monthly,4,2007,237.95,ACFT,U,Approved,2008-04-07 13:37:00
6405793,16405793,6405793 Total (Diversion),Monthly,6,2008,241.459,ACFT,U,Approved,2009-04-17 15:31:00
6405793,16405793,6405793 Total (Diversion),Monthly,3,2009,164.338,ACFT,U,Approved,2010-03-30 14:28:00
6405793,16405793,6405793 Total (Diversion),Monthly,5,2010,180.913,ACFT,U,Approved,2011-03-30 11:01:00
6405793,16405793,6405793 Total (Diversion),Monthly,5,2011,169.0136,ACFT,K,Approved,2012-05-23 08:51:00
6405793,16405793,6405793 Total (Diversion),Monthly,5,2012,234.83,ACFT,K,Approved,2013-04-04 08:06:00
6405793,16405793,6405793 Total (Diversion),Monthly,5,2013,184.63,ACFT,K,Approved,2014-05-01 16:21:00
6405793,16405793,6405793 Total (Diversion),Monthly,3,2014,130.95,ACFT,K,Approved,2015-05-11 10:26:00
6405793,16405793,6405793 Total (Diversion),Monthly,4,2015,221.31,ACFT,K,Approved,2016-05-25 18:44:00
6405793,16405793,6405793 Total (Diversion),Monthly,4,2016,185.62,ACFT,K,Approved,2017-03-24 09:10:00
6405793,16405793,6405793 Total (Diversion),Monthly,4,2017,164.25,ACFT,K,Approved,2018-03-29 12:30:00
6405793,16405793,6405793 Total (Diversion),Monthly,4,2018,162.99,ACFT,K,Approved,2019-03-15 09:36:00
6405793,16405793,6405793 Total (Diversion),Monthly,5,2019,161.36,ACFT,K,Approved,2020-02-27 09:31:00
6405793,16405793,6405793 Total (Diversion),Monthly,4,2020,205.53,ACFT,K,Approved,2021-04-20 08:20:00
6405793,16405793,6405793 Total (Diversion),Monthly,4,2021,205.46,ACFT,U,Approved,2022-09-14 13:31:00
6405793,16405793,6405793 Total (Diversion),Monthly,5,2022,235.95,ACFT,U,Approved,2023-10-23 07:48:00
6405793,16405793,6405793 Total (Diversion),Monthly,3,2023,140.38,ACFT,K,Approved,2024-02-27 08:45:00
6405794,16405794,6405794 Total (Diversion),Monthly,4,2007,233.05,ACFT,U,Approved,2008-04-07 13:37:00
6405794,16405794,6405794 Total (Diversion),Monthly,6,2008,234.527,ACFT,U,Approved,2009-04-17 15:31:00
6405794,16405794,6405794 Total (Diversion),Monthly,4,2009,166.083,ACFT,U,Approved,2010-03-30 14:28:00
6405794,16405794,6405794 Total (Diversion),Monthly,6,2010,165.169,ACFT,U,Approved,2011-03-30 11:01:00
6405794,16405794,6405794 Total (Diversion),Monthly,5,2011,161.0607,ACFT,K,Approved,2012-05-23 08:51:00
6405794,16405794,6405794 Total (Diversion),Monthly,5,2012,246.12,ACFT,K,Approved,2013-04-04 08:06:00
6405794,16405794,6405794 Total (Diversion),Monthly,7,2013,236.62,ACFT,K,Approved,2014-05-01 16:21:00
6405794,16405794,6405794 Total (Diversion),Monthly,4,2014,147.88,ACFT,K,Approved,2015-05-11 10:26:00
6405794,16405794,6405794 Total (Diversion),Monthly,4,2015,243.49,ACFT,K,Approved,2016-05-25 18:44:00
6405794,16405794,6405794 Total (Diversion),Monthly,5,2016,206.83,ACFT,K,Approved,2017-03-24 09:10:00
6405794,16405794,6405794 Total (Diversion),Monthly,6,2017,192.04,ACFT,K,Approved,2018-03-29 12:30:00
6405794,16405794,6405794 Total (Diversion),Monthly,4,2018,200.65,ACFT,K,Approved,2019-03-15 09:36:00
6405794,16405794,6405794 Total (Diversion),Monthly,5,2019,184.43,ACFT,K,Approved,2020-02-27 09:31:00
6405794,16405794,6405794 Total (Diversion),Monthly,5,2020,153.82,ACFT,K,Approved,2021-04-20 08:20:00
6405794,16405794,6405794 Total (Diversion),Monthly,5,2021,192.29,ACFT,U,Approved,2022-09-14 13:31:00
6405794,16405794,6405794 Total (Diversion),Monthly,6,2022,301.12,ACFT,U,Approved,2023-10-23 07:48:00
6405794,16405794,6405794 Total (Diversion),Monthly,3,2023,136.54,ACFT,K,Approved,2024-02-27 08:45:00
6405794,16405794,6405794 Total (Diversion),Monthly,8,2024,171.02,ACFT,K,Approved,2024-12-17 13:12:00
6405796,16405796,6405796 Total (Diversion),Monthly,12,2007,245.34,ACFT,U,Approved,2012-09-19 17:00:00
6405796,16405796,6405796 Total (Diversion),Monthly,12,2008,217.106,ACFT,U,Approved,2012-09-19 17:00:00
6405796,16405796,6405796 Total (Diversion),Monthly,12,2009,226.698,ACFT,U,Approved,2012-09-19 17:00:00
6405796,16405796,6405796 Total (Diversion),Monthly,12,2010,257.057,ACFT,U,Approved,2012-09-19 17:00:00
6405796,16405796,6405796 Total (Diversion),Monthly,12,2011,246.655,ACFT,K,Approved,2012-09-19 17:00:00
6405796,16405796,6405796 Total (Diversion),Monthly,12,2012,268.16,ACFT,K,Approved,2013-04-04 08:06:00
6405796,16405796,6405796 Total (Diversion),Monthly,12,2013,363.42,ACFT,K,Approved,2014-05-01 16:21:00
6405796,16405796,6405796 Total (Diversion),Monthly,12,2014,360.12,ACFT,K,Approved,2015-05-11 10:26:00
6405796,16405796,6405796 Total (Diversion),Monthly,12,2015,293.47,ACFT,K,Approved,2016-05-25 18:44:00
6405796,16405796,6405796 Total (Diversion),Monthly,11,2016,321.32,ACFT,K,Approved,2017-03-24 09:10:00
6405796,16405796,6405796 Total (Diversion),Monthly,11,2017,226.89,ACFT,K,Approved,2018-03-29 12:30:00
6405796,16405796,6405796 Total (Diversion),Monthly,12,2018,255.18,ACFT,K,Approved,2019-03-15 09:36:00
6405796,16405796,6405796 Total (Diversion),Monthly,12,2019,223.26,ACFT,K,Approved,2020-02-27 09:31:00
6405796,16405796,6405796 Total (Diversion),Monthly,12,2020,245.02,ACFT,K,Approved,2021-04-20 08:20:00
6405796,16405796,6405796 Total (Diversion),Monthly,11,2021,181.33,ACFT,U,Approved,2022-09-14 13:31:00
6405796,16405796,6405796 Total (Diversion),Monthly,12,2022,267.23,ACFT,U,Approved,2023-10-23 07:48:00
6405796,16405796,6405796 Total (Diversion),Monthly,10,2023,194.93,ACFT,K,Approved,2024-02-27 08:45:00
6405796,16405796,6405796 Total (Diversion),Monthly,12,2024,187.43,ACFT,K,Approved,2024-12-17 13:12:00
6405799,16405799,6405799 Total (Diversion),Monthly,4,2007,181.3,ACFT,U,Approved,2008-04-07 13:37:00
6405799,16405799,6405799 Total (Diversion),Monthly,6,2008,249.59,ACFT,U,Approved,2009-04-17 15:31:00
6405799,16405799,6405799 Total (Diversion),Monthly,3,2009,136.848,ACFT,U,Approved,2010-03-30 14:28:00
6405799,16405799,6405799 Total (Diversion),Monthly,5,2010,124.109,ACFT,U,Approved,2011-03-30 11:01:00
6405799,16405799,6405799 Total (Diversion),Monthly,4,2011,145.509,ACFT,K,Approved,2012-05-23 08:51:00
6405799,16405799,6405799 Total (Diversion),Monthly,5,2012,251.58,ACFT,K,Approved,2013-04-04 08:06:00
6405799,16405799,6405799 Total (Diversion),Monthly,5,2013,223.02,ACFT,K,Approved,2014-05-01 16:21:00
6405799,16405799,6405799 Total (Diversion),Monthly,3,2014,136.18,ACFT,K,Approved,2015-05-11 10:26:00
6405799,16405799,6405799 Total (Diversion),Monthly,4,2015,246.49,ACFT,K,Approved,2016-05-25 18:44:00
6405799,16405799,6405799 Total (Diversion),Monthly,6,2016,304.67,ACFT,K,Approved,2017-03-24 09:10:00
6405799,16405799,6405799 Total (Diversion),Monthly,4,2017,245.89,ACFT,K,Approved,2018-03-29 12:30:00
6405799,16405799,6405799 Total (Diversion),Monthly,4,2018,255.07,ACFT,K,Approved,2019-03-15 09:36:00
6405799,16405799,6405799 Total (Diversion),Monthly,5,2019,258.29,ACFT,K,Approved,2020-02-27 09:31:00
6405799,16405799,6405799 Total (Diversion),Monthly,6,2020,310.74,ACFT,K,Approved,2021-04-20 08:20:00
6405799,16405799,6405799 Total (Diversion),Monthly,4,2021,152.65,ACFT,U,Approved,2022-09-14 13:31:00
6405799,16405799,6405799 Total (Diversion),Monthly,5,2022,213.12,ACFT,U,Approved,2023-10-23 07:48:00
6405799,16405799,6405799 Total (Diversion),Monthly,4,2023,168.38,ACFT,K,Approved,2024-02-27 08:45:00
6405799,16405799,6405799 Total (Diversion),Monthly,4,2024,193.47,ACFT,K,Approved,2024-12-17 13:12:00
6405801,16405801,6405801 Total (Diversion),Monthly,5,2007,193.81,ACFT,U,Approved,2008-04-07 13:37:00
6405801,16405801,6405801 Total (Diversion),Monthly,7,2008,243.809,ACFT,U,Approved,2009-04-17 15:31:00
6405801,16405801,6405801 Total (Diversion),Monthly,5,2009,153.277,ACFT,U,Approved,2010-03-30 14:28:00
6405801,16405801,6405801 Total (Diversion),Monthly,4,2010,192.963,ACFT,U,Approved,2011-03-30 11:01:00
6405801,16405801,6405801 Total (Diversion),Monthly,4,2011,214.7644,ACFT,K,Approved,2012-05-23 08:51:00
6405801,16405801,6405801 Total (Diversion),Monthly,6,2012,313.74,ACFT,K,Approved,2013-04-04 08:06:00
6405801,16405801,6405801 Total (Diversion),Monthly,5,2013,246.92,ACFT,K,Approved,2014-05-01 16:21:00
6405801,16405801,6405801 Total (Diversion),Monthly,3,2014,140.83,ACFT,K,Approved,2015-05-11 10:26:00
6405801,16405801,6405801 Total (Diversion),Monthly,4,2015,256.23,ACFT,K,Approved,2016-05-25 18:44:00
6405801,16405801,6405801 Total (Diversion),Monthly,3,2016,180.68,ACFT,K,Approved,2017-03-24 09:10:00
6405801,16405801,6405801 Total (Diversion),Monthly,4,2017,184.79,ACFT,K,Approved,2018-03-29 12:30:00
6405801,16405801,6405801 Total (Diversion),Monthly,5,2018,211.52,ACFT,K,Approved,2019-03-15 09:36:00
6405801,16405801,6405801 Total (Diversion),Monthly,5,2019,207.96,ACFT,K,Approved,2020-02-27 09:31:00
6405801,16405801,6405801 Total (Diversion),Monthly,5,2020,262.38,ACFT,K,Approved,2021-04-20 08:20:00
6405801,16405801,6405801 Total (Diversion),Monthly,4,2021,217.62,ACFT,U,Approved,2022-09-14 13:31:00
6405801,16405801,6405801 Total (Diversion),Monthly,5,2022,212.6,ACFT,U,Approved,2023-10-23 07:48:00
6405801,16405801,6405801 Total (Diversion),Monthly,3,2023,149.18,ACFT,K,Approved,2024-02-27 08:45:00
6405801,16405801,6405801 Total (Diversion),Monthly,5,2024,231.54,ACFT,K,Approved,2024-12-17 13:12:00
6405802,16405802,6405802 Total (Diversion),Monthly,4,2007,433.92,ACFT,U,Approved,2008-04-07 13:37:00
6405802,16405802,6405802 Total (Diversion),Monthly,6,2008,472.522,ACFT,U,Approved,2009-04-17 15:31:00
6405802,16405802,6405802 Total (Diversion),Monthly,4,2009,295.016,ACFT,U,Approved,2010-03-30 14:28:00
6405802,16405802,6405802 Total (Diversion),Monthly,4,2010,250.12,ACFT,U,Approved,2011-03-30 11:01:00
6405802,16405802,6405802 Total (Diversion),Monthly,5,2011,274.4702,ACFT,K,Approved,2012-05-23 08:51:00
6405802,16405802,6405802 Total (Diversion),Monthly,5,2012,397.69,ACFT,K,Approved,2013-04-04 08:06:00
6405802,16405802,6405802 Total (Diversion),Monthly,5,2013,403.89,ACFT,K,Approved,2014-05-01 16:21:00
6405802,16405802,6405802 Total (Diversion),Monthly,3,2014,128.48,ACFT,K,Approved,2015-05-11 10:26:00
6405802,16405802,6405802 Total (Diversion),Monthly,4,2015,60.35,ACFT,K,Approved,2016-05-25 18:44:00
6405802,16405802,6405802 Total (Diversion),Monthly,3,2016,350.1,ACFT,K,Approved,2017-03-24 09:10:00
6405802,16405802,6405802 Total (Diversion),Monthly,5,2017,343.56,ACFT,K,Approved,2018-03-29 12:30:00
6405802,16405802,6405802 Total (Diversion),Monthly,4,2018,328.86,ACFT,K,Approved,2019-03-15 09:36:00
6405802,16405802,6405802 Total (Diversion),Monthly,5,2019,303.87,ACFT,K,Approved,2020-02-27 09:31:00
6405802,16405802,6405802 Total (Diversion),Monthly,5,2020,416.19,ACFT,K,Approved,2021-04-20 08:20:00
6405802,16405802,6405802 Total (Diversion),Monthly,4,2021,396.4,ACFT,U,Approved,2022-09-14 13:31:00
6405802,16405802,6405802 Total (Diversion),Monthly,5,2022,481.73,ACFT,U,Approved,2023-10-23 07:48:00
6405802,16405802,6405802 Total (Diversion),Monthly,3,2023,269.26,ACFT,K,Approved,2024-02-27 08:45:00
6405802,16405802,6405802 Total (Diversion),Monthly,5,2024,496.96,ACFT,K,Approved,2024-12-17 13:12:00
6405897,16405897,6405897 Total (Diversion),Monthly,2,2007,23.53,ACFT,U,Approved,2008-04-07 13:37:00
6405897,16405897,6405897 Total (Diversion),Monthly,4,2008,197.078,ACFT,U,Approved,2009-04-17 15:31:00
6405897,16405897,6405897 Total (Diversion),Monthly,1,2009,0.063,ACFT,U,Approved,2010-03-30 14:28:00
6405897,16405897,6405897 Total (Diversion),Monthly,4,2010,70.954,ACFT,U,Approved,2011-03-30 11:01:00
6405897,16405897,6405897 Total (Diversion),Monthly,2,2011,30.12,ACFT,K,Approved,2012-05-23 08:51:00
6405897,16405897,6405897 Total (Diversion),Monthly,3,2012,207.31,ACFT,K,Approved,2013-04-04 08:06:00
6405897,16405897,6405897 Total (Diversion),Monthly,5,2013,114.09,ACFT,K,Approved,2014-05-01 16:21:00
6405897,16405897,6405897 Total (Diversion),Monthly,3,2014,85.2,ACFT,K,Approved,2015-05-11 10:26:00
6405897,16405897,6405897 Total (Diversion),Monthly,3,2015,115.44,ACFT,K,Approved,2016-05-25 18:44:00
6405897,16405897,6405897 Total (Diversion),Monthly,4,2016,138.22,ACFT,K,Approved,2017-03-24 09:10:00
6405897,16405897,6405897 Total (Diversion),Monthly,5,2017,117.22,ACFT,K,Approved,2018-03-29 12:30:00
6405897,16405897,6405897 Total (Diversion),Monthly,7,2018,84.41,ACFT,K,Approved,2019-03-15 09:36:00
6405897,16405897,6405897 Total (Diversion),Monthly,5,2019,105.09,ACFT,K,Approved,2020-02-27 09:31:00
6405897,16405897,6405897 Total (Diversion),Monthly,5,2020,108.99,ACFT,K,Approved,2021-04-20 08:20:00
6405897,16405897,6405897 Total (Diversion),Monthly,4,2021,90.53,ACFT,U,Approved,2022-09-14 13:31:00
6405897,16405897,6405897 Total (Diversion),Monthly,6,2022,130.97,ACFT,U,Approved,2023-10-23 07:48:00
6405897,16405897,6405897 Total (Diversion),Monthly,4,2023,87.04,ACFT,K,Approved,2024-02-27 08:45:00
6405897,16405897,6405897 Total (Diversion),Monthly,7,2024,82.03,ACFT,K,Approved,2024-12-17 13:12:00
6405919,16405919,6405919 Total (Diversion),Monthly,2,2007,87.54,ACFT,U,Approved,2008-04-07 13:37:00
6405919,16405919,6405919 Total (Diversion),Monthly,5,2008,146.832,ACFT,U,Approved,2009-04-17 15:31:00
6405919,16405919,6405919 Total (Diversion),Monthly,4,2009,107.651,ACFT,U,Approved,2010-03-30 14:28:00
6405919,16405919,6405919 Total (Diversion),Monthly,4,2010,103.931,ACFT,U,Approved,2011-03-30 11:01:00
6405919,16405919,6405919 Total (Diversion),Monthly,2,2011,45.8078,ACFT,K,Approved,2012-05-23 08:51:00
6405919,16405919,6405919 Total (Diversion),Monthly,6,2012,104.15,ACFT,K,Approved,2013-04-04 08:06:00
6405919,16405919,6405919 Total (Diversion),Monthly,5,2013,67.6,ACFT,K,Approved,2014-05-01 16:21:00
6405919,16405919,6405919 Total (Diversion),Monthly,4,2014,49.48,ACFT,K,Approved,2015-05-11 10:26:00
6405919,16405919,6405919 Total (Diversion),Monthly,4,2015,87.07,ACFT,K,Approved,2016-05-25 18:44:00
6405919,16405919,6405919 Total (Diversion),Monthly,4,2016,93.64,ACFT,K,Approved,2017-03-24 09:10:00
6405919,16405919,6405919 Total (Diversion),Monthly,5,2017,50.91,ACFT,K,Approved,2018-03-29 12:30:00
6405919,16405919,6405919 Total (Diversion),Monthly,6,2018,98.19,ACFT,K,Approved,2019-03-15 09:36:00
6405919,16405919,6405919 Total (Diversion),Monthly,4,2019,34.53,ACFT,K,Approved,2020-02-27 09:31:00
6405919,16405919,6405919 Total (Diversion),Monthly,4,2020,50.6,ACFT,K,Approved,2021-04-20 08:20:00
6405919,16405919,6405919 Total (Diversion),Monthly,1,2021,0.01,ACFT,U,Approved,2022-09-14 13:31:00
6405919,16405919,6405919 Total (Diversion),Monthly,3,2022,44.51,ACFT,U,Approved,2023-10-23 07:48:00
6405919,16405919,6405919 Total (Diversion),Monthly,1,2023,2.24,ACFT,K,Approved,2024-02-27 08:45:00
6405919,16405919,6405919 Total (Diversion),Monthly,4,2024,10.15,ACFT,K,Approved,2024-12-17 13:12:00
6405920,16405920,6405920 Total (Diversion),Monthly,4,2007,16.17,ACFT,U,Approved,2008-04-07 13:37:00
6405920,16405920,6405920 Total (Diversion),Monthly,6,2008,2.425,ACFT,U,Approved,2009-04-17 15:31:00
6405920,16405920,6405920 Total (Diversion),Monthly,2,2009,1.479,ACFT,U,Approved,2010-03-30 14:28:00
6405920,16405920,6405920 Total (Diversion),Monthly,2,2010,1.476,ACFT,U,Approved,2011-03-30 11:01:00
6405920,16405920,6405920 Total (Diversion),Monthly,1,2011,0.264,ACFT,K,Approved,2012-05-23 08:51:00
6405920,16405920,6405920 Total (Diversion),Monthly,4,2012,20.15,ACFT,K,Approved,2013-04-04 08:06:00
6405920,16405920,6405920 Total (Diversion),Monthly,1,2013,0.31,ACFT,K,Approved,2014-05-01 16:21:00
6405920,16405920,6405920 Total (Diversion),Monthly,3,2014,1.49,ACFT,K,Approved,2015-05-11 10:26:00
6405920,16405920,6405920 Total (Diversion),Monthly,2,2015,16.53,ACFT,K,Approved,2016-05-25 18:44:00
6405920,16405920,6405920 Total (Diversion),Monthly,1,2017,14.68,ACFT,K,Approved,2018-03-29 12:30:00
6405920,16405920,6405920 Total (Diversion),Monthly,1,2018,2.85,ACFT,K,Approved,2019-03-15 09:36:00
6405920,16405920,6405920 Total (Diversion),Monthly,2,2019,1.8,ACFT,K,Approved,2020-02-27 09:31:00
6405920,16405920,6405920 Total (Diversion),Monthly,2,2020,3.04,ACFT,K,Approved,2021-04-20 08:20:00
6405920,16405920,6405920 Total (Diversion),Monthly,1,2021,3.96,ACFT,U,Approved,2022-09-14 13:31:00
6405920,16405920,6405920 Total (Diversion),Monthly,1,2022,5.83,ACFT,U,Approved,2023-10-23 07:48:00
6405920,16405920,6405920 Total (Diversion),Monthly,2,2023,3.8,ACFT,K,Approved,2024-02-27 08:45:00
6405920,16405920,6405920 Total (Diversion),Monthly,2,2024,2.97,ACFT,K,Approved,2024-12-17 13:12:00
6405923,16405923,6405923 Total (Diversion),Monthly,4,2008,29.387,ACFT,U,Approved,2009-04-17 15:31:00
6405923,16405923,6405923 Total (Diversion),Monthly,3,2009,10.578,ACFT,U,Approved,2010-03-30 14:28:00
6405923,16405923,6405923 Total (Diversion),Monthly,3,2010,14.317,ACFT,U,Approved,2011-03-30 11:01:00
6405923,16405923,6405923 Total (Diversion),Monthly,3,2011,25.7739,ACFT,K,Approved,2012-05-23 08:51:00
6405923,16405923,6405923 Total (Diversion),Monthly,4,2012,57.817,ACFT,K,Approved,2013-04-04 08:06:00
6405923,16405923,6405923 Total (Diversion),Monthly,3,2013,10.807,ACFT,K,Approved,2014-05-01 16:21:00
6405923,16405923,6405923 Total (Diversion),Monthly,3,2014,12.383,ACFT,K,Approved,2015-05-11 10:26:00
6405923,16405923,6405923 Total (Diversion),Monthly,2,2015,7.48,ACFT,K,Approved,2016-05-25 18:44:00
6405923,16405923,6405923 Total (Diversion),Monthly,2,2016,3.22,ACFT,K,Approved,2017-03-24 09:10:00
6405923,16405923,6405923 Total (Diversion),Monthly,2,2017,9.53,ACFT,K,Approved,2018-03-29 12:30:00
6405923,16405923,6405923 Total (Diversion),Monthly,2,2018,7.0,ACFT,K,Approved,2019-03-15 09:36:00
6405923,16405923,6405923 Total (Diversion),Monthly,2,2019,1.669,ACFT,K,Approved,2020-02-27 09:31:00
6405923,16405923,6405923 Total (Diversion),Monthly,4,2020,9.3,ACFT,K,Approved,2021-04-20 08:20:00
6405923,16405923,6405923 Total (Diversion),Monthly,4,2021,25.0,ACFT,K,Approved,2022-09-14 13:31:00
6405923,16405923,6405923 Total (Diversion),Monthly,5,2022,1.379,ACFT,K,Approved,2023-11-03 06:26:00
6405923,16405923,6405923 Total (Diversion),Monthly,3,2023,4.1676,ACFT,K,Approved,2024-04-22 14:57:00
6405923,16405923,6405923 Total (Diversion),Monthly,3,2024,0.8537,ACFT,K,Approved,2025-03-07 11:30:00
6405990,16405990,6405990 Total (Diversion),Monthly,2,2008,10.537,ACFT,U,Approved,2009-04-17 15:31:00
6405990,16405990,6405990 Total (Diversion),Monthly,3,2009,119.39,ACFT,U,Approved,2010-03-30 14:28:00
6405990,16405990,6405990 Total (Diversion),Monthly,2,2010,24.771,ACFT,U,Approved,2011-03-30 11:01:00
6405990,16405990,6405990 Total (Diversion),Monthly,2,2013,5.07,ACFT,K,Approved,2014-05-01 16:21:00
6405990,16405990,6405990 Total (Diversion),Monthly,1,2014,6.192,ACFT,K,Approved,2015-05-11 10:26:00
6405990,16405990,6405990 Total (Diversion),Monthly,1,2016,7.51,ACFT,K,Approved,2017-03-24 09:10:00
6405990,16405990,6405990 Total (Diversion),Monthly,4,2022,12.8,ACFT,*,Approved,2023-11-03 06:26:00
6406151,16406151,6406151 Total (Diversion),Monthly,3,2008,30.043,ACFT,U,Approved,2009-04-17 15:31:00
6406151,16406151,6406151 Total (Diversion),Monthly,1,2010,1.392,ACFT,U,Approved,2011-03-30 11:01:00
6406151,16406151,6406151 Total (Diversion),Monthly,1,2011,9.485,ACFT,K,Approved,2012-05-23 08:51:00
6406151,16406151,6406151 Total (Diversion),Monthly,3,2012,42.751,ACFT,K,Approved,2013-04-04 08:06:00
6406151,16406151,6406151 Total (Diversion),Monthly,1,2014,10.7,ACFT,K,Approved,2015-05-11 10:26:00
6406151,16406151,6406151 Total (Diversion),Monthly,1,2015,2.16,ACFT,K,Approved,2016-05-25 18:44:00
6406151,16406151,6406151 Total (Diversion),Monthly,1,2017,2.08,ACFT,K,Approved,2018-03-29 12:30:00
6406151,16406151,6406151 Total (Diversion),Monthly,1,2019,4.85,ACFT,K,Approved,2020-02-27 09:31:00
6406151,16406151,6406151 Total (Diversion),Monthly,1,2020,0.2,ACFT,K,Approved,2021-04-20 08:20:00
6406151,16406151,6406151 Total (Diversion),Monthly,1,2021,1.0,ACFT,K,Approved,2022-09-14 13:31:00
6406151,16406151,6406151 Total (Diversion),Monthly,3,2022,2.4527,ACFT,K,Approved,2023-11-03 06:26:00
6406195,16406195,6406195 Total (Diversion),Monthly,3,2007,141.09,ACFT,U,Approved,2008-04-07 13:37:00
6406195,16406195,6406195 Total (Diversion),Monthly,5,2008,215.766,ACFT,U,Approved,2009-04-17 15:31:00
6406195,16406195,6406195 Total (Diversion),Monthly,6,2009,179.424,ACFT,U,Approved,2010-03-30 14:28:00
6406195,16406195,6406195 Total (Diversion),Monthly,4,2010,112.091,ACFT,U,Approved,2011-03-30 11:01:00
6406195,16406195,6406195 Total (Diversion),Monthly,3,2011,138.2453,ACFT,K,Approved,2012-05-23 08:51:00
6406195,16406195,6406195 Total (Diversion),Monthly,4,2012,486.8,ACFT,K,Approved,2013-04-04 08:06:00
6406195,16406195,6406195 Total (Diversion),Monthly,4,2013,210.23,ACFT,K,Approved,2014-05-01 16:21:00
6406195,16406195,6406195 Total (Diversion),Monthly,3,2014,99.62,ACFT,K,Approved,2015-05-11 10:26:00
6406195,16406195,6406195 Total (Diversion),Monthly,3,2015,185.8,ACFT,K,Approved,2016-05-25 18:44:00
6406195,16406195,6406195 Total (Diversion),Monthly,4,2016,297.82,ACFT,K,Approved,2017-03-24 09:10:00
6406195,16406195,6406195 Total (Diversion),Monthly,4,2017,170.8,ACFT,K,Approved,2018-03-29 12:30:00
6406195,16406195,6406195 Total (Diversion),Monthly,2,2018,34.09,ACFT,K,Approved,2019-03-15 09:36:00
6406195,16406195,6406195 Total (Diversion),Monthly,5,2019,35.57,ACFT,K,Approved,2020-02-27 09:31:00
6406195,16406195,6406195 Total (Diversion),Monthly,5,2020,44.38,ACFT,K,Approved,2021-04-20 08:20:00
6406195,16406195,6406195 Total (Diversion),Monthly,3,2021,26.11,ACFT,U,Approved,2022-09-14 13:31:00
6406195,16406195,6406195 Total (Diversion),Monthly,4,2022,27.26,ACFT,U,Approved,2023-10-23 07:48:00
6406195,16406195,6406195 Total (Diversion),Monthly,1,2023,14.07,ACFT,K,Approved,2024-02-27 08:45:00
6406195,16406195,6406195 Total (Diversion),Monthly,1,2024,0.31,ACFT,K,Approved,2025-02-03 08:04:00
6406390,16406390,6406390 Total (Diversion),Monthly,7,2008,47.07,ACFT,U,Approved,2009-04-17 15:31:00
6406390,16406390,6406390 Total (Diversion),Monthly,6,2009,38.8,ACFT,U,Approved,2010-03-30 14:28:00
6406390,16406390,6406390 Total (Diversion),Monthly,7,2010,54.4,ACFT,U,Approved,2011-03-30 11:01:00
6406390,16406390,6406390 Total (Diversion),Monthly,7,2011,47.2998,ACFT,K,Approved,2012-05-23 08:51:00
6406390,16406390,6406390 Total (Diversion),Monthly,8,2012,124.115,ACFT,U,Approved,2013-04-04 08:06:00
6406390,16406390,6406390 Total (Diversion),Monthly,6,2013,49.755,ACFT,U,Approved,2014-05-01 16:21:00
6406390,16406390,6406390 Total (Diversion),Monthly,7,2014,19.629,ACFT,U,Approved,2015-05-11 10:26:00
6406390,16406390,6406390 Total (Diversion),Monthly,7,2015,54.751,ACFT,U,Approved,2016-05-25 18:44:00
6406390,16406390,6406390 Total (Diversion),Monthly,6,2016,60.536,ACFT,U,Approved,2017-03-24 09:10:00
6406390,16406390,6406390 Total (Diversion),Monthly,6,2017,49.0,ACFT,U,Approved,2018-03-29 12:30:00
6406390,16406390,6406390 Total (Diversion),Monthly,6,2018,54.947,ACFT,U,Approved,2019-03-15 09:36:00
6406390,16406390,6406390 Total (Diversion),Monthly,7,2019,43.011,ACFT,U,Approved,2020-02-27 09:31:00
6406390,16406390,6406390 Total (Diversion),Monthly,6,2020,83.586,ACFT,U,Approved,2021-04-20 08:20:00
6406390,16406390,6406390 Total (Diversion),Monthly,8,2021,46.86,ACFT,K,Approved,2022-09-14 13:31:00
6406390,16406390,6406390 Total (Diversion),Monthly,6,2022,42.0541,ACFT,K,Approved,2023-10-23 07:48:00
6406390,16406390,6406390 Total (Diversion),Monthly,7,2023,46.1099,ACFT,U,Approved,2023-12-20 07:35:00
6406392,16406392,6406392 Total (Diversion),Monthly,7,2008,31.348,ACFT,U,Approved,2009-04-17 15:31:00
6406392,16406392,6406392 Total (Diversion),Monthly,7,2009,32.74,ACFT,U,Approved,2010-03-30 14:28:00
6406392,16406392,6406392 Total (Diversion),Monthly,7,2010,29.244,ACFT,U,Approved,2011-03-30 11:01:00
6406392,16406392,6406392 Total (Diversion),Monthly,7,2011,54.19,ACFT,K,Approved,2012-05-23 08:51:00
6406392,16406392,6406392 Total (Diversion),Monthly,8,2012,145.5145,ACFT,U,Approved,2013-04-04 08:06:00
6406392,16406392,6406392 Total (Diversion),Monthly,7,2013,69.1636,ACFT,U,Approved,2014-05-01 16:21:00
6406392,16406392,6406392 Total (Diversion),Monthly,7,2014,60.7996,ACFT,U,Approved,2015-05-11 10:26:00
6406392,16406392,6406392 Total (Diversion),Monthly,7,2015,57.4649,ACFT,U,Approved,2016-05-25 18:44:00
6406392,16406392,6406392 Total (Diversion),Monthly,6,2016,64.5907,ACFT,U,Approved,2017-03-24 09:10:00
6406392,16406392,6406392 Total (Diversion),Monthly,6,2017,53.02,ACFT,U,Approved,2018-03-29 12:30:00
6406392,16406392,6406392 Total (Diversion),Monthly,6,2018,56.848,ACFT,U,Approved,2019-03-15 09:36:00
6406392,16406392,6406392 Total (Diversion),Monthly,7,2019,40.3866,ACFT,U,Approved,2020-02-27 09:31:00
6406392,16406392,6406392 Total (Diversion),Monthly,6,2020,35.6267,ACFT,U,Approved,2021-04-20 08:20:00
6406392,16406392,6406392 Total (Diversion),Monthly,8,2021,31.1094,ACFT,K,Approved,2022-09-14 13:31:00
6406392,16406392,6406392 Total (Diversion),Monthly,6,2022,40.365,ACFT,K,Approved,2023-10-23 07:48:00
6406392,16406392,6406392 Total (Diversion),Monthly,6,2023,24.7962,ACFT,U,Approved,2023-12-20 07:35:00
6406395,16406395,6406395 Total (Diversion),Monthly,12,2008,52.416,ACFT,U,Approved,2009-04-17 15:31:00
6406395,16406395,6406395 Total (Diversion),Monthly,3,2009,0.04,ACFT,U,Approved,2010-03-30 14:28:00
6406395,16406395,6406395 Total (Diversion),Monthly,5,2010,0.033,ACFT,U,Approved,2011-03-30 11:01:00
6406395,16406395,6406395 Total (Diversion),Monthly,4,2011,0.0646,ACFT,K,Approved,2012-05-23 08:51:00
6406395,16406395,6406395 Total (Diversion),Monthly,12,2012,7.8544,ACFT,U,Approved,2013-04-04 08:06:00
6406395,16406395,6406395 Total (Diversion),Monthly,12,2013,1.9974,ACFT,U,Approved,2014-05-01 16:21:00
6406395,16406395,6406395 Total (Diversion),Monthly,12,2014,2.8646,ACFT,U,Approved,2015-05-11 10:26:00
6406395,16406395,6406395 Total (Diversion),Monthly,10,2015,1.845,ACFT,U,Approved,2016-05-25 18:44:00
6406395,16406395,6406395 Total (Diversion),Monthly,10,2016,1.1317,ACFT,U,Approved,2017-03-24 09:10:00
6406395,16406395,6406395 Total (Diversion),Monthly,11,2017,1.82,ACFT,U,Approved,2018-03-29 12:30:00
6406395,16406395,6406395 Total (Diversion),Monthly,11,2018,1.7562,ACFT,U,Approved,2019-03-15 09:36:00
6406395,16406395,6406395 Total (Diversion),Monthly,11,2019,0.6749,ACFT,U,Approved,2020-02-27 09:31:00
6406395,16406395,6406395 Total (Diversion),Monthly,12,2020,0.7724,ACFT,U,Approved,2021-04-20 08:20:00
6406395,16406395,6406395 Total (Diversion),Monthly,12,2021,0.6114,ACFT,K,Approved,2022-09-14 13:31:00
6406395,16406395,6406395 Total (Diversion),Monthly,12,2022,0.6759,ACFT,K,Approved,2023-10-23 07:48:00
6406395,16406395,6406395 Total (Diversion),Monthly,12,2023,0.3412,ACFT,U,Approved,2023-12-20 07:35:00
6406395,16406395,6406395 Total (Diversion),Monthly,11,2024,0.3575,ACFT,U,Approved,2024-12-17 13:12:00
6406396,16406396,6406396 Total (Diversion),Monthly,10,2008,0.075,ACFT,U,Approved,2009-04-17 15:31:00
6406396,16406396,6406396 Total (Diversion),Monthly,7,2009,0.1,ACFT,U,Approved,2010-03-30 14:28:00
6406396,16406396,6406396 Total (Diversion),Monthly,5,2010,0.057,ACFT,U,Approved,2011-03-30 11:01:00
6406396,16406396,6406396 Total (Diversion),Monthly,2,2015,0.0736,ACFT,U,Approved,2016-05-25 18:44:00
6406396,16406396,6406396 Total (Diversion),Monthly,6,2016,0.8133,ACFT,U,Approved,2017-03-24 09:10:00
6406396,16406396,6406396 Total (Diversion),Monthly,6,2017,0.55,ACFT,U,Approved,2018-03-29 12:30:00
6406396,16406396,6406396 Total (Diversion),Monthly,5,2018,0.4573,ACFT,U,Approved,2019-03-15 09:36:00
6406396,16406396,6406396 Total (Diversion),Monthly,7,2019,0.3529,ACFT,U,Approved,2020-02-27 09:31:00
6406396,16406396,6406396 Total (Diversion),Monthly,6,2020,0.4266,ACFT,U,Approved,2021-04-20 08:20:00
6406396,16406396,6406396 Total (Diversion),Monthly,7,2021,0.7244,ACFT,K,Approved,2022-09-14 13:31:00
6406396,16406396,6406396 Total (Diversion),Monthly,7,2022,0.1351,ACFT,K,Approved,2023-10-23 07:48:00
6406396,16406396,6406396 Total (Diversion),Monthly,6,2023,0.1626,ACFT,U,Approved,2023-12-06 10:28:00
6406396,16406396,6406396 Total (Diversion),Monthly,8,2024,0.2347,ACFT,U,Approved,2024-12-17 13:12:00
6406534,16406534,6406534 Total (Diversion),Monthly,2,2007,26.89,ACFT,U,Approved,2008-04-07 13:37:00
6406534,16406534,6406534 Total (Diversion),Monthly,2,2008,56.315,ACFT,U,Approved,2009-04-17 15:31:00
6406534,16406534,6406534 Total (Diversion),Monthly,2,2010,18.241,ACFT,U,Approved,2011-03-30 11:01:00
6406534,16406534,6406534 Total (Diversion),Monthly,3,2011,11.954,ACFT,K,Approved,2012-05-23 08:51:00
6406534,16406534,6406534 Total (Diversion),Monthly,4,2012,120.79,ACFT,K,Approved,2013-04-04 08:06:00
6406534,16406534,6406534 Total (Diversion),Monthly,1,2013,17.91,ACFT,K,Approved,2014-05-01 16:21:00
6406534,16406534,6406534 Total (Diversion),Monthly,2,2014,45.46,ACFT,K,Approved,2015-05-11 10:26:00
6406534,16406534,6406534 Total (Diversion),Monthly,3,2015,29.92,ACFT,K,Approved,2016-05-25 18:44:00
6406534,16406534,6406534 Total (Diversion),Monthly,2,2016,8.71,ACFT,K,Approved,2017-03-24 09:10:00
6406534,16406534,6406534 Total (Diversion),Monthly,3,2017,39.83,ACFT,K,Approved,2018-03-29 12:30:00
6406534,16406534,6406534 Total (Diversion),Monthly,1,2019,0.13,ACFT,*,Approved,2020-02-27 09:31:00
6406534,16406534,6406534 Total (Diversion),Monthly,2,2020,86.4,ACFT,*,Approved,2021-04-20 08:20:00
6406534,16406534,6406534 Total (Diversion),Monthly,1,2021,11.66,ACFT,U,Approved,2022-09-14 13:31:00
6406534,16406534,6406534 Total (Diversion),Monthly,1,2022,16.26,ACFT,U,Approved,2023-10-23 07:48:00
6406534,16406534,6406534 Total (Diversion),Monthly,1,2023,4.26,ACFT,K,Approved,2024-02-27 08:45:00
6406534,16406534,6406534 Total (Diversion),Monthly,1,2024,11.88,ACFT,K,Approved,2024-12-17 13:12:00
6406540,16406540,6406540 Total (Diversion),Monthly,5,2007,61.62,ACFT,U,Approved,2008-04-07 13:37:00
6406540,16406540,6406540 Total (Diversion),Monthly,5,2008,113.014,ACFT,U,Approved,2009-04-17 15:31:00
6406540,16406540,6406540 Total (Diversion),Monthly,4,2009,77.344,ACFT,U,Approved,2010-03-30 14:28:00
6406540,16406540,6406540 Total (Diversion),Monthly,6,2010,91.477,ACFT,U,Approved,2011-03-30 11:01:00
6406540,16406540,6406540 Total (Diversion),Monthly,5,2011,91.7776,ACFT,K,Approved,2012-05-23 08:51:00
6406540,16406540,6406540 Total (Diversion),Monthly,6,2012,109.06,ACFT,K,Approved,2013-04-04 08:06:00
6406540,16406540,6406540 Total (Diversion),Monthly,6,2013,101.94,ACFT,K,Approved,2014-05-01 16:21:00
6406540,16406540,6406540 Total (Diversion),Monthly,5,2014,78.31,ACFT,K,Approved,2015-05-11 10:26:00
6406540,16406540,6406540 Total (Diversion),Monthly,3,2015,98.07,ACFT,K,Approved,2016-05-25 18:44:00
6406540,16406540,6406540 Total (Diversion),Monthly,4,2016,131.26,ACFT,K,Approved,2017-03-24 09:10:00
6406540,16406540,6406540 Total (Diversion),Monthly,5,2017,102.65,ACFT,K,Approved,2018-03-29 12:30:00
6406540,16406540,6406540 Total (Diversion),Monthly,5,2018,122.14,ACFT,K,Approved,2019-03-15 09:36:00
6406540,16406540,6406540 Total (Diversion),Monthly,5,2019,108.99,ACFT,K,Approved,2020-02-27 09:31:00
6406540,16406540,6406540 Total (Diversion),Monthly,5,2020,93.51,ACFT,K,Approved,2021-04-20 08:20:00
6406540,16406540,6406540 Total (Diversion),Monthly,3,2021,56.37,ACFT,U,Approved,2022-09-14 13:31:00
6406540,16406540,6406540 Total (Diversion),Monthly,5,2022,99.95,ACFT,U,Approved,2023-10-23 07:48:00
6406540,16406540,6406540 Total (Diversion),Monthly,4,2023,60.52,ACFT,K,Approved,2024-02-27 08:45:00
6406540,16406540,6406540 Total (Diversion),Monthly,6,2024,83.78,ACFT,K,Approved,2024-12-17 13:12:00
6406551,16406551,6406551 Total (Diversion),Monthly,1,2007,16.31,ACFT,U,Approved,2008-04-07 13:37:00
6406551,16406551,6406551 Total (Diversion),Monthly,5,2008,55.484,ACFT,U,Approved,2009-04-17 15:31:00
6406551,16406551,6406551 Total (Diversion),Monthly,3,2012,57.04,ACFT,K,Approved,2013-04-04 08:06:00
6406551,16406551,6406551 Total (Diversion),Monthly,3,2013,97.42,ACFT,K,Approved,2014-05-01 16:21:00
6406551,16406551,6406551 Total (Diversion),Monthly,3,2022,144.55,ACFT,U,Approved,2023-10-23 12:17:00
6406552,16406552,6406552 Total (Diversion),Monthly,1,2009,50.0,ACFT,U,Approved,2010-03-30 14:28:00
6406552,16406552,6406552 Total (Diversion),Monthly,4,2019,56.99,ACFT,K,Approved,2020-02-27 09:31:00
6406552,16406552,6406552 Total (Diversion),Monthly,1,2020,83.53,ACFT,K,Approved,2021-04-20 08:20:00
6406552,16406552,6406552 Total (Diversion),Monthly,3,2022,107.08,ACFT,U,Approved,2023-10-23 07:48:00
6406552,16406552,6406552 Total (Diversion),Monthly,2,2024,5.8,ACFT,K,Approved,2024-12-17 13:12:00
6406556,16406556,6406556 Total (Diversion),Monthly,3,2007,82.69,ACFT,U,Approved,2008-04-07 13:37:00
6406556,16406556,6406556 Total (Diversion),Monthly,5,2008,92.718,ACFT,U,Approved,2009-04-17 15:31:00
6406556,16406556,6406556 Total (Diversion),Monthly,3,2009,201.548,ACFT,U,Approved,2010-03-30 14:28:00
6406556,16406556,6406556 Total (Diversion),Monthly,4,2010,289.268,ACFT,U,Approved,2011-03-30 11:01:00
6406556,16406556,6406556 Total (Diversion),Monthly,2,2011,219.8709,ACFT,K,Approved,2012-05-23 08:51:00
6406556,16406556,6406556 Total (Diversion),Monthly,4,2012,319.5618,ACFT,K,Approved,2013-06-04 14:24:00
6406556,16406556,6406556 Total (Diversion),Monthly,2,2013,134.7,ACFT,K,Approved,2014-05-01 16:21:00
6406556,16406556,6406556 Total (Diversion),Monthly,2,2014,104.65,ACFT,K,Approved,2015-05-11 10:26:00
6406556,16406556,6406556 Total (Diversion),Monthly,4,2015,279.66,ACFT,K,Approved,2016-05-25 18:44:00
6406556,16406556,6406556 Total (Diversion),Monthly,4,2016,182.35,ACFT,K,Approved,2017-03-24 09:10:00
6406556,16406556,6406556 Total (Diversion),Monthly,4,2017,233.34,ACFT,K,Approved,2018-03-29 12:30:00
6406556,16406556,6406556 Total (Diversion),Monthly,5,2018,248.42,ACFT,K,Approved,2019-03-15 09:36:00
6406556,16406556,6406556 Total (Diversion),Monthly,3,2019,213.48,ACFT,K,Approved,2020-02-27 09:31:00
6406556,16406556,6406556 Total (Diversion),Monthly,5,2020,381.4,ACFT,K,Approved,2021-04-20 08:20:00
6406556,16406556,6406556 Total (Diversion),Monthly,3,2022,245.96,ACFT,U,Approved,2023-10-23 12:30:00
6406556,16406556,6406556 Total (Diversion),Monthly,1,2023,0.02,ACFT,K,Approved,2024-02-27 08:45:00
6406556,16406556,6406556 Total (Diversion),Monthly,1,2024,0.08,ACFT,K,Approved,2024-12-17 13:12:00
6406558,16406558,6406558 Total (Diversion),Monthly,4,2007,80.59,ACFT,U,Approved,2008-04-07 13:37:00
6406558,16406558,6406558 Total (Diversion),Monthly,5,2008,323.45,ACFT,U,Approved,2009-04-17 15:31:00
6406558,16406558,6406558 Total (Diversion),Monthly,2,2009,100.27,ACFT,U,Approved,2010-03-30 14:28:00
6406558,16406558,6406558 Total (Diversion),Monthly,2,2010,96.204,ACFT,U,Approved,2011-03-30 11:01:00
6406558,16406558,6406558 Total (Diversion),Monthly,2,2011,118.6322,ACFT,K,Approved,2012-05-23 08:51:00
6406558,16406558,6406558 Total (Diversion),Monthly,4,2012,369.77,ACFT,K,Approved,2013-04-04 08:06:00
6406558,16406558,6406558 Total (Diversion),Monthly,4,2013,305.56,ACFT,K,Approved,2014-05-01 16:21:00
6406558,16406558,6406558 Total (Diversion),Monthly,4,2014,237.59,ACFT,K,Approved,2015-05-11 10:26:00
6406558,16406558,6406558 Total (Diversion),Monthly,3,2015,97.25,ACFT,K,Approved,2016-05-25 18:44:00
6406558,16406558,6406558 Total (Diversion),Monthly,4,2016,144.06,ACFT,K,Approved,2017-03-24 09:10:00
6406558,16406558,6406558 Total (Diversion),Monthly,5,2017,159.69,ACFT,K,Approved,2018-03-29 12:30:00
6406558,16406558,6406558 Total (Diversion),Monthly,6,2018,204.55,ACFT,K,Approved,2019-03-15 09:36:00
6406558,16406558,6406558 Total (Diversion),Monthly,7,2019,111.1,ACFT,K,Approved,2020-02-27 09:31:00
6406558,16406558,6406558 Total (Diversion),Monthly,8,2020,198.59,ACFT,K,Approved,2021-04-20 08:20:00
6406558,16406558,6406558 Total (Diversion),Monthly,7,2021,161.67,ACFT,U,Approved,2022-09-14 13:31:00
6406558,16406558,6406558 Total (Diversion),Monthly,5,2022,186.71,ACFT,U,Approved,2023-10-23 07:48:00
6406558,16406558,6406558 Total (Diversion),Monthly,4,2023,87.51,ACFT,K,Approved,2024-02-27 08:45:00
6406558,16406558,6406558 Total (Diversion),Monthly,9,2024,161.64,ACFT,K,Approved,2024-12-17 13:12:00
6406706,16406706,6406706 Total (Diversion),Monthly,2,2012,400.437,ACFT,K,Approved,2013-06-04 14:27:00
6406706,16406706,6406706 Total (Diversion),Monthly,1,2013,112.82,ACFT,K,Approved,2014-05-01 16:21:00
6406706,16406706,6406706 Total (Diversion),Monthly,1,2022,51.06,ACFT,U,Approved,2023-10-23 12:30:00
6406874,16406874,6406874 Total (Diversion),Monthly,1,2011,0.0232,ACFT,K,Approved,2012-05-23 08:51:00
6406874,16406874,6406874 Total (Diversion),Monthly,1,2016,0.01,ACFT,K,Approved,2017-03-24 09:10:00
6406874,16406874,6406874 Total (Diversion),Monthly,8,2017,4.54,ACFT,K,Approved,2018-03-29 12:30:00
6406874,16406874,6406874 Total (Diversion),Monthly,8,2018,2.16,ACFT,K,Approved,2019-03-15 09:36:00
6406874,16406874,6406874 Total (Diversion),Monthly,7,2019,1.6,ACFT,K,Approved,2020-02-27 09:31:00
6406874,16406874,6406874 Total (Diversion),Monthly,6,2020,0.61,ACFT,K,Approved,2021-04-20 08:20:00
6406874,16406874,6406874 Total (Diversion),Monthly,12,2021,0.36,ACFT,U,Approved,2022-09-14 13:31:00
6406874,16406874,6406874 Total (Diversion),Monthly,12,2022,1.09,ACFT,U,Approved,2023-10-23 07:48:00
6406874,16406874,6406874 Total (Diversion),Monthly,5,2023,0.65,ACFT,K,Approved,2024-02-27 08:45:00
6406874,16406874,6406874 Total (Diversion),Monthly,12,2024,19.08,ACFT,K,Approved,2024-12-17 13:12:00
6406875,16406875,6406875 Total (Diversion),Monthly,3,2011,0.4671,ACFT,K,Approved,2012-05-23 08:51:00
6406875,16406875,6406875 Total (Diversion),Monthly,1,2012,0.01,ACFT,K,Approved,2013-04-04 08:06:00
6406875,16406875,6406875 Total (Diversion),Monthly,2,2016,0.02,ACFT,K,Approved,2017-03-24 09:10:00
6406875,16406875,6406875 Total (Diversion),Monthly,8,2017,9.91,ACFT,K,Approved,2018-03-29 12:30:00
6406875,16406875,6406875 Total (Diversion),Monthly,8,2018,4.8,ACFT,K,Approved,2019-03-15 09:36:00
6406875,16406875,6406875 Total (Diversion),Monthly,5,2019,1.77,ACFT,K,Approved,2020-02-27 09:31:00
6406875,16406875,6406875 Total (Diversion),Monthly,5,2020,1.27,ACFT,K,Approved,2021-04-20 08:20:00
6406875,16406875,6406875 Total (Diversion),Monthly,12,2021,2.56,ACFT,U,Approved,2022-09-14 13:31:00
6406875,16406875,6406875 Total (Diversion),Monthly,12,2022,2.77,ACFT,U,Approved,2023-10-23 07:48:00
6406876,16406876,6406876 Total (Diversion),Monthly,4,2011,0.089,ACFT,K,Approved,2012-05-23 08:51:00
6406876,16406876,6406876 Total (Diversion),Monthly,2,2012,0.02,ACFT,K,Approved,2013-04-04 08:06:00
6406876,16406876,6406876 Total (Diversion),Monthly,1,2013,0.03,ACFT,K,Approved,2014-05-01 16:21:00
6406876,16406876,6406876 Total (Diversion),Monthly,2,2014,0.03,ACFT,K,Approved,2015-05-11 10:26:00
6406876,16406876,6406876 Total (Diversion),Monthly,2,2015,1.99,ACFT,K,Approved,2016-05-25 18:44:00
6406876,16406876,6406876 Total (Diversion),Monthly,1,2016,0.01,ACFT,K,Approved,2017-03-24 09:10:00
6406876,16406876,6406876 Total (Diversion),Monthly,8,2017,27.63,ACFT,K,Approved,2018-03-29 12:30:00
6406876,16406876,6406876 Total (Diversion),Monthly,8,2018,26.4,ACFT,K,Approved,2019-03-15 09:36:00
6406876,16406876,6406876 Total (Diversion),Monthly,8,2019,21.37,ACFT,K,Approved,2020-02-27 09:31:00
6406876,16406876,6406876 Total (Diversion),Monthly,12,2020,21.33,ACFT,K,Approved,2021-04-20 08:20:00
6406876,16406876,6406876 Total (Diversion),Monthly,12,2021,14.28,ACFT,U,Approved,2022-09-14 13:31:00
6406876,16406876,6406876 Total (Diversion),Monthly,12,2022,21.19,ACFT,U,Approved,2023-10-23 07:48:00
6406876,16406876,6406876 Total (Diversion),Monthly,6,2024,0.18,ACFT,K,Approved,2024-12-17 13:12:00
6406877,16406877,6406877 Total (Diversion),Monthly,2,2011,0.0627,ACFT,K,Approved,2012-05-23 08:51:00
6406877,16406877,6406877 Total (Diversion),Monthly,8,2012,1.7,ACFT,K,Approved,2013-04-04 08:06:00
6406877,16406877,6406877 Total (Diversion),Monthly,8,2013,1.15,ACFT,K,Approved,2014-05-01 16:21:00
6406877,16406877,6406877 Total (Diversion),Monthly,8,2014,1.78,ACFT,K,Approved,2015-05-11 10:26:00
6406877,16406877,6406877 Total (Diversion),Monthly,8,2015,1.74,ACFT,K,Approved,2016-05-25 18:44:00
6406877,16406877,6406877 Total (Diversion),Monthly,6,2016,0.94,ACFT,K,Approved,2017-03-24 09:10:00
6406877,16406877,6406877 Total (Diversion),Monthly,8,2017,28.45,ACFT,K,Approved,2018-03-29 12:30:00
6406877,16406877,6406877 Total (Diversion),Monthly,8,2018,27.33,ACFT,K,Approved,2019-03-15 09:36:00
6406877,16406877,6406877 Total (Diversion),Monthly,7,2019,16.75,ACFT,K,Approved,2020-02-27 09:31:00
6406877,16406877,6406877 Total (Diversion),Monthly,12,2020,15.1,ACFT,K,Approved,2021-04-20 08:20:00
6406877,16406877,6406877 Total (Diversion),Monthly,12,2021,24.0,ACFT,U,Approved,2022-09-14 13:31:00
6406877,16406877,6406877 Total (Diversion),Monthly,12,2022,25.93,ACFT,U,Approved,2023-10-23 07:48:00
6406877,16406877,6406877 Total (Diversion),Monthly,5,2023,9.5,ACFT,K,Approved,2024-02-27 08:45:00
6406877,16406877,6406877 Total (Diversion),Monthly,6,2024,0.96,ACFT,K,Approved,2024-12-17 13:12:00
6406955,16406955,6406955 Total (Diversion),Monthly,7,2018,5.37,ACFT,K,Approved,2019-03-15 09:36:00
6406955,16406955,6406955 Total (Diversion),Monthly,12,2019,11.13,ACFT,K,Approved,2020-02-27 09:31:00
6406955,16406955,6406955 Total (Diversion),Monthly,12,2020,43.97,ACFT,K,Approved,2021-04-20 08:20:00
6406955,16406955,6406955 Total (Diversion),Monthly,12,2021,48.0,ACFT,U,Approved,2022-09-14 13:31:00
6406955,16406955,6406955 Total (Diversion),Monthly,12,2022,32.28,ACFT,U,Approved,2023-10-23 07:48:00
6406955,16406955,6406955 Total (Diversion),Monthly,12,2023,39.92,ACFT,K,Approved,2024-02-27 08:45:00
6406955,16406955,6406955 Total (Diversion),Monthly,12,2024,21.06,ACFT,K,Approved,2024-12-17 13:12:00
6406961,16406961,6406961 Total (Diversion),Monthly,5,2017,3.95,ACFT,K,Approved,2018-03-29 12:30:00
6406961,16406961,6406961 Total (Diversion),Monthly,6,2018,2.38,ACFT,K,Approved,2019-03-15 09:36:00
6406961,16406961,6406961 Total (Diversion),Monthly,12,2019,80.97,ACFT,K,Approved,2020-02-27 09:31:00
6406961,16406961,6406961 Total (Diversion),Monthly,11,2020,35.87,ACFT,K,Approved,2021-04-20 08:20:00
6406961,16406961,6406961 Total (Diversion),Monthly,11,2021,106.03,ACFT,U,Approved,2022-09-14 13:31:00
6406961,16406961,6406961 Total (Diversion),Monthly,12,2022,99.26,ACFT,U,Approved,2023-10-23 07:48:00
6406961,16406961,6406961 Total (Diversion),Monthly,11,2023,86.21,ACFT,K,Approved,2024-02-27 08:45:00
6406961,16406961,6406961 Total (Diversion),Monthly,12,2024,73.97,ACFT,K,Approved,2024-12-17 13:12:00
6406968,16406968,6406968 Total (Diversion),Monthly,5,2017,9.79,ACFT,K,Approved,2018-03-29 12:30:00
6406968,16406968,6406968 Total (Diversion),Monthly,12,2018,35.05,ACFT,K,Approved,2019-03-15 09:36:00
6406968,16406968,6406968 Total (Diversion),Monthly,12,2019,33.27,ACFT,K,Approved,2020-02-27 09:31:00
6406968,16406968,6406968 Total (Diversion),Monthly,12,2020,55.73,ACFT,K,Approved,2021-04-20 08:20:00
6406968,16406968,6406968 Total (Diversion),Monthly,10,2021,40.05,ACFT,U,Approved,2022-09-14 13:31:00
6406968,16406968,6406968 Total (Diversion),Monthly,12,2022,34.09,ACFT,U,Approved,2023-10-23 07:48:00
6406968,16406968,6406968 Total (Diversion),Monthly,11,2023,17.92,ACFT,K,Approved,2024-02-27 08:45:00
6406968,16406968,6406968 Total (Diversion),Monthly,12,2024,18.44,ACFT,K,Approved,2024-12-17 13:12:00
6406969,16406969,6406969 Total (Diversion),Monthly,12,2019,0.24,ACFT,*,Approved,2020-02-27 09:31:00
6406979,16406979,6406979 Total (Diversion),Monthly,12,2022,131.01,ACFT,U,Approved,2023-10-23 07:48:00
6406979,16406979,6406979 Total (Diversion),Monthly,1,2023,15.91,ACFT,K,Approved,2024-02-27 08:45:00
6406979,16406979,6406979 Total (Diversion),Monthly,1,2024,25.42,ACFT,K,Approved,2024-12-17 13:12:00
6406980,16406980,6406980 Total (Diversion),Monthly,3,2020,0.12,ACFT,K,Approved,2021-04-20 08:20:00
6406980,16406980,6406980 Total (Diversion),Monthly,7,2021,0.15,ACFT,U,Approved,2022-09-14 13:31:00
6406980,16406980,6406980 Total (Diversion),Monthly,4,2022,0.05,ACFT,U,Approved,2023-10-23 07:48:00
6406980,16406980,6406980 Total (Diversion),Monthly,4,2023,0.06,ACFT,K,Approved,2024-02-27 08:45:00
6406980,16406980,6406980 Total (Diversion),Monthly,4,2024,0.06,ACFT,K,Approved,2024-12-17 13:12:00
6406981,16406981,6406981 Total (Diversion),Monthly,2,2020,0.02,ACFT,K,Approved,2021-04-20 08:20:00
6406981,16406981,6406981 Total (Diversion),Monthly,7,2021,0.15,ACFT,U,Approved,2022-09-14 13:31:00
6406981,16406981,6406981 Total (Diversion),Monthly,3,2022,0.03,ACFT,U,Approved,2023-10-23 07:48:00
6406981,16406981,6406981 Total (Diversion),Monthly,3,2023,0.03,ACFT,K,Approved,2024-02-27 08:45:00
6406981,16406981,6406981 Total (Diversion),Monthly,3,2024,0.03,ACFT,K,Approved,2024-12-17 13:12:00
6406988,16406988,6406988 Total (Diversion),Monthly,3,2020,0.13,ACFT,K,Approved,2021-04-20 08:20:00
6406988,16406988,6406988 Total (Diversion),Monthly,7,2021,0.15,ACFT,U,Approved,2022-09-14 13:31:00
6406988,16406988,6406988 Total (Diversion),Monthly,5,2022,0.07,ACFT,U,Approved,2023-10-23 07:48:00
6406988,16406988,6406988 Total (Diversion),Monthly,5,2023,0.08,ACFT,K,Approved,2024-02-27 08:45:00
6406988,16406988,6406988 Total (Diversion),Monthly,5,2024,0.08,ACFT,K,Approved,2024-12-17 13:12:00
6406992,16406992,6406992 Total (Diversion),Monthly,5,2021,132.21,ACFT,U,Approved,2022-09-14 13:31:00
6406992,16406992,6406992 Total (Diversion),Monthly,7,2022,117.48,ACFT,U,Approved,2023-10-23 07:48:00
6406992,16406992,6406992 Total (Diversion),Monthly,3,2023,52.41,ACFT,K,Approved,2024-02-27 08:45:00
6406992,16406992,6406992 Total (Diversion),Monthly,7,2024,141.5,ACFT,K,Approved,2024-12-17 13:12:00
6407012,16407012,6407012 Total (Diversion),Monthly,4,2021,69.59,ACFT,U,Approved,2022-09-14 13:31:00
6407012,16407012,6407012 Total (Diversion),Monthly,8,2022,63.11,ACFT,U,Approved,2023-10-23 07:48:00
6407012,16407012,6407012 Total (Diversion),Monthly,5,2023,21.41,ACFT,K,Approved,2024-02-27 08:45:00
6407012,16407012,6407012 Total (Diversion),Monthly,5,2024,41.07,ACFT,K,Approved,2024-12-17 13:12:00
6407013,16407013,6407013 Total (Diversion),Monthly,4,2021,69.59,ACFT,U,Approved,2022-09-14 13:31:00
6407013,16407013,6407013 Total (Diversion),Monthly,8,2022,63.11,ACFT,U,Approved,2023-10-23 07:48:00
6407013,16407013,6407013 Total (Diversion),Monthly,5,2023,21.41,ACFT,K,Approved,2024-02-27 08:45:00
6407013,16407013,6407013 Total (Diversion),Monthly,5,2024,41.07,ACFT,K,Approved,2024-12-17 13:12:00
6407017,16407017,6407017 Total (Diversion),Monthly,4,2021,150.79,ACFT,U,Approved,2022-09-14 13:31:00
6407017,16407017,6407017 Total (Diversion),Monthly,2,2022,22.45,ACFT,U,Approved,2023-10-23 07:48:00
