wdid,waterClassNum,wcIdentifier,measInterval,measCount,dataMeasDate,dataValue,measUnits,obsCode,approvalStatus,modified
0106453,10106453,0106453 Total (Diversion),Monthly,7,2018,57.96,ACFT,K,Approved,2019-04-08 06:51:00
0106453,10106453,0106453 Total (Diversion),Monthly,6,2019,91.25,ACFT,K,Approved,2020-06-16 12:01:00
0106453,10106453,0106453 Total (Diversion),Monthly,12,2021,49.7678,ACFT,K,Approved,2022-09-16 08:16:00
0106453,10106453,0106453 Total (Diversion),Monthly,12,2022,52.1743,ACFT,K,Approved,2023-11-06 07:30:00
0106453,10106453,0106453 Total (Diversion),Monthly,12,2023,1.2297,ACFT,K,Approved,2024-06-24 15:01:00
0106453,10106453,0106453 Total (Diversion),Monthly,12,2024,113.2648,ACFT,K,Approved,2025-01-22 16:25:00
0108163,10108163,0108163 Total (Diversion),Monthly,2,2014,0.055,ACFT,K,Approved,2015-04-29 13:01:00
0108163,10108163,0108163 Total (Diversion),Monthly,3,2015,0.257,ACFT,K,Approved,2016-06-15 12:40:00
0108163,10108163,0108163 Total (Diversion),Monthly,2,2018,0.059,ACFT,K,Approved,2019-04-08 06:51:00
0108163,10108163,0108163 Total (Diversion),Monthly,12,2020,0.0,ACFT,K,Approved,2021-04-22 12:38:00
0108163,10108163,0108163 Total (Diversion),Monthly,12,2021,0.0,ACFT,K,Approved,2022-09-16 08:16:00
0108163,10108163,0108163 Total (Diversion),Monthly,12,2022,0.032,ACFT,K,Approved,2023-11-06 07:25:00
0108163,10108163,0108163 Total (Diversion),Monthly,12,2023,0.0,ACFT,K,Approved,2024-03-26 14:52:00
0108163,10108163,0108163 Total (Diversion),Monthly,12,2024,0.0,ACFT,K,Approved,2025-01-22 14:31:00
0108166,10108166,0108166 Total (Diversion),Monthly,3,2012,85.75,ACFT,U,Approved,2013-04-04 08:01:00
0108166,10108166,0108166 Total (Diversion),Monthly,1,2014,0.833,ACFT,K,Approved,2015-04-29 13:01:00
0108166,10108166,0108166 Total (Diversion),Monthly,1,2015,0.003,ACFT,K,Approved,2016-06-15 12:40:00
0108166,10108166,0108166 Total (Diversion),Monthly,1,2016,1.045,ACFT,K,Approved,2017-05-15 09:51:00
0108166,10108166,0108166 Total (Diversion),Monthly,1,2017,2.3836,ACFT,K,Approved,2018-04-04 11:56:00
0108166,10108166,0108166 Total (Diversion),Monthly,2,2018,0.1048,ACFT,K,Approved,2019-04-08 06:51:00
0108166,10108166,0108166 Total (Diversion),Monthly,24,2020,1.115,ACFT,K,Approved,2021-04-21 11:16:00
0108166,10108166,0108166 Total (Diversion),Monthly,12,2021,0.011,ACFT,K,Approved,2022-09-16 08:16:00
0108166,10108166,0108166 Total (Diversion),Monthly,12,2022,0.073,ACFT,K,Approved,2023-11-06 07:11:00
0108166,10108166,0108166 Total (Diversion),Monthly,12,2023,0.025,ACFT,K,Approved,2024-03-26 14:53:00
0108166,10108166,0108166 Total (Diversion),Monthly,12,2024,0.035,ACFT,K,Approved,2025-01-22 14:32:00
0108255,10108255,0108255 Total (Diversion),Monthly,2,2014,24.997,ACFT,K,Approved,2015-04-29 13:01:00
0108255,10108255,0108255 Total (Diversion),Monthly,4,2015,11.118,ACFT,K,Approved,2016-06-15 12:40:00
0108255,10108255,0108255 Total (Diversion),Monthly,1,2016,0.019,ACFT,K,Approved,2017-05-15 09:51:00
0108255,10108255,0108255 Total (Diversion),Monthly,1,2017,0.008,ACFT,K,Approved,2018-04-04 11:56:00
0108255,10108255,0108255 Total (Diversion),Monthly,4,2018,0.103,ACFT,K,Approved,2019-04-08 06:51:00
0108255,10108255,0108255 Total (Diversion),Monthly,12,2020,1.726,ACFT,K,Approved,2021-04-21 11:16:00
0108255,10108255,0108255 Total (Diversion),Monthly,12,2021,3.58,ACFT,K,Approved,2022-09-16 08:16:00
0108255,10108255,0108255 Total (Diversion),Monthly,12,2022,0.1,ACFT,K,Approved,2023-11-06 07:25:00
0108255,10108255,0108255 Total (Diversion),Monthly,12,2023,0.017,ACFT,K,Approved,2024-03-26 15:57:00
0108255,10108255,0108255 Total (Diversion),Monthly,12,2024,0.025,ACFT,K,Approved,2025-01-22 14:31:00
0108259,10108259,0108259 Total (Diversion),Monthly,1,2012,15.228,ACFT,U,Approved,2013-04-04 08:01:00
0108259,10108259,0108259 Total (Diversion),Monthly,1,2013,0.024,ACFT,K,Approved,2014-05-09 11:12:00
0108259,10108259,0108259 Total (Diversion),Monthly,1,2014,0.109,ACFT,K,Approved,2015-04-29 13:01:00
0108259,10108259,0108259 Total (Diversion),Monthly,3,2016,0.984,ACFT,K,Approved,2017-05-15 09:51:00
0108259,10108259,0108259 Total (Diversion),Monthly,1,2017,0.02,ACFT,K,Approved,2018-04-04 11:56:00
0108259,10108259,0108259 Total (Diversion),Monthly,6,2018,0.2,ACFT,K,Approved,2019-04-08 06:51:00
0108259,10108259,0108259 Total (Diversion),Monthly,2,2019,0.002,ACFT,K,Approved,2020-09-30 16:01:00
0108259,10108259,0108259 Total (Diversion),Monthly,12,2020,0.121,ACFT,K,Approved,2021-04-21 11:16:00
0108259,10108259,0108259 Total (Diversion),Monthly,12,2021,0.008,ACFT,K,Approved,2022-09-16 08:16:00
0108259,10108259,0108259 Total (Diversion),Monthly,12,2022,0.748,ACFT,K,Approved,2023-11-06 07:24:00
0108259,10108259,0108259 Total (Diversion),Monthly,12,2023,1.369,ACFT,K,Approved,2024-03-26 15:08:00
0108259,10108259,0108259 Total (Diversion),Monthly,12,2024,0.0,ACFT,K,Approved,2025-01-22 16:35:00
0108279,10108279,0108279 Total (Diversion),Monthly,6,2012,76.144,ACFT,U,Approved,2013-04-04 08:01:00
0108279,10108279,0108279 Total (Diversion),Monthly,3,2013,26.881,ACFT,K,Approved,2014-05-09 11:12:00
0108279,10108279,0108279 Total (Diversion),Monthly,4,2014,15.057,ACFT,K,Approved,2015-04-29 13:01:00
0108279,10108279,0108279 Total (Diversion),Monthly,6,2015,9.07,ACFT,K,Approved,2016-06-15 12:40:00
0108279,10108279,0108279 Total (Diversion),Monthly,2,2016,29.58,ACFT,K,Approved,2017-05-15 09:51:00
0108279,10108279,0108279 Total (Diversion),Monthly,1,2017,1.991,ACFT,K,Approved,2018-04-04 11:56:00
0108279,10108279,0108279 Total (Diversion),Monthly,1,2019,0.06,ACFT,*,Approved,2020-06-16 12:01:00
0108279,10108279,0108279 Total (Diversion),Monthly,12,2020,0.0,ACFT,K,Approved,2021-04-22 12:38:00
0108279,10108279,0108279 Total (Diversion),Monthly,12,2021,0.0,ACFT,K,Approved,2022-09-16 08:16:00
0108279,10108279,0108279 Total (Diversion),Monthly,12,2022,0.0519,ACFT,K,Approved,2023-11-06 07:25:00
0108279,10108279,0108279 Total (Diversion),Monthly,12,2023,0.0,ACFT,K,Approved,2024-03-26 15:03:00
0108279,10108279,0108279 Total (Diversion),Monthly,12,2024,0.0,ACFT,K,Approved,2025-01-22 16:16:00
6405162,16405162,6405162 Total (Diversion),Monthly,10,2011,5.809,ACFT,K,Approved,2012-05-23 08:51:00
6405162,16405162,6405162 Total (Diversion),Monthly,5,2012,6.23,ACFT,K,Approved,2013-04-04 08:06:00
6405162,16405162,6405162 Total (Diversion),Monthly,11,2013,5.19,ACFT,K,Approved,2014-05-01 16:21:00
6405162,16405162,6405162 Total (Diversion),Monthly,12,2014,3.74,ACFT,K,Approved,2015-05-11 10:26:00
6405162,16405162,6405162 Total (Diversion),Monthly,12,2015,3.07,ACFT,K,Approved,2016-05-25 18:44:00
6405162,16405162,6405162 Total (Diversion),Monthly,11,2016,6.05,ACFT,K,Approved,2017-03-24 09:10:00
6405162,16405162,6405162 Total (Diversion),Monthly,12,2017,5.33,ACFT,K,Approved,2018-03-29 12:30:00
6405162,16405162,6405162 Total (Diversion),Monthly,12,2018,5.8,ACFT,K,Approved,2019-03-15 09:36:00
6405162,16405162,6405162 Total (Diversion),Monthly,12,2019,4.26,ACFT,K,Approved,2020-02-27 09:31:00
6405162,16405162,6405162 Total (Diversion),Monthly,7,2020,4.8,ACFT,K,Approved,2021-04-20 08:20:00
6405162,16405162,6405162 Total (Diversion),Monthly,8,2021,4.29,ACFT,U,Approved,2022-09-14 13:31:00
6405162,16405162,6405162 Total (Diversion),Monthly,12,2022,3.74,ACFT,U,Approved,2023-10-23 07:48:00
6405163,16405163,6405163 Total (Diversion),Monthly,10,2011,5.5053,ACFT,K,Approved,2012-05-23 08:51:00
6405163,16405163,6405163 Total (Diversion),Monthly,6,2012,2.07,ACFT,K,Approved,2013-04-04 08:06:00
6405163,16405163,6405163 Total (Diversion),Monthly,10,2013,2.69,ACFT,K,Approved,2014-05-01 16:21:00
6405236,16405236,6405236 Total (Diversion),Monthly,1,2008,10.029,ACFT,U,Approved,2009-04-17 15:31:00
6405236,16405236,6405236 Total (Diversion),Monthly,1,2009,2.1,ACFT,U,Approved,2010-03-30 14:28:00
6405236,16405236,6405236 Total (Diversion),Monthly,5,2010,127.093,ACFT,U,Approved,2011-03-30 11:01:00
6405236,16405236,6405236 Total (Diversion),Monthly,5,2011,102.6807,ACFT,K,Approved,2012-05-23 08:51:00
6405236,16405236,6405236 Total (Diversion),Monthly,6,2012,151.91,ACFT,K,Approved,2013-04-04 08:06:00
6405236,16405236,6405236 Total (Diversion),Monthly,5,2013,112.03,ACFT,K,Approved,2014-05-01 16:21:00
6405236,16405236,6405236 Total (Diversion),Monthly,5,2014,95.45,ACFT,K,Approved,2015-05-11 10:26:00
6405236,16405236,6405236 Total (Diversion),Monthly,4,2015,101.33,ACFT,K,Approved,2016-05-25 18:44:00
6405236,16405236,6405236 Total (Diversion),Monthly,5,2016,98.49,ACFT,K,Approved,2017-03-24 09:10:00
6405236,16405236,6405236 Total (Diversion),Monthly,5,2017,89.28,ACFT,K,Approved,2018-03-29 12:30:00
6405236,16405236,6405236 Total (Diversion),Monthly,4,2018,97.96,ACFT,K,Approved,2019-03-15 09:36:00
6405236,16405236,6405236 Total (Diversion),Monthly,5,2019,96.76,ACFT,K,Approved,2020-02-27 09:31:00
6405236,16405236,6405236 Total (Diversion),Monthly,4,2020,103.76,ACFT,K,Approved,2021-04-20 08:20:00
6405236,16405236,6405236 Total (Diversion),Monthly,4,2021,101.07,ACFT,U,Approved,2022-09-14 13:31:00
6405236,16405236,6405236 Total (Diversion),Monthly,5,2022,127.85,ACFT,U,Approved,2023-10-23 07:48:00
6405236,16405236,6405236 Total (Diversion),Monthly,5,2023,134.33,ACFT,K,Approved,2024-02-27 08:45:00
6405236,16405236,6405236 Total (Diversion),Monthly,5,2024,81.98,ACFT,K,Approved,2024-12-17 13:12:00
6405237,16405237,6405237 Total (Diversion),Monthly,5,2008,225.726,ACFT,U,Approved,2009-04-17 15:31:00
6405237,16405237,6405237 Total (Diversion),Monthly,4,2009,195.63,ACFT,U,Approved,2010-03-30 14:28:00
6405237,16405237,6405237 Total (Diversion),Monthly,5,2010,127.093,ACFT,U,Approved,2011-03-30 11:01:00
6405237,16405237,6405237 Total (Diversion),Monthly,5,2011,102.6807,ACFT,K,Approved,2012-05-23 08:51:00
6405237,16405237,6405237 Total (Diversion),Monthly,6,2012,151.91,ACFT,K,Approved,2013-04-04 08:06:00
6405237,16405237,6405237 Total (Diversion),Monthly,5,2013,112.03,ACFT,K,Approved,2014-05-01 16:21:00
6405237,16405237,6405237 Total (Diversion),Monthly,5,2014,95.45,ACFT,K,Approved,2015-05-11 10:26:00
6405237,16405237,6405237 Total (Diversion),Monthly,4,2015,93.41,ACFT,K,Approved,2016-05-25 18:44:00
6405237,16405237,6405237 Total (Diversion),Monthly,5,2016,98.49,ACFT,K,Approved,2017-03-24 09:10:00
6405237,16405237,6405237 Total (Diversion),Monthly,5,2017,89.28,ACFT,K,Approved,2018-03-29 12:30:00
6405237,16405237,6405237 Total (Diversion),Monthly,4,2018,97.96,ACFT,K,Approved,2019-03-15 09:36:00
6405237,16405237,6405237 Total (Diversion),Monthly,5,2019,96.76,ACFT,K,Approved,2020-02-27 09:31:00
6405237,16405237,6405237 Total (Diversion),Monthly,4,2020,103.76,ACFT,K,Approved,2021-04-20 08:20:00
6405237,16405237,6405237 Total (Diversion),Monthly,4,2021,101.07,ACFT,U,Approved,2022-09-14 13:31:00
6405237,16405237,6405237 Total (Diversion),Monthly,5,2022,127.85,ACFT,U,Approved,2023-10-23 07:48:00
6405237,16405237,6405237 Total (Diversion),Monthly,5,2023,134.33,ACFT,K,Approved,2024-02-27 08:45:00
6405237,16405237,6405237 Total (Diversion),Monthly,5,2024,81.98,ACFT,K,Approved,2024-12-17 13:12:00
6405238,16405238,6405238 Total (Diversion),Monthly,4,2007,0.06,ACFT,U,Approved,2008-04-07 13:37:00
6405240,16405240,6405240 Total (Diversion),Monthly,1,2007,0.01,ACFT,U,Approved,2008-04-07 13:37:00
6405241,16405241,6405241 Total (Diversion),Monthly,7,2007,57.23,ACFT,U,Approved,2008-04-07 13:37:00
6405241,16405241,6405241 Total (Diversion),Monthly,6,2008,58.173,ACFT,U,Approved,2009-04-17 15:31:00
6405241,16405241,6405241 Total (Diversion),Monthly,5,2009,33.35,ACFT,U,Approved,2010-03-30 14:28:00
6405241,16405241,6405241 Total (Diversion),Monthly,7,2010,44.867,ACFT,U,Approved,2011-03-30 11:01:00
6405241,16405241,6405241 Total (Diversion),Monthly,6,2011,61.788,ACFT,K,Approved,2012-05-23 08:51:00
6405241,16405241,6405241 Total (Diversion),Monthly,7,2012,111.46,ACFT,K,Approved,2013-04-04 08:06:00
6405241,16405241,6405241 Total (Diversion),Monthly,6,2013,95.48,ACFT,K,Approved,2014-05-01 16:21:00
6405241,16405241,6405241 Total (Diversion),Monthly,5,2014,61.67,ACFT,K,Approved,2015-05-11 10:26:00
6405241,16405241,6405241 Total (Diversion),Monthly,5,2015,42.38,ACFT,K,Approved,2016-05-25 18:44:00
6405241,16405241,6405241 Total (Diversion),Monthly,4,2016,78.67,ACFT,K,Approved,2017-03-24 09:10:00
6405241,16405241,6405241 Total (Diversion),Monthly,5,2017,52.59,ACFT,K,Approved,2018-03-29 12:30:00
6405241,16405241,6405241 Total (Diversion),Monthly,7,2018,69.8,ACFT,K,Approved,2019-03-15 09:36:00
6405241,16405241,6405241 Total (Diversion),Monthly,6,2019,51.4,ACFT,K,Approved,2020-02-27 09:31:00
6405241,16405241,6405241 Total (Diversion),Monthly,6,2020,73.25,ACFT,K,Approved,2021-04-20 08:20:00
6405241,16405241,6405241 Total (Diversion),Monthly,6,2021,89.59,ACFT,U,Approved,2022-09-14 13:31:00
6405241,16405241,6405241 Total (Diversion),Monthly,7,2022,78.07,ACFT,U,Approved,2023-10-23 07:48:00
6405241,16405241,6405241 Total (Diversion),Monthly,4,2023,6.01,ACFT,K,Approved,2024-02-27 08:45:00
6405241,16405241,6405241 Total (Diversion),Monthly,10,2024,107.84,ACFT,K,Approved,2024-12-17 13:12:00
6405552,16405552,6405552 Total (Diversion),Monthly,5,2007,232.57,ACFT,U,Approved,2008-04-07 13:37:00
6405552,16405552,6405552 Total (Diversion),Monthly,7,2008,263.753,ACFT,U,Approved,2009-04-17 15:31:00
6405552,16405552,6405552 Total (Diversion),Monthly,2,2009,66.517,ACFT,U,Approved,2010-03-30 14:28:00
6405552,16405552,6405552 Total (Diversion),Monthly,2,2010,74.553,ACFT,U,Approved,2011-03-30 11:01:00
6405552,16405552,6405552 Total (Diversion),Monthly,1,2011,67.437,ACFT,K,Approved,2012-05-23 08:51:00
6405552,16405552,6405552 Total (Diversion),Monthly,7,2012,463.1783,ACFT,K,Approved,2013-06-04 14:14:00
6405552,16405552,6405552 Total (Diversion),Monthly,4,2013,225.59,ACFT,K,Approved,2014-05-01 16:21:00
6405552,16405552,6405552 Total (Diversion),Monthly,3,2017,38.23,ACFT,K,Approved,2018-03-29 12:30:00
6405552,16405552,6405552 Total (Diversion),Monthly,1,2018,0.01,ACFT,K,Approved,2019-03-15 09:36:00
6405552,16405552,6405552 Total (Diversion),Monthly,2,2019,35.26,ACFT,K,Approved,2020-02-27 09:31:00
6405552,16405552,6405552 Total (Diversion),Monthly,1,2020,20.64,ACFT,K,Approved,2021-04-20 08:20:00
6405552,16405552,6405552 Total (Diversion),Monthly,1,2021,12.04,ACFT,U,Approved,2022-09-14 13:31:00
6405552,16405552,6405552 Total (Diversion),Monthly,5,2022,362.25,ACFT,U,Approved,2023-10-23 11:53:00
6405552,16405552,6405552 Total (Diversion),Monthly,1,2023,20.58,ACFT,K,Approved,2024-02-27 08:45:00
6405694,16405694,6405694 Total (Diversion),Monthly,8,2007,143.03,ACFT,U,Approved,2008-04-07 13:37:00
6405694,16405694,6405694 Total (Diversion),Monthly,6,2008,168.561,ACFT,U,Approved,2009-04-17 15:31:00
6405694,16405694,6405694 Total (Diversion),Monthly,4,2009,106.24,ACFT,U,Approved,2010-03-30 14:28:00
6405694,16405694,6405694 Total (Diversion),Monthly,4,2010,80.852,ACFT,U,Approved,2011-03-30 11:01:00
6405694,16405694,6405694 Total (Diversion),Monthly,5,2011,118.653,ACFT,K,Approved,2012-05-23 08:51:00
6405694,16405694,6405694 Total (Diversion),Monthly,5,2012,169.41,ACFT,K,Approved,2013-04-04 08:06:00
6405694,16405694,6405694 Total (Diversion),Monthly,5,2013,130.82,ACFT,K,Approved,2014-05-01 16:21:00
6405694,16405694,6405694 Total (Diversion),Monthly,5,2014,83.56,ACFT,K,Approved,2015-05-11 10:26:00
6405694,16405694,6405694 Total (Diversion),Monthly,4,2015,41.07,ACFT,K,Approved,2016-05-25 18:44:00
6405694,16405694,6405694 Total (Diversion),Monthly,5,2016,136.75,ACFT,K,Approved,2017-03-24 09:10:00
6405694,16405694,6405694 Total (Diversion),Monthly,4,2017,145.55,ACFT,K,Approved,2018-03-29 12:30:00
6405694,16405694,6405694 Total (Diversion),Monthly,4,2018,119.48,ACFT,K,Approved,2019-03-15 09:36:00
6405694,16405694,6405694 Total (Diversion),Monthly,5,2019,116.65,ACFT,K,Approved,2020-02-27 09:31:00
6405694,16405694,6405694 Total (Diversion),Monthly,5,2020,161.07,ACFT,K,Approved,2021-04-20 08:20:00
6405694,16405694,6405694 Total (Diversion),Monthly,4,2021,146.67,ACFT,U,Approved,2022-09-14 13:31:00
6405694,16405694,6405694 Total (Diversion),Monthly,6,2022,204.54,ACFT,U,Approved,2023-10-23 07:48:00
6405694,16405694,6405694 Total (Diversion),Monthly,4,2023,116.89,ACFT,K,Approved,2024-02-27 08:45:00
6405694,16405694,6405694 Total (Diversion),Monthly,5,2024,170.81,ACFT,K,Approved,2024-12-17 13:12:00
6405889,16405889,6405889 Total (Diversion),Monthly,3,2007,337.93,ACFT,U,Approved,2008-04-07 13:37:00
6405889,16405889,6405889 Total (Diversion),Monthly,6,2008,406.52,ACFT,U,Approved,2009-04-17 15:31:00
6405889,16405889,6405889 Total (Diversion),Monthly,5,2009,290.992,ACFT,U,Approved,2010-03-30 14:28:00
6405889,16405889,6405889 Total (Diversion),Monthly,4,2010,321.238,ACFT,U,Approved,2011-03-30 11:01:00
6405889,16405889,6405889 Total (Diversion),Monthly,5,2011,331.1101,ACFT,K,Approved,2012-05-23 08:51:00
6405889,16405889,6405889 Total (Diversion),Monthly,6,2012,516.57,ACFT,K,Approved,2013-04-04 08:06:00
6405889,16405889,6405889 Total (Diversion),Monthly,5,2013,370.13,ACFT,K,Approved,2014-05-01 16:21:00
6405889,16405889,6405889 Total (Diversion),Monthly,5,2014,257.8,ACFT,K,Approved,2015-05-11 10:26:00
6405889,16405889,6405889 Total (Diversion),Monthly,4,2015,301.21,ACFT,K,Approved,2016-05-25 18:44:00
6405889,16405889,6405889 Total (Diversion),Monthly,4,2016,353.59,ACFT,K,Approved,2017-03-24 09:10:00
6405889,16405889,6405889 Total (Diversion),Monthly,5,2017,273.94,ACFT,K,Approved,2018-03-29 12:30:00
6405889,16405889,6405889 Total (Diversion),Monthly,3,2018,211.45,ACFT,K,Approved,2019-03-15 09:36:00
6405889,16405889,6405889 Total (Diversion),Monthly,4,2019,287.09,ACFT,K,Approved,2020-02-27 09:31:00
6405889,16405889,6405889 Total (Diversion),Monthly,5,2020,347.12,ACFT,K,Approved,2021-04-20 08:20:00
6405889,16405889,6405889 Total (Diversion),Monthly,3,2021,289.94,ACFT,U,Approved,2022-09-14 13:31:00
6405889,16405889,6405889 Total (Diversion),Monthly,5,2022,462.22,ACFT,U,Approved,2023-10-23 07:48:00
6405889,16405889,6405889 Total (Diversion),Monthly,4,2023,254.99,ACFT,K,Approved,2024-02-27 08:45:00
6405889,16405889,6405889 Total (Diversion),Monthly,5,2024,385.88,ACFT,K,Approved,2024-12-17 13:12:00
6405926,16405926,6405926 Total (Diversion),Monthly,4,2007,233.91,ACFT,U,Approved,2008-04-07 13:37:00
6405926,16405926,6405926 Total (Diversion),Monthly,4,2008,231.133,ACFT,U,Approved,2009-04-17 15:31:00
6405926,16405926,6405926 Total (Diversion),Monthly,4,2009,237.082,ACFT,U,Approved,2010-03-30 14:28:00
6405926,16405926,6405926 Total (Diversion),Monthly,2,2010,118.313,ACFT,U,Approved,2011-03-30 11:01:00
6405926,16405926,6405926 Total (Diversion),Monthly,4,2011,142.5738,ACFT,K,Approved,2012-05-23 08:51:00
6405926,16405926,6405926 Total (Diversion),Monthly,4,2012,207.84,ACFT,K,Approved,2013-04-04 08:06:00
6405926,16405926,6405926 Total (Diversion),Monthly,5,2013,216.67,ACFT,K,Approved,2014-05-01 16:21:00
6405926,16405926,6405926 Total (Diversion),Monthly,3,2014,80.41,ACFT,K,Approved,2015-05-11 10:26:00
6405926,16405926,6405926 Total (Diversion),Monthly,3,2015,142.2,ACFT,K,Approved,2016-05-25 18:44:00
6405926,16405926,6405926 Total (Diversion),Monthly,3,2016,295.94,ACFT,K,Approved,2017-03-24 09:10:00
6405926,16405926,6405926 Total (Diversion),Monthly,4,2017,291.14,ACFT,K,Approved,2018-03-29 12:30:00
6405926,16405926,6405926 Total (Diversion),Monthly,2,2018,133.87,ACFT,K,Approved,2019-03-15 09:36:00
6405926,16405926,6405926 Total (Diversion),Monthly,3,2019,229.18,ACFT,K,Approved,2020-02-27 09:31:00
6405926,16405926,6405926 Total (Diversion),Monthly,6,2020,438.0,ACFT,K,Approved,2021-04-20 08:20:00
6405926,16405926,6405926 Total (Diversion),Monthly,4,2021,319.96,ACFT,U,Approved,2022-09-14 13:31:00
6405926,16405926,6405926 Total (Diversion),Monthly,4,2022,286.37,ACFT,U,Approved,2023-10-23 07:48:00
6405926,16405926,6405926 Total (Diversion),Monthly,3,2023,210.03,ACFT,K,Approved,2024-02-27 08:45:00
6405926,16405926,6405926 Total (Diversion),Monthly,6,2024,261.21,ACFT,K,Approved,2024-12-17 13:12:00
6406228,16406228,6406228 Total (Diversion),Monthly,5,2007,148.8,ACFT,U,Approved,2008-04-07 13:37:00
6406228,16406228,6406228 Total (Diversion),Monthly,5,2008,198.774,ACFT,U,Approved,2009-04-17 15:31:00
6406228,16406228,6406228 Total (Diversion),Monthly,5,2009,128.661,ACFT,U,Approved,2010-03-30 14:28:00
6406228,16406228,6406228 Total (Diversion),Monthly,4,2010,157.06,ACFT,U,Approved,2011-03-30 11:01:00
6406228,16406228,6406228 Total (Diversion),Monthly,4,2011,162.4281,ACFT,K,Approved,2012-05-23 08:51:00
6406228,16406228,6406228 Total (Diversion),Monthly,7,2012,331.83,ACFT,K,Approved,2013-04-04 08:06:00
6406228,16406228,6406228 Total (Diversion),Monthly,5,2013,192.9,ACFT,K,Approved,2014-05-01 16:21:00
6406228,16406228,6406228 Total (Diversion),Monthly,4,2014,137.07,ACFT,K,Approved,2015-05-11 10:26:00
6406228,16406228,6406228 Total (Diversion),Monthly,2,2015,65.84,ACFT,K,Approved,2016-05-25 18:44:00
6406228,16406228,6406228 Total (Diversion),Monthly,4,2016,199.96,ACFT,K,Approved,2017-03-24 09:10:00
6406228,16406228,6406228 Total (Diversion),Monthly,6,2017,241.37,ACFT,K,Approved,2018-03-29 12:30:00
6406228,16406228,6406228 Total (Diversion),Monthly,5,2018,181.59,ACFT,K,Approved,2019-03-15 09:36:00
6406228,16406228,6406228 Total (Diversion),Monthly,5,2019,135.33,ACFT,K,Approved,2020-02-27 09:31:00
6406228,16406228,6406228 Total (Diversion),Monthly,5,2020,157.72,ACFT,K,Approved,2021-04-20 08:20:00
6406228,16406228,6406228 Total (Diversion),Monthly,4,2021,149.2,ACFT,U,Approved,2022-09-14 13:31:00
6406228,16406228,6406228 Total (Diversion),Monthly,5,2022,225.0,ACFT,U,Approved,2023-10-23 07:48:00
6406228,16406228,6406228 Total (Diversion),Monthly,4,2023,114.1,ACFT,K,Approved,2024-02-27 08:45:00
6406228,16406228,6406228 Total (Diversion),Monthly,5,2024,192.16,ACFT,K,Approved,2024-12-17 13:12:00
6406381,16406381,6406381 Total (Diversion),Monthly,12,1996,743.4,ACFT,*,Approved,2001-08-16 17:46:00
6406381,16406381,6406381 Total (Diversion),Annual,1,1997,271.0,ACFT,U,Approved,2001-08-16 17:46:00
6406381,16406381,6406381 Total (Diversion),Monthly,9,1998,192.0,ACFT,U,Approved,2001-08-16 17:46:00
6406381,16406381,6406381 Total (Diversion),Monthly,12,2000,395.6,ACFT,*,Approved,2001-08-16 17:46:00
6406381,16406381,6406381 Total (Diversion),Monthly,12,2001,428.0,ACFT,U,Approved,2002-05-29 15:56:00
6406381,16406381,6406381 Total (Diversion),Monthly,12,2002,262.3,ACFT,*,Approved,2003-07-17 15:18:00
6406381,16406381,6406381 Total (Diversion),Monthly,12,2003,141.0,ACFT,*,Approved,2004-08-24 08:39:00
6406381,16406381,6406381 Total (Diversion),Monthly,8,2004,30.1,ACFT,U,Approved,2005-04-06 11:33:00
6406381,16406381,6406381 Total (Diversion),Monthly,6,2009,166.0,ACFT,U,Approved,2010-03-30 14:28:00
6406381,16406381,6406381 Total (Diversion),Daily,278,2011,20.1524,ACFT,*,Approved,2012-05-23 08:51:00
6406381,16406381,6406381 Total (Diversion),Monthly,12,2012,354.2275,ACFT,U,Approved,2013-04-04 08:06:00
6406381,16406381,6406381 Total (Diversion),Monthly,12,2013,182.6277,ACFT,U,Approved,2014-05-01 16:21:00
6406381,16406381,6406381 Total (Diversion),Monthly,10,2014,111.8999,ACFT,U,Approved,2015-05-11 10:26:00
6406381,16406381,6406381 Total (Diversion),Monthly,7,2015,195.0923,ACFT,U,Approved,2016-05-25 18:44:00
6406381,16406381,6406381 Total (Diversion),Monthly,12,2016,295.0217,ACFT,U,Approved,2017-03-24 09:10:00
6406381,16406381,6406381 Total (Diversion),Monthly,6,2017,107.44,ACFT,U,Approved,2018-03-29 12:30:00
6406381,16406381,6406381 Total (Diversion),Monthly,10,2018,265.6799,ACFT,U,Approved,2019-03-15 09:36:00
6406381,16406381,6406381 Total (Diversion),Monthly,6,2019,64.3951,ACFT,U,Approved,2020-02-27 09:31:00
6406381,16406381,6406381 Total (Diversion),Monthly,7,2020,77.5889,ACFT,U,Approved,2021-04-20 08:20:00
6406381,16406381,6406381 Total (Diversion),Monthly,8,2021,41.7226,ACFT,K,Approved,2022-09-14 13:31:00
6406381,16406381,6406381 Total (Diversion),Monthly,12,2022,299.5992,ACFT,K,Approved,2023-10-23 07:48:00
6406381,16406381,6406381 Total (Diversion),Monthly,11,2023,203.2332,ACFT,U,Approved,2023-12-06 10:28:00
6406381,16406381,6406381 Total (Diversion),Monthly,12,2024,256.9627,ACFT,U,Approved,2024-11-22 08:49:00
6406388,16406388,6406388 Total (Diversion),Monthly,7,2008,48.282,ACFT,U,Approved,2009-04-17 15:31:00
6406388,16406388,6406388 Total (Diversion),Monthly,6,2009,28.42,ACFT,U,Approved,2010-03-30 14:28:00
6406388,16406388,6406388 Total (Diversion),Monthly,7,2010,47.722,ACFT,U,Approved,2011-03-30 11:01:00
6406388,16406388,6406388 Total (Diversion),Monthly,7,2011,41.0858,ACFT,K,Approved,2012-05-23 08:51:00
6406388,16406388,6406388 Total (Diversion),Monthly,7,2012,104.5508,ACFT,U,Approved,2013-04-04 08:06:00
6406388,16406388,6406388 Total (Diversion),Monthly,7,2013,41.2767,ACFT,U,Approved,2014-05-01 16:21:00
6406388,16406388,6406388 Total (Diversion),Monthly,7,2014,38.2854,ACFT,U,Approved,2015-05-11 10:26:00
6406388,16406388,6406388 Total (Diversion),Monthly,7,2015,49.4245,ACFT,U,Approved,2016-05-25 18:44:00
6406388,16406388,6406388 Total (Diversion),Monthly,6,2016,44.4743,ACFT,U,Approved,2017-03-24 09:10:00
6406388,16406388,6406388 Total (Diversion),Monthly,6,2017,43.77,ACFT,U,Approved,2018-03-29 12:30:00
6406388,16406388,6406388 Total (Diversion),Monthly,6,2018,47.9053,ACFT,U,Approved,2019-03-15 09:36:00
6406388,16406388,6406388 Total (Diversion),Monthly,7,2019,41.746,ACFT,U,Approved,2020-02-27 09:31:00
6406388,16406388,6406388 Total (Diversion),Monthly,6,2020,49.8173,ACFT,U,Approved,2021-04-20 08:20:00
6406388,16406388,6406388 Total (Diversion),Monthly,8,2021,41.4453,ACFT,K,Approved,2022-09-14 13:31:00
6406388,16406388,6406388 Total (Diversion),Monthly,6,2022,55.2767,ACFT,K,Approved,2023-10-23 07:48:00
6406388,16406388,6406388 Total (Diversion),Monthly,7,2023,47.8041,ACFT,U,Approved,2023-12-20 07:35:00
6406399,16406399,6406399 Total (Diversion),Monthly,2,2008,0.012,ACFT,U,Approved,2009-04-17 15:31:00
6406405,16406405,6406405 Total (Diversion),Monthly,12,1996,1217.82,ACFT,*,Approved,2001-08-16 17:46:00
6406405,16406405,6406405 Total (Diversion),Annual,1,1997,422.0,ACFT,U,Approved,2001-08-16 17:46:00
6406405,16406405,6406405 Total (Diversion),Monthly,10,1998,482.5,ACFT,U,Approved,2001-08-16 17:46:00
6406405,16406405,6406405 Total (Diversion),Monthly,11,2000,441.2,ACFT,*,Approved,2001-08-16 17:46:00
6406405,16406405,6406405 Total (Diversion),Monthly,12,2001,525.7,ACFT,U,Approved,2002-05-29 15:56:00
6406405,16406405,6406405 Total (Diversion),Monthly,12,2002,445.4,ACFT,*,Approved,2003-07-17 15:18:00
6406405,16406405,6406405 Total (Diversion),Monthly,12,2003,424.3,ACFT,*,Approved,2004-08-24 08:39:00
6406405,16406405,6406405 Total (Diversion),Monthly,8,2004,325.8,ACFT,U,Approved,2005-04-06 11:33:00
6406405,16406405,6406405 Total (Diversion),Monthly,12,2007,401.11,ACFT,U,Approved,2008-04-07 13:37:00
6406405,16406405,6406405 Total (Diversion),Monthly,12,2008,406.295,ACFT,U,Approved,2009-04-17 15:31:00
6406405,16406405,6406405 Total (Diversion),Monthly,11,2009,330.0,ACFT,U,Approved,2010-03-30 14:28:00
6406405,16406405,6406405 Total (Diversion),Monthly,11,2010,461.228,ACFT,U,Approved,2011-03-30 11:01:00
6406405,16406405,6406405 Total (Diversion),Daily,365,2011,423.8184,ACFT,*,Approved,2012-05-23 08:51:00
6406405,16406405,6406405 Total (Diversion),Monthly,12,2012,345.075,ACFT,U,Approved,2013-04-04 08:06:00
6406405,16406405,6406405 Total (Diversion),Monthly,12,2013,319.0537,ACFT,U,Approved,2014-05-01 16:21:00
6406405,16406405,6406405 Total (Diversion),Monthly,12,2014,418.6331,ACFT,U,Approved,2015-05-11 10:26:00
6406405,16406405,6406405 Total (Diversion),Monthly,12,2015,467.8764,ACFT,U,Approved,2016-05-25 18:44:00
6406405,16406405,6406405 Total (Diversion),Monthly,12,2016,441.9841,ACFT,U,Approved,2017-03-24 09:10:00
6406405,16406405,6406405 Total (Diversion),Monthly,12,2017,476.44,ACFT,U,Approved,2018-03-29 12:30:00
6406405,16406405,6406405 Total (Diversion),Monthly,12,2018,477.2059,ACFT,U,Approved,2019-03-15 09:36:00
6406405,16406405,6406405 Total (Diversion),Monthly,12,2019,454.0511,ACFT,U,Approved,2020-02-27 09:31:00
6406405,16406405,6406405 Total (Diversion),Monthly,12,2020,451.3643,ACFT,U,Approved,2021-04-20 08:20:00
6406405,16406405,6406405 Total (Diversion),Monthly,12,2021,411.5746,ACFT,K,Approved,2022-09-14 13:31:00
6406405,16406405,6406405 Total (Diversion),Monthly,12,2022,418.012,ACFT,K,Approved,2023-10-23 07:48:00
6406405,16406405,6406405 Total (Diversion),Monthly,12,2023,423.4654,ACFT,U,Approved,2023-12-06 10:28:00
6406405,16406405,6406405 Total (Diversion),Monthly,12,2024,344.1911,ACFT,U,Approved,2024-11-22 08:49:00
6406406,16406406,6406406 Total (Diversion),Monthly,10,1996,546.02,ACFT,*,Approved,2001-08-16 17:46:00
6406406,16406406,6406406 Total (Diversion),Annual,1,1997,326.0,ACFT,U,Approved,2001-08-16 17:46:00
6406406,16406406,6406406 Total (Diversion),Monthly,11,1998,309.4,ACFT,U,Approved,2001-08-16 17:46:00
6406406,16406406,6406406 Total (Diversion),Monthly,10,2000,246.6,ACFT,*,Approved,2001-08-16 17:46:00
6406406,16406406,6406406 Total (Diversion),Monthly,11,2001,171.9,ACFT,U,Approved,2002-05-29 15:56:00
6406406,16406406,6406406 Total (Diversion),Monthly,12,2002,280.6,ACFT,*,Approved,2003-07-17 15:18:00
6406406,16406406,6406406 Total (Diversion),Monthly,12,2003,176.8,ACFT,*,Approved,2004-08-24 08:39:00
6406406,16406406,6406406 Total (Diversion),Monthly,8,2004,252.3,ACFT,U,Approved,2005-04-06 11:33:00
6406406,16406406,6406406 Total (Diversion),Monthly,12,2007,364.42,ACFT,U,Approved,2008-04-07 13:37:00
6406406,16406406,6406406 Total (Diversion),Monthly,12,2008,286.327,ACFT,U,Approved,2009-04-17 15:31:00
6406406,16406406,6406406 Total (Diversion),Monthly,12,2009,193.0,ACFT,U,Approved,2010-03-30 14:28:00
6406406,16406406,6406406 Total (Diversion),Monthly,5,2010,44.732,ACFT,U,Approved,2011-03-30 11:01:00
6406406,16406406,6406406 Total (Diversion),Daily,60,2011,10.5126,ACFT,*,Approved,2012-05-23 08:51:00
6406406,16406406,6406406 Total (Diversion),Monthly,9,2012,54.7949,ACFT,U,Approved,2013-04-04 08:06:00
6406406,16406406,6406406 Total (Diversion),Monthly,11,2013,269.6293,ACFT,U,Approved,2014-05-01 16:21:00
6406406,16406406,6406406 Total (Diversion),Monthly,12,2014,317.5978,ACFT,U,Approved,2015-05-11 10:26:00
6406406,16406406,6406406 Total (Diversion),Monthly,1,2017,1.79,ACFT,U,Approved,2018-03-29 12:30:00
6406406,16406406,6406406 Total (Diversion),Monthly,11,2018,157.0565,ACFT,U,Approved,2019-03-15 09:36:00
6406406,16406406,6406406 Total (Diversion),Monthly,3,2019,1.2767,ACFT,U,Approved,2020-02-27 09:31:00
6406406,16406406,6406406 Total (Diversion),Monthly,2,2020,4.8274,ACFT,U,Approved,2021-04-20 08:20:00
6406406,16406406,6406406 Total (Diversion),Monthly,2,2021,52.4197,ACFT,K,Approved,2022-09-14 13:31:00
6406406,16406406,6406406 Total (Diversion),Monthly,1,2022,1.0,ACFT,K,Approved,2023-10-23 07:48:00
6406406,16406406,6406406 Total (Diversion),Monthly,1,2023,0.6261,ACFT,U,Approved,2023-12-06 10:28:00
6406443,16406443,6406443 Total (Diversion),Monthly,3,2007,109.87,ACFT,U,Approved,2008-04-07 13:37:00
6406443,16406443,6406443 Total (Diversion),Monthly,3,2008,110.256,ACFT,U,Approved,2009-04-17 15:31:00
6406443,16406443,6406443 Total (Diversion),Monthly,3,2009,145.603,ACFT,U,Approved,2010-03-30 14:28:00
6406443,16406443,6406443 Total (Diversion),Monthly,2,2010,124.589,ACFT,U,Approved,2011-03-30 11:01:00
6406443,16406443,6406443 Total (Diversion),Monthly,4,2011,155.36,ACFT,K,Approved,2013-04-26 18:29:00
6406443,16406443,6406443 Total (Diversion),Monthly,6,2012,396.528,ACFT,K,Approved,2013-04-26 22:22:00
6406443,16406443,6406443 Total (Diversion),Monthly,4,2013,319.46,ACFT,K,Approved,2014-05-01 16:21:00
6406443,16406443,6406443 Total (Diversion),Monthly,6,2014,125.16,ACFT,K,Approved,2015-05-11 10:26:00
6406443,16406443,6406443 Total (Diversion),Monthly,8,2016,217.18,ACFT,K,Approved,2017-03-24 09:10:00
6406443,16406443,6406443 Total (Diversion),Monthly,2,2018,26.41,ACFT,K,Approved,2019-03-15 09:36:00
6406443,16406443,6406443 Total (Diversion),Monthly,4,2019,40.64,ACFT,K,Approved,2020-02-27 09:31:00
6406443,16406443,6406443 Total (Diversion),Monthly,16,2020,56.35,ACFT,K,Approved,2021-04-20 08:20:00
6406443,16406443,6406443 Total (Diversion),Monthly,1,2021,12.27,ACFT,U,Approved,2022-09-14 13:31:00
6406553,16406553,6406553 Total (Diversion),Monthly,8,2008,432.465,ACFT,U,Approved,2009-04-17 15:31:00
6406553,16406553,6406553 Total (Diversion),Monthly,2,2009,69.87,ACFT,U,Approved,2010-03-30 14:28:00
6406553,16406553,6406553 Total (Diversion),Monthly,3,2010,106.255,ACFT,U,Approved,2011-03-30 11:01:00
6406553,16406553,6406553 Total (Diversion),Monthly,2,2011,115.675,ACFT,K,Approved,2012-05-23 08:51:00
6406553,16406553,6406553 Total (Diversion),Monthly,6,2012,300.218,ACFT,K,Approved,2013-06-04 14:23:00
6406553,16406553,6406553 Total (Diversion),Monthly,4,2013,199.6,ACFT,K,Approved,2014-05-01 16:21:00
6406553,16406553,6406553 Total (Diversion),Monthly,3,2022,44.06,ACFT,U,Approved,2023-10-23 12:17:00
6406554,16406554,6406554 Total (Diversion),Monthly,1,2008,11.533,ACFT,U,Approved,2009-04-17 15:31:00
6406554,16406554,6406554 Total (Diversion),Monthly,2,2012,187.151,ACFT,K,Approved,2013-06-04 14:24:00
6406554,16406554,6406554 Total (Diversion),Monthly,2,2022,58.48,ACFT,U,Approved,2023-10-23 12:17:00
6406722,16406722,6406722 Total (Diversion),Monthly,8,2007,1.51,ACFT,U,Approved,2008-04-07 13:37:00
6406722,16406722,6406722 Total (Diversion),Monthly,8,2008,1.496,ACFT,U,Approved,2009-04-17 15:31:00
6406722,16406722,6406722 Total (Diversion),Monthly,8,2009,1.22,ACFT,U,Approved,2010-03-30 14:28:00
6406722,16406722,6406722 Total (Diversion),Monthly,8,2010,1.402,ACFT,U,Approved,2011-03-30 11:01:00
6406722,16406722,6406722 Total (Diversion),Monthly,8,2011,1.4198,ACFT,K,Approved,2012-05-23 08:51:00
6406722,16406722,6406722 Total (Diversion),Monthly,7,2012,1.12,ACFT,K,Approved,2013-04-04 08:06:00
6406722,16406722,6406722 Total (Diversion),Monthly,8,2013,1.18,ACFT,K,Approved,2014-05-01 16:21:00
6406722,16406722,6406722 Total (Diversion),Monthly,8,2014,1.41,ACFT,K,Approved,2015-05-11 10:26:00
6406722,16406722,6406722 Total (Diversion),Monthly,8,2015,1.49,ACFT,K,Approved,2016-05-25 18:44:00
6406722,16406722,6406722 Total (Diversion),Monthly,8,2016,1.88,ACFT,K,Approved,2017-03-24 09:10:00
6406722,16406722,6406722 Total (Diversion),Monthly,8,2017,1.47,ACFT,K,Approved,2018-03-29 12:30:00
6406722,16406722,6406722 Total (Diversion),Monthly,8,2018,1.46,ACFT,K,Approved,2019-03-15 09:36:00
6406722,16406722,6406722 Total (Diversion),Monthly,6,2019,0.63,ACFT,K,Approved,2020-02-27 09:31:00
6406722,16406722,6406722 Total (Diversion),Monthly,8,2020,0.31,ACFT,K,Approved,2021-04-20 08:20:00
6406722,16406722,6406722 Total (Diversion),Monthly,7,2021,1.96,ACFT,U,Approved,2022-09-14 13:31:00
6406722,16406722,6406722 Total (Diversion),Monthly,8,2022,1.66,ACFT,U,Approved,2023-10-23 07:48:00
6406722,16406722,6406722 Total (Diversion),Monthly,11,2023,1.86,ACFT,K,Approved,2024-02-27 08:45:00
6406722,16406722,6406722 Total (Diversion),Monthly,5,2024,0.72,ACFT,K,Approved,2024-12-17 13:12:00
6406734,16406734,6406734 Total (Diversion),Monthly,8,2007,0.78,ACFT,U,Approved,2008-04-07 13:37:00
6406734,16406734,6406734 Total (Diversion),Monthly,7,2008,5.509,ACFT,U,Approved,2009-04-17 15:31:00
6406734,16406734,6406734 Total (Diversion),Monthly,7,2009,4.912,ACFT,U,Approved,2010-03-30 14:28:00
6406734,16406734,6406734 Total (Diversion),Monthly,7,2010,4.942,ACFT,U,Approved,2011-03-30 11:01:00
6406734,16406734,6406734 Total (Diversion),Monthly,12,2011,4.6759,ACFT,K,Approved,2012-05-23 08:51:00
6406734,16406734,6406734 Total (Diversion),Monthly,11,2012,8.89,ACFT,K,Approved,2013-04-04 08:06:00
6406734,16406734,6406734 Total (Diversion),Monthly,6,2013,6.88,ACFT,K,Approved,2014-05-01 16:21:00
6406734,16406734,6406734 Total (Diversion),Monthly,12,2014,4.64,ACFT,K,Approved,2015-05-11 10:26:00
6406734,16406734,6406734 Total (Diversion),Monthly,12,2015,4.33,ACFT,K,Approved,2016-05-25 18:44:00
6406734,16406734,6406734 Total (Diversion),Monthly,6,2016,5.35,ACFT,K,Approved,2017-03-24 09:10:00
6406734,16406734,6406734 Total (Diversion),Monthly,7,2017,0.63,ACFT,K,Approved,2018-03-29 12:30:00
6406734,16406734,6406734 Total (Diversion),Monthly,12,2018,0.96,ACFT,K,Approved,2019-03-15 09:36:00
6406734,16406734,6406734 Total (Diversion),Monthly,11,2019,0.88,ACFT,K,Approved,2020-02-27 09:31:00
6406734,16406734,6406734 Total (Diversion),Monthly,7,2020,0.61,ACFT,K,Approved,2021-04-20 08:20:00
6406734,16406734,6406734 Total (Diversion),Monthly,6,2021,78.28,ACFT,U,Approved,2022-09-14 13:31:00
6406734,16406734,6406734 Total (Diversion),Monthly,12,2022,6.34,ACFT,U,Approved,2023-10-23 07:48:00
6406734,16406734,6406734 Total (Diversion),Monthly,6,2023,6.52,ACFT,K,Approved,2024-02-27 08:45:00
6406734,16406734,6406734 Total (Diversion),Monthly,6,2024,5.2,ACFT,K,Approved,2024-12-17 13:12:00
6406852,16406852,6406852 Total (Diversion),Monthly,12,2011,0.2553,ACFT,K,Approved,2012-05-23 08:51:00
6406852,16406852,6406852 Total (Diversion),Monthly,12,2012,0.3,ACFT,K,Approved,2013-04-04 08:06:00
6406852,16406852,6406852 Total (Diversion),Monthly,12,2013,0.75,ACFT,K,Approved,2014-05-01 16:21:00
6406852,16406852,6406852 Total (Diversion),Monthly,3,2014,0.03,ACFT,K,Approved,2015-05-11 10:26:00
6406852,16406852,6406852 Total (Diversion),Monthly,7,2015,0.21,ACFT,K,Approved,2016-05-25 18:44:00
6406852,16406852,6406852 Total (Diversion),Monthly,6,2016,0.09,ACFT,K,Approved,2017-03-24 09:10:00
6406852,16406852,6406852 Total (Diversion),Monthly,7,2017,8.77,ACFT,K,Approved,2018-03-29 12:30:00
6406852,16406852,6406852 Total (Diversion),Monthly,5,2018,0.13,ACFT,K,Approved,2019-03-15 09:36:00
6406852,16406852,6406852 Total (Diversion),Monthly,6,2019,0.11,ACFT,K,Approved,2020-02-27 09:31:00
6406852,16406852,6406852 Total (Diversion),Monthly,7,2020,1.68,ACFT,K,Approved,2021-04-20 08:20:00
6406852,16406852,6406852 Total (Diversion),Monthly,5,2021,0.11,ACFT,U,Approved,2022-09-14 13:31:00
6406852,16406852,6406852 Total (Diversion),Monthly,7,2022,0.13,ACFT,U,Approved,2023-10-23 07:48:00
6406852,16406852,6406852 Total (Diversion),Monthly,7,2023,0.43,ACFT,K,Approved,2024-02-27 08:45:00
6406852,16406852,6406852 Total (Diversion),Monthly,6,2024,0.12,ACFT,K,Approved,2024-12-17 13:12:00
6406853,16406853,6406853 Total (Diversion),Monthly,12,2011,0.2562,ACFT,K,Approved,2012-05-23 08:51:00
6406853,16406853,6406853 Total (Diversion),Monthly,12,2012,0.32,ACFT,K,Approved,2013-04-04 08:06:00
6406853,16406853,6406853 Total (Diversion),Monthly,12,2013,0.77,ACFT,K,Approved,2014-05-01 16:21:00
6406853,16406853,6406853 Total (Diversion),Monthly,4,2014,0.05,ACFT,K,Approved,2015-05-11 10:26:00
6406853,16406853,6406853 Total (Diversion),Monthly,7,2015,0.24,ACFT,K,Approved,2016-05-25 18:44:00
6406853,16406853,6406853 Total (Diversion),Monthly,6,2016,0.12,ACFT,K,Approved,2017-03-24 09:10:00
6406853,16406853,6406853 Total (Diversion),Monthly,6,2017,0.13,ACFT,K,Approved,2018-03-29 12:30:00
6406853,16406853,6406853 Total (Diversion),Monthly,5,2018,0.13,ACFT,K,Approved,2019-03-15 09:36:00
6406853,16406853,6406853 Total (Diversion),Monthly,6,2019,0.14,ACFT,K,Approved,2020-02-27 09:31:00
6406853,16406853,6406853 Total (Diversion),Monthly,6,2020,0.15,ACFT,K,Approved,2021-04-20 08:20:00
6406853,16406853,6406853 Total (Diversion),Monthly,5,2021,0.13,ACFT,U,Approved,2022-09-14 13:31:00
6406853,16406853,6406853 Total (Diversion),Monthly,6,2022,0.14,ACFT,U,Approved,2023-10-23 07:48:00
6406853,16406853,6406853 Total (Diversion),Monthly,6,2023,0.14,ACFT,K,Approved,2024-02-27 08:45:00
6406853,16406853,6406853 Total (Diversion),Monthly,6,2024,0.14,ACFT,K,Approved,2024-12-17 13:12:00
6406860,16406860,6406860 Total (Diversion),Monthly,4,2010,1.037,ACFT,U,Approved,2011-03-30 11:01:00
6406860,16406860,6406860 Total (Diversion),Monthly,12,2011,0.735,ACFT,K,Approved,2012-05-23 08:51:00
6406860,16406860,6406860 Total (Diversion),Monthly,6,2012,0.97,ACFT,K,Approved,2013-04-04 08:06:00
6406860,16406860,6406860 Total (Diversion),Monthly,5,2013,0.54,ACFT,K,Approved,2014-05-01 16:21:00
6406860,16406860,6406860 Total (Diversion),Monthly,6,2014,0.23,ACFT,K,Approved,2015-05-11 10:26:00
6406860,16406860,6406860 Total (Diversion),Monthly,4,2015,0.21,ACFT,K,Approved,2016-05-25 18:44:00
6406860,16406860,6406860 Total (Diversion),Monthly,5,2016,0.26,ACFT,K,Approved,2017-03-24 09:10:00
6406860,16406860,6406860 Total (Diversion),Monthly,6,2017,0.27,ACFT,K,Approved,2018-03-29 12:30:00
6406860,16406860,6406860 Total (Diversion),Monthly,10,2018,0.33,ACFT,K,Approved,2019-03-15 09:36:00
6406860,16406860,6406860 Total (Diversion),Monthly,11,2019,0.34,ACFT,K,Approved,2020-02-27 09:31:00
6406860,16406860,6406860 Total (Diversion),Monthly,11,2020,0.44,ACFT,K,Approved,2021-04-20 08:20:00
6406860,16406860,6406860 Total (Diversion),Monthly,10,2021,0.31,ACFT,U,Approved,2022-09-14 13:31:00
6406860,16406860,6406860 Total (Diversion),Monthly,12,2022,0.6,ACFT,U,Approved,2023-10-23 07:48:00
6406860,16406860,6406860 Total (Diversion),Monthly,5,2023,0.27,ACFT,K,Approved,2024-02-27 08:45:00
6406860,16406860,6406860 Total (Diversion),Monthly,5,2024,0.26,ACFT,K,Approved,2024-12-17 13:12:00
6406863,16406863,6406863 Total (Diversion),Monthly,12,2011,0.2291,ACFT,K,Approved,2012-05-23 08:51:00
6406863,16406863,6406863 Total (Diversion),Monthly,12,2012,0.29,ACFT,K,Approved,2013-04-04 08:06:00
6406863,16406863,6406863 Total (Diversion),Monthly,12,2013,0.92,ACFT,K,Approved,2014-05-01 16:21:00
6406863,16406863,6406863 Total (Diversion),Monthly,4,2014,0.04,ACFT,K,Approved,2015-05-11 10:26:00
6406863,16406863,6406863 Total (Diversion),Monthly,7,2015,0.27,ACFT,K,Approved,2016-05-25 18:44:00
6406863,16406863,6406863 Total (Diversion),Monthly,7,2016,0.11,ACFT,K,Approved,2017-03-24 09:10:00
6406863,16406863,6406863 Total (Diversion),Monthly,7,2017,0.13,ACFT,K,Approved,2018-03-29 12:30:00
6406863,16406863,6406863 Total (Diversion),Monthly,5,2018,0.13,ACFT,K,Approved,2019-03-15 09:36:00
6406863,16406863,6406863 Total (Diversion),Monthly,6,2019,0.14,ACFT,K,Approved,2020-02-27 09:31:00
6406863,16406863,6406863 Total (Diversion),Monthly,7,2020,0.17,ACFT,K,Approved,2021-04-20 08:20:00
6406863,16406863,6406863 Total (Diversion),Monthly,5,2021,0.13,ACFT,U,Approved,2022-09-14 13:31:00
6406863,16406863,6406863 Total (Diversion),Monthly,6,2022,0.14,ACFT,U,Approved,2023-10-23 07:48:00
6406863,16406863,6406863 Total (Diversion),Monthly,6,2023,0.14,ACFT,K,Approved,2024-02-27 08:45:00
6406863,16406863,6406863 Total (Diversion),Monthly,6,2024,0.14,ACFT,K,Approved,2024-12-17 13:12:00
6406959,16406959,6406959 Total (Diversion),Monthly,5,2017,0.29,ACFT,K,Approved,2018-03-29 12:30:00
6406959,16406959,6406959 Total (Diversion),Monthly,5,2018,0.43,ACFT,K,Approved,2019-03-15 09:36:00
6406959,16406959,6406959 Total (Diversion),Monthly,8,2019,0.43,ACFT,K,Approved,2020-02-27 09:31:00
6406959,16406959,6406959 Total (Diversion),Monthly,7,2020,0.24,ACFT,K,Approved,2021-04-20 08:20:00
6406959,16406959,6406959 Total (Diversion),Monthly,7,2021,0.27,ACFT,U,Approved,2022-09-14 13:31:00
6406959,16406959,6406959 Total (Diversion),Monthly,7,2022,0.33,ACFT,U,Approved,2023-10-23 07:48:00
6406959,16406959,6406959 Total (Diversion),Monthly,7,2023,0.34,ACFT,K,Approved,2024-02-27 08:45:00
6406959,16406959,6406959 Total (Diversion),Monthly,7,2024,0.34,ACFT,K,Approved,2024-12-17 13:12:00
6406960,16406960,6406960 Total (Diversion),Monthly,4,2017,0.26,ACFT,K,Approved,2018-03-29 12:30:00
6406960,16406960,6406960 Total (Diversion),Monthly,6,2018,0.22,ACFT,K,Approved,2019-03-15 09:36:00
6406960,16406960,6406960 Total (Diversion),Monthly,11,2019,0.45,ACFT,K,Approved,2020-02-27 09:31:00
6406960,16406960,6406960 Total (Diversion),Monthly,6,2020,0.6,ACFT,K,Approved,2021-04-20 08:20:00
6406960,16406960,6406960 Total (Diversion),Monthly,6,2021,0.23,ACFT,U,Approved,2022-09-14 13:31:00
6406960,16406960,6406960 Total (Diversion),Monthly,12,2022,2.61,ACFT,U,Approved,2023-10-23 07:48:00
6406960,16406960,6406960 Total (Diversion),Monthly,11,2023,0.32,ACFT,K,Approved,2024-02-27 08:45:00
6406960,16406960,6406960 Total (Diversion),Monthly,8,2024,11.01,ACFT,K,Approved,2024-12-17 13:12:00
6406963,16406963,6406963 Total (Diversion),Monthly,8,2019,0.94,ACFT,K,Approved,2020-02-27 09:31:00
6406963,16406963,6406963 Total (Diversion),Monthly,3,2020,0.04,ACFT,K,Approved,2021-04-20 08:20:00
6406963,16406963,6406963 Total (Diversion),Monthly,4,2021,0.14,ACFT,U,Approved,2022-09-14 13:31:00
6406963,16406963,6406963 Total (Diversion),Monthly,4,2022,0.14,ACFT,U,Approved,2023-10-23 07:48:00
6406963,16406963,6406963 Total (Diversion),Monthly,4,2023,0.22,ACFT,K,Approved,2024-02-27 08:45:00
6406963,16406963,6406963 Total (Diversion),Monthly,4,2024,0.14,ACFT,K,Approved,2024-12-17 13:12:00
6406974,16406974,6406974 Total (Diversion),Monthly,5,2019,0.15,ACFT,K,Approved,2020-02-27 09:31:00
6406974,16406974,6406974 Total (Diversion),Monthly,4,2020,0.04,ACFT,K,Approved,2021-04-20 08:20:00
6406974,16406974,6406974 Total (Diversion),Monthly,7,2021,0.17,ACFT,U,Approved,2022-09-14 13:31:00
6406974,16406974,6406974 Total (Diversion),Monthly,5,2022,0.07,ACFT,U,Approved,2023-10-23 07:48:00
6406974,16406974,6406974 Total (Diversion),Monthly,5,2023,0.08,ACFT,K,Approved,2024-02-27 08:45:00
6406974,16406974,6406974 Total (Diversion),Monthly,5,2024,0.08,ACFT,K,Approved,2024-12-17 13:12:00
6406978,16406978,6406978 Total (Diversion),Monthly,8,2019,17.82,ACFT,K,Approved,2020-02-27 09:31:00
6406978,16406978,6406978 Total (Diversion),Monthly,8,2020,3.73,ACFT,K,Approved,2021-04-20 08:20:00
6406978,16406978,6406978 Total (Diversion),Monthly,12,2021,21.16,ACFT,U,Approved,2022-09-14 13:31:00
6406978,16406978,6406978 Total (Diversion),Monthly,12,2022,13.98,ACFT,U,Approved,2023-10-23 07:48:00
6406978,16406978,6406978 Total (Diversion),Monthly,12,2023,15.41,ACFT,K,Approved,2024-02-27 08:45:00
6406978,16406978,6406978 Total (Diversion),Monthly,12,2024,15.41,ACFT,K,Approved,2024-12-17 13:12:00
6407019,16407019,6407019 Total (Diversion),Monthly,8,2021,3.46,ACFT,U,Approved,2022-09-14 13:31:00
6407019,16407019,6407019 Total (Diversion),Monthly,8,2022,3.46,ACFT,U,Approved,2023-10-23 07:48:00
6407019,16407019,6407019 Total (Diversion),Monthly,9,2023,3.47,ACFT,K,Approved,2024-02-27 08:45:00
6407019,16407019,6407019 Total (Diversion),Monthly,3,2024,1.74,ACFT,K,Approved,2024-12-17 13:12:00
