wdid,waterClassNum,wcIdentifier,measInterval,measCount,dataMeasDate,dataValue,measUnits,obsCode,approvalStatus,modified
0105006,10105006,0105006 Total (Diversion),Annual,1,1979,0.0,ACFT,*,Approved,2001-08-16 17:46:00
0105006,10105006,0105006 Total (Diversion),Annual,1,1980,72.0,ACFT,*,Approved,2001-08-16 17:46:00
0105006,10105006,0105006 Total (Diversion),Annual,1,1981,544.0,ACFT,*,Approved,2001-08-16 17:46:00
0105006,10105006,0105006 Total (Diversion),Annual,1,1982,123.7,ACFT,*,Approved,2001-08-16 17:46:00
0105006,10105006,0105006 Total (Diversion),Annual,1,1983,2.6,ACFT,*,Approved,2001-08-16 17:46:00
0105006,10105006,0105006 Total (Diversion),Annual,1,1984,3.0,ACFT,*,Approved,2001-08-16 17:46:00
0105006,10105006,0105006 Total (Diversion),Annual,1,1985,51.47,ACFT,*,Approved,2001-08-16 17:46:00
0105006,10105006,0105006 Total (Diversion),Annual,1,1986,212.0,ACFT,*,Approved,2001-08-16 17:46:00
0105006,10105006,0105006 Total (Diversion),Annual,1,1987,46.0,ACFT,*,Approved,2001-08-16 17:46:00
0105006,10105006,0105006 Total (Diversion),Annual,1,1989,139.0,ACFT,*,Approved,2001-08-16 17:46:00
0105006,10105006,0105006 Total (Diversion),Annual,1,1990,649.0,ACFT,*,Approved,2001-08-16 17:46:00
0105006,10105006,0105006 Total (Diversion),Annual,1,1992,321.0,ACFT,*,Approved,2001-08-16 17:46:00
0105006,10105006,0105006 Total (Diversion),Annual,1,1993,232.0,ACFT,*,Approved,2001-08-16 17:46:00
0105006,10105006,0105006 Total (Diversion),Annual,1,2000,172.1,ACFT,U,Approved,2002-12-02 15:04:00
0105006,10105006,0105006 Total (Diversion),Annual,1,2001,222.0,ACFT,U,Approved,2002-05-29 15:56:00
0105006,10105006,0105006 Total (Diversion),Monthly,9,2016,10.9519,ACFT,K,Approved,2017-05-15 09:51:00
0105055,10105055,0105055 Total (Diversion),Daily,6,2004,16.2647,ACFT,*,Approved,2005-04-06 11:37:00
0105055,10105055,0105055 Total (Diversion),Daily,87,2008,151.1824,ACFT,*,Approved,2009-04-17 15:51:00
0105055,10105055,0105055 Total (Diversion),Daily,44,2009,104.8676,ACFT,U,Approved,2010-04-08 10:41:00
0105055,10105055,0105055 Total (Diversion),Daily,52,2010,174.7285,ACFT,U,Approved,2011-03-30 10:41:00
0105055,10105055,0105055 Total (Diversion),Daily,61,2011,452.3967,ACFT,K,Approved,2013-04-26 15:34:00
0105055,10105055,0105055 Total (Diversion),Daily,65,2012,364.1547,ACFT,U,Approved,2013-04-26 19:04:00
0105055,10105055,0105055 Total (Diversion),Daily,21,2013,42.0897,ACFT,U,Approved,2014-05-09 11:11:00
0105055,10105055,0105055 Total (Diversion),Daily,46,2014,104.7377,ACFT,U,Approved,2015-04-29 13:01:00
0105055,10105055,0105055 Total (Diversion),Daily,45,2015,191.0884,ACFT,U,Approved,2016-06-15 12:40:00
0105055,10105055,0105055 Total (Diversion),Daily,95,2017,252.3607,ACFT,U,Approved,2018-04-04 11:55:00
0105055,10105055,0105055 Total (Diversion),Daily,97,2018,132.6168,ACFT,U,Approved,2019-04-08 06:50:00
0105055,10105055,0105055 Total (Diversion),Daily,128,2019,116.9075,ACFT,U,Approved,2020-06-16 12:00:00
0105055,10105055,0105055 Total (Diversion),Daily,94,2020,342.1817,ACFT,U,Approved,2021-04-21 11:15:00
0105055,10105055,0105055 Total (Diversion),Daily,127,2021,638.878,ACFT,U,Approved,2022-09-16 08:15:00
0105055,10105055,0105055 Total (Diversion),Daily,111,2022,195.7839,ACFT,U,Approved,2023-11-03 07:41:00
0105055,10105055,0105055 Total (Diversion),Daily,94,2023,303.9982,ACFT,U,Approved,2024-04-22 14:57:00
0105055,10105055,0105055 Total (Diversion),Daily,934,2024,283.4747,ACFT,U,Approved,2025-04-16 10:22:00
0105057,10105057,0105057 Total (Diversion),Daily,31,2004,126.7457,ACFT,*,Approved,2005-04-06 11:37:00
0105057,10105057,0105057 Total (Diversion),Daily,149,2008,478.1544,ACFT,*,Approved,2009-04-17 15:51:00
0105057,10105057,0105057 Total (Diversion),Daily,32,2010,104.8002,ACFT,U,Approved,2011-03-30 10:41:00
0105057,10105057,0105057 Total (Diversion),Daily,21,2011,76.3052,ACFT,K,Approved,2013-04-26 15:35:00
0105057,10105057,0105057 Total (Diversion),Daily,158,2012,1028.4745,ACFT,U,Approved,2013-04-26 19:05:00
0105057,10105057,0105057 Total (Diversion),Daily,90,2013,231.0583,ACFT,U,Approved,2014-05-09 11:11:00
0105057,10105057,0105057 Total (Diversion),Daily,61,2014,163.3579,ACFT,U,Approved,2015-04-29 13:01:00
0105057,10105057,0105057 Total (Diversion),Daily,63,2016,102.904,ACFT,U,Approved,2017-05-15 09:50:00
0105057,10105057,0105057 Total (Diversion),Daily,96,2017,306.1929,ACFT,U,Approved,2018-04-04 11:55:00
0105057,10105057,0105057 Total (Diversion),Daily,133,2018,188.6309,ACFT,U,Approved,2019-04-08 06:50:00
0105057,10105057,0105057 Total (Diversion),Daily,98,2019,118.6728,ACFT,U,Approved,2020-06-16 12:00:00
0105057,10105057,0105057 Total (Diversion),Daily,94,2020,178.8082,ACFT,U,Approved,2021-04-21 11:15:00
0105057,10105057,0105057 Total (Diversion),Daily,127,2021,775.3948,ACFT,U,Approved,2022-09-16 08:15:00
0105057,10105057,0105057 Total (Diversion),Daily,211,2022,616.3345,ACFT,U,Approved,2023-11-03 06:26:00
0105057,10105057,0105057 Total (Diversion),Daily,166,2023,434.4284,ACFT,U,Approved,2024-04-22 14:57:00
0105057,10105057,0105057 Total (Diversion),Daily,934,2024,450.4677,ACFT,U,Approved,2025-04-16 10:22:00
0105058,10105058,0105058 Total (Diversion),Daily,36,2004,144.0021,ACFT,*,Approved,2005-04-06 11:37:00
0105058,10105058,0105058 Total (Diversion),Daily,135,2008,112.8433,ACFT,*,Approved,2009-04-17 15:51:00
0105058,10105058,0105058 Total (Diversion),Daily,14,2009,13.1506,ACFT,U,Approved,2010-04-08 10:41:00
0105058,10105058,0105058 Total (Diversion),Daily,32,2010,55.0957,ACFT,U,Approved,2011-03-30 10:41:00
0105058,10105058,0105058 Total (Diversion),Daily,79,2012,250.9147,ACFT,U,Approved,2013-04-26 19:05:00
0105058,10105058,0105058 Total (Diversion),Daily,74,2013,100.3998,ACFT,U,Approved,2014-05-09 11:11:00
0105058,10105058,0105058 Total (Diversion),Daily,32,2014,55.2371,ACFT,U,Approved,2015-04-29 13:01:00
0105058,10105058,0105058 Total (Diversion),Daily,34,2015,141.7766,ACFT,U,Approved,2016-06-15 12:40:00
0105058,10105058,0105058 Total (Diversion),Daily,133,2016,47.9214,ACFT,U,Approved,2017-05-15 09:50:00
0105058,10105058,0105058 Total (Diversion),Daily,65,2017,106.1768,ACFT,U,Approved,2018-04-04 11:55:00
0105058,10105058,0105058 Total (Diversion),Daily,164,2018,50.4999,ACFT,U,Approved,2019-04-08 06:50:00
0105058,10105058,0105058 Total (Diversion),Daily,133,2019,55.2008,ACFT,U,Approved,2020-06-16 12:00:00
0105058,10105058,0105058 Total (Diversion),Daily,102,2020,87.3131,ACFT,U,Approved,2021-04-21 11:15:00
0105058,10105058,0105058 Total (Diversion),Daily,131,2021,139.9736,ACFT,U,Approved,2022-09-16 08:15:00
0105058,10105058,0105058 Total (Diversion),Daily,120,2022,82.0056,ACFT,U,Approved,2023-11-03 06:26:00
0105058,10105058,0105058 Total (Diversion),Daily,126,2023,185.4626,ACFT,U,Approved,2024-04-23 12:24:00
0105058,10105058,0105058 Total (Diversion),Daily,934,2024,270.8509,ACFT,U,Approved,2025-04-16 10:22:00
0105060,10105060,0105060 Total (Diversion),Daily,40,2004,57.5215,ACFT,*,Approved,2005-04-06 11:37:00
0105060,10105060,0105060 Total (Diversion),Daily,60,2008,84.4376,ACFT,*,Approved,2009-04-17 15:51:00
0105060,10105060,0105060 Total (Diversion),Daily,27,2009,114.6661,ACFT,U,Approved,2010-04-08 10:41:00
0105060,10105060,0105060 Total (Diversion),Daily,89,2010,260.1578,ACFT,U,Approved,2011-03-30 10:41:00
0105060,10105060,0105060 Total (Diversion),Daily,83,2011,592.8999,ACFT,K,Approved,2013-04-26 15:37:00
0105060,10105060,0105060 Total (Diversion),Daily,87,2012,306.179,ACFT,U,Approved,2013-04-26 19:06:00
0105060,10105060,0105060 Total (Diversion),Daily,66,2013,127.9419,ACFT,U,Approved,2014-05-09 11:11:00
0105060,10105060,0105060 Total (Diversion),Daily,53,2014,109.1086,ACFT,U,Approved,2015-04-29 13:01:00
0105060,10105060,0105060 Total (Diversion),Daily,86,2015,485.1403,ACFT,U,Approved,2016-06-15 12:40:00
0105060,10105060,0105060 Total (Diversion),Daily,65,2016,108.8148,ACFT,U,Approved,2017-05-15 09:50:00
0105060,10105060,0105060 Total (Diversion),Daily,127,2017,270.7358,ACFT,U,Approved,2018-04-04 11:55:00
0105060,10105060,0105060 Total (Diversion),Daily,97,2018,212.7105,ACFT,U,Approved,2019-04-08 06:50:00
0105060,10105060,0105060 Total (Diversion),Daily,96,2019,647.2756,ACFT,U,Approved,2020-06-16 12:00:00
0105060,10105060,0105060 Total (Diversion),Daily,95,2020,198.8929,ACFT,U,Approved,2021-04-21 11:15:00
0105060,10105060,0105060 Total (Diversion),Daily,35,2023,111.4725,ACFT,U,Approved,2024-04-22 14:57:00
0105122,10105122,0105122 Total (Diversion),Daily,169,2008,131.6013,ACFT,*,Approved,2009-04-17 15:51:00
0105122,10105122,0105122 Total (Diversion),Daily,6,2009,9.2034,ACFT,U,Approved,2010-04-08 10:41:00
0105122,10105122,0105122 Total (Diversion),Daily,45,2014,91.4507,ACFT,U,Approved,2015-04-29 13:01:00
0105122,10105122,0105122 Total (Diversion),Daily,44,2015,212.1413,ACFT,U,Approved,2016-06-15 12:40:00
0105122,10105122,0105122 Total (Diversion),Daily,65,2016,142.9112,ACFT,U,Approved,2017-05-15 09:50:00
0105122,10105122,0105122 Total (Diversion),Daily,94,2017,130.5143,ACFT,U,Approved,2018-04-04 11:55:00
0105122,10105122,0105122 Total (Diversion),Daily,66,2018,62.0637,ACFT,U,Approved,2019-04-08 06:50:00
0105122,10105122,0105122 Total (Diversion),Daily,96,2019,205.8278,ACFT,U,Approved,2020-06-16 12:00:00
0105122,10105122,0105122 Total (Diversion),Daily,125,2020,172.2315,ACFT,U,Approved,2021-04-21 11:15:00
0105122,10105122,0105122 Total (Diversion),Daily,127,2021,231.0897,ACFT,U,Approved,2022-09-16 08:15:00
0105122,10105122,0105122 Total (Diversion),Daily,135,2022,156.2218,ACFT,U,Approved,2023-11-03 06:26:00
0105122,10105122,0105122 Total (Diversion),Daily,101,2023,231.8569,ACFT,U,Approved,2024-04-22 14:57:00
0105122,10105122,0105122 Total (Diversion),Daily,650,2024,141.3283,ACFT,U,Approved,2025-04-16 10:22:00
0105189,10105189,0105189 Total (Diversion),Daily,99,2008,17.5341,ACFT,*,Approved,2009-04-17 15:51:00
0105189,10105189,0105189 Total (Diversion),Daily,2,2009,0.9918,ACFT,U,Approved,2010-04-08 10:41:00
0105189,10105189,0105189 Total (Diversion),Daily,7,2010,22.6516,ACFT,U,Approved,2011-03-30 10:41:00
0105189,10105189,0105189 Total (Diversion),Daily,44,2011,75.5813,ACFT,K,Approved,2013-04-26 15:39:00
0105189,10105189,0105189 Total (Diversion),Daily,44,2012,200.2899,ACFT,U,Approved,2013-04-26 19:06:00
0105189,10105189,0105189 Total (Diversion),Daily,35,2013,59.814,ACFT,U,Approved,2014-05-09 11:11:00
0105189,10105189,0105189 Total (Diversion),Daily,14,2014,25.9952,ACFT,U,Approved,2015-04-29 13:01:00
0105189,10105189,0105189 Total (Diversion),Daily,93,2016,104.6098,ACFT,U,Approved,2017-05-15 09:50:00
0105189,10105189,0105189 Total (Diversion),Daily,32,2017,52.4239,ACFT,U,Approved,2018-04-04 11:55:00
0105189,10105189,0105189 Total (Diversion),Daily,7,2023,2.5458,ACFT,U,Approved,2024-04-22 14:57:00
0105189,10105189,0105189 Total (Diversion),Daily,650,2024,106.9126,ACFT,U,Approved,2025-04-16 10:22:00
0105190,10105190,0105190 Total (Diversion),Daily,40,2004,84.6955,ACFT,*,Approved,2005-04-06 11:37:00
0105190,10105190,0105190 Total (Diversion),Daily,212,2008,179.8638,ACFT,*,Approved,2009-04-17 15:51:00
0105190,10105190,0105190 Total (Diversion),Daily,2,2009,2.281,ACFT,U,Approved,2010-04-08 10:41:00
0105190,10105190,0105190 Total (Diversion),Daily,43,2011,53.2233,ACFT,K,Approved,2013-04-26 15:40:00
0105190,10105190,0105190 Total (Diversion),Daily,31,2016,21.7788,ACFT,U,Approved,2017-05-15 09:50:00
0105190,10105190,0105190 Total (Diversion),Daily,94,2017,215.8246,ACFT,U,Approved,2018-04-04 11:55:00
0105190,10105190,0105190 Total (Diversion),Daily,97,2018,150.7857,ACFT,U,Approved,2019-04-08 06:50:00
0105190,10105190,0105190 Total (Diversion),Daily,96,2019,205.8278,ACFT,U,Approved,2020-06-16 12:00:00
0105190,10105190,0105190 Total (Diversion),Daily,125,2020,270.8963,ACFT,U,Approved,2021-04-21 11:15:00
0105190,10105190,0105190 Total (Diversion),Daily,127,2021,512.5217,ACFT,U,Approved,2022-09-16 08:15:00
0105190,10105190,0105190 Total (Diversion),Daily,135,2022,81.4211,ACFT,U,Approved,2023-11-03 06:26:00
0105190,10105190,0105190 Total (Diversion),Daily,99,2023,175.576,ACFT,U,Approved,2024-04-22 14:57:00
0105190,10105190,0105190 Total (Diversion),Daily,650,2024,221.5556,ACFT,U,Approved,2025-04-16 10:22:00
0105238,10105238,0105238 Total (Diversion),Daily,6,2004,4.7604,ACFT,*,Approved,2005-04-06 11:37:00
0105238,10105238,0105238 Total (Diversion),Daily,153,2008,226.476,ACFT,*,Approved,2009-04-17 15:51:00
0105238,10105238,0105238 Total (Diversion),Daily,23,2010,44.0833,ACFT,U,Approved,2011-03-30 10:41:00
0105238,10105238,0105238 Total (Diversion),Daily,7,2011,14.1523,ACFT,K,Approved,2013-04-26 15:41:00
0105238,10105238,0105238 Total (Diversion),Daily,103,2012,303.7453,ACFT,U,Approved,2013-04-26 19:07:00
0105238,10105238,0105238 Total (Diversion),Daily,16,2013,24.6527,ACFT,U,Approved,2014-05-09 11:11:00
0105238,10105238,0105238 Total (Diversion),Daily,20,2014,40.1447,ACFT,U,Approved,2015-04-29 13:01:00
0105238,10105238,0105238 Total (Diversion),Daily,35,2016,40.6816,ACFT,U,Approved,2017-05-15 09:50:00
0105238,10105238,0105238 Total (Diversion),Daily,94,2017,181.2919,ACFT,U,Approved,2018-04-04 11:55:00
0105238,10105238,0105238 Total (Diversion),Daily,66,2018,81.9384,ACFT,U,Approved,2019-04-08 06:50:00
0105238,10105238,0105238 Total (Diversion),Daily,65,2019,62.7183,ACFT,U,Approved,2020-06-16 12:00:00
0105238,10105238,0105238 Total (Diversion),Daily,125,2020,285.8735,ACFT,U,Approved,2021-04-21 11:15:00
0105238,10105238,0105238 Total (Diversion),Daily,127,2021,407.5287,ACFT,U,Approved,2022-09-16 08:15:00
0105238,10105238,0105238 Total (Diversion),Daily,96,2022,84.408,ACFT,U,Approved,2023-11-03 06:26:00
0105238,10105238,0105238 Total (Diversion),Daily,36,2023,29.1578,ACFT,U,Approved,2024-04-22 14:57:00
0105238,10105238,0105238 Total (Diversion),Daily,650,2024,134.9139,ACFT,U,Approved,2025-04-16 10:22:00
0105295,10105295,0105295 Total (Diversion),Daily,22,2004,42.8436,ACFT,*,Approved,2005-04-06 11:37:00
0105295,10105295,0105295 Total (Diversion),Daily,113,2008,68.5299,ACFT,*,Approved,2009-04-17 15:51:00
0105295,10105295,0105295 Total (Diversion),Daily,10,2009,31.4385,ACFT,U,Approved,2010-04-08 10:41:00
0105295,10105295,0105295 Total (Diversion),Daily,55,2010,93.6629,ACFT,U,Approved,2011-03-30 10:41:00
0105295,10105295,0105295 Total (Diversion),Daily,5,2011,10.3737,ACFT,K,Approved,2013-04-26 15:43:00
0105295,10105295,0105295 Total (Diversion),Daily,84,2012,245.599,ACFT,U,Approved,2013-04-26 19:07:00
0105295,10105295,0105295 Total (Diversion),Daily,44,2013,69.5657,ACFT,U,Approved,2014-05-09 11:11:00
0105295,10105295,0105295 Total (Diversion),Daily,18,2014,39.2939,ACFT,U,Approved,2015-04-29 13:01:00
0105295,10105295,0105295 Total (Diversion),Daily,33,2016,11.9407,ACFT,U,Approved,2017-05-15 09:50:00
0105295,10105295,0105295 Total (Diversion),Daily,94,2017,51.6107,ACFT,U,Approved,2018-04-04 11:55:00
0105295,10105295,0105295 Total (Diversion),Daily,69,2018,61.667,ACFT,U,Approved,2019-04-08 06:50:00
0105295,10105295,0105295 Total (Diversion),Daily,34,2019,33.2038,ACFT,U,Approved,2020-06-16 12:00:00
0105295,10105295,0105295 Total (Diversion),Daily,125,2020,122.5999,ACFT,U,Approved,2021-04-21 11:15:00
0105295,10105295,0105295 Total (Diversion),Daily,127,2021,46.4581,ACFT,U,Approved,2022-09-16 08:15:00
0105295,10105295,0105295 Total (Diversion),Daily,139,2022,82.0667,ACFT,U,Approved,2023-11-03 06:26:00
0105295,10105295,0105295 Total (Diversion),Daily,132,2023,12.4619,ACFT,U,Approved,2024-04-23 12:24:00
0105295,10105295,0105295 Total (Diversion),Daily,650,2024,47.0548,ACFT,U,Approved,2025-04-16 10:22:00
0105398,10105398,0105398 Total (Diversion),Daily,44,2004,90.2493,ACFT,*,Approved,2005-04-06 11:37:00
0105398,10105398,0105398 Total (Diversion),Daily,228,2008,384.5213,ACFT,*,Approved,2009-04-17 15:51:00
0105398,10105398,0105398 Total (Diversion),Daily,58,2009,181.0539,ACFT,U,Approved,2010-04-08 10:41:00
0105398,10105398,0105398 Total (Diversion),Daily,105,2010,314.115,ACFT,U,Approved,2011-03-30 10:41:00
0105398,10105398,0105398 Total (Diversion),Daily,71,2011,521.3035,ACFT,K,Approved,2013-04-26 15:48:00
0105398,10105398,0105398 Total (Diversion),Daily,105,2012,808.3457,ACFT,U,Approved,2013-04-26 19:09:00
0105398,10105398,0105398 Total (Diversion),Monthly,5,2012,114.3816,ACFT,K,Approved,2013-04-26 19:08:00
0105398,10105398,0105398 Total (Diversion),Daily,132,2013,329.5456,ACFT,U,Approved,2014-05-09 11:11:00
0105398,10105398,0105398 Total (Diversion),Monthly,5,2013,38.91,ACFT,K,Approved,2014-05-09 11:12:00
0105398,10105398,0105398 Total (Diversion),Daily,68,2014,286.3371,ACFT,U,Approved,2015-04-29 13:01:00
0105398,10105398,0105398 Total (Diversion),Monthly,1,2014,10.98,ACFT,K,Approved,2015-04-29 13:01:00
0105398,10105398,0105398 Total (Diversion),Daily,109,2015,597.0335,ACFT,U,Approved,2016-06-15 12:40:00
0105398,10105398,0105398 Total (Diversion),Daily,97,2016,212.9882,ACFT,U,Approved,2017-05-15 09:50:00
0105398,10105398,0105398 Total (Diversion),Daily,7,2017,31.5773,ACFT,U,Approved,2018-04-04 11:55:00
0105398,10105398,0105398 Total (Diversion),Daily,97,2018,114.8645,ACFT,U,Approved,2019-04-08 06:50:00
0105398,10105398,0105398 Total (Diversion),Monthly,1,2018,41.84,ACFT,K,Approved,2019-04-08 06:51:00
0105398,10105398,0105398 Total (Diversion),Daily,128,2019,263.3096,ACFT,U,Approved,2020-06-16 12:00:00
0105398,10105398,0105398 Total (Diversion),Daily,158,2020,531.8743,ACFT,U,Approved,2021-04-21 11:15:00
0105398,10105398,0105398 Total (Diversion),Daily,188,2021,762.1039,ACFT,U,Approved,2022-09-16 08:15:00
0105398,10105398,0105398 Total (Diversion),Daily,158,2022,215.6594,ACFT,U,Approved,2023-11-03 06:26:00
0105398,10105398,0105398 Total (Diversion),Daily,168,2023,495.1286,ACFT,U,Approved,2024-04-23 12:24:00
0105398,10105398,0105398 Total (Diversion),Daily,650,2024,437.6662,ACFT,U,Approved,2025-04-16 10:22:00
0105479,10105479,0105479 Total (Diversion),Daily,32,2004,62.0836,ACFT,*,Approved,2005-04-06 11:37:00
0105479,10105479,0105479 Total (Diversion),Daily,99,2008,62.8571,ACFT,*,Approved,2009-04-17 15:51:00
0105479,10105479,0105479 Total (Diversion),Daily,8,2009,35.0484,ACFT,U,Approved,2010-04-08 10:41:00
0105479,10105479,0105479 Total (Diversion),Daily,50,2010,115.9276,ACFT,U,Approved,2011-03-30 10:41:00
0105479,10105479,0105479 Total (Diversion),Daily,13,2011,19.4581,ACFT,K,Approved,2013-04-26 15:50:00
0105479,10105479,0105479 Total (Diversion),Daily,65,2012,198.9748,ACFT,U,Approved,2013-04-26 19:09:00
0105479,10105479,0105479 Total (Diversion),Daily,35,2013,70.3131,ACFT,U,Approved,2014-05-09 11:11:00
0105479,10105479,0105479 Total (Diversion),Daily,48,2014,92.4372,ACFT,U,Approved,2015-04-29 13:01:00
0105479,10105479,0105479 Total (Diversion),Daily,34,2015,158.8347,ACFT,U,Approved,2016-06-15 12:40:00
0105479,10105479,0105479 Total (Diversion),Daily,31,2016,68.1927,ACFT,U,Approved,2017-05-15 09:50:00
0105479,10105479,0105479 Total (Diversion),Daily,284,2024,166.7925,ACFT,U,Approved,2025-04-16 10:22:00
0105786,10105786,0105786 Total (Diversion),Monthly,6,2008,65.11,ACFT,U,Approved,2009-04-17 15:50:00
0105786,10105786,0105786 Total (Diversion),Monthly,2,2009,9.332,ACFT,U,Approved,2010-04-08 10:41:00
0105786,10105786,0105786 Total (Diversion),Monthly,1,2010,0.171,ACFT,U,Approved,2011-03-30 10:41:00
0105786,10105786,0105786 Total (Diversion),Monthly,4,2012,88.6802,ACFT,U,Approved,2013-04-04 08:01:00
0105786,10105786,0105786 Total (Diversion),Monthly,4,2013,41.41,ACFT,U,Approved,2014-05-09 11:12:00
0105786,10105786,0105786 Total (Diversion),Monthly,1,2014,3.7329,ACFT,U,Approved,2015-04-29 13:01:00
0105786,10105786,0105786 Total (Diversion),Monthly,1,2015,8.7732,ACFT,U,Approved,2016-06-15 12:40:00
0105786,10105786,0105786 Total (Diversion),Monthly,4,2016,57.08,ACFT,U,Approved,2017-05-15 09:51:00
0105786,10105786,0105786 Total (Diversion),Monthly,3,2017,70.14,ACFT,K,Approved,2018-04-04 11:56:00
0105786,10105786,0105786 Total (Diversion),Monthly,2,2018,15.76,ACFT,K,Approved,2019-04-08 06:51:00
0105786,10105786,0105786 Total (Diversion),Monthly,2,2019,7.21,ACFT,K,Approved,2020-06-16 12:01:00
0105786,10105786,0105786 Total (Diversion),Monthly,4,2020,49.861,ACFT,K,Approved,2021-04-21 11:16:00
0105786,10105786,0105786 Total (Diversion),Monthly,12,2021,25.06,ACFT,K,Approved,2022-09-16 08:16:00
0105786,10105786,0105786 Total (Diversion),Monthly,12,2022,120.807,ACFT,K,Approved,2023-11-06 07:12:00
0105786,10105786,0105786 Total (Diversion),Monthly,12,2023,19.257,ACFT,K,Approved,2024-03-26 13:25:00
0105786,10105786,0105786 Total (Diversion),Monthly,12,2024,38.398,ACFT,K,Approved,2025-01-29 10:38:00
0105812,10105812,0105812 Total (Diversion),Monthly,1,2009,21.686,ACFT,U,Approved,2010-04-08 10:41:00
0105812,10105812,0105812 Total (Diversion),Monthly,2,2010,3.667,ACFT,U,Approved,2011-03-30 10:41:00
0105812,10105812,0105812 Total (Diversion),Monthly,2,2011,6.6579,ACFT,K,Approved,2012-07-18 15:24:00
0105812,10105812,0105812 Total (Diversion),Monthly,5,2012,75.85,ACFT,U,Approved,2013-04-04 08:01:00
0105812,10105812,0105812 Total (Diversion),Monthly,5,2013,20.683,ACFT,U,Approved,2014-05-09 11:12:00
0105812,10105812,0105812 Total (Diversion),Monthly,1,2014,19.652,ACFT,U,Approved,2015-04-29 13:01:00
0105812,10105812,0105812 Total (Diversion),Monthly,3,2015,94.389,ACFT,U,Approved,2016-06-15 12:40:00
0105812,10105812,0105812 Total (Diversion),Monthly,4,2016,53.73,ACFT,U,Approved,2017-05-15 09:51:00
0105812,10105812,0105812 Total (Diversion),Monthly,4,2017,21.78,ACFT,K,Approved,2018-04-04 11:56:00
0105812,10105812,0105812 Total (Diversion),Monthly,1,2018,15.76,ACFT,K,Approved,2019-04-08 06:51:00
0105812,10105812,0105812 Total (Diversion),Monthly,3,2020,86.124,ACFT,*,Approved,2021-04-21 11:16:00
0105812,10105812,0105812 Total (Diversion),Monthly,12,2021,171.506,ACFT,K,Approved,2022-09-16 08:16:00
0105812,10105812,0105812 Total (Diversion),Monthly,11,2022,80.199,ACFT,K,Approved,2023-10-25 14:56:00
0105812,10105812,0105812 Total (Diversion),Monthly,12,2023,13.713,ACFT,K,Approved,2024-06-24 15:10:00
0105812,10105812,0105812 Total (Diversion),Monthly,12,2024,86.708,ACFT,K,Approved,2025-01-29 10:38:00
0105813,10105813,0105813 Total (Diversion),Monthly,3,2008,6.433,ACFT,U,Approved,2009-04-17 15:50:00
0105813,10105813,0105813 Total (Diversion),Monthly,1,2009,2.053,ACFT,U,Approved,2010-04-08 10:41:00
0105813,10105813,0105813 Total (Diversion),Monthly,7,2010,7.797,ACFT,U,Approved,2011-03-30 10:41:00
0105813,10105813,0105813 Total (Diversion),Monthly,7,2011,7.6378,ACFT,K,Approved,2012-07-18 15:24:00
0105813,10105813,0105813 Total (Diversion),Monthly,4,2012,99.321,ACFT,U,Approved,2013-04-04 08:01:00
0105813,10105813,0105813 Total (Diversion),Monthly,2,2015,3.169,ACFT,U,Approved,2016-06-15 12:40:00
0105813,10105813,0105813 Total (Diversion),Monthly,2,2016,5.45,ACFT,U,Approved,2017-05-15 09:51:00
0105813,10105813,0105813 Total (Diversion),Monthly,5,2017,13.829,ACFT,K,Approved,2018-04-04 11:56:00
0105813,10105813,0105813 Total (Diversion),Monthly,4,2018,8.79,ACFT,K,Approved,2019-04-08 06:51:00
0105813,10105813,0105813 Total (Diversion),Monthly,5,2019,7.873,ACFT,K,Approved,2020-06-16 12:01:00
0105813,10105813,0105813 Total (Diversion),Monthly,6,2020,12.0426,ACFT,K,Approved,2021-04-21 11:16:00
0105813,10105813,0105813 Total (Diversion),Monthly,12,2021,6.5528,ACFT,K,Approved,2022-09-16 08:16:00
0105813,10105813,0105813 Total (Diversion),Monthly,12,2022,3.375,ACFT,K,Approved,2023-11-06 07:13:00
0105813,10105813,0105813 Total (Diversion),Monthly,12,2023,5.8929,ACFT,K,Approved,2024-06-24 14:53:00
0105813,10105813,0105813 Total (Diversion),Monthly,12,2024,4.887,ACFT,K,Approved,2025-01-29 10:38:00
0105818,10105818,0105818 Total (Diversion),Monthly,6,2012,46.54,ACFT,K,Approved,2013-04-04 08:01:00
0105818,10105818,0105818 Total (Diversion),Monthly,5,2016,0.9855,ACFT,K,Approved,2017-05-15 09:51:00
0105818,10105818,0105818 Total (Diversion),Monthly,3,2018,4.09,ACFT,K,Approved,2019-04-08 06:51:00
0105818,10105818,0105818 Total (Diversion),Monthly,8,2019,124.47,ACFT,K,Approved,2020-06-16 12:01:00
0105818,10105818,0105818 Total (Diversion),Monthly,12,2020,161.902,ACFT,K,Approved,2021-04-21 11:16:00
0105819,10105819,0105819 Total (Diversion),Monthly,6,2012,153.166,ACFT,K,Approved,2013-04-04 08:01:00
0105819,10105819,0105819 Total (Diversion),Monthly,3,2014,29.479,ACFT,K,Approved,2015-04-29 13:01:00
0105819,10105819,0105819 Total (Diversion),Monthly,1,2016,0.004,ACFT,K,Approved,2017-05-15 09:51:00
0105819,10105819,0105819 Total (Diversion),Monthly,6,2017,4.9,ACFT,K,Approved,2018-04-04 11:56:00
0105819,10105819,0105819 Total (Diversion),Monthly,1,2018,0.01,ACFT,K,Approved,2019-04-08 06:51:00
0105819,10105819,0105819 Total (Diversion),Monthly,8,2019,45.67,ACFT,K,Approved,2020-06-16 12:01:00
0105819,10105819,0105819 Total (Diversion),Monthly,24,2020,67.819,ACFT,K,Approved,2021-04-21 11:16:00
0105819,10105819,0105819 Total (Diversion),Monthly,12,2022,21.376,ACFT,K,Approved,2023-10-31 10:12:00
0105819,10105819,0105819 Total (Diversion),Monthly,12,2023,4.016,ACFT,K,Approved,2024-03-26 15:29:00
0105819,10105819,0105819 Total (Diversion),Monthly,11,2024,213.085,ACFT,K,Approved,2025-02-20 09:59:00
0105839,10105839,0105839 Total (Diversion),Monthly,5,2008,92.591,ACFT,U,Approved,2009-04-17 15:50:00
0105839,10105839,0105839 Total (Diversion),Monthly,2,2009,15.231,ACFT,U,Approved,2010-04-08 10:41:00
0105839,10105839,0105839 Total (Diversion),Monthly,6,2012,308.6505,ACFT,U,Approved,2013-04-04 08:01:00
0105839,10105839,0105839 Total (Diversion),Monthly,4,2013,111.38,ACFT,U,Approved,2014-05-09 11:12:00
0105839,10105839,0105839 Total (Diversion),Monthly,1,2014,13.7902,ACFT,U,Approved,2015-04-29 13:01:00
0105839,10105839,0105839 Total (Diversion),Monthly,2,2015,23.728,ACFT,U,Approved,2016-06-15 12:40:00
0105839,10105839,0105839 Total (Diversion),Monthly,2,2016,14.42,ACFT,U,Approved,2017-05-15 09:51:00
0105839,10105839,0105839 Total (Diversion),Monthly,2,2017,22.72,ACFT,K,Approved,2018-04-04 11:56:00
0105839,10105839,0105839 Total (Diversion),Monthly,1,2018,15.43,ACFT,K,Approved,2019-04-08 06:51:00
0105839,10105839,0105839 Total (Diversion),Monthly,2,2019,35.54,ACFT,K,Approved,2020-06-16 12:01:00
0105839,10105839,0105839 Total (Diversion),Monthly,4,2020,92.646,ACFT,K,Approved,2021-04-21 11:16:00
0105839,10105839,0105839 Total (Diversion),Monthly,12,2021,69.602,ACFT,K,Approved,2022-09-16 08:16:00
0105839,10105839,0105839 Total (Diversion),Monthly,11,2022,137.2464,ACFT,K,Approved,2023-10-25 15:21:00
0105839,10105839,0105839 Total (Diversion),Monthly,12,2023,0.0142,ACFT,K,Approved,2024-06-24 15:10:00
0105839,10105839,0105839 Total (Diversion),Monthly,12,2024,133.703,ACFT,K,Approved,2025-01-29 10:38:00
0105951,10105951,0105951 Total (Diversion),Monthly,1,2008,4.604,ACFT,U,Approved,2009-04-17 15:50:00
0105951,10105951,0105951 Total (Diversion),Monthly,4,2009,24.49,ACFT,U,Approved,2010-04-08 10:41:00
0105951,10105951,0105951 Total (Diversion),Monthly,3,2010,68.319,ACFT,U,Approved,2011-03-30 10:41:00
0105951,10105951,0105951 Total (Diversion),Monthly,4,2011,101.532,ACFT,K,Approved,2012-07-18 15:24:00
0105951,10105951,0105951 Total (Diversion),Monthly,5,2012,91.584,ACFT,U,Approved,2013-04-04 08:01:00
0105951,10105951,0105951 Total (Diversion),Monthly,3,2013,51.13,ACFT,U,Approved,2014-05-09 11:12:00
0105951,10105951,0105951 Total (Diversion),Monthly,4,2015,52.9127,ACFT,U,Approved,2016-06-15 12:40:00
0105951,10105951,0105951 Total (Diversion),Monthly,3,2016,15.14,ACFT,U,Approved,2017-05-15 09:51:00
0105951,10105951,0105951 Total (Diversion),Monthly,4,2017,95.31,ACFT,K,Approved,2018-04-04 11:56:00
0105951,10105951,0105951 Total (Diversion),Monthly,5,2018,109.24,ACFT,K,Approved,2019-04-08 06:51:00
0105951,10105951,0105951 Total (Diversion),Monthly,5,2019,92.19,ACFT,K,Approved,2020-06-16 12:01:00
0105951,10105951,0105951 Total (Diversion),Monthly,5,2020,47.427,ACFT,K,Approved,2021-04-21 11:16:00
0105951,10105951,0105951 Total (Diversion),Monthly,12,2021,108.92,ACFT,K,Approved,2022-09-16 08:16:00
0105951,10105951,0105951 Total (Diversion),Monthly,12,2022,109.013,ACFT,K,Approved,2023-11-06 07:13:00
0105951,10105951,0105951 Total (Diversion),Monthly,12,2023,79.487,ACFT,K,Approved,2024-06-24 14:54:00
0105951,10105951,0105951 Total (Diversion),Monthly,12,2024,114.286,ACFT,K,Approved,2025-01-29 10:38:00
0105971,10105971,0105971 Total (Diversion),Monthly,2,2012,39.445,ACFT,U,Approved,2013-04-04 08:01:00
0105971,10105971,0105971 Total (Diversion),Monthly,2,2013,3.175,ACFT,U,Approved,2014-05-09 11:12:00
0105971,10105971,0105971 Total (Diversion),Monthly,1,2014,4.182,ACFT,U,Approved,2015-04-29 13:01:00
0105971,10105971,0105971 Total (Diversion),Monthly,12,2021,0.001,ACFT,K,Approved,2022-09-16 08:16:00
0105971,10105971,0105971 Total (Diversion),Monthly,12,2022,0.313,ACFT,K,Approved,2023-11-06 07:11:00
0105971,10105971,0105971 Total (Diversion),Monthly,12,2023,0.0,ACFT,K,Approved,2024-06-24 14:55:00
0105971,10105971,0105971 Total (Diversion),Monthly,12,2024,0.0,ACFT,K,Approved,2025-01-29 10:38:00
0105972,10105972,0105972 Total (Diversion),Monthly,1,2010,0.007,ACFT,U,Approved,2011-03-30 10:41:00
0105972,10105972,0105972 Total (Diversion),Monthly,2,2012,22.591,ACFT,U,Approved,2013-04-04 08:01:00
0105972,10105972,0105972 Total (Diversion),Monthly,1,2013,1.761,ACFT,U,Approved,2014-05-09 11:12:00
0105972,10105972,0105972 Total (Diversion),Monthly,1,2014,2.4854,ACFT,U,Approved,2015-04-29 13:01:00
0105972,10105972,0105972 Total (Diversion),Monthly,12,2021,0.0,ACFT,K,Approved,2022-09-16 08:16:00
0105972,10105972,0105972 Total (Diversion),Monthly,12,2022,0.0,ACFT,K,Approved,2023-11-06 07:11:00
0105972,10105972,0105972 Total (Diversion),Monthly,12,2023,0.0,ACFT,K,Approved,2024-06-24 14:55:00
0105972,10105972,0105972 Total (Diversion),Monthly,12,2024,0.0,ACFT,K,Approved,2025-01-29 10:38:00
0105989,10105989,0105989 Total (Diversion),Monthly,3,2013,35.392,ACFT,K,Approved,2014-05-09 11:12:00
0105989,10105989,0105989 Total (Diversion),Monthly,6,2014,41.855,ACFT,K,Approved,2015-04-29 13:01:00
0105989,10105989,0105989 Total (Diversion),Monthly,3,2015,22.017,ACFT,K,Approved,2016-06-15 12:40:00
0105989,10105989,0105989 Total (Diversion),Monthly,3,2017,51.46,ACFT,K,Approved,2018-04-04 11:56:00
0105989,10105989,0105989 Total (Diversion),Monthly,7,2018,21.662,ACFT,K,Approved,2019-04-08 06:51:00
0105989,10105989,0105989 Total (Diversion),Monthly,2,2019,12.16,ACFT,K,Approved,2020-06-16 12:01:00
0105989,10105989,0105989 Total (Diversion),Monthly,12,2020,60.5188,ACFT,K,Approved,2021-04-21 11:16:00
0105989,10105989,0105989 Total (Diversion),Monthly,12,2021,23.728,ACFT,K,Approved,2022-09-16 08:16:00
0105989,10105989,0105989 Total (Diversion),Monthly,12,2022,33.5428,ACFT,K,Approved,2023-11-06 07:14:00
0105989,10105989,0105989 Total (Diversion),Monthly,12,2023,8.5198,ACFT,K,Approved,2024-06-24 14:54:00
0105989,10105989,0105989 Total (Diversion),Monthly,12,2024,23.41,ACFT,K,Approved,2025-02-24 15:00:00
0105990,10105990,0105990 Total (Diversion),Monthly,2,2013,26.24,ACFT,K,Approved,2014-05-09 11:12:00
0105990,10105990,0105990 Total (Diversion),Monthly,6,2014,49.326,ACFT,K,Approved,2015-04-29 13:01:00
0105990,10105990,0105990 Total (Diversion),Monthly,1,2015,21.081,ACFT,K,Approved,2016-06-15 12:40:00
0105990,10105990,0105990 Total (Diversion),Monthly,6,2016,52.7898,ACFT,K,Approved,2017-05-15 09:51:00
0105990,10105990,0105990 Total (Diversion),Monthly,3,2017,61.53,ACFT,K,Approved,2018-04-04 11:56:00
0105990,10105990,0105990 Total (Diversion),Monthly,5,2018,24.41,ACFT,K,Approved,2019-04-08 06:51:00
0105990,10105990,0105990 Total (Diversion),Monthly,1,2019,2.59,ACFT,K,Approved,2020-06-16 12:01:00
0105990,10105990,0105990 Total (Diversion),Monthly,12,2020,76.5932,ACFT,K,Approved,2021-04-21 11:16:00
0105990,10105990,0105990 Total (Diversion),Monthly,12,2021,36.741,ACFT,K,Approved,2022-09-16 08:16:00
0105990,10105990,0105990 Total (Diversion),Monthly,12,2022,45.6677,ACFT,K,Approved,2023-11-06 07:13:00
0105990,10105990,0105990 Total (Diversion),Monthly,12,2023,97.032,ACFT,K,Approved,2024-06-24 14:54:00
0105990,10105990,0105990 Total (Diversion),Monthly,12,2024,24.1801,ACFT,K,Approved,2025-02-24 15:00:00
0106004,10106004,0106004 Total (Diversion),Monthly,3,2012,156.093,ACFT,K,Approved,2013-04-04 08:01:00
0106004,10106004,0106004 Total (Diversion),Monthly,1,2013,0.257,ACFT,K,Approved,2014-05-09 11:12:00
0106004,10106004,0106004 Total (Diversion),Monthly,2,2017,54.68,ACFT,K,Approved,2018-04-04 11:56:00
0106004,10106004,0106004 Total (Diversion),Monthly,2,2018,45.01,ACFT,K,Approved,2019-04-08 06:51:00
0106004,10106004,0106004 Total (Diversion),Monthly,2,2019,80.45,ACFT,K,Approved,2020-06-16 12:01:00
0106004,10106004,0106004 Total (Diversion),Monthly,12,2020,92.3405,ACFT,K,Approved,2021-04-21 11:16:00
0106004,10106004,0106004 Total (Diversion),Monthly,12,2021,75.334,ACFT,K,Approved,2022-09-16 08:16:00
0106004,10106004,0106004 Total (Diversion),Monthly,12,2022,18.6182,ACFT,K,Approved,2023-11-06 07:16:00
0106004,10106004,0106004 Total (Diversion),Monthly,12,2023,31.0859,ACFT,K,Approved,2024-03-26 13:38:00
0106004,10106004,0106004 Total (Diversion),Monthly,12,2024,0.0,ACFT,K,Approved,2025-02-20 09:59:00
0106187,10106187,0106187 Total (Diversion),Monthly,2,2008,11.802,ACFT,U,Approved,2009-04-17 15:50:00
0106187,10106187,0106187 Total (Diversion),Monthly,11,2021,0.0,ACFT,K,Approved,2022-09-16 08:16:00
0106187,10106187,0106187 Total (Diversion),Monthly,12,2022,0.0,ACFT,K,Approved,2023-11-06 07:16:00
0106187,10106187,0106187 Total (Diversion),Monthly,12,2023,0.0,ACFT,K,Approved,2024-06-24 14:58:00
0106188,10106188,0106188 Total (Diversion),Monthly,5,2008,28.25,ACFT,U,Approved,2009-04-17 15:50:00
0106188,10106188,0106188 Total (Diversion),Monthly,1,2010,20.387,ACFT,U,Approved,2011-03-30 10:41:00
0106188,10106188,0106188 Total (Diversion),Monthly,2,2011,24.697,ACFT,K,Approved,2012-07-18 15:24:00
0106188,10106188,0106188 Total (Diversion),Monthly,4,2012,126.1796,ACFT,U,Approved,2013-04-04 08:01:00
0106188,10106188,0106188 Total (Diversion),Monthly,2,2013,10.48,ACFT,U,Approved,2014-05-09 11:12:00
0106188,10106188,0106188 Total (Diversion),Monthly,1,2016,18.59,ACFT,U,Approved,2017-05-15 09:51:00
0106188,10106188,0106188 Total (Diversion),Monthly,2,2017,32.05,ACFT,K,Approved,2018-04-04 11:56:00
0106188,10106188,0106188 Total (Diversion),Monthly,1,2018,14.58,ACFT,K,Approved,2019-04-08 06:51:00
0106188,10106188,0106188 Total (Diversion),Monthly,1,2019,4.36,ACFT,K,Approved,2020-06-16 12:01:00
0106188,10106188,0106188 Total (Diversion),Monthly,1,2020,79.473,ACFT,K,Approved,2021-04-21 11:16:00
0106188,10106188,0106188 Total (Diversion),Monthly,12,2021,31.394,ACFT,K,Approved,2022-09-16 08:16:00
0106188,10106188,0106188 Total (Diversion),Monthly,12,2022,93.684,ACFT,K,Approved,2023-11-06 07:17:00
0106188,10106188,0106188 Total (Diversion),Monthly,12,2023,0.0,ACFT,K,Approved,2024-03-26 15:56:00
0106188,10106188,0106188 Total (Diversion),Monthly,12,2024,36.693,ACFT,K,Approved,2025-01-29 10:37:00
0106191,10106191,0106191 Total (Diversion),Monthly,4,2008,16.665,ACFT,U,Approved,2009-04-17 15:50:00
0106191,10106191,0106191 Total (Diversion),Monthly,1,2010,13.374,ACFT,U,Approved,2011-03-30 10:41:00
0106191,10106191,0106191 Total (Diversion),Monthly,1,2012,14.796,ACFT,U,Approved,2013-04-04 08:01:00
0106191,10106191,0106191 Total (Diversion),Monthly,4,2013,40.275,ACFT,U,Approved,2014-05-09 11:12:00
0106191,10106191,0106191 Total (Diversion),Monthly,2,2014,0.5417,ACFT,U,Approved,2015-04-29 13:01:00
0106191,10106191,0106191 Total (Diversion),Monthly,3,2015,77.9317,ACFT,U,Approved,2016-06-15 12:40:00
0106191,10106191,0106191 Total (Diversion),Monthly,1,2016,4.05,ACFT,U,Approved,2017-05-15 09:51:00
0106191,10106191,0106191 Total (Diversion),Monthly,1,2017,2.68,ACFT,K,Approved,2018-04-04 11:56:00
0106191,10106191,0106191 Total (Diversion),Monthly,4,2018,85.59,ACFT,K,Approved,2019-04-08 06:51:00
0106191,10106191,0106191 Total (Diversion),Monthly,2,2019,9.03,ACFT,K,Approved,2020-06-16 12:01:00
0106191,10106191,0106191 Total (Diversion),Monthly,5,2020,83.43,ACFT,K,Approved,2021-04-21 11:16:00
0106191,10106191,0106191 Total (Diversion),Monthly,12,2021,0.079,ACFT,K,Approved,2022-09-16 08:16:00
0106191,10106191,0106191 Total (Diversion),Monthly,12,2022,149.037,ACFT,K,Approved,2023-11-06 07:10:00
0106191,10106191,0106191 Total (Diversion),Monthly,12,2023,0.0,ACFT,K,Approved,2024-06-24 14:55:00
0106191,10106191,0106191 Total (Diversion),Monthly,12,2024,58.72,ACFT,K,Approved,2025-01-29 10:38:00
0106194,10106194,0106194 Total (Diversion),Monthly,4,2008,21.015,ACFT,U,Approved,2009-04-17 15:50:00
0106194,10106194,0106194 Total (Diversion),Monthly,3,2010,3.192,ACFT,U,Approved,2011-03-30 10:41:00
0106194,10106194,0106194 Total (Diversion),Monthly,1,2012,24.694,ACFT,U,Approved,2013-04-04 08:01:00
0106194,10106194,0106194 Total (Diversion),Monthly,3,2013,31.066,ACFT,U,Approved,2014-05-09 11:12:00
0106194,10106194,0106194 Total (Diversion),Monthly,1,2014,2.553,ACFT,U,Approved,2015-04-29 13:01:00
0106194,10106194,0106194 Total (Diversion),Monthly,2,2016,47.55,ACFT,U,Approved,2017-05-15 09:51:00
0106194,10106194,0106194 Total (Diversion),Monthly,1,2017,19.74,ACFT,K,Approved,2018-04-04 11:56:00
0106194,10106194,0106194 Total (Diversion),Monthly,3,2018,40.34,ACFT,K,Approved,2019-04-08 06:51:00
0106194,10106194,0106194 Total (Diversion),Monthly,4,2019,12.95,ACFT,K,Approved,2020-06-16 12:01:00
0106194,10106194,0106194 Total (Diversion),Monthly,5,2020,116.0842,ACFT,K,Approved,2021-04-21 11:16:00
0106194,10106194,0106194 Total (Diversion),Monthly,12,2021,0.0547,ACFT,K,Approved,2022-09-16 08:16:00
0106194,10106194,0106194 Total (Diversion),Monthly,12,2022,152.1869,ACFT,K,Approved,2023-11-06 07:14:00
0106194,10106194,0106194 Total (Diversion),Monthly,12,2023,0.0,ACFT,K,Approved,2024-06-24 14:54:00
0106194,10106194,0106194 Total (Diversion),Monthly,12,2024,104.262,ACFT,K,Approved,2025-01-29 10:38:00
0106195,10106195,0106195 Total (Diversion),Monthly,4,2008,37.923,ACFT,U,Approved,2009-04-17 15:50:00
0106195,10106195,0106195 Total (Diversion),Monthly,4,2010,24.989,ACFT,U,Approved,2011-03-30 10:41:00
0106195,10106195,0106195 Total (Diversion),Monthly,1,2011,0.119,ACFT,K,Approved,2012-07-18 15:24:00
0106195,10106195,0106195 Total (Diversion),Monthly,3,2012,103.3177,ACFT,U,Approved,2013-04-04 08:01:00
0106195,10106195,0106195 Total (Diversion),Monthly,2,2014,10.5515,ACFT,U,Approved,2015-04-29 13:01:00
0106195,10106195,0106195 Total (Diversion),Monthly,1,2016,3.79,ACFT,U,Approved,2017-05-15 09:51:00
0106195,10106195,0106195 Total (Diversion),Monthly,3,2017,37.465,ACFT,K,Approved,2018-04-04 11:56:00
0106195,10106195,0106195 Total (Diversion),Monthly,2,2018,22.51,ACFT,K,Approved,2019-04-08 06:51:00
0106195,10106195,0106195 Total (Diversion),Monthly,5,2019,20.512,ACFT,K,Approved,2020-06-16 12:01:00
0106195,10106195,0106195 Total (Diversion),Monthly,4,2020,159.316,ACFT,K,Approved,2021-04-21 11:16:00
0106195,10106195,0106195 Total (Diversion),Monthly,12,2021,85.05,ACFT,K,Approved,2022-09-16 08:16:00
0106195,10106195,0106195 Total (Diversion),Monthly,12,2022,165.221,ACFT,K,Approved,2023-11-06 07:12:00
0106195,10106195,0106195 Total (Diversion),Monthly,12,2023,28.33,ACFT,K,Approved,2024-06-24 14:55:00
0106195,10106195,0106195 Total (Diversion),Monthly,12,2024,18.982,ACFT,K,Approved,2025-01-29 10:38:00
0106197,10106197,0106197 Total (Diversion),Monthly,2,2008,17.472,ACFT,U,Approved,2009-04-17 15:50:00
0106197,10106197,0106197 Total (Diversion),Monthly,1,2010,9.047,ACFT,U,Approved,2011-03-30 10:41:00
0106197,10106197,0106197 Total (Diversion),Monthly,4,2012,180.052,ACFT,U,Approved,2013-04-04 08:01:00
0106197,10106197,0106197 Total (Diversion),Monthly,3,2013,51.55,ACFT,U,Approved,2014-05-09 11:12:00
0106197,10106197,0106197 Total (Diversion),Monthly,1,2014,0.091,ACFT,U,Approved,2015-04-29 13:01:00
0106197,10106197,0106197 Total (Diversion),Monthly,1,2015,12.435,ACFT,U,Approved,2016-06-15 12:40:00
0106197,10106197,0106197 Total (Diversion),Monthly,1,2017,0.12,ACFT,K,Approved,2018-04-04 11:56:00
0106197,10106197,0106197 Total (Diversion),Monthly,1,2018,8.57,ACFT,K,Approved,2019-04-08 06:51:00
0106197,10106197,0106197 Total (Diversion),Monthly,3,2020,46.0306,ACFT,*,Approved,2021-04-21 11:16:00
0106197,10106197,0106197 Total (Diversion),Monthly,12,2021,34.3128,ACFT,K,Approved,2022-09-16 08:16:00
0106197,10106197,0106197 Total (Diversion),Monthly,12,2022,44.9227,ACFT,K,Approved,2023-11-06 07:11:00
0106197,10106197,0106197 Total (Diversion),Monthly,12,2023,0.0,ACFT,K,Approved,2024-06-24 14:55:00
0106197,10106197,0106197 Total (Diversion),Monthly,12,2024,10.434,ACFT,K,Approved,2025-01-29 10:38:00
0106331,10106331,0106331 Total (Diversion),Daily,26,2013,112.1618,ACFT,*,Approved,2014-05-09 11:11:00
0106331,10106331,0106331 Total (Diversion),Daily,26,2014,111.2843,ACFT,K,Approved,2015-04-29 13:01:00
0106331,10106331,0106331 Total (Diversion),Daily,35,2015,163.175,ACFT,K,Approved,2016-06-15 12:40:00
0106331,10106331,0106331 Total (Diversion),Daily,37,2017,87.631,ACFT,*,Approved,2018-04-04 11:55:00
0106331,10106331,0106331 Total (Diversion),Daily,40,2018,102.1304,ACFT,*,Approved,2019-04-08 06:50:00
0106331,10106331,0106331 Total (Diversion),Daily,56,2019,130.792,ACFT,*,Approved,2020-06-16 12:00:00
0106331,10106331,0106331 Total (Diversion),Daily,52,2020,122.4966,ACFT,U,Approved,2021-04-21 11:15:00
0106331,10106331,0106331 Total (Diversion),Daily,43,2021,52.5237,ACFT,U,Approved,2022-09-16 08:15:00
0106331,10106331,0106331 Total (Diversion),Daily,40,2022,128.2017,ACFT,U,Approved,2023-11-03 06:26:00
0106331,10106331,0106331 Total (Diversion),Daily,5,2023,6.8466,ACFT,U,Approved,2024-04-22 14:57:00
0106331,10106331,0106331 Total (Diversion),Daily,4,2024,10.1512,ACFT,U,Approved,2025-03-07 11:30:00
0106361,10106361,0106361 Total (Diversion),Monthly,5,2012,79.71,ACFT,K,Approved,2013-04-04 08:01:00
0106361,10106361,0106361 Total (Diversion),Monthly,3,2013,15.006,ACFT,K,Approved,2014-05-09 11:12:00
0106361,10106361,0106361 Total (Diversion),Monthly,4,2014,32.484,ACFT,K,Approved,2015-04-29 13:01:00
0106361,10106361,0106361 Total (Diversion),Monthly,4,2015,1.974,ACFT,K,Approved,2016-06-15 12:40:00
0106361,10106361,0106361 Total (Diversion),Monthly,3,2016,46.012,ACFT,K,Approved,2017-05-15 09:51:00
0106361,10106361,0106361 Total (Diversion),Monthly,5,2017,28.304,ACFT,K,Approved,2018-04-04 11:56:00
0106361,10106361,0106361 Total (Diversion),Monthly,5,2018,30.86,ACFT,K,Approved,2019-04-08 06:51:00
0106361,10106361,0106361 Total (Diversion),Monthly,4,2019,28.07,ACFT,K,Approved,2020-06-16 12:01:00
0106361,10106361,0106361 Total (Diversion),Monthly,10,2020,57.6414,ACFT,K,Approved,2021-04-21 11:16:00
0106361,10106361,0106361 Total (Diversion),Monthly,12,2021,48.3829,ACFT,K,Approved,2022-09-16 08:16:00
0106361,10106361,0106361 Total (Diversion),Monthly,12,2022,35.1711,ACFT,K,Approved,2023-11-06 07:10:00
0106361,10106361,0106361 Total (Diversion),Monthly,12,2023,6.358,ACFT,K,Approved,2024-03-26 13:21:00
0106361,10106361,0106361 Total (Diversion),Monthly,12,2024,20.735,ACFT,K,Approved,2025-02-20 09:58:00
0106370,10106370,0106370 Total (Diversion),Monthly,5,2012,99.366,ACFT,K,Approved,2013-04-04 08:01:00
0106370,10106370,0106370 Total (Diversion),Monthly,2,2013,19.3,ACFT,K,Approved,2014-05-09 11:12:00
0106370,10106370,0106370 Total (Diversion),Monthly,3,2014,38.276,ACFT,K,Approved,2015-04-29 13:01:00
0106370,10106370,0106370 Total (Diversion),Monthly,2,2015,1.035,ACFT,K,Approved,2016-06-15 12:40:00
0106370,10106370,0106370 Total (Diversion),Monthly,3,2017,40.69,ACFT,K,Approved,2018-04-04 11:56:00
0106370,10106370,0106370 Total (Diversion),Monthly,4,2018,62.32,ACFT,K,Approved,2019-04-08 06:51:00
0106370,10106370,0106370 Total (Diversion),Monthly,3,2019,48.36,ACFT,K,Approved,2020-06-16 12:01:00
0106370,10106370,0106370 Total (Diversion),Monthly,11,2020,37.5701,ACFT,K,Approved,2021-04-21 11:16:00
0106370,10106370,0106370 Total (Diversion),Monthly,12,2021,68.9634,ACFT,K,Approved,2022-09-16 08:16:00
0106370,10106370,0106370 Total (Diversion),Monthly,9,2022,256.1565,ACFT,K,Approved,2023-11-06 11:43:00
0106370,10106370,0106370 Total (Diversion),Monthly,12,2023,262.502,ACFT,K,Approved,2024-03-26 13:21:00
0106370,10106370,0106370 Total (Diversion),Monthly,12,2024,40.757,ACFT,K,Approved,2025-02-20 09:58:00
0106423,10106423,0106423 Total (Diversion),Monthly,8,2012,110.8627,ACFT,K,Approved,2013-04-04 08:01:00
0106423,10106423,0106423 Total (Diversion),Monthly,7,2013,146.57,ACFT,K,Approved,2014-05-09 11:12:00
0106423,10106423,0106423 Total (Diversion),Monthly,9,2014,144.9867,ACFT,K,Approved,2015-04-29 13:01:00
0106423,10106423,0106423 Total (Diversion),Monthly,8,2015,226.975,ACFT,K,Approved,2016-06-15 12:40:00
0106423,10106423,0106423 Total (Diversion),Monthly,9,2017,159.69,ACFT,K,Approved,2018-04-04 11:56:00
0106423,10106423,0106423 Total (Diversion),Monthly,7,2018,102.61,ACFT,K,Approved,2019-04-08 06:51:00
0106423,10106423,0106423 Total (Diversion),Monthly,7,2019,82.15,ACFT,K,Approved,2020-06-16 12:01:00
0106423,10106423,0106423 Total (Diversion),Monthly,12,2020,179.845,ACFT,K,Approved,2021-04-21 11:16:00
0106668,10106668,0106668 Total (Diversion),Monthly,4,2012,54.681,ACFT,K,Approved,2013-04-04 08:01:00
0106668,10106668,0106668 Total (Diversion),Monthly,1,2013,7.05,ACFT,K,Approved,2014-05-09 11:12:00
0106668,10106668,0106668 Total (Diversion),Monthly,12,2020,0.0,ACFT,K,Approved,2021-04-21 11:16:00
0106668,10106668,0106668 Total (Diversion),Monthly,12,2021,0.0,ACFT,K,Approved,2022-09-16 08:16:00
0106668,10106668,0106668 Total (Diversion),Monthly,12,2022,0.0,ACFT,K,Approved,2023-11-06 07:18:00
0106668,10106668,0106668 Total (Diversion),Monthly,12,2023,0.0,ACFT,K,Approved,2024-03-26 13:15:00
0106668,10106668,0106668 Total (Diversion),Monthly,12,2024,0.0,ACFT,K,Approved,2025-02-20 09:59:00
0106735,10106735,0106735 Total (Diversion),Daily,10,2004,44.6288,ACFT,*,Approved,2005-04-06 11:37:00
0106735,10106735,0106735 Total (Diversion),Daily,217,2008,174.9447,ACFT,*,Approved,2009-04-17 15:51:00
0106735,10106735,0106735 Total (Diversion),Daily,79,2009,175.2026,ACFT,U,Approved,2010-04-08 10:41:00
0106839,10106839,0106839 Total (Diversion),Monthly,2,2008,17.593,ACFT,U,Approved,2009-04-17 15:50:00
0106839,10106839,0106839 Total (Diversion),Monthly,5,2011,74.3558,ACFT,K,Approved,2012-07-18 15:24:00
0106839,10106839,0106839 Total (Diversion),Monthly,3,2012,98.336,ACFT,U,Approved,2013-04-04 08:01:00
0106839,10106839,0106839 Total (Diversion),Monthly,3,2013,31.85,ACFT,U,Approved,2014-05-09 11:12:00
0106839,10106839,0106839 Total (Diversion),Monthly,5,2017,89.3,ACFT,K,Approved,2018-04-04 11:56:00
0106839,10106839,0106839 Total (Diversion),Monthly,4,2018,60.82,ACFT,K,Approved,2019-04-08 06:51:00
0106839,10106839,0106839 Total (Diversion),Monthly,4,2019,29.98,ACFT,K,Approved,2020-06-16 12:01:00
0106839,10106839,0106839 Total (Diversion),Monthly,4,2020,180.973,ACFT,K,Approved,2021-04-21 11:16:00
0106839,10106839,0106839 Total (Diversion),Monthly,12,2021,19.221,ACFT,K,Approved,2022-09-16 08:16:00
0106839,10106839,0106839 Total (Diversion),Monthly,10,2022,39.6873,ACFT,K,Approved,2023-10-25 13:48:00
0106839,10106839,0106839 Total (Diversion),Monthly,12,2023,52.4522,ACFT,K,Approved,2024-06-24 15:10:00
0106839,10106839,0106839 Total (Diversion),Monthly,12,2024,45.3516,ACFT,K,Approved,2025-01-29 10:38:00
0106893,10106893,0106893 Total (Diversion),Monthly,4,2008,25.477,ACFT,U,Approved,2009-04-17 15:50:00
0106893,10106893,0106893 Total (Diversion),Monthly,2,2009,19.705,ACFT,U,Approved,2010-04-08 10:41:00
0106893,10106893,0106893 Total (Diversion),Monthly,1,2010,7.379,ACFT,U,Approved,2011-03-30 10:41:00
0106893,10106893,0106893 Total (Diversion),Monthly,1,2011,0.5,ACFT,K,Approved,2012-07-18 15:24:00
0106893,10106893,0106893 Total (Diversion),Monthly,3,2012,79.84,ACFT,U,Approved,2013-04-04 08:01:00
0106893,10106893,0106893 Total (Diversion),Monthly,2,2013,28.63,ACFT,U,Approved,2014-05-09 11:12:00
0106893,10106893,0106893 Total (Diversion),Monthly,1,2017,10.0,ACFT,K,Approved,2018-04-04 11:56:00
0106893,10106893,0106893 Total (Diversion),Monthly,1,2018,18.78,ACFT,K,Approved,2019-04-08 06:51:00
0106893,10106893,0106893 Total (Diversion),Monthly,2,2020,105.5871,ACFT,K,Approved,2021-04-21 11:16:00
0106893,10106893,0106893 Total (Diversion),Monthly,12,2021,34.5205,ACFT,K,Approved,2022-09-16 08:16:00
0106893,10106893,0106893 Total (Diversion),Monthly,12,2022,162.8689,ACFT,K,Approved,2023-11-06 07:16:00
0106893,10106893,0106893 Total (Diversion),Monthly,12,2023,0.0,ACFT,K,Approved,2024-06-24 15:14:00
0106893,10106893,0106893 Total (Diversion),Monthly,12,2024,72.5261,ACFT,K,Approved,2025-01-29 10:37:00
0106940,10106940,0106940 Total (Diversion),Monthly,7,2008,29.819,ACFT,U,Approved,2009-04-17 15:50:00
0106940,10106940,0106940 Total (Diversion),Monthly,7,2009,18.634,ACFT,U,Approved,2010-04-08 10:41:00
0106940,10106940,0106940 Total (Diversion),Monthly,10,2010,27.582,ACFT,U,Approved,2011-03-30 10:41:00
0106940,10106940,0106940 Total (Diversion),Monthly,10,2011,28.7182,ACFT,K,Approved,2012-07-18 15:24:00
0106940,10106940,0106940 Total (Diversion),Monthly,10,2012,26.2604,ACFT,U,Approved,2013-04-04 08:01:00
0106940,10106940,0106940 Total (Diversion),Monthly,11,2013,10.73,ACFT,U,Approved,2014-05-09 11:12:00
0106940,10106940,0106940 Total (Diversion),Monthly,12,2014,17.4382,ACFT,U,Approved,2015-04-29 13:01:00
0106940,10106940,0106940 Total (Diversion),Monthly,12,2015,16.5701,ACFT,U,Approved,2016-06-15 12:40:00
0106940,10106940,0106940 Total (Diversion),Monthly,12,2016,19.2,ACFT,U,Approved,2017-05-15 09:51:00
0106940,10106940,0106940 Total (Diversion),Monthly,11,2017,24.18,ACFT,K,Approved,2018-04-04 11:56:00
0106940,10106940,0106940 Total (Diversion),Monthly,11,2018,22.76,ACFT,K,Approved,2019-04-08 06:51:00
0106940,10106940,0106940 Total (Diversion),Monthly,11,2019,22.3,ACFT,K,Approved,2020-06-16 12:01:00
0106940,10106940,0106940 Total (Diversion),Monthly,7,2020,33.8305,ACFT,K,Approved,2021-04-21 11:16:00
0106940,10106940,0106940 Total (Diversion),Monthly,12,2021,28.7034,ACFT,K,Approved,2022-09-16 08:16:00
0106940,10106940,0106940 Total (Diversion),Monthly,12,2022,26.7063,ACFT,K,Approved,2023-10-31 10:13:00
0106940,10106940,0106940 Total (Diversion),Monthly,12,2023,10.3892,ACFT,K,Approved,2024-06-24 14:54:00
0106940,10106940,0106940 Total (Diversion),Monthly,12,2024,25.06,ACFT,K,Approved,2025-01-29 10:38:00
0107025,10107025,0107025 Total (Diversion),Monthly,1,2018,0.003,ACFT,K,Approved,2019-04-08 06:51:00
0107025,10107025,0107025 Total (Diversion),Monthly,12,2021,0.0,ACFT,K,Approved,2022-09-16 08:16:00
0107025,10107025,0107025 Total (Diversion),Monthly,4,2022,0.0,ACFT,K,Approved,2023-11-07 08:18:00
0107025,10107025,0107025 Total (Diversion),Monthly,12,2023,0.0,ACFT,K,Approved,2024-06-24 15:10:00
0107094,10107094,0107094 Total (Diversion),Monthly,3,2016,25.343,ACFT,K,Approved,2017-05-15 09:51:00
0107094,10107094,0107094 Total (Diversion),Monthly,2,2017,19.46,ACFT,K,Approved,2018-04-04 11:56:00
0107094,10107094,0107094 Total (Diversion),Monthly,5,2018,62.58,ACFT,K,Approved,2019-04-08 06:51:00
0107094,10107094,0107094 Total (Diversion),Monthly,3,2019,65.8,ACFT,K,Approved,2020-06-16 12:01:00
0107094,10107094,0107094 Total (Diversion),Monthly,12,2020,58.113,ACFT,K,Approved,2021-04-21 11:16:00
0107094,10107094,0107094 Total (Diversion),Monthly,12,2021,48.818,ACFT,K,Approved,2022-09-16 08:16:00
0107094,10107094,0107094 Total (Diversion),Monthly,12,2022,41.053,ACFT,K,Approved,2023-11-06 07:14:00
0107094,10107094,0107094 Total (Diversion),Monthly,12,2023,14.213,ACFT,K,Approved,2024-06-24 14:54:00
0107094,10107094,0107094 Total (Diversion),Monthly,12,2024,50.776,ACFT,K,Approved,2025-02-20 09:58:00
0107497,10107497,0107497 Total (Diversion),Monthly,1,2012,13.129,ACFT,K,Approved,2013-04-04 08:01:00
0107497,10107497,0107497 Total (Diversion),Monthly,1,2013,9.79,ACFT,K,Approved,2014-05-09 11:12:00
0107497,10107497,0107497 Total (Diversion),Monthly,4,2020,250.245,ACFT,*,Approved,2021-04-21 11:16:00
0107506,10107506,0107506 Total (Diversion),Daily,13,2013,18.0026,ACFT,*,Approved,2014-05-09 11:11:00
0107506,10107506,0107506 Total (Diversion),Daily,19,2014,36.1221,ACFT,K,Approved,2015-04-29 13:01:00
0107506,10107506,0107506 Total (Diversion),Daily,11,2015,17.9897,ACFT,K,Approved,2016-06-15 12:40:00
0107506,10107506,0107506 Total (Diversion),Daily,30,2017,40.2849,ACFT,*,Approved,2018-04-04 11:55:00
0107506,10107506,0107506 Total (Diversion),Daily,50,2018,112.1273,ACFT,*,Approved,2019-04-08 06:50:00
0107506,10107506,0107506 Total (Diversion),Daily,56,2019,91.4989,ACFT,*,Approved,2020-06-16 12:00:00
0107506,10107506,0107506 Total (Diversion),Daily,53,2020,111.5136,ACFT,U,Approved,2021-04-21 11:15:00
0107506,10107506,0107506 Total (Diversion),Daily,24,2021,39.4859,ACFT,U,Approved,2022-09-16 08:15:00
0107506,10107506,0107506 Total (Diversion),Daily,51,2022,84.7379,ACFT,U,Approved,2023-11-03 06:26:00
0107506,10107506,0107506 Total (Diversion),Daily,5,2023,3.8768,ACFT,U,Approved,2024-04-22 14:57:00
0107651,10107651,0107651 Total (Diversion),Monthly,5,2012,59.447,ACFT,K,Approved,2021-07-08 11:35:00
0107651,10107651,0107651 Total (Diversion),Monthly,4,2013,34.67,ACFT,K,Approved,2021-07-08 11:35:00
0107651,10107651,0107651 Total (Diversion),Monthly,4,2014,39.236,ACFT,K,Approved,2021-07-08 11:35:00
0107651,10107651,0107651 Total (Diversion),Monthly,4,2015,34.76,ACFT,K,Approved,2021-07-08 11:35:00
0107651,10107651,0107651 Total (Diversion),Monthly,3,2016,31.607,ACFT,K,Approved,2017-05-15 09:51:00
0107651,10107651,0107651 Total (Diversion),Monthly,5,2017,29.26,ACFT,K,Approved,2021-07-08 11:35:00
0107651,10107651,0107651 Total (Diversion),Monthly,3,2018,41.49,ACFT,K,Approved,2021-07-08 11:35:00
0107651,10107651,0107651 Total (Diversion),Monthly,1,2019,9.67,ACFT,K,Approved,2021-07-08 11:35:00
0107651,10107651,0107651 Total (Diversion),Monthly,12,2020,0.0,ACFT,K,Approved,2021-04-21 11:16:00
0107651,10107651,0107651 Total (Diversion),Monthly,12,2021,158.315,ACFT,K,Approved,2022-09-16 08:16:00
0107651,10107651,0107651 Total (Diversion),Monthly,12,2022,53.506,ACFT,K,Approved,2023-11-06 07:18:00
0107651,10107651,0107651 Total (Diversion),Monthly,12,2023,37.877,ACFT,K,Approved,2024-06-24 14:33:00
0107651,10107651,0107651 Total (Diversion),Monthly,12,2024,102.167,ACFT,K,Approved,2025-02-20 09:58:00
0107703,10107703,0107703 Total (Diversion),Daily,11,2004,32.3311,ACFT,*,Approved,2005-04-06 11:37:00
0107703,10107703,0107703 Total (Diversion),Daily,124,2008,142.7505,ACFT,*,Approved,2009-04-17 15:51:00
0107703,10107703,0107703 Total (Diversion),Daily,22,2009,62.7778,ACFT,U,Approved,2010-04-08 10:41:00
0107703,10107703,0107703 Total (Diversion),Daily,4,2010,6.8232,ACFT,U,Approved,2011-03-30 10:41:00
0107703,10107703,0107703 Total (Diversion),Daily,105,2012,500.1812,ACFT,U,Approved,2013-04-26 19:10:00
0107703,10107703,0107703 Total (Diversion),Daily,91,2013,198.3726,ACFT,U,Approved,2014-05-09 11:11:00
0107703,10107703,0107703 Total (Diversion),Daily,18,2014,68.8017,ACFT,U,Approved,2015-04-29 13:01:00
0107703,10107703,0107703 Total (Diversion),Daily,33,2018,150.3493,ACFT,U,Approved,2019-04-08 06:50:00
0107703,10107703,0107703 Total (Diversion),Daily,102,2019,552.9205,ACFT,U,Approved,2020-06-16 12:00:00
0107703,10107703,0107703 Total (Diversion),Daily,99,2020,199.573,ACFT,U,Approved,2021-04-21 11:15:00
0107703,10107703,0107703 Total (Diversion),Daily,133,2021,158.4233,ACFT,U,Approved,2022-09-16 08:15:00
0107703,10107703,0107703 Total (Diversion),Daily,39,2022,58.4401,ACFT,U,Approved,2023-11-03 06:26:00
0107703,10107703,0107703 Total (Diversion),Daily,932,2024,155.3077,ACFT,U,Approved,2025-04-16 10:22:00
0107894,10107894,0107894 Total (Diversion),Monthly,1,2009,7.169,ACFT,U,Approved,2010-04-08 10:41:00
0107894,10107894,0107894 Total (Diversion),Monthly,3,2021,7.1167,ACFT,*,Approved,2022-09-16 08:16:00
0107894,10107894,0107894 Total (Diversion),Monthly,12,2022,25.9701,ACFT,K,Approved,2023-10-31 10:13:00
0107894,10107894,0107894 Total (Diversion),Monthly,12,2023,21.1754,ACFT,K,Approved,2024-06-24 15:11:00
0107894,10107894,0107894 Total (Diversion),Monthly,12,2024,22.3512,ACFT,K,Approved,2025-01-29 10:38:00
0107895,10107895,0107895 Total (Diversion),Monthly,6,2008,113.797,ACFT,U,Approved,2009-04-17 15:50:00
0107895,10107895,0107895 Total (Diversion),Monthly,2,2011,36.628,ACFT,K,Approved,2012-07-18 15:24:00
0107895,10107895,0107895 Total (Diversion),Monthly,4,2012,170.191,ACFT,U,Approved,2013-04-04 08:01:00
0107895,10107895,0107895 Total (Diversion),Monthly,2,2013,38.74,ACFT,U,Approved,2014-05-09 11:12:00
0107895,10107895,0107895 Total (Diversion),Monthly,1,2014,12.395,ACFT,U,Approved,2015-04-29 13:01:00
0107895,10107895,0107895 Total (Diversion),Monthly,1,2015,1.333,ACFT,U,Approved,2016-06-15 12:40:00
0107895,10107895,0107895 Total (Diversion),Monthly,1,2016,16.62,ACFT,U,Approved,2017-05-15 09:51:00
0107895,10107895,0107895 Total (Diversion),Monthly,3,2017,27.532,ACFT,K,Approved,2018-04-04 11:56:00
0107895,10107895,0107895 Total (Diversion),Monthly,3,2018,89.26,ACFT,K,Approved,2019-04-08 06:51:00
0107895,10107895,0107895 Total (Diversion),Monthly,4,2019,19.51,ACFT,K,Approved,2020-06-16 12:01:00
0107895,10107895,0107895 Total (Diversion),Monthly,4,2020,209.916,ACFT,K,Approved,2021-04-21 11:16:00
0107895,10107895,0107895 Total (Diversion),Monthly,12,2021,0.0,ACFT,K,Approved,2022-09-16 08:16:00
0107895,10107895,0107895 Total (Diversion),Monthly,12,2022,0.0,ACFT,K,Approved,2023-11-06 07:18:00
0107895,10107895,0107895 Total (Diversion),Monthly,9,2023,126.376,ACFT,K,Approved,2024-06-24 14:33:00
0107895,10107895,0107895 Total (Diversion),Monthly,12,2024,131.819,ACFT,K,Approved,2025-01-29 10:38:00
0108034,10108034,0108034 Total (Diversion),Monthly,8,2012,120.4282,ACFT,K,Approved,2013-04-04 08:01:00
0108034,10108034,0108034 Total (Diversion),Monthly,9,2013,72.83,ACFT,K,Approved,2014-05-09 11:12:00
0108034,10108034,0108034 Total (Diversion),Monthly,9,2014,83.2711,ACFT,K,Approved,2015-04-29 13:01:00
0108034,10108034,0108034 Total (Diversion),Monthly,8,2015,52.3832,ACFT,K,Approved,2016-06-15 12:40:00
0108034,10108034,0108034 Total (Diversion),Monthly,3,2016,61.291,ACFT,K,Approved,2017-05-15 09:51:00
0108034,10108034,0108034 Total (Diversion),Monthly,9,2017,93.96,ACFT,K,Approved,2018-04-04 11:56:00
0108034,10108034,0108034 Total (Diversion),Monthly,9,2018,74.01,ACFT,K,Approved,2019-04-08 06:51:00
0108034,10108034,0108034 Total (Diversion),Monthly,8,2019,82.02,ACFT,K,Approved,2020-06-16 12:01:00
0108034,10108034,0108034 Total (Diversion),Monthly,12,2020,140.6863,ACFT,K,Approved,2021-04-21 11:16:00
0108034,10108034,0108034 Total (Diversion),Monthly,12,2021,160.0361,ACFT,K,Approved,2022-09-16 08:16:00
0108034,10108034,0108034 Total (Diversion),Monthly,12,2022,131.485,ACFT,K,Approved,2023-10-31 10:12:00
0108034,10108034,0108034 Total (Diversion),Monthly,12,2023,71.52,ACFT,K,Approved,2024-06-24 14:53:00
0108034,10108034,0108034 Total (Diversion),Monthly,12,2024,109.8997,ACFT,K,Approved,2025-02-24 14:58:00
0108079,10108079,0108079 Total (Diversion),Monthly,3,2008,30.726,ACFT,U,Approved,2009-04-17 15:50:00
0108079,10108079,0108079 Total (Diversion),Monthly,4,2012,162.997,ACFT,U,Approved,2013-04-04 08:01:00
0108079,10108079,0108079 Total (Diversion),Monthly,3,2013,48.41,ACFT,U,Approved,2014-05-09 11:12:00
0108079,10108079,0108079 Total (Diversion),Monthly,1,2014,1.127,ACFT,U,Approved,2015-04-29 13:01:00
0108079,10108079,0108079 Total (Diversion),Monthly,3,2016,137.84,ACFT,U,Approved,2017-05-15 09:51:00
0108079,10108079,0108079 Total (Diversion),Monthly,3,2017,170.24,ACFT,K,Approved,2018-04-04 11:56:00
0108079,10108079,0108079 Total (Diversion),Monthly,4,2018,173.26,ACFT,K,Approved,2019-04-08 06:51:00
0108079,10108079,0108079 Total (Diversion),Monthly,5,2019,155.63,ACFT,K,Approved,2020-06-16 12:01:00
0108079,10108079,0108079 Total (Diversion),Monthly,3,2020,182.581,ACFT,K,Approved,2021-04-21 11:16:00
0108079,10108079,0108079 Total (Diversion),Monthly,12,2021,190.173,ACFT,K,Approved,2022-09-16 08:16:00
0108079,10108079,0108079 Total (Diversion),Monthly,12,2022,215.966,ACFT,K,Approved,2023-11-06 07:12:00
0108079,10108079,0108079 Total (Diversion),Monthly,12,2023,159.805,ACFT,K,Approved,2024-03-26 13:38:00
0108079,10108079,0108079 Total (Diversion),Monthly,12,2024,221.929,ACFT,K,Approved,2025-01-29 10:38:00
0108100,10108100,0108100 Total (Diversion),Monthly,5,2016,45.0984,ACFT,K,Approved,2017-05-15 09:51:00
0108100,10108100,0108100 Total (Diversion),Monthly,1,2019,0.003,ACFT,K,Approved,2020-06-16 12:01:00
0108100,10108100,0108100 Total (Diversion),Monthly,11,2020,58.23,ACFT,K,Approved,2021-04-21 11:16:00
0108100,10108100,0108100 Total (Diversion),Monthly,12,2021,51.31,ACFT,K,Approved,2022-09-16 08:16:00
0108100,10108100,0108100 Total (Diversion),Monthly,12,2022,44.455,ACFT,K,Approved,2023-11-06 07:17:00
0108100,10108100,0108100 Total (Diversion),Monthly,12,2023,23.717,ACFT,K,Approved,2024-06-24 15:09:00
0108100,10108100,0108100 Total (Diversion),Monthly,12,2024,58.994,ACFT,K,Approved,2025-02-20 09:59:00
0108111,10108111,0108111 Total (Diversion),Monthly,4,2012,56.357,ACFT,K,Approved,2013-04-04 08:01:00
0108111,10108111,0108111 Total (Diversion),Monthly,4,2013,30.74,ACFT,K,Approved,2014-05-09 11:12:00
0108111,10108111,0108111 Total (Diversion),Monthly,3,2014,21.23,ACFT,K,Approved,2015-04-29 13:01:00
0108111,10108111,0108111 Total (Diversion),Monthly,2,2015,5.423,ACFT,K,Approved,2016-06-15 12:40:00
0108111,10108111,0108111 Total (Diversion),Monthly,3,2016,0.857,ACFT,K,Approved,2017-05-15 09:51:00
0108111,10108111,0108111 Total (Diversion),Monthly,1,2017,44.37,ACFT,K,Approved,2018-04-04 11:56:00
0108111,10108111,0108111 Total (Diversion),Monthly,2,2018,15.05,ACFT,K,Approved,2019-04-08 06:51:00
0108111,10108111,0108111 Total (Diversion),Monthly,3,2019,14.86,ACFT,K,Approved,2020-06-16 12:01:00
0108111,10108111,0108111 Total (Diversion),Monthly,12,2020,41.6409,ACFT,K,Approved,2021-04-21 11:16:00
0108111,10108111,0108111 Total (Diversion),Monthly,12,2021,22.1881,ACFT,K,Approved,2022-09-16 08:16:00
0108111,10108111,0108111 Total (Diversion),Monthly,12,2022,31.845,ACFT,K,Approved,2023-11-06 07:10:00
0108111,10108111,0108111 Total (Diversion),Monthly,12,2023,10.75,ACFT,K,Approved,2024-03-26 13:37:00
0108111,10108111,0108111 Total (Diversion),Monthly,12,2024,13.066,ACFT,K,Approved,2025-02-20 09:58:00
0108608,10108608,0108608 Total (Diversion),Monthly,6,2008,74.881,ACFT,U,Approved,2009-04-17 15:50:00
0108608,10108608,0108608 Total (Diversion),Monthly,4,2009,50.64,ACFT,U,Approved,2010-04-08 10:41:00
0108608,10108608,0108608 Total (Diversion),Monthly,6,2010,33.158,ACFT,U,Approved,2011-03-30 10:41:00
0108608,10108608,0108608 Total (Diversion),Monthly,1,2011,5.384,ACFT,K,Approved,2012-07-18 15:24:00
0108608,10108608,0108608 Total (Diversion),Monthly,3,2012,112.997,ACFT,U,Approved,2013-04-04 08:01:00
0108608,10108608,0108608 Total (Diversion),Monthly,4,2013,111.38,ACFT,U,Approved,2014-05-09 11:12:00
0108608,10108608,0108608 Total (Diversion),Monthly,2,2016,16.03,ACFT,U,Approved,2017-05-15 09:51:00
0108608,10108608,0108608 Total (Diversion),Monthly,6,2017,54.14,ACFT,K,Approved,2018-04-04 11:56:00
0108608,10108608,0108608 Total (Diversion),Monthly,3,2018,22.6,ACFT,K,Approved,2019-04-08 06:51:00
0108608,10108608,0108608 Total (Diversion),Monthly,3,2019,13.67,ACFT,K,Approved,2020-06-16 12:01:00
0108608,10108608,0108608 Total (Diversion),Monthly,4,2020,99.596,ACFT,K,Approved,2021-04-21 11:16:00
0108608,10108608,0108608 Total (Diversion),Monthly,12,2021,27.433,ACFT,K,Approved,2022-09-16 08:16:00
0108608,10108608,0108608 Total (Diversion),Monthly,12,2022,123.608,ACFT,K,Approved,2023-11-06 07:16:00
0108608,10108608,0108608 Total (Diversion),Monthly,12,2023,6.834,ACFT,K,Approved,2024-03-26 13:19:00
0108608,10108608,0108608 Total (Diversion),Monthly,12,2024,45.692,ACFT,K,Approved,2025-01-29 10:38:00
0108890,10108890,0108890 Total (Diversion),Monthly,5,2008,50.149,ACFT,U,Approved,2009-04-17 15:50:00
0108890,10108890,0108890 Total (Diversion),Monthly,3,2009,38.752,ACFT,U,Approved,2010-04-08 10:41:00
0108890,10108890,0108890 Total (Diversion),Monthly,6,2010,119.784,ACFT,U,Approved,2011-03-30 10:41:00
0108890,10108890,0108890 Total (Diversion),Monthly,2,2011,87.998,ACFT,K,Approved,2012-07-18 15:24:00
0108890,10108890,0108890 Total (Diversion),Monthly,6,2012,53.873,ACFT,U,Approved,2013-04-04 08:01:00
0108890,10108890,0108890 Total (Diversion),Monthly,4,2013,91.77,ACFT,U,Approved,2014-05-09 11:12:00
0108890,10108890,0108890 Total (Diversion),Monthly,4,2014,56.273,ACFT,U,Approved,2015-04-29 13:01:00
0108890,10108890,0108890 Total (Diversion),Monthly,6,2015,123.678,ACFT,U,Approved,2016-06-15 12:40:00
0108890,10108890,0108890 Total (Diversion),Monthly,5,2016,149.5,ACFT,U,Approved,2017-05-15 09:51:00
0108890,10108890,0108890 Total (Diversion),Monthly,5,2017,248.77,ACFT,K,Approved,2018-04-04 11:56:00
0108890,10108890,0108890 Total (Diversion),Monthly,5,2018,293.03,ACFT,K,Approved,2019-04-08 06:51:00
0108890,10108890,0108890 Total (Diversion),Monthly,2,2019,1.57,ACFT,K,Approved,2020-06-16 12:01:00
0108890,10108890,0108890 Total (Diversion),Monthly,1,2020,5.6066,ACFT,K,Approved,2021-04-21 11:16:00
0108890,10108890,0108890 Total (Diversion),Monthly,12,2021,232.6989,ACFT,K,Approved,2022-09-16 08:16:00
0108890,10108890,0108890 Total (Diversion),Monthly,12,2022,286.377,ACFT,K,Approved,2023-11-06 11:38:00
0108890,10108890,0108890 Total (Diversion),Monthly,12,2023,216.106,ACFT,K,Approved,2024-06-24 15:11:00
0108890,10108890,0108890 Total (Diversion),Monthly,12,2024,4.809,ACFT,K,Approved,2025-05-01 10:08:00
0108893,10108893,0108893 Total (Diversion),Monthly,1,2008,0.3,ACFT,U,Approved,2009-04-17 15:50:00
0108893,10108893,0108893 Total (Diversion),Monthly,1,2014,0.082,ACFT,U,Approved,2015-04-29 13:01:00
0108893,10108893,0108893 Total (Diversion),Monthly,2,2017,45.91,ACFT,K,Approved,2018-04-04 11:56:00
0108893,10108893,0108893 Total (Diversion),Monthly,4,2018,73.869,ACFT,K,Approved,2019-04-08 06:51:00
0108893,10108893,0108893 Total (Diversion),Monthly,3,2020,110.095,ACFT,*,Approved,2021-04-21 11:16:00
0108893,10108893,0108893 Total (Diversion),Monthly,12,2021,54.732,ACFT,K,Approved,2022-09-16 08:16:00
0108893,10108893,0108893 Total (Diversion),Monthly,12,2022,65.71,ACFT,K,Approved,2023-11-06 07:11:00
0108893,10108893,0108893 Total (Diversion),Monthly,12,2023,35.138,ACFT,K,Approved,2024-06-24 14:55:00
0108893,10108893,0108893 Total (Diversion),Monthly,12,2024,68.634,ACFT,K,Approved,2025-01-29 10:38:00
0108924,10108924,0108924 Total (Diversion),Monthly,2,2012,47.732,ACFT,K,Approved,2013-04-04 08:01:00
0108924,10108924,0108924 Total (Diversion),Monthly,1,2018,0.06,ACFT,K,Approved,2019-04-08 06:51:00
0108924,10108924,0108924 Total (Diversion),Monthly,12,2023,456.4399,ACFT,K,Approved,2024-06-24 15:11:00
0108924,10108924,0108924 Total (Diversion),Monthly,12,2024,395.4534,ACFT,K,Approved,2025-05-07 15:55:00
0108925,10108925,0108925 Total (Diversion),Monthly,1,2012,13.228,ACFT,K,Approved,2013-04-04 08:01:00
0108925,10108925,0108925 Total (Diversion),Monthly,4,2018,98.53,ACFT,K,Approved,2019-04-08 06:51:00
0108925,10108925,0108925 Total (Diversion),Monthly,6,2019,651.73,ACFT,K,Approved,2020-06-16 12:01:00
0108925,10108925,0108925 Total (Diversion),Monthly,3,2020,187.054,ACFT,K,Approved,2021-04-21 11:16:00
0108925,10108925,0108925 Total (Diversion),Monthly,12,2021,2.781,ACFT,K,Approved,2022-09-16 08:16:00
0108925,10108925,0108925 Total (Diversion),Monthly,12,2022,24.0825,ACFT,K,Approved,2023-11-06 07:13:00
0108925,10108925,0108925 Total (Diversion),Monthly,12,2023,67.6202,ACFT,K,Approved,2024-06-24 15:11:00
0108925,10108925,0108925 Total (Diversion),Monthly,12,2024,186.0725,ACFT,K,Approved,2025-02-20 09:58:00
0108959,10108959,0108959 Total (Diversion),Monthly,4,2012,125.027,ACFT,K,Approved,2013-04-04 08:01:00
0108959,10108959,0108959 Total (Diversion),Monthly,4,2013,103.92,ACFT,K,Approved,2014-05-09 11:12:00
0108959,10108959,0108959 Total (Diversion),Monthly,2,2014,17.156,ACFT,K,Approved,2015-04-29 13:01:00
0108959,10108959,0108959 Total (Diversion),Monthly,2,2015,3.306,ACFT,K,Approved,2016-06-15 12:40:00
0108959,10108959,0108959 Total (Diversion),Monthly,2,2017,97.62,ACFT,K,Approved,2018-04-04 11:56:00
0108959,10108959,0108959 Total (Diversion),Monthly,4,2018,70.17,ACFT,K,Approved,2019-04-08 06:51:00
0108959,10108959,0108959 Total (Diversion),Monthly,3,2019,95.59,ACFT,K,Approved,2020-06-16 12:01:00
0108959,10108959,0108959 Total (Diversion),Monthly,12,2020,231.226,ACFT,K,Approved,2021-04-21 11:16:00
0108959,10108959,0108959 Total (Diversion),Monthly,12,2021,173.282,ACFT,K,Approved,2022-09-16 08:16:00
0108959,10108959,0108959 Total (Diversion),Monthly,12,2022,174.974,ACFT,K,Approved,2023-11-06 07:16:00
0108959,10108959,0108959 Total (Diversion),Monthly,12,2023,73.996,ACFT,K,Approved,2024-06-24 15:14:00
0108959,10108959,0108959 Total (Diversion),Monthly,12,2024,168.092,ACFT,K,Approved,2025-02-20 09:59:00
0109052,10109052,0109052 Total (Diversion),Monthly,5,2012,115.005,ACFT,K,Approved,2013-04-04 08:01:00
0109052,10109052,0109052 Total (Diversion),Monthly,3,2013,95.11,ACFT,K,Approved,2014-05-09 11:12:00
0109052,10109052,0109052 Total (Diversion),Monthly,2,2014,134.201,ACFT,K,Approved,2015-04-29 13:01:00
0109052,10109052,0109052 Total (Diversion),Monthly,2,2015,132.317,ACFT,K,Approved,2016-06-15 12:40:00
0109052,10109052,0109052 Total (Diversion),Monthly,5,2017,92.09,ACFT,K,Approved,2018-04-04 11:56:00
0109052,10109052,0109052 Total (Diversion),Monthly,8,2018,189.36,ACFT,K,Approved,2019-04-08 06:51:00
0109052,10109052,0109052 Total (Diversion),Monthly,7,2019,143.42,ACFT,K,Approved,2020-06-16 12:01:00
0109052,10109052,0109052 Total (Diversion),Monthly,24,2020,188.722,ACFT,K,Approved,2021-04-21 11:16:00
0109052,10109052,0109052 Total (Diversion),Monthly,24,2021,144.2323,ACFT,K,Approved,2022-09-16 08:16:00
0109052,10109052,0109052 Total (Diversion),Monthly,23,2022,107.878,ACFT,K,Approved,2023-10-31 10:12:00
0109052,10109052,0109052 Total (Diversion),Monthly,23,2023,63.5522,ACFT,K,Approved,2024-06-24 15:14:00
0109052,10109052,0109052 Total (Diversion),Monthly,24,2024,169.8934,ACFT,K,Approved,2025-02-20 09:59:00
0109054,10109054,0109054 Total (Diversion),Monthly,1,2014,47.319,ACFT,K,Approved,2015-04-29 13:01:00
0109054,10109054,0109054 Total (Diversion),Monthly,2,2016,7.05,ACFT,K,Approved,2017-05-15 09:51:00
0109054,10109054,0109054 Total (Diversion),Monthly,12,2020,0.0,ACFT,K,Approved,2021-04-21 11:16:00
0109054,10109054,0109054 Total (Diversion),Monthly,12,2021,0.0,ACFT,K,Approved,2022-09-16 08:16:00
0109054,10109054,0109054 Total (Diversion),Monthly,11,2022,75.5487,ACFT,K,Approved,2023-11-06 07:10:00
0109054,10109054,0109054 Total (Diversion),Monthly,12,2023,106.8743,ACFT,K,Approved,2024-06-24 15:10:00
0109054,10109054,0109054 Total (Diversion),Monthly,12,2024,136.9031,ACFT,K,Approved,2025-02-20 09:58:00
0109071,10109071,0109071 Total (Diversion),Monthly,3,2016,25.736,ACFT,K,Approved,2017-05-15 09:51:00
0109072,10109072,0109072 Total (Diversion),Monthly,12,2020,80.005,ACFT,K,Approved,2021-04-21 11:16:00
0109072,10109072,0109072 Total (Diversion),Monthly,12,2021,45.65,ACFT,K,Approved,2022-09-16 08:16:00
0109072,10109072,0109072 Total (Diversion),Monthly,12,2022,30.344,ACFT,K,Approved,2023-11-06 07:16:00
0109072,10109072,0109072 Total (Diversion),Monthly,12,2023,11.527,ACFT,K,Approved,2024-03-26 13:37:00
0109072,10109072,0109072 Total (Diversion),Monthly,12,2024,48.672,ACFT,K,Approved,2025-02-20 09:59:00
0109073,10109073,0109073 Total (Diversion),Monthly,5,2012,100.466,ACFT,K,Approved,2013-04-04 08:01:00
0109073,10109073,0109073 Total (Diversion),Monthly,3,2013,23.19,ACFT,K,Approved,2014-05-09 11:12:00
0109073,10109073,0109073 Total (Diversion),Monthly,2,2014,18.208,ACFT,K,Approved,2015-04-29 13:01:00
0109073,10109073,0109073 Total (Diversion),Monthly,2,2015,15.298,ACFT,K,Approved,2016-06-15 12:40:00
0109073,10109073,0109073 Total (Diversion),Monthly,1,2017,17.31,ACFT,K,Approved,2018-04-04 11:56:00
0109073,10109073,0109073 Total (Diversion),Monthly,4,2018,62.7,ACFT,K,Approved,2019-04-08 06:51:00
0109073,10109073,0109073 Total (Diversion),Monthly,1,2019,5.03,ACFT,K,Approved,2020-06-16 12:01:00
0109073,10109073,0109073 Total (Diversion),Monthly,12,2020,93.678,ACFT,K,Approved,2021-04-21 11:16:00
0109073,10109073,0109073 Total (Diversion),Monthly,12,2021,0.001,ACFT,K,Approved,2022-09-16 08:16:00
0109073,10109073,0109073 Total (Diversion),Monthly,12,2022,20.0,ACFT,K,Approved,2023-11-06 07:15:00
0109073,10109073,0109073 Total (Diversion),Monthly,12,2023,0.0,ACFT,K,Approved,2024-06-24 14:54:00
0109073,10109073,0109073 Total (Diversion),Monthly,12,2024,7.327,ACFT,K,Approved,2025-02-20 09:58:00
0109224,10109224,0109224 Total (Diversion),Daily,14,2004,50.976,ACFT,*,Approved,2005-04-06 11:37:00
0109224,10109224,0109224 Total (Diversion),Daily,64,2008,50.7379,ACFT,*,Approved,2009-04-17 15:51:00
0109224,10109224,0109224 Total (Diversion),Daily,8,2009,8.2712,ACFT,U,Approved,2010-04-08 10:41:00
0109224,10109224,0109224 Total (Diversion),Daily,9,2010,7.093,ACFT,U,Approved,2011-03-30 10:41:00
0109224,10109224,0109224 Total (Diversion),Daily,6,2011,21.2433,ACFT,K,Approved,2013-04-26 15:58:00
0109224,10109224,0109224 Total (Diversion),Daily,141,2012,658.0122,ACFT,U,Approved,2013-04-26 19:12:00
0109224,10109224,0109224 Total (Diversion),Daily,84,2013,200.6455,ACFT,U,Approved,2014-05-09 11:11:00
0109224,10109224,0109224 Total (Diversion),Daily,23,2014,109.3865,ACFT,U,Approved,2015-04-29 13:01:00
0109224,10109224,0109224 Total (Diversion),Daily,63,2017,287.9447,ACFT,U,Approved,2018-04-04 11:55:00
0109224,10109224,0109224 Total (Diversion),Daily,68,2018,181.3712,ACFT,U,Approved,2019-04-08 06:50:00
0109224,10109224,0109224 Total (Diversion),Daily,96,2019,225.7421,ACFT,U,Approved,2020-06-16 12:00:00
0109224,10109224,0109224 Total (Diversion),Daily,95,2020,492.555,ACFT,U,Approved,2021-04-21 11:15:00
0109224,10109224,0109224 Total (Diversion),Daily,162,2021,648.7184,ACFT,U,Approved,2022-09-16 08:15:00
0109224,10109224,0109224 Total (Diversion),Daily,94,2022,104.702,ACFT,U,Approved,2023-11-03 06:26:00
0109224,10109224,0109224 Total (Diversion),Daily,32,2023,12.1009,ACFT,U,Approved,2024-04-22 14:57:00
0109224,10109224,0109224 Total (Diversion),Daily,934,2024,256.4344,ACFT,U,Approved,2025-04-16 10:22:00
0109335,10109335,0109335 Total (Diversion),Monthly,6,2012,141.189,ACFT,K,Approved,2013-04-04 08:01:00
0109335,10109335,0109335 Total (Diversion),Monthly,5,2013,35.738,ACFT,K,Approved,2014-05-09 11:12:00
0109335,10109335,0109335 Total (Diversion),Monthly,1,2014,14.216,ACFT,K,Approved,2015-04-29 13:01:00
0109335,10109335,0109335 Total (Diversion),Monthly,1,2015,6.793,ACFT,K,Approved,2016-06-15 12:40:00
0109335,10109335,0109335 Total (Diversion),Monthly,1,2016,5.008,ACFT,K,Approved,2017-05-15 09:51:00
0109335,10109335,0109335 Total (Diversion),Monthly,3,2017,37.6,ACFT,K,Approved,2018-04-04 11:56:00
0109335,10109335,0109335 Total (Diversion),Monthly,5,2018,98.29,ACFT,K,Approved,2019-04-08 06:51:00
0109335,10109335,0109335 Total (Diversion),Monthly,3,2019,77.34,ACFT,K,Approved,2020-06-16 12:01:00
0109335,10109335,0109335 Total (Diversion),Monthly,12,2020,132.731,ACFT,K,Approved,2021-04-21 11:16:00
0109335,10109335,0109335 Total (Diversion),Monthly,12,2021,43.526,ACFT,K,Approved,2022-09-16 08:16:00
0109335,10109335,0109335 Total (Diversion),Monthly,12,2022,48.619,ACFT,K,Approved,2023-11-06 07:14:00
0109335,10109335,0109335 Total (Diversion),Monthly,12,2023,22.975,ACFT,K,Approved,2024-06-24 14:54:00
0109335,10109335,0109335 Total (Diversion),Monthly,12,2024,72.604,ACFT,K,Approved,2025-02-20 09:58:00
0109872,10109872,0109872 Total (Diversion),Monthly,8,2012,26.753,ACFT,K,Approved,2013-04-04 08:01:00
0109872,10109872,0109872 Total (Diversion),Monthly,9,2013,20.567,ACFT,K,Approved,2014-05-09 11:12:00
0109872,10109872,0109872 Total (Diversion),Monthly,9,2014,17.9613,ACFT,K,Approved,2015-04-29 13:01:00
0109872,10109872,0109872 Total (Diversion),Monthly,8,2015,11.8187,ACFT,K,Approved,2016-06-15 12:40:00
0109872,10109872,0109872 Total (Diversion),Monthly,5,2016,0.063,ACFT,K,Approved,2017-05-15 09:51:00
0109872,10109872,0109872 Total (Diversion),Monthly,2,2018,0.0014,ACFT,K,Approved,2019-04-08 06:51:00
0109872,10109872,0109872 Total (Diversion),Monthly,12,2020,0.6134,ACFT,K,Approved,2021-04-21 11:16:00
0109872,10109872,0109872 Total (Diversion),Monthly,12,2021,12.9052,ACFT,K,Approved,2022-09-16 08:16:00
0109872,10109872,0109872 Total (Diversion),Monthly,12,2022,0.0,ACFT,K,Approved,2023-11-06 07:16:00
0109872,10109872,0109872 Total (Diversion),Monthly,12,2023,0.0,ACFT,K,Approved,2024-06-24 14:56:00
0109872,10109872,0109872 Total (Diversion),Monthly,12,2024,0.0,ACFT,K,Approved,2025-05-07 15:29:00
0109872,10109872,0109872 Total (Diversion),Monthly,1,2025,0.0,ACFT,K,Provisional,2024-11-22 11:58:00
0110530,10110530,0110530 Total (Diversion),Monthly,12,2021,160.6452,ACFT,K,Approved,2022-09-16 08:16:00
0110530,10110530,0110530 Total (Diversion),Monthly,12,2022,146.623,ACFT,K,Approved,2023-10-31 10:12:00
0110530,10110530,0110530 Total (Diversion),Monthly,12,2023,103.583,ACFT,K,Approved,2024-03-26 15:29:00
0110530,10110530,0110530 Total (Diversion),Monthly,12,2024,42.121,ACFT,K,Approved,2025-02-20 09:58:00
0110897,10110897,0110897 Total (Diversion),Monthly,12,2020,241.233,ACFT,K,Approved,2021-04-21 11:16:00
0110897,10110897,0110897 Total (Diversion),Monthly,12,2021,219.739,ACFT,K,Approved,2022-09-16 08:16:00
0110897,10110897,0110897 Total (Diversion),Monthly,12,2022,0.0,ACFT,K,Approved,2023-11-06 07:16:00
0110897,10110897,0110897 Total (Diversion),Monthly,12,2023,161.682,ACFT,K,Approved,2024-06-24 15:14:00
0110897,10110897,0110897 Total (Diversion),Monthly,12,2024,277.148,ACFT,K,Approved,2025-02-20 09:59:00
0113142,10113142,0113142 Total (Diversion),Monthly,12,2023,1.873,ACFT,K,Approved,2024-06-24 15:10:00
0113142,10113142,0113142 Total (Diversion),Monthly,12,2024,0.0,ACFT,K,Approved,2025-02-24 14:51:00
