wdid,waterClassNum,wcIdentifier,measInterval,measCount,dataMeasDate,dataValue,measUnits,obsCode,approvalStatus,modified
1706342,11706342,1706342 Total (Diversion),Monthly,10,1999,4.748,ACFT,U,Approved,2004-06-07 15:14:00
1706363,11706363,1706363 Total (Diversion),Monthly,10,1999,0.0,ACFT,U,Approved,2004-06-07 15:14:00
1706363,11706363,1706363 Total (Diversion),Monthly,12,2000,0.0,ACFT,U,Approved,2004-06-07 15:14:00
1706363,11706363,1706363 Total (Diversion),Monthly,12,2001,0.0,ACFT,U,Approved,2004-06-07 15:14:00
1706363,11706363,1706363 Total (Diversion),Monthly,12,2002,0.0,ACFT,U,Approved,2004-06-07 15:14:00
1706363,11706363,1706363 Total (Diversion),Monthly,12,2003,0.0,ACFT,U,Approved,2004-04-29 08:23:00
1706363,11706363,1706363 Total (Diversion),Annual,1,2004,0.0,ACFT,U,Approved,2005-03-29 07:57:00
1706363,11706363,1706363 Total (Diversion),Annual,1,2005,0.0,ACFT,U,Approved,2006-03-31 17:12:00
1706363,11706363,1706363 Total (Diversion),Annual,1,2008,0.0,ACFT,U,Approved,2009-06-30 16:22:00
1706363,11706363,1706363 Total (Diversion),Annual,1,2009,0.0,ACFT,U,Approved,2010-07-06 08:11:00
1706363,11706363,1706363 Total (Diversion),Annual,1,2010,0.0,ACFT,U,Approved,2011-06-06 11:01:00
1706363,11706363,1706363 Total (Diversion),Annual,1,2011,0.0,ACFT,U,Approved,2012-06-01 17:57:00
1706363,11706363,1706363 Total (Diversion),Annual,1,2012,0.0,ACFT,*,Approved,2013-03-28 17:50:00
1706363,11706363,1706363 Total (Diversion),Annual,1,2013,0.0,ACFT,U,Approved,2014-04-17 12:50:00
1706363,11706363,1706363 Total (Diversion),Annual,1,2014,0.0,ACFT,U,Approved,2015-04-01 12:20:00
1706363,11706363,1706363 Total (Diversion),Annual,1,2015,0.0,ACFT,U,Approved,2016-03-30 15:01:00
1706363,11706363,1706363 Total (Diversion),Annual,1,2016,0.0,ACFT,*,Approved,2017-02-16 11:11:00
1706363,11706363,1706363 Total (Diversion),Annual,1,2017,0.0,ACFT,*,Approved,2018-02-09 13:00:00
1706363,11706363,1706363 Total (Diversion),Annual,1,2018,0.0,ACFT,*,Approved,2019-03-07 11:25:00
1706363,11706363,1706363 Total (Diversion),Annual,1,2019,0.0,ACFT,*,Approved,2020-06-16 16:47:00
1706363,11706363,1706363 Total (Diversion),Annual,1,2020,0.0,ACFT,*,Approved,2021-04-26 14:00:00
1706363,11706363,1706363 Total (Diversion),Annual,1,2021,0.0,ACFT,*,Approved,2022-06-15 16:45:00
1706368,11706368,1706368 Total (Diversion),Annual,1,2008,0.0,ACFT,U,Approved,2009-06-30 16:22:00
1706368,11706368,1706368 Total (Diversion),Annual,1,2009,0.0,ACFT,U,Approved,2010-07-06 08:11:00
1706368,11706368,1706368 Total (Diversion),Annual,1,2010,0.0,ACFT,U,Approved,2011-06-06 11:01:00
1706368,11706368,1706368 Total (Diversion),Annual,1,2011,0.0,ACFT,U,Approved,2012-06-01 17:57:00
1706368,11706368,1706368 Total (Diversion),Annual,1,2012,0.0,ACFT,*,Approved,2013-03-28 17:50:00
1706368,11706368,1706368 Total (Diversion),Annual,1,2013,0.0,ACFT,U,Approved,2014-04-17 12:50:00
1706368,11706368,1706368 Total (Diversion),Annual,1,2014,0.0,ACFT,U,Approved,2015-04-01 12:20:00
1706368,11706368,1706368 Total (Diversion),Annual,1,2015,0.0,ACFT,U,Approved,2016-03-30 15:01:00
1706368,11706368,1706368 Total (Diversion),Annual,1,2016,0.0,ACFT,*,Approved,2017-02-16 11:11:00
1706368,11706368,1706368 Total (Diversion),Annual,1,2017,0.0,ACFT,*,Approved,2018-02-09 13:00:00
1706368,11706368,1706368 Total (Diversion),Annual,1,2018,0.0,ACFT,*,Approved,2019-03-07 11:25:00
1706368,11706368,1706368 Total (Diversion),Annual,1,2019,0.0,ACFT,*,Approved,2020-06-16 16:47:00
1706368,11706368,1706368 Total (Diversion),Annual,1,2020,0.0,ACFT,*,Approved,2021-04-26 14:00:00
1706368,11706368,1706368 Total (Diversion),Annual,1,2021,0.0,ACFT,*,Approved,2022-06-15 16:45:00
1706370,11706370,1706370 Total (Diversion),Annual,1,2008,0.0,ACFT,U,Approved,2009-06-30 16:22:00
1706370,11706370,1706370 Total (Diversion),Annual,1,2009,0.0,ACFT,U,Approved,2010-07-06 08:11:00
1706370,11706370,1706370 Total (Diversion),Annual,1,2010,0.0,ACFT,U,Approved,2011-06-06 11:01:00
1706370,11706370,1706370 Total (Diversion),Annual,1,2011,0.0,ACFT,U,Approved,2012-06-01 17:57:00
1706370,11706370,1706370 Total (Diversion),Annual,1,2012,0.0,ACFT,*,Approved,2013-03-28 17:50:00
1706370,11706370,1706370 Total (Diversion),Annual,1,2013,0.0,ACFT,U,Approved,2014-04-17 12:50:00
1706370,11706370,1706370 Total (Diversion),Annual,1,2014,0.0,ACFT,U,Approved,2015-04-01 12:20:00
1706370,11706370,1706370 Total (Diversion),Annual,1,2015,0.0,ACFT,U,Approved,2016-03-30 15:01:00
1706370,11706370,1706370 Total (Diversion),Annual,1,2016,0.0,ACFT,*,Approved,2017-02-16 11:11:00
1706370,11706370,1706370 Total (Diversion),Annual,1,2017,0.0,ACFT,*,Approved,2018-02-09 13:00:00
1706370,11706370,1706370 Total (Diversion),Annual,1,2018,0.0,ACFT,*,Approved,2019-03-07 11:25:00
1706370,11706370,1706370 Total (Diversion),Annual,1,2019,0.0,ACFT,*,Approved,2020-06-16 16:47:00
1706370,11706370,1706370 Total (Diversion),Annual,1,2020,0.0,ACFT,*,Approved,2021-04-26 14:00:00
1706370,11706370,1706370 Total (Diversion),Annual,1,2021,0.0,ACFT,*,Approved,2022-06-15 16:45:00
6700577,16700577,6700577 Total (Diversion),Daily,24,1970,0.0,ACFT,*,Approved,2004-06-07 14:15:00
