wdid,waterClassNum,wcIdentifier,measInterval,measCount,dataMeasDate,dataValue,measUnits,obsCode,approvalStatus,modified
1405510,11405510,1405510 Total (Diversion),Monthly,12,1999,35.984,ACFT,U,Approved,2004-06-07 17:19:00
1405510,11405510,1405510 Total (Diversion),Monthly,12,2000,79.412,ACFT,U,Approved,2004-06-07 17:19:00
1405510,11405510,1405510 Total (Diversion),Monthly,12,2001,67.499,ACFT,U,Approved,2004-06-07 17:19:00
1405510,11405510,1405510 Total (Diversion),Monthly,12,2002,62.909,ACFT,U,Approved,2004-06-07 17:19:00
1405510,11405510,1405510 Total (Diversion),Monthly,12,2003,43.333,ACFT,U,Approved,2004-04-29 08:23:00
1405510,11405510,1405510 Total (Diversion),Monthly,12,2004,29.04,ACFT,U,Approved,2005-03-29 07:57:00
1405510,11405510,1405510 Total (Diversion),Monthly,12,2005,62.36,ACFT,U,Approved,2006-03-31 17:12:00
1405510,11405510,1405510 Total (Diversion),Monthly,12,2006,77.03,ACFT,U,Approved,2008-04-04 10:43:00
1405510,11405510,1405510 Total (Diversion),Monthly,12,2007,57.75,ACFT,U,Approved,2008-07-15 13:14:00
1405510,11405510,1405510 Total (Diversion),Monthly,12,2008,81.57,ACFT,U,Approved,2009-06-30 16:16:00
1405510,11405510,1405510 Total (Diversion),Monthly,12,2009,81.35,ACFT,U,Approved,2010-07-02 12:51:00
1405510,11405510,1405510 Total (Diversion),Monthly,12,2010,72.96,ACFT,U,Approved,2011-05-26 15:21:00
1405510,11405510,1405510 Total (Diversion),Monthly,12,2011,86.86,ACFT,U,Approved,2012-06-20 14:30:00
1405510,11405510,1405510 Total (Diversion),Monthly,12,2012,108.56,ACFT,*,Approved,2013-04-09 16:02:00
1405510,11405510,1405510 Total (Diversion),Annual,1,2013,0.0,ACFT,*,Approved,2014-04-22 12:41:00
1405510,11405510,1405510 Total (Diversion),Monthly,12,2014,43.15,ACFT,U,Approved,2015-03-30 16:40:00
1405510,11405510,1405510 Total (Diversion),Monthly,12,2015,13.18,ACFT,*,Approved,2016-03-14 09:01:00
1405510,11405510,1405510 Total (Diversion),Monthly,12,2016,62.49,ACFT,*,Approved,2017-03-23 13:11:00
1405510,11405510,1405510 Total (Diversion),Monthly,12,2017,59.36,ACFT,*,Approved,2018-03-13 16:45:00
1405510,11405510,1405510 Total (Diversion),Monthly,12,2018,79.07,ACFT,*,Approved,2019-03-20 09:42:00
1405510,11405510,1405510 Total (Diversion),Monthly,12,2019,78.244,ACFT,*,Approved,2020-06-16 15:46:00
1405510,11405510,1405510 Total (Diversion),Monthly,12,2020,98.638,ACFT,*,Approved,2021-04-20 11:46:00
1405510,11405510,1405510 Total (Diversion),Monthly,12,2021,49.098,ACFT,*,Approved,2022-06-28 13:16:00
1405510,11405510,1405510 Total (Diversion),Monthly,12,2022,55.7817,ACFT,K,Approved,2022-11-02 07:41:00
1405510,11405510,1405510 Total (Diversion),Monthly,12,2023,47.0273,ACFT,K,Approved,2023-11-02 07:27:00
1405510,11405510,1405510 Total (Diversion),Monthly,12,2024,72.7943,ACFT,K,Approved,2024-11-14 07:54:00
1405510,11405510,1405510 Total (Diversion),Monthly,10,2025,76.6362,ACFT,K,Provisional,2025-09-09 13:52:00
1405594,11405594,1405594 Total (Diversion),Monthly,10,1999,0.0,ACFT,U,Approved,2004-06-07 17:19:00
1405594,11405594,1405594 Total (Diversion),Monthly,12,2000,0.0,ACFT,U,Approved,2004-06-07 17:19:00
1405594,11405594,1405594 Total (Diversion),Monthly,12,2001,0.0,ACFT,U,Approved,2004-06-07 17:19:00
1405594,11405594,1405594 Total (Diversion),Monthly,12,2002,0.0,ACFT,U,Approved,2004-06-07 17:19:00
1405594,11405594,1405594 Total (Diversion),Monthly,12,2003,0.0,ACFT,U,Approved,2004-04-29 08:23:00
1405594,11405594,1405594 Total (Diversion),Annual,1,2004,0.0,ACFT,U,Approved,2005-03-29 07:57:00
1405594,11405594,1405594 Total (Diversion),Annual,1,2005,0.0,ACFT,U,Approved,2006-03-31 17:12:00
1405594,11405594,1405594 Total (Diversion),Annual,1,2008,0.0,ACFT,U,Approved,2009-06-30 16:16:00
1405594,11405594,1405594 Total (Diversion),Annual,1,2009,0.0,ACFT,U,Approved,2010-07-02 12:51:00
1405594,11405594,1405594 Total (Diversion),Annual,1,2010,0.0,ACFT,U,Approved,2011-05-26 15:21:00
1405594,11405594,1405594 Total (Diversion),Annual,1,2011,0.0,ACFT,U,Approved,2012-06-20 14:30:00
1405594,11405594,1405594 Total (Diversion),Annual,1,2012,0.0,ACFT,*,Approved,2013-04-09 16:02:00
1405594,11405594,1405594 Total (Diversion),Annual,1,2013,0.0,ACFT,*,Approved,2014-04-22 12:41:00
1405594,11405594,1405594 Total (Diversion),Annual,1,2014,0.0,ACFT,U,Approved,2015-03-30 16:40:00
1405594,11405594,1405594 Total (Diversion),Annual,1,2015,0.0,ACFT,*,Approved,2016-03-14 09:01:00
1405594,11405594,1405594 Total (Diversion),Annual,1,2016,0.0,ACFT,*,Approved,2017-03-23 13:11:00
1405594,11405594,1405594 Total (Diversion),Annual,1,2017,0.0,ACFT,*,Approved,2018-03-13 16:45:00
1405594,11405594,1405594 Total (Diversion),Monthly,1,2018,0.0,ACFT,*,Approved,2019-03-20 09:42:00
1405594,11405594,1405594 Total (Diversion),Annual,1,2019,0.0,ACFT,*,Approved,2020-06-16 15:46:00
1405594,11405594,1405594 Total (Diversion),Annual,1,2020,0.0,ACFT,*,Approved,2021-04-20 11:46:00
1405594,11405594,1405594 Total (Diversion),Annual,1,2021,0.0,ACFT,*,Approved,2022-06-28 13:16:00
1405595,11405595,1405595 Total (Diversion),Monthly,12,2000,194.413,ACFT,U,Approved,2004-06-07 17:19:00
1405595,11405595,1405595 Total (Diversion),Monthly,12,2001,130.524,ACFT,U,Approved,2004-06-07 17:19:00
1405595,11405595,1405595 Total (Diversion),Monthly,12,2002,51.238,ACFT,U,Approved,2004-06-07 17:19:00
1405595,11405595,1405595 Total (Diversion),Monthly,12,2003,41.273,ACFT,U,Approved,2004-04-29 08:23:00
1405595,11405595,1405595 Total (Diversion),Monthly,12,2004,25.625,ACFT,U,Approved,2005-03-29 07:57:00
1405595,11405595,1405595 Total (Diversion),Monthly,12,2005,19.17,ACFT,U,Approved,2006-03-31 17:12:00
1405595,11405595,1405595 Total (Diversion),Monthly,12,2006,100.09,ACFT,U,Approved,2008-04-04 10:43:00
1405595,11405595,1405595 Total (Diversion),Monthly,12,2007,61.67,ACFT,U,Approved,2008-07-15 13:14:00
1405595,11405595,1405595 Total (Diversion),Monthly,12,2008,120.63,ACFT,U,Approved,2009-06-30 16:16:00
1405595,11405595,1405595 Total (Diversion),Monthly,12,2009,77.25,ACFT,U,Approved,2010-07-02 12:51:00
1405595,11405595,1405595 Total (Diversion),Monthly,12,2010,126.8,ACFT,U,Approved,2011-05-26 15:21:00
1405595,11405595,1405595 Total (Diversion),Monthly,12,2011,108.34,ACFT,U,Approved,2012-06-20 14:30:00
1405595,11405595,1405595 Total (Diversion),Monthly,12,2012,151.16,ACFT,*,Approved,2013-04-09 16:02:00
1405595,11405595,1405595 Total (Diversion),Annual,1,2013,0.0,ACFT,*,Approved,2014-04-22 12:41:00
1405595,11405595,1405595 Total (Diversion),Monthly,12,2014,136.06,ACFT,U,Approved,2015-03-30 16:40:00
1405595,11405595,1405595 Total (Diversion),Monthly,12,2015,60.45,ACFT,*,Approved,2016-03-14 09:01:00
1405595,11405595,1405595 Total (Diversion),Monthly,12,2016,171.48,ACFT,*,Approved,2017-03-23 13:11:00
1405595,11405595,1405595 Total (Diversion),Monthly,12,2017,219.17,ACFT,*,Approved,2018-03-13 16:45:00
1405595,11405595,1405595 Total (Diversion),Monthly,12,2018,153.78,ACFT,*,Approved,2019-03-20 09:42:00
1405595,11405595,1405595 Total (Diversion),Monthly,12,2019,137.426,ACFT,*,Approved,2020-06-16 15:46:00
1405595,11405595,1405595 Total (Diversion),Monthly,12,2020,190.153,ACFT,*,Approved,2021-04-20 11:46:00
1405595,11405595,1405595 Total (Diversion),Monthly,12,2021,122.768,ACFT,*,Approved,2022-06-28 13:16:00
1405595,11405595,1405595 Total (Diversion),Monthly,12,2022,148.695,ACFT,K,Approved,2022-11-08 07:56:00
1405595,11405595,1405595 Total (Diversion),Monthly,12,2023,158.215,ACFT,K,Approved,2023-11-06 11:27:00
1405595,11405595,1405595 Total (Diversion),Monthly,12,2024,138.154,ACFT,K,Approved,2024-11-06 13:15:00
1405595,11405595,1405595 Total (Diversion),Monthly,10,2025,6.676,ACFT,K,Provisional,2025-09-09 15:19:00
1405596,11405596,1405596 Total (Diversion),Monthly,12,1999,0.0,ACFT,U,Approved,2004-06-07 17:19:00
1405596,11405596,1405596 Total (Diversion),Monthly,12,2000,0.0,ACFT,U,Approved,2004-06-07 17:19:00
1405596,11405596,1405596 Total (Diversion),Monthly,12,2001,0.0,ACFT,U,Approved,2004-06-07 17:19:00
1405596,11405596,1405596 Total (Diversion),Monthly,12,2002,44.908,ACFT,U,Approved,2004-06-07 17:19:00
1405596,11405596,1405596 Total (Diversion),Monthly,12,2003,0.0,ACFT,U,Approved,2004-04-29 08:23:00
1405596,11405596,1405596 Total (Diversion),Annual,1,2004,0.0,ACFT,U,Approved,2005-03-29 07:57:00
1405596,11405596,1405596 Total (Diversion),Annual,1,2005,0.0,ACFT,U,Approved,2006-03-31 17:12:00
1405596,11405596,1405596 Total (Diversion),Monthly,12,2006,58.58,ACFT,U,Approved,2008-04-04 10:43:00
1405596,11405596,1405596 Total (Diversion),Monthly,12,2007,30.89,ACFT,U,Approved,2008-07-15 13:14:00
1405596,11405596,1405596 Total (Diversion),Monthly,12,2008,0.89,ACFT,U,Approved,2009-06-30 16:16:00
1405596,11405596,1405596 Total (Diversion),Annual,1,2009,0.0,ACFT,U,Approved,2010-07-02 12:51:00
1405596,11405596,1405596 Total (Diversion),Monthly,12,2010,14.65,ACFT,U,Approved,2011-05-26 15:21:00
1405596,11405596,1405596 Total (Diversion),Monthly,12,2011,32.71,ACFT,U,Approved,2012-06-20 14:30:00
1405596,11405596,1405596 Total (Diversion),Monthly,12,2012,0.26,ACFT,*,Approved,2013-04-09 16:02:00
1405596,11405596,1405596 Total (Diversion),Annual,1,2013,0.0,ACFT,*,Approved,2014-04-22 12:41:00
1405596,11405596,1405596 Total (Diversion),Monthly,12,2014,0.02,ACFT,U,Approved,2015-03-30 16:40:00
1405596,11405596,1405596 Total (Diversion),Annual,1,2015,0.0,ACFT,*,Approved,2016-03-14 09:01:00
1405596,11405596,1405596 Total (Diversion),Annual,1,2016,0.0,ACFT,*,Approved,2017-03-23 13:11:00
1405596,11405596,1405596 Total (Diversion),Monthly,12,2017,0.27,ACFT,*,Approved,2018-03-13 16:45:00
1405596,11405596,1405596 Total (Diversion),Monthly,12,2018,1.12,ACFT,*,Approved,2019-03-20 09:42:00
1405596,11405596,1405596 Total (Diversion),Annual,1,2019,0.0,ACFT,*,Approved,2020-06-16 15:46:00
1405596,11405596,1405596 Total (Diversion),Annual,1,2020,0.0,ACFT,*,Approved,2021-04-20 11:46:00
1405596,11405596,1405596 Total (Diversion),Annual,1,2021,0.0,ACFT,*,Approved,2022-06-28 13:16:00
1405596,11405596,1405596 Total (Diversion),Monthly,10,2022,0.0,ACFT,K,Approved,2022-09-08 07:32:00
1405596,11405596,1405596 Total (Diversion),Monthly,1,2023,0.0,ACFT,K,Approved,2023-03-13 10:27:00
1405597,11405597,1405597 Total (Diversion),Monthly,12,1999,84.148,ACFT,U,Approved,2004-06-07 17:19:00
1405597,11405597,1405597 Total (Diversion),Monthly,12,2000,179.612,ACFT,U,Approved,2004-06-07 17:19:00
1405597,11405597,1405597 Total (Diversion),Monthly,12,2001,134.659,ACFT,U,Approved,2004-06-07 17:19:00
1405597,11405597,1405597 Total (Diversion),Monthly,12,2002,116.516,ACFT,U,Approved,2004-06-07 17:19:00
1405597,11405597,1405597 Total (Diversion),Monthly,12,2003,59.005,ACFT,U,Approved,2004-04-29 08:23:00
1405597,11405597,1405597 Total (Diversion),Monthly,12,2004,45.492,ACFT,U,Approved,2005-03-29 07:57:00
1405597,11405597,1405597 Total (Diversion),Monthly,12,2005,95.13,ACFT,U,Approved,2006-03-31 17:12:00
1405597,11405597,1405597 Total (Diversion),Monthly,12,2006,75.13,ACFT,U,Approved,2008-04-04 10:43:00
1405597,11405597,1405597 Total (Diversion),Monthly,12,2007,79.99,ACFT,U,Approved,2008-07-15 13:14:00
1405597,11405597,1405597 Total (Diversion),Monthly,12,2008,146.98,ACFT,U,Approved,2009-06-30 16:16:00
1405597,11405597,1405597 Total (Diversion),Monthly,12,2009,64.2,ACFT,U,Approved,2010-07-02 12:51:00
1405597,11405597,1405597 Total (Diversion),Monthly,12,2010,42.44,ACFT,U,Approved,2011-05-26 15:21:00
1405597,11405597,1405597 Total (Diversion),Monthly,12,2011,151.76,ACFT,U,Approved,2012-06-20 14:30:00
1405597,11405597,1405597 Total (Diversion),Monthly,12,2012,112.96,ACFT,*,Approved,2013-04-09 16:02:00
1405597,11405597,1405597 Total (Diversion),Monthly,12,2013,22.85,ACFT,*,Approved,2014-04-22 12:41:00
1405597,11405597,1405597 Total (Diversion),Monthly,12,2014,80.07,ACFT,U,Approved,2015-03-30 16:40:00
1405597,11405597,1405597 Total (Diversion),Monthly,12,2015,127.25,ACFT,*,Approved,2016-03-14 09:01:00
1405597,11405597,1405597 Total (Diversion),Monthly,12,2016,169.58,ACFT,*,Approved,2017-03-23 13:11:00
1405597,11405597,1405597 Total (Diversion),Monthly,12,2017,123.78,ACFT,*,Approved,2018-03-13 16:45:00
1405597,11405597,1405597 Total (Diversion),Monthly,12,2018,129.99,ACFT,*,Approved,2019-03-20 09:42:00
1405597,11405597,1405597 Total (Diversion),Monthly,12,2019,129.305,ACFT,*,Approved,2020-06-16 15:46:00
1405597,11405597,1405597 Total (Diversion),Monthly,12,2020,158.866,ACFT,*,Approved,2021-04-20 11:46:00
1405597,11405597,1405597 Total (Diversion),Monthly,12,2021,113.738,ACFT,*,Approved,2022-06-28 13:16:00
1405597,11405597,1405597 Total (Diversion),Monthly,12,2022,69.195,ACFT,K,Approved,2022-11-08 07:56:00
1405597,11405597,1405597 Total (Diversion),Monthly,12,2023,77.124,ACFT,K,Approved,2023-11-06 11:15:00
1405597,11405597,1405597 Total (Diversion),Monthly,12,2024,83.585,ACFT,K,Approved,2024-11-06 13:15:00
1405597,11405597,1405597 Total (Diversion),Monthly,10,2025,97.318,ACFT,K,Provisional,2025-09-09 14:22:00
1405598,11405598,1405598 Total (Diversion),Monthly,12,1999,34.312,ACFT,U,Approved,2004-06-07 17:19:00
1405598,11405598,1405598 Total (Diversion),Monthly,12,2000,133.187,ACFT,U,Approved,2004-06-07 17:19:00
1405598,11405598,1405598 Total (Diversion),Monthly,12,2001,78.876,ACFT,U,Approved,2004-06-07 17:19:00
1405598,11405598,1405598 Total (Diversion),Monthly,12,2002,102.126,ACFT,U,Approved,2004-06-07 17:19:00
1405598,11405598,1405598 Total (Diversion),Monthly,12,2003,34.533,ACFT,U,Approved,2004-04-29 08:23:00
1405598,11405598,1405598 Total (Diversion),Monthly,12,2004,48.024,ACFT,U,Approved,2005-03-29 07:57:00
1405598,11405598,1405598 Total (Diversion),Monthly,12,2005,77.92,ACFT,U,Approved,2006-03-31 17:12:00
1405598,11405598,1405598 Total (Diversion),Monthly,12,2006,70.99,ACFT,U,Approved,2008-04-04 10:43:00
1405598,11405598,1405598 Total (Diversion),Monthly,12,2007,105.65,ACFT,U,Approved,2008-07-15 13:14:00
1405598,11405598,1405598 Total (Diversion),Monthly,12,2008,159.27,ACFT,U,Approved,2009-06-30 16:16:00
1405598,11405598,1405598 Total (Diversion),Monthly,12,2009,182.91,ACFT,U,Approved,2010-07-02 12:51:00
1405598,11405598,1405598 Total (Diversion),Monthly,12,2010,207.65,ACFT,U,Approved,2011-05-26 15:21:00
1405598,11405598,1405598 Total (Diversion),Monthly,12,2011,146.61,ACFT,U,Approved,2012-06-20 14:30:00
1405598,11405598,1405598 Total (Diversion),Monthly,12,2012,60.63,ACFT,*,Approved,2013-04-09 16:02:00
1405598,11405598,1405598 Total (Diversion),Monthly,12,2013,18.39,ACFT,*,Approved,2014-04-22 12:41:00
1405598,11405598,1405598 Total (Diversion),Monthly,12,2014,0.05,ACFT,U,Approved,2015-03-30 16:40:00
1405598,11405598,1405598 Total (Diversion),Annual,1,2015,0.0,ACFT,*,Approved,2016-03-14 09:01:00
1405598,11405598,1405598 Total (Diversion),Monthly,12,2016,30.1,ACFT,*,Approved,2017-03-23 13:11:00
1405598,11405598,1405598 Total (Diversion),Monthly,12,2017,23.25,ACFT,*,Approved,2018-03-13 16:45:00
1405598,11405598,1405598 Total (Diversion),Monthly,12,2018,131.04,ACFT,*,Approved,2019-03-20 09:42:00
1405598,11405598,1405598 Total (Diversion),Monthly,12,2019,108.288,ACFT,*,Approved,2020-06-16 15:46:00
1405598,11405598,1405598 Total (Diversion),Monthly,12,2020,122.895,ACFT,*,Approved,2021-04-20 11:46:00
1405598,11405598,1405598 Total (Diversion),Monthly,12,2021,57.17,ACFT,*,Approved,2022-06-28 13:16:00
1405598,11405598,1405598 Total (Diversion),Monthly,12,2022,89.692,ACFT,K,Approved,2022-11-08 07:56:00
1405598,11405598,1405598 Total (Diversion),Monthly,12,2023,66.084,ACFT,K,Approved,2023-11-06 11:14:00
1405598,11405598,1405598 Total (Diversion),Monthly,12,2024,73.402,ACFT,K,Approved,2024-11-06 13:15:00
1405598,11405598,1405598 Total (Diversion),Monthly,10,2025,29.586,ACFT,K,Provisional,2025-09-09 14:49:00
1405599,11405599,1405599 Total (Diversion),Monthly,10,1999,0.0,ACFT,U,Approved,2004-06-07 17:19:00
1405599,11405599,1405599 Total (Diversion),Monthly,12,2000,0.0,ACFT,U,Approved,2004-06-07 17:19:00
1405599,11405599,1405599 Total (Diversion),Monthly,12,2001,0.0,ACFT,U,Approved,2004-06-07 17:19:00
1405599,11405599,1405599 Total (Diversion),Monthly,12,2002,0.0,ACFT,U,Approved,2004-06-07 17:19:00
1405599,11405599,1405599 Total (Diversion),Monthly,12,2003,0.0,ACFT,U,Approved,2004-04-29 08:23:00
1405599,11405599,1405599 Total (Diversion),Annual,1,2004,0.0,ACFT,U,Approved,2005-03-29 07:57:00
1405599,11405599,1405599 Total (Diversion),Annual,1,2005,0.0,ACFT,U,Approved,2006-03-31 17:12:00
1405599,11405599,1405599 Total (Diversion),Annual,1,2008,0.0,ACFT,U,Approved,2009-06-30 16:16:00
1405599,11405599,1405599 Total (Diversion),Annual,1,2009,0.0,ACFT,U,Approved,2010-07-02 12:51:00
1405599,11405599,1405599 Total (Diversion),Annual,1,2010,0.0,ACFT,U,Approved,2011-05-26 15:21:00
1405599,11405599,1405599 Total (Diversion),Annual,1,2011,0.0,ACFT,U,Approved,2012-06-20 14:30:00
1405599,11405599,1405599 Total (Diversion),Annual,1,2012,0.0,ACFT,*,Approved,2013-04-09 16:02:00
1405599,11405599,1405599 Total (Diversion),Annual,1,2013,0.0,ACFT,*,Approved,2014-04-22 12:41:00
1405599,11405599,1405599 Total (Diversion),Annual,1,2014,0.0,ACFT,U,Approved,2015-03-30 16:40:00
1405599,11405599,1405599 Total (Diversion),Annual,1,2015,0.0,ACFT,*,Approved,2016-03-14 09:01:00
1405599,11405599,1405599 Total (Diversion),Annual,1,2016,0.0,ACFT,*,Approved,2017-03-23 13:11:00
1405599,11405599,1405599 Total (Diversion),Annual,1,2017,0.0,ACFT,*,Approved,2018-03-13 16:45:00
1405599,11405599,1405599 Total (Diversion),Monthly,1,2018,0.0,ACFT,*,Approved,2019-03-20 09:42:00
1405599,11405599,1405599 Total (Diversion),Annual,1,2019,0.0,ACFT,*,Approved,2020-06-16 15:46:00
1405599,11405599,1405599 Total (Diversion),Annual,1,2020,0.0,ACFT,*,Approved,2021-04-20 11:46:00
1405599,11405599,1405599 Total (Diversion),Annual,1,2021,0.0,ACFT,*,Approved,2022-06-28 13:16:00
1405600,11405600,1405600 Total (Diversion),Monthly,10,1999,0.0,ACFT,U,Approved,2004-06-07 17:19:00
1405600,11405600,1405600 Total (Diversion),Monthly,12,2000,0.0,ACFT,U,Approved,2004-06-07 17:19:00
1405600,11405600,1405600 Total (Diversion),Monthly,12,2001,0.0,ACFT,U,Approved,2004-06-07 17:19:00
1405600,11405600,1405600 Total (Diversion),Monthly,12,2002,0.0,ACFT,U,Approved,2004-06-07 17:19:00
1405600,11405600,1405600 Total (Diversion),Monthly,12,2003,0.0,ACFT,U,Approved,2004-04-29 08:23:00
1405600,11405600,1405600 Total (Diversion),Annual,1,2004,0.0,ACFT,U,Approved,2005-03-29 07:57:00
1405600,11405600,1405600 Total (Diversion),Annual,1,2005,0.0,ACFT,U,Approved,2006-03-31 17:12:00
1405600,11405600,1405600 Total (Diversion),Annual,1,2008,0.0,ACFT,U,Approved,2009-06-30 16:16:00
1405600,11405600,1405600 Total (Diversion),Annual,1,2009,0.0,ACFT,U,Approved,2010-07-02 12:51:00
1405600,11405600,1405600 Total (Diversion),Annual,1,2010,0.0,ACFT,U,Approved,2011-05-26 15:21:00
1405600,11405600,1405600 Total (Diversion),Annual,1,2011,0.0,ACFT,U,Approved,2012-06-20 14:30:00
1405600,11405600,1405600 Total (Diversion),Annual,1,2012,0.0,ACFT,*,Approved,2013-04-09 16:02:00
1405600,11405600,1405600 Total (Diversion),Annual,1,2013,0.0,ACFT,*,Approved,2014-04-22 12:41:00
1405600,11405600,1405600 Total (Diversion),Annual,1,2014,0.0,ACFT,U,Approved,2015-03-30 16:40:00
1405600,11405600,1405600 Total (Diversion),Annual,1,2015,0.0,ACFT,*,Approved,2016-03-14 09:01:00
1405600,11405600,1405600 Total (Diversion),Annual,1,2016,0.0,ACFT,*,Approved,2017-03-23 13:11:00
1405600,11405600,1405600 Total (Diversion),Annual,1,2017,0.0,ACFT,*,Approved,2018-03-13 16:45:00
1405600,11405600,1405600 Total (Diversion),Monthly,1,2018,0.0,ACFT,*,Approved,2019-03-20 09:42:00
1405600,11405600,1405600 Total (Diversion),Annual,1,2019,0.0,ACFT,*,Approved,2020-06-16 15:46:00
1405600,11405600,1405600 Total (Diversion),Annual,1,2020,0.0,ACFT,*,Approved,2021-04-20 11:46:00
1405600,11405600,1405600 Total (Diversion),Annual,1,2021,0.0,ACFT,*,Approved,2022-06-28 13:16:00
1405601,11405601,1405601 Total (Diversion),Monthly,12,1999,41.077,ACFT,U,Approved,2004-06-07 17:19:00
1405601,11405601,1405601 Total (Diversion),Monthly,12,2000,92.297,ACFT,U,Approved,2004-06-07 17:19:00
1405601,11405601,1405601 Total (Diversion),Monthly,12,2001,32.31,ACFT,U,Approved,2004-06-07 17:19:00
1405601,11405601,1405601 Total (Diversion),Monthly,12,2002,32.773,ACFT,U,Approved,2004-06-07 17:19:00
1405601,11405601,1405601 Total (Diversion),Monthly,12,2003,22.741,ACFT,U,Approved,2004-04-29 08:23:00
1405601,11405601,1405601 Total (Diversion),Monthly,12,2004,31.805,ACFT,U,Approved,2005-03-29 07:57:00
1405601,11405601,1405601 Total (Diversion),Monthly,12,2005,42.15,ACFT,U,Approved,2006-03-31 17:12:00
1405601,11405601,1405601 Total (Diversion),Monthly,12,2006,24.41,ACFT,U,Approved,2008-04-04 10:43:00
1405601,11405601,1405601 Total (Diversion),Monthly,12,2007,12.87,ACFT,U,Approved,2008-07-15 13:14:00
1405601,11405601,1405601 Total (Diversion),Monthly,12,2008,34.81,ACFT,U,Approved,2009-06-30 16:16:00
1405601,11405601,1405601 Total (Diversion),Monthly,12,2009,22.16,ACFT,U,Approved,2010-07-02 12:51:00
1405601,11405601,1405601 Total (Diversion),Monthly,12,2010,58.12,ACFT,U,Approved,2011-05-26 15:21:00
1405601,11405601,1405601 Total (Diversion),Monthly,12,2011,75.96,ACFT,U,Approved,2012-06-20 14:30:00
1405601,11405601,1405601 Total (Diversion),Monthly,12,2012,39.46,ACFT,*,Approved,2013-04-09 16:02:00
1405601,11405601,1405601 Total (Diversion),Annual,1,2013,0.0,ACFT,*,Approved,2014-04-22 12:41:00
1405601,11405601,1405601 Total (Diversion),Monthly,12,2014,0.08,ACFT,U,Approved,2015-03-30 16:40:00
1405601,11405601,1405601 Total (Diversion),Monthly,12,2015,16.34,ACFT,U,Approved,2021-03-06 00:54:00
1405601,11405601,1405601 Total (Diversion),Monthly,12,2016,11.68,ACFT,*,Approved,2017-03-23 13:11:00
1405601,11405601,1405601 Total (Diversion),Monthly,12,2017,4.28,ACFT,*,Approved,2018-03-13 16:45:00
1405601,11405601,1405601 Total (Diversion),Monthly,12,2018,34.95,ACFT,*,Approved,2019-03-20 09:42:00
1405601,11405601,1405601 Total (Diversion),Monthly,12,2019,7.786,ACFT,*,Approved,2020-06-16 15:46:00
1405601,11405601,1405601 Total (Diversion),Monthly,12,2020,1.5899,ACFT,*,Approved,2021-04-20 11:46:00
1405601,11405601,1405601 Total (Diversion),Annual,1,2021,0.0,ACFT,*,Approved,2022-06-28 13:16:00
1405601,11405601,1405601 Total (Diversion),Monthly,12,2022,9.3896,ACFT,K,Approved,2023-06-20 14:26:00
1405601,11405601,1405601 Total (Diversion),Monthly,6,2023,10.3788,ACFT,K,Approved,2023-06-20 14:30:00
1405601,11405601,1405601 Total (Diversion),Monthly,12,2024,18.0651,ACFT,K,Approved,2025-01-09 15:26:00
1405601,11405601,1405601 Total (Diversion),Monthly,1,2025,0.0,ACFT,K,Provisional,2025-01-09 15:26:00
1405602,11405602,1405602 Total (Diversion),Monthly,10,1999,0.0,ACFT,U,Approved,2004-06-07 17:19:00
1405602,11405602,1405602 Total (Diversion),Monthly,12,2000,0.0,ACFT,U,Approved,2004-06-07 17:19:00
1405602,11405602,1405602 Total (Diversion),Monthly,12,2001,0.0,ACFT,U,Approved,2004-06-07 17:19:00
1405602,11405602,1405602 Total (Diversion),Monthly,12,2002,0.0,ACFT,U,Approved,2004-06-07 17:19:00
1405602,11405602,1405602 Total (Diversion),Monthly,12,2003,0.0,ACFT,U,Approved,2004-04-29 08:23:00
1405602,11405602,1405602 Total (Diversion),Annual,1,2004,0.0,ACFT,U,Approved,2005-03-29 07:57:00
1405602,11405602,1405602 Total (Diversion),Annual,1,2005,0.0,ACFT,U,Approved,2006-03-31 17:12:00
1405602,11405602,1405602 Total (Diversion),Annual,1,2008,0.0,ACFT,U,Approved,2009-06-30 16:16:00
1405602,11405602,1405602 Total (Diversion),Annual,1,2009,0.0,ACFT,U,Approved,2010-07-02 12:51:00
1405602,11405602,1405602 Total (Diversion),Annual,1,2010,0.0,ACFT,U,Approved,2011-05-26 15:21:00
1405602,11405602,1405602 Total (Diversion),Annual,1,2011,0.0,ACFT,U,Approved,2012-06-20 14:30:00
1405602,11405602,1405602 Total (Diversion),Annual,1,2012,0.0,ACFT,*,Approved,2013-04-09 16:02:00
1405602,11405602,1405602 Total (Diversion),Annual,1,2013,0.0,ACFT,*,Approved,2014-04-22 12:41:00
1405602,11405602,1405602 Total (Diversion),Annual,1,2014,0.0,ACFT,U,Approved,2015-03-30 16:40:00
1405602,11405602,1405602 Total (Diversion),Annual,1,2015,0.0,ACFT,*,Approved,2016-03-14 09:01:00
1405602,11405602,1405602 Total (Diversion),Annual,1,2016,0.0,ACFT,*,Approved,2017-03-23 13:11:00
1405602,11405602,1405602 Total (Diversion),Annual,1,2017,0.0,ACFT,*,Approved,2018-03-13 16:45:00
1405602,11405602,1405602 Total (Diversion),Monthly,1,2018,0.0,ACFT,*,Approved,2019-03-20 09:42:00
1405602,11405602,1405602 Total (Diversion),Annual,1,2019,0.0,ACFT,*,Approved,2020-06-16 15:46:00
1405602,11405602,1405602 Total (Diversion),Annual,1,2020,0.0,ACFT,*,Approved,2021-04-20 11:46:00
1405602,11405602,1405602 Total (Diversion),Annual,1,2021,0.0,ACFT,*,Approved,2022-06-28 13:16:00
1405603,11405603,1405603 Total (Diversion),Monthly,12,1999,35.982,ACFT,U,Approved,2004-06-07 17:19:00
1405603,11405603,1405603 Total (Diversion),Monthly,12,2000,43.406,ACFT,U,Approved,2004-06-07 17:19:00
1405603,11405603,1405603 Total (Diversion),Monthly,12,2001,18.562,ACFT,U,Approved,2004-06-07 17:19:00
1405603,11405603,1405603 Total (Diversion),Monthly,12,2002,6.105,ACFT,U,Approved,2004-06-07 17:19:00
1405603,11405603,1405603 Total (Diversion),Monthly,12,2003,3.412,ACFT,U,Approved,2004-04-29 08:23:00
1405603,11405603,1405603 Total (Diversion),Monthly,12,2004,27.298,ACFT,U,Approved,2005-03-29 07:57:00
1405603,11405603,1405603 Total (Diversion),Monthly,12,2005,28.01,ACFT,U,Approved,2006-03-31 17:12:00
1405603,11405603,1405603 Total (Diversion),Monthly,12,2006,23.1,ACFT,U,Approved,2008-04-04 10:43:00
1405603,11405603,1405603 Total (Diversion),Monthly,12,2007,0.0,ACFT,U,Approved,2008-07-15 13:14:00
1405603,11405603,1405603 Total (Diversion),Monthly,12,2008,56.24,ACFT,U,Approved,2009-06-30 16:16:00
1405603,11405603,1405603 Total (Diversion),Annual,1,2009,0.0,ACFT,U,Approved,2010-07-02 12:51:00
1405603,11405603,1405603 Total (Diversion),Monthly,12,2010,53.4,ACFT,U,Approved,2011-05-26 15:21:00
1405603,11405603,1405603 Total (Diversion),Monthly,12,2011,70.59,ACFT,U,Approved,2012-06-20 14:30:00
1405603,11405603,1405603 Total (Diversion),Monthly,12,2012,43.33,ACFT,*,Approved,2013-04-09 16:02:00
1405603,11405603,1405603 Total (Diversion),Annual,1,2013,0.0,ACFT,*,Approved,2014-04-22 12:41:00
1405603,11405603,1405603 Total (Diversion),Monthly,12,2014,7.59,ACFT,U,Approved,2015-03-30 16:40:00
1405603,11405603,1405603 Total (Diversion),Monthly,12,2015,54.85,ACFT,*,Approved,2016-03-14 09:01:00
1405603,11405603,1405603 Total (Diversion),Monthly,12,2016,47.19,ACFT,*,Approved,2017-03-23 13:11:00
1405603,11405603,1405603 Total (Diversion),Monthly,12,2017,53.14,ACFT,*,Approved,2018-03-13 16:45:00
1405603,11405603,1405603 Total (Diversion),Monthly,12,2018,32.84,ACFT,*,Approved,2019-03-20 09:42:00
1405603,11405603,1405603 Total (Diversion),Monthly,12,2019,41.137,ACFT,*,Approved,2020-06-16 15:46:00
1405603,11405603,1405603 Total (Diversion),Monthly,12,2020,48.862,ACFT,*,Approved,2021-04-20 11:46:00
1405603,11405603,1405603 Total (Diversion),Monthly,12,2021,34.792,ACFT,*,Approved,2022-06-28 13:16:00
1405603,11405603,1405603 Total (Diversion),Monthly,12,2022,16.1589,ACFT,K,Approved,2022-11-08 07:56:00
1405603,11405603,1405603 Total (Diversion),Monthly,12,2023,27.926,ACFT,K,Approved,2023-11-06 11:14:00
1405603,11405603,1405603 Total (Diversion),Monthly,12,2024,36.059,ACFT,K,Approved,2024-11-06 13:15:00
1405603,11405603,1405603 Total (Diversion),Monthly,10,2025,36.02,ACFT,K,Provisional,2025-09-09 14:56:00
1405604,11405604,1405604 Total (Diversion),Monthly,12,1999,21.324,ACFT,U,Approved,2004-06-07 17:19:00
1405604,11405604,1405604 Total (Diversion),Monthly,12,2000,9.176,ACFT,U,Approved,2004-06-07 17:19:00
1405604,11405604,1405604 Total (Diversion),Monthly,12,2001,14.945,ACFT,U,Approved,2004-06-07 17:19:00
1405604,11405604,1405604 Total (Diversion),Monthly,12,2002,0.215,ACFT,U,Approved,2004-06-07 17:19:00
1405604,11405604,1405604 Total (Diversion),Monthly,12,2003,0.5,ACFT,U,Approved,2004-04-29 08:23:00
1405604,11405604,1405604 Total (Diversion),Monthly,12,2004,0.466,ACFT,U,Approved,2005-03-29 07:57:00
1405604,11405604,1405604 Total (Diversion),Monthly,12,2005,43.87,ACFT,U,Approved,2006-03-31 17:12:00
1405604,11405604,1405604 Total (Diversion),Monthly,12,2006,0.77,ACFT,U,Approved,2008-04-04 10:43:00
1405604,11405604,1405604 Total (Diversion),Monthly,12,2007,60.82,ACFT,U,Approved,2008-07-15 13:14:00
1405604,11405604,1405604 Total (Diversion),Monthly,12,2008,78.13,ACFT,U,Approved,2009-06-30 16:16:00
1405604,11405604,1405604 Total (Diversion),Monthly,12,2009,37.12,ACFT,U,Approved,2010-07-02 12:51:00
1405604,11405604,1405604 Total (Diversion),Monthly,12,2010,6.6,ACFT,U,Approved,2011-05-26 15:21:00
1405604,11405604,1405604 Total (Diversion),Monthly,12,2011,0.15,ACFT,U,Approved,2012-06-20 14:30:00
1405604,11405604,1405604 Total (Diversion),Monthly,12,2012,58.51,ACFT,*,Approved,2013-04-09 16:02:00
1405604,11405604,1405604 Total (Diversion),Monthly,12,2013,9.53,ACFT,*,Approved,2014-04-22 12:41:00
1405604,11405604,1405604 Total (Diversion),Monthly,12,2014,28.51,ACFT,U,Approved,2021-03-06 00:54:00
1405604,11405604,1405604 Total (Diversion),Annual,1,2015,0.0,ACFT,*,Approved,2016-03-14 09:01:00
1405604,11405604,1405604 Total (Diversion),Monthly,12,2016,34.63,ACFT,*,Approved,2017-03-23 13:11:00
1405604,11405604,1405604 Total (Diversion),Monthly,12,2017,34.42,ACFT,*,Approved,2018-03-13 16:45:00
1405604,11405604,1405604 Total (Diversion),Monthly,12,2018,45.5,ACFT,*,Approved,2019-03-20 09:42:00
1405604,11405604,1405604 Total (Diversion),Monthly,12,2019,29.682,ACFT,*,Approved,2020-06-16 15:46:00
1405604,11405604,1405604 Total (Diversion),Monthly,12,2020,41.918,ACFT,*,Approved,2021-04-20 11:46:00
1405604,11405604,1405604 Total (Diversion),Monthly,12,2021,21.73,ACFT,*,Approved,2022-06-28 13:16:00
1405604,11405604,1405604 Total (Diversion),Monthly,12,2022,34.741,ACFT,K,Approved,2022-11-08 07:56:00
1405604,11405604,1405604 Total (Diversion),Monthly,12,2023,40.5325,ACFT,K,Approved,2023-11-06 11:14:00
1405604,11405604,1405604 Total (Diversion),Monthly,12,2024,36.428,ACFT,K,Approved,2024-11-06 13:15:00
1405604,11405604,1405604 Total (Diversion),Monthly,10,2025,51.3402,ACFT,K,Provisional,2025-09-09 14:52:00
1405922,11405922,1405922 Total (Diversion),Monthly,12,2000,14.5,ACFT,U,Approved,2004-06-07 17:19:00
1405922,11405922,1405922 Total (Diversion),Monthly,12,2001,36.921,ACFT,U,Approved,2004-06-07 17:19:00
1405922,11405922,1405922 Total (Diversion),Monthly,12,2002,1.0,ACFT,U,Approved,2004-06-07 17:19:00
1405922,11405922,1405922 Total (Diversion),Monthly,12,2003,2.044,ACFT,U,Approved,2004-04-29 08:23:00
1405922,11405922,1405922 Total (Diversion),Monthly,12,2004,2.44,ACFT,U,Approved,2005-03-29 07:57:00
1405922,11405922,1405922 Total (Diversion),Monthly,12,2005,2.05,ACFT,U,Approved,2006-03-31 17:12:00
1405922,11405922,1405922 Total (Diversion),Monthly,12,2006,1.18,ACFT,U,Approved,2008-04-04 10:43:00
1405922,11405922,1405922 Total (Diversion),Monthly,24,2007,1.31,ACFT,U,Approved,2009-04-17 12:32:00
1405922,11405922,1405922 Total (Diversion),Monthly,12,2008,5.95,ACFT,U,Approved,2009-06-30 16:16:00
1405922,11405922,1405922 Total (Diversion),Monthly,12,2009,7.13,ACFT,U,Approved,2010-07-02 12:51:00
1405922,11405922,1405922 Total (Diversion),Monthly,12,2010,9.0,ACFT,U,Approved,2011-05-26 15:21:00
1405922,11405922,1405922 Total (Diversion),Monthly,12,2011,12.3,ACFT,U,Approved,2012-06-20 14:30:00
1405922,11405922,1405922 Total (Diversion),Monthly,12,2012,9.53,ACFT,*,Approved,2013-04-09 16:02:00
1405922,11405922,1405922 Total (Diversion),Monthly,12,2013,9.65,ACFT,*,Approved,2014-04-22 12:41:00
1405922,11405922,1405922 Total (Diversion),Monthly,12,2014,3.23,ACFT,U,Approved,2015-03-30 16:40:00
1405922,11405922,1405922 Total (Diversion),Monthly,12,2015,29.66,ACFT,*,Approved,2016-03-14 09:01:00
1405922,11405922,1405922 Total (Diversion),Monthly,12,2016,17.35,ACFT,*,Approved,2017-03-23 13:11:00
1405922,11405922,1405922 Total (Diversion),Monthly,12,2017,6.16,ACFT,*,Approved,2018-03-13 16:45:00
1405922,11405922,1405922 Total (Diversion),Monthly,12,2018,35.97,ACFT,*,Approved,2019-03-20 09:42:00
1405922,11405922,1405922 Total (Diversion),Monthly,12,2019,3.92,ACFT,*,Approved,2020-06-16 15:46:00
1405922,11405922,1405922 Total (Diversion),Monthly,12,2020,5.3,ACFT,*,Approved,2021-04-20 11:46:00
1405922,11405922,1405922 Total (Diversion),Monthly,12,2021,3.781,ACFT,*,Approved,2022-06-28 13:16:00
1405922,11405922,1405922 Total (Diversion),Monthly,12,2022,4.4956,ACFT,K,Approved,2022-11-03 15:35:00
1405922,11405922,1405922 Total (Diversion),Monthly,12,2023,3.8073,ACFT,K,Approved,2023-10-31 16:14:00
1405922,11405922,1405922 Total (Diversion),Monthly,12,2024,5.0657,ACFT,K,Approved,2025-04-21 11:30:00
1405922,11405922,1405922 Total (Diversion),Monthly,10,2025,4.5313,ACFT,K,Provisional,2025-09-09 15:49:00
1406011,11406011,1406011 Total (Diversion),Monthly,12,2007,1.78,ACFT,U,Approved,2008-07-15 13:14:00
1406011,11406011,1406011 Total (Diversion),Monthly,12,2008,1.74,ACFT,U,Approved,2009-06-30 16:16:00
1406011,11406011,1406011 Total (Diversion),Monthly,12,2009,1.73,ACFT,*,Approved,2010-07-02 12:51:00
1406011,11406011,1406011 Total (Diversion),Monthly,12,2010,1.73,ACFT,U,Approved,2011-05-26 15:21:00
1406011,11406011,1406011 Total (Diversion),Monthly,12,2011,1.72,ACFT,U,Approved,2012-06-20 14:30:00
1406011,11406011,1406011 Total (Diversion),Monthly,12,2012,3.46,ACFT,C,Approved,2013-04-09 16:02:00
1406011,11406011,1406011 Total (Diversion),Monthly,12,2013,1.86,ACFT,C,Approved,2014-04-22 12:41:00
1406011,11406011,1406011 Total (Diversion),Monthly,12,2014,57.67,ACFT,C,Approved,2015-03-30 16:40:00
1406011,11406011,1406011 Total (Diversion),Monthly,12,2015,1.65,ACFT,C,Approved,2016-03-14 09:01:00
1406011,11406011,1406011 Total (Diversion),Monthly,12,2016,1.055,ACFT,C,Approved,2017-03-23 13:11:00
1406011,11406011,1406011 Total (Diversion),Monthly,12,2017,0.45,ACFT,C,Approved,2018-03-13 16:45:00
1406011,11406011,1406011 Total (Diversion),Monthly,12,2018,0.33,ACFT,C,Approved,2019-03-20 09:42:00
1406011,11406011,1406011 Total (Diversion),Monthly,12,2019,0.24,ACFT,C,Approved,2020-06-16 15:46:00
1406011,11406011,1406011 Total (Diversion),Monthly,12,2020,0.15,ACFT,C,Approved,2021-04-20 11:46:00
1406011,11406011,1406011 Total (Diversion),Monthly,12,2021,0.65,ACFT,*,Approved,2022-06-28 13:16:00
1406011,11406011,1406011 Total (Diversion),Monthly,12,2022,6.1397,ACFT,*,Approved,2024-02-13 15:50:00
1406021,11406021,1406021 Total (Diversion),Monthly,10,1999,0.0,ACFT,U,Approved,2004-06-07 17:19:00
1406021,11406021,1406021 Total (Diversion),Monthly,12,2000,0.0,ACFT,U,Approved,2004-06-07 17:19:00
1406021,11406021,1406021 Total (Diversion),Monthly,12,2001,0.0,ACFT,U,Approved,2004-06-07 17:19:00
1406021,11406021,1406021 Total (Diversion),Monthly,12,2002,0.0,ACFT,U,Approved,2004-06-07 17:19:00
1406021,11406021,1406021 Total (Diversion),Monthly,12,2003,0.0,ACFT,U,Approved,2004-04-29 08:23:00
1406021,11406021,1406021 Total (Diversion),Annual,1,2004,0.0,ACFT,U,Approved,2005-03-29 07:57:00
1406021,11406021,1406021 Total (Diversion),Annual,1,2005,0.0,ACFT,U,Approved,2006-03-31 17:12:00
1406021,11406021,1406021 Total (Diversion),Annual,1,2008,0.0,ACFT,U,Approved,2009-06-30 16:16:00
1406023,11406023,1406023 Total (Diversion),Monthly,10,1999,0.0,ACFT,U,Approved,2004-06-07 17:19:00
1406023,11406023,1406023 Total (Diversion),Monthly,12,2000,0.0,ACFT,U,Approved,2004-06-07 17:19:00
1406023,11406023,1406023 Total (Diversion),Monthly,12,2001,0.0,ACFT,U,Approved,2004-06-07 17:19:00
1406023,11406023,1406023 Total (Diversion),Monthly,12,2002,0.0,ACFT,U,Approved,2004-06-07 17:19:00
1406023,11406023,1406023 Total (Diversion),Monthly,12,2003,0.0,ACFT,U,Approved,2004-04-29 08:23:00
1406023,11406023,1406023 Total (Diversion),Annual,1,2004,0.0,ACFT,U,Approved,2005-03-29 07:57:00
1406023,11406023,1406023 Total (Diversion),Annual,1,2005,0.0,ACFT,U,Approved,2006-03-31 17:12:00
1406023,11406023,1406023 Total (Diversion),Annual,1,2008,0.0,ACFT,U,Approved,2009-06-30 16:16:00
1406023,11406023,1406023 Total (Diversion),Annual,1,2009,0.0,ACFT,U,Approved,2010-07-02 12:51:00
1406023,11406023,1406023 Total (Diversion),Annual,1,2010,0.0,ACFT,U,Approved,2011-05-26 15:21:00
1406023,11406023,1406023 Total (Diversion),Annual,1,2011,0.0,ACFT,U,Approved,2012-06-20 14:30:00
1406023,11406023,1406023 Total (Diversion),Annual,1,2012,0.0,ACFT,*,Approved,2013-04-09 16:02:00
1406023,11406023,1406023 Total (Diversion),Annual,1,2013,0.0,ACFT,*,Approved,2014-04-22 12:41:00
1406023,11406023,1406023 Total (Diversion),Annual,1,2014,0.0,ACFT,U,Approved,2015-03-30 16:40:00
1406023,11406023,1406023 Total (Diversion),Annual,1,2015,0.0,ACFT,*,Approved,2016-03-14 09:01:00
1406023,11406023,1406023 Total (Diversion),Annual,1,2016,0.0,ACFT,*,Approved,2017-03-23 13:11:00
1406023,11406023,1406023 Total (Diversion),Annual,1,2017,0.0,ACFT,*,Approved,2018-03-13 16:45:00
1406023,11406023,1406023 Total (Diversion),Monthly,1,2018,0.0,ACFT,*,Approved,2019-03-20 09:42:00
1406023,11406023,1406023 Total (Diversion),Annual,1,2019,0.0,ACFT,*,Approved,2020-06-16 15:46:00
1406023,11406023,1406023 Total (Diversion),Annual,1,2020,0.0,ACFT,*,Approved,2021-04-20 11:46:00
1406023,11406023,1406023 Total (Diversion),Annual,1,2021,0.0,ACFT,*,Approved,2022-06-28 13:16:00
1406024,11406024,1406024 Total (Diversion),Monthly,10,1999,0.0,ACFT,U,Approved,2004-06-07 17:19:00
1406024,11406024,1406024 Total (Diversion),Monthly,12,2000,0.0,ACFT,U,Approved,2004-06-07 17:19:00
1406024,11406024,1406024 Total (Diversion),Monthly,12,2001,0.0,ACFT,U,Approved,2004-06-07 17:19:00
1406024,11406024,1406024 Total (Diversion),Monthly,12,2002,0.0,ACFT,U,Approved,2004-06-07 17:19:00
1406024,11406024,1406024 Total (Diversion),Monthly,12,2003,0.0,ACFT,U,Approved,2004-04-29 08:23:00
1406024,11406024,1406024 Total (Diversion),Annual,1,2004,0.0,ACFT,U,Approved,2005-03-29 07:57:00
1406024,11406024,1406024 Total (Diversion),Annual,1,2005,0.0,ACFT,U,Approved,2006-03-31 17:12:00
1406024,11406024,1406024 Total (Diversion),Annual,1,2008,0.0,ACFT,U,Approved,2009-06-30 16:16:00
1406024,11406024,1406024 Total (Diversion),Annual,1,2009,0.0,ACFT,U,Approved,2010-07-02 12:51:00
1406024,11406024,1406024 Total (Diversion),Annual,1,2010,0.0,ACFT,U,Approved,2011-05-26 15:21:00
1406024,11406024,1406024 Total (Diversion),Annual,1,2011,0.0,ACFT,U,Approved,2012-06-20 14:30:00
1406024,11406024,1406024 Total (Diversion),Annual,1,2012,0.0,ACFT,*,Approved,2013-04-09 16:02:00
1406024,11406024,1406024 Total (Diversion),Annual,1,2013,0.0,ACFT,*,Approved,2014-04-22 12:41:00
1406024,11406024,1406024 Total (Diversion),Annual,1,2014,0.0,ACFT,U,Approved,2015-03-30 16:40:00
1406024,11406024,1406024 Total (Diversion),Annual,1,2015,0.0,ACFT,*,Approved,2016-03-14 09:01:00
1406024,11406024,1406024 Total (Diversion),Annual,1,2016,0.0,ACFT,*,Approved,2017-03-23 13:11:00
1406024,11406024,1406024 Total (Diversion),Annual,1,2017,0.0,ACFT,*,Approved,2018-03-13 16:45:00
1406024,11406024,1406024 Total (Diversion),Monthly,1,2018,0.0,ACFT,*,Approved,2019-03-20 09:42:00
1406024,11406024,1406024 Total (Diversion),Annual,1,2019,0.0,ACFT,*,Approved,2020-06-16 15:46:00
1406024,11406024,1406024 Total (Diversion),Annual,1,2020,0.0,ACFT,*,Approved,2021-04-20 11:46:00
1406024,11406024,1406024 Total (Diversion),Annual,1,2021,0.0,ACFT,*,Approved,2022-06-28 13:16:00
1406032,11406032,1406032 Total (Diversion),Monthly,12,1999,37.433,ACFT,U,Approved,2004-06-07 17:19:00
1406032,11406032,1406032 Total (Diversion),Monthly,12,2000,115.305,ACFT,U,Approved,2004-06-07 17:19:00
1406032,11406032,1406032 Total (Diversion),Monthly,12,2001,34.83,ACFT,U,Approved,2004-06-07 17:19:00
1406032,11406032,1406032 Total (Diversion),Monthly,12,2002,50.939,ACFT,U,Approved,2004-06-07 17:19:00
1406032,11406032,1406032 Total (Diversion),Monthly,12,2003,0.0,ACFT,U,Approved,2004-04-29 08:23:00
1406032,11406032,1406032 Total (Diversion),Annual,1,2004,0.0,ACFT,U,Approved,2005-03-29 07:57:00
1406032,11406032,1406032 Total (Diversion),Monthly,12,2005,18.47,ACFT,U,Approved,2006-03-31 17:12:00
1406032,11406032,1406032 Total (Diversion),Monthly,12,2006,0.13,ACFT,U,Approved,2008-04-04 10:43:00
1406032,11406032,1406032 Total (Diversion),Monthly,12,2007,5.07,ACFT,U,Approved,2008-07-15 13:14:00
1406032,11406032,1406032 Total (Diversion),Monthly,12,2008,6.79,ACFT,U,Approved,2009-06-30 16:16:00
1406032,11406032,1406032 Total (Diversion),Monthly,12,2009,32.78,ACFT,U,Approved,2010-07-02 12:51:00
1406032,11406032,1406032 Total (Diversion),Monthly,12,2010,36.88,ACFT,U,Approved,2011-05-26 15:21:00
1406032,11406032,1406032 Total (Diversion),Monthly,12,2011,25.93,ACFT,U,Approved,2012-06-20 14:30:00
1406032,11406032,1406032 Total (Diversion),Monthly,12,2012,15.83,ACFT,*,Approved,2013-04-09 16:02:00
1406032,11406032,1406032 Total (Diversion),Monthly,12,2013,2.93,ACFT,*,Approved,2014-04-22 12:41:00
1406032,11406032,1406032 Total (Diversion),Monthly,12,2014,6.41,ACFT,U,Approved,2015-03-30 16:40:00
1406032,11406032,1406032 Total (Diversion),Monthly,12,2015,5.57,ACFT,*,Approved,2016-03-14 09:01:00
1406032,11406032,1406032 Total (Diversion),Monthly,12,2016,11.92,ACFT,*,Approved,2017-03-23 13:11:00
1406032,11406032,1406032 Total (Diversion),Monthly,12,2017,3.1,ACFT,*,Approved,2018-03-13 16:45:00
1406032,11406032,1406032 Total (Diversion),Monthly,12,2018,0.55,ACFT,*,Approved,2019-03-20 09:42:00
1406032,11406032,1406032 Total (Diversion),Annual,1,2019,0.0,ACFT,*,Approved,2020-06-16 15:46:00
1406032,11406032,1406032 Total (Diversion),Annual,1,2020,0.0,ACFT,*,Approved,2021-04-20 11:46:00
1406032,11406032,1406032 Total (Diversion),Annual,1,2021,0.0,ACFT,*,Approved,2022-06-28 13:16:00
1406033,11406033,1406033 Total (Diversion),Monthly,10,1999,0.0,ACFT,U,Approved,2004-06-07 17:19:00
1406033,11406033,1406033 Total (Diversion),Monthly,12,2000,0.0,ACFT,U,Approved,2004-06-07 17:19:00
1406033,11406033,1406033 Total (Diversion),Monthly,12,2001,0.0,ACFT,U,Approved,2004-06-07 17:19:00
1406033,11406033,1406033 Total (Diversion),Monthly,12,2002,0.0,ACFT,U,Approved,2004-06-07 17:19:00
1406033,11406033,1406033 Total (Diversion),Monthly,12,2003,0.0,ACFT,U,Approved,2004-04-29 08:23:00
1406033,11406033,1406033 Total (Diversion),Annual,1,2004,0.0,ACFT,U,Approved,2005-03-29 07:57:00
1406033,11406033,1406033 Total (Diversion),Annual,1,2005,0.0,ACFT,U,Approved,2006-03-31 17:12:00
1406033,11406033,1406033 Total (Diversion),Monthly,12,2006,0.0,ACFT,U,Approved,2008-04-04 10:43:00
1406033,11406033,1406033 Total (Diversion),Annual,1,2008,0.0,ACFT,U,Approved,2009-06-30 16:16:00
1406033,11406033,1406033 Total (Diversion),Annual,1,2009,0.0,ACFT,U,Approved,2010-07-02 12:51:00
1406033,11406033,1406033 Total (Diversion),Annual,1,2010,0.0,ACFT,U,Approved,2011-05-26 15:21:00
1406033,11406033,1406033 Total (Diversion),Annual,1,2011,0.0,ACFT,U,Approved,2012-06-20 14:30:00
1406033,11406033,1406033 Total (Diversion),Annual,1,2012,0.0,ACFT,*,Approved,2013-04-09 16:02:00
1406033,11406033,1406033 Total (Diversion),Annual,1,2013,0.0,ACFT,*,Approved,2014-04-22 12:41:00
1406033,11406033,1406033 Total (Diversion),Annual,1,2014,0.0,ACFT,U,Approved,2015-03-30 16:40:00
1406033,11406033,1406033 Total (Diversion),Annual,1,2015,0.0,ACFT,*,Approved,2016-03-14 09:01:00
1406033,11406033,1406033 Total (Diversion),Annual,1,2016,0.0,ACFT,*,Approved,2017-03-23 13:11:00
1406033,11406033,1406033 Total (Diversion),Annual,1,2017,0.0,ACFT,*,Approved,2018-03-13 16:45:00
1406033,11406033,1406033 Total (Diversion),Monthly,1,2018,0.0,ACFT,*,Approved,2019-03-20 09:42:00
1406033,11406033,1406033 Total (Diversion),Annual,1,2019,0.0,ACFT,*,Approved,2020-06-16 15:46:00
1406033,11406033,1406033 Total (Diversion),Annual,1,2020,0.0,ACFT,*,Approved,2021-04-20 11:46:00
1406033,11406033,1406033 Total (Diversion),Annual,1,2021,0.0,ACFT,*,Approved,2022-06-28 13:16:00
1406035,11406035,1406035 Total (Diversion),Monthly,12,2000,140.638,ACFT,U,Approved,2004-06-07 17:19:00
1406035,11406035,1406035 Total (Diversion),Monthly,12,2001,265.099,ACFT,U,Approved,2004-06-07 17:19:00
1406035,11406035,1406035 Total (Diversion),Monthly,12,2002,120.617,ACFT,U,Approved,2004-06-07 17:19:00
1406035,11406035,1406035 Total (Diversion),Monthly,12,2003,0.0,ACFT,U,Approved,2004-04-29 08:23:00
1406035,11406035,1406035 Total (Diversion),Monthly,12,2004,15.91,ACFT,U,Approved,2005-03-29 07:57:00
1406035,11406035,1406035 Total (Diversion),Monthly,12,2005,33.23,ACFT,U,Approved,2006-03-31 17:12:00
1406035,11406035,1406035 Total (Diversion),Monthly,24,2006,63.39,ACFT,U,Approved,2008-04-04 10:43:00
1406035,11406035,1406035 Total (Diversion),Monthly,12,2007,12.48,ACFT,U,Approved,2009-04-17 12:42:00
1406035,11406035,1406035 Total (Diversion),Monthly,12,2008,56.16,ACFT,U,Approved,2009-06-30 16:16:00
1406035,11406035,1406035 Total (Diversion),Monthly,12,2009,45.73,ACFT,U,Approved,2010-07-02 12:51:00
1406035,11406035,1406035 Total (Diversion),Monthly,12,2010,13.46,ACFT,U,Approved,2011-05-26 15:21:00
1406035,11406035,1406035 Total (Diversion),Annual,1,2010,0.0,ACFT,U,Approved,2011-05-26 15:21:00
1406035,11406035,1406035 Total (Diversion),Monthly,12,2011,17.28,ACFT,U,Approved,2012-06-20 14:30:00
1406035,11406035,1406035 Total (Diversion),Monthly,12,2012,15.92,ACFT,U,Approved,2021-03-06 00:58:00
1406035,11406035,1406035 Total (Diversion),Monthly,12,2013,6.71,ACFT,*,Approved,2014-04-22 12:41:00
1406035,11406035,1406035 Total (Diversion),Annual,2,2014,0.0,ACFT,U,Approved,2015-03-30 16:40:00
1406035,11406035,1406035 Total (Diversion),Annual,2,2015,0.0,ACFT,*,Approved,2016-03-14 09:01:00
1406035,11406035,1406035 Total (Diversion),Annual,1,2016,0.0,ACFT,*,Approved,2017-03-23 13:11:00
1406035,11406035,1406035 Total (Diversion),Monthly,12,2017,3.44,ACFT,*,Approved,2018-03-13 16:45:00
1406035,11406035,1406035 Total (Diversion),Monthly,12,2018,9.7,ACFT,*,Approved,2019-03-20 09:42:00
1406035,11406035,1406035 Total (Diversion),Monthly,12,2019,2.205,ACFT,*,Approved,2020-06-16 15:46:00
1406035,11406035,1406035 Total (Diversion),Monthly,12,2020,41.274,ACFT,*,Approved,2021-04-20 11:46:00
1406035,11406035,1406035 Total (Diversion),Monthly,12,2021,6.943,ACFT,*,Approved,2022-06-28 13:16:00
1406035,11406035,1406035 Total (Diversion),Monthly,12,2022,0.0,ACFT,K,Approved,2022-11-08 16:09:00
1406035,11406035,1406035 Total (Diversion),Monthly,12,2023,73.1181,ACFT,K,Approved,2023-11-15 14:27:00
1406035,11406035,1406035 Total (Diversion),Monthly,12,2024,52.2167,ACFT,K,Approved,2024-11-14 10:26:00
1406035,11406035,1406035 Total (Diversion),Monthly,10,2025,52.6991,ACFT,K,Provisional,2025-09-09 14:59:00
1406036,11406036,1406036 Total (Diversion),Monthly,12,1999,21.644,ACFT,U,Approved,2004-06-07 17:19:00
1406036,11406036,1406036 Total (Diversion),Monthly,12,2000,121.984,ACFT,U,Approved,2004-06-07 17:19:00
1406036,11406036,1406036 Total (Diversion),Monthly,12,2001,149.491,ACFT,U,Approved,2004-06-07 17:19:00
1406036,11406036,1406036 Total (Diversion),Monthly,12,2002,75.856,ACFT,U,Approved,2004-06-07 17:19:00
1406036,11406036,1406036 Total (Diversion),Monthly,12,2003,0.0,ACFT,U,Approved,2004-04-29 08:23:00
1406036,11406036,1406036 Total (Diversion),Monthly,12,2004,9.69,ACFT,U,Approved,2005-03-29 07:57:00
1406036,11406036,1406036 Total (Diversion),Monthly,12,2005,26.91,ACFT,U,Approved,2006-03-31 17:12:00
1406036,11406036,1406036 Total (Diversion),Monthly,12,2006,65.92,ACFT,U,Approved,2008-04-04 10:43:00
1406036,11406036,1406036 Total (Diversion),Monthly,12,2007,16.4,ACFT,U,Approved,2008-07-15 13:14:00
1406036,11406036,1406036 Total (Diversion),Monthly,12,2008,42.71,ACFT,U,Approved,2009-06-30 16:16:00
1406036,11406036,1406036 Total (Diversion),Annual,1,2009,0.0,ACFT,U,Approved,2010-07-02 12:51:00
1406036,11406036,1406036 Total (Diversion),Annual,1,2010,0.0,ACFT,U,Approved,2011-05-26 15:21:00
1406036,11406036,1406036 Total (Diversion),Annual,1,2011,0.0,ACFT,U,Approved,2012-06-20 14:30:00
1406036,11406036,1406036 Total (Diversion),Monthly,12,2012,40.85,ACFT,*,Approved,2013-04-09 16:02:00
1406036,11406036,1406036 Total (Diversion),Monthly,12,2013,10.02,ACFT,*,Approved,2014-04-22 12:41:00
1406036,11406036,1406036 Total (Diversion),Monthly,12,2014,4.2,ACFT,U,Approved,2015-03-30 16:40:00
1406036,11406036,1406036 Total (Diversion),Annual,1,2015,0.0,ACFT,*,Approved,2016-03-14 09:01:00
1406036,11406036,1406036 Total (Diversion),Monthly,12,2016,4.31,ACFT,*,Approved,2017-03-23 13:11:00
1406036,11406036,1406036 Total (Diversion),Monthly,12,2017,0.18,ACFT,*,Approved,2018-03-13 16:45:00
1406036,11406036,1406036 Total (Diversion),Monthly,1,2018,0.0,ACFT,*,Approved,2019-03-20 09:42:00
1406036,11406036,1406036 Total (Diversion),Monthly,12,2019,0.02,ACFT,*,Approved,2020-06-16 15:46:00
1406036,11406036,1406036 Total (Diversion),Annual,1,2020,0.0,ACFT,*,Approved,2021-04-20 11:46:00
1406036,11406036,1406036 Total (Diversion),Annual,1,2021,0.0,ACFT,*,Approved,2022-06-28 13:16:00
1406036,11406036,1406036 Total (Diversion),Monthly,12,2022,0.0,ACFT,K,Approved,2022-11-08 16:09:00
1406036,11406036,1406036 Total (Diversion),Monthly,12,2023,0.0,ACFT,K,Approved,2023-11-15 14:26:00
1406036,11406036,1406036 Total (Diversion),Monthly,12,2024,3.08,ACFT,K,Approved,2024-11-08 09:52:00
1406036,11406036,1406036 Total (Diversion),Monthly,8,2025,0.0,ACFT,K,Provisional,2025-07-22 15:18:00
1406038,11406038,1406038 Total (Diversion),Monthly,10,1999,0.0,ACFT,U,Approved,2004-06-07 17:19:00
1406038,11406038,1406038 Total (Diversion),Monthly,12,2000,0.0,ACFT,U,Approved,2004-06-07 17:19:00
1406038,11406038,1406038 Total (Diversion),Monthly,12,2001,0.0,ACFT,U,Approved,2004-06-07 17:19:00
1406038,11406038,1406038 Total (Diversion),Monthly,12,2003,0.0,ACFT,U,Approved,2004-04-29 08:23:00
1406038,11406038,1406038 Total (Diversion),Annual,1,2008,0.0,ACFT,U,Approved,2009-06-30 16:16:00
1406038,11406038,1406038 Total (Diversion),Annual,1,2009,0.0,ACFT,U,Approved,2010-07-02 12:51:00
1406038,11406038,1406038 Total (Diversion),Annual,1,2010,0.0,ACFT,U,Approved,2011-05-26 15:21:00
1406038,11406038,1406038 Total (Diversion),Annual,1,2011,0.0,ACFT,U,Approved,2012-06-20 14:30:00
1406038,11406038,1406038 Total (Diversion),Annual,1,2012,0.0,ACFT,*,Approved,2013-04-09 16:02:00
1406038,11406038,1406038 Total (Diversion),Annual,1,2013,0.0,ACFT,*,Approved,2014-04-22 12:41:00
1406038,11406038,1406038 Total (Diversion),Annual,1,2014,0.0,ACFT,U,Approved,2015-03-30 16:40:00
1406038,11406038,1406038 Total (Diversion),Annual,1,2015,0.0,ACFT,*,Approved,2016-03-14 09:01:00
1406038,11406038,1406038 Total (Diversion),Annual,1,2016,0.0,ACFT,*,Approved,2017-03-23 13:11:00
1406038,11406038,1406038 Total (Diversion),Annual,1,2017,0.0,ACFT,*,Approved,2018-03-13 16:45:00
1406038,11406038,1406038 Total (Diversion),Monthly,1,2018,0.0,ACFT,*,Approved,2019-03-20 09:42:00
1406038,11406038,1406038 Total (Diversion),Annual,1,2019,0.0,ACFT,*,Approved,2020-06-16 15:46:00
1406038,11406038,1406038 Total (Diversion),Annual,1,2020,0.0,ACFT,*,Approved,2021-04-20 11:46:00
1406038,11406038,1406038 Total (Diversion),Annual,1,2021,0.0,ACFT,*,Approved,2022-06-28 13:16:00
1406041,11406041,1406041 Total (Diversion),Monthly,10,1999,0.0,ACFT,U,Approved,2004-06-07 17:19:00
1406041,11406041,1406041 Total (Diversion),Monthly,12,2000,0.0,ACFT,U,Approved,2004-06-07 17:19:00
1406041,11406041,1406041 Total (Diversion),Monthly,12,2001,0.0,ACFT,U,Approved,2004-06-07 17:19:00
1406041,11406041,1406041 Total (Diversion),Monthly,12,2002,0.0,ACFT,U,Approved,2004-06-07 17:19:00
1406041,11406041,1406041 Total (Diversion),Monthly,12,2003,0.0,ACFT,U,Approved,2004-04-29 08:23:00
1406041,11406041,1406041 Total (Diversion),Annual,1,2004,0.0,ACFT,U,Approved,2005-03-29 07:57:00
1406041,11406041,1406041 Total (Diversion),Annual,1,2005,0.0,ACFT,U,Approved,2006-03-31 17:12:00
1406041,11406041,1406041 Total (Diversion),Annual,1,2008,0.0,ACFT,U,Approved,2009-06-30 16:16:00
1406041,11406041,1406041 Total (Diversion),Annual,1,2009,0.0,ACFT,U,Approved,2010-07-02 12:51:00
1406041,11406041,1406041 Total (Diversion),Annual,1,2010,0.0,ACFT,U,Approved,2011-05-26 15:21:00
1406041,11406041,1406041 Total (Diversion),Annual,1,2011,0.0,ACFT,U,Approved,2012-06-20 14:30:00
1406041,11406041,1406041 Total (Diversion),Annual,1,2012,0.0,ACFT,*,Approved,2013-04-09 16:02:00
1406041,11406041,1406041 Total (Diversion),Annual,1,2013,0.0,ACFT,*,Approved,2014-04-22 12:41:00
1406041,11406041,1406041 Total (Diversion),Annual,1,2014,0.0,ACFT,U,Approved,2015-03-30 16:40:00
1406041,11406041,1406041 Total (Diversion),Annual,1,2015,0.0,ACFT,*,Approved,2016-03-14 09:01:00
1406041,11406041,1406041 Total (Diversion),Annual,1,2016,0.0,ACFT,*,Approved,2017-03-23 13:11:00
1406041,11406041,1406041 Total (Diversion),Annual,1,2017,0.0,ACFT,*,Approved,2018-03-13 16:45:00
1406041,11406041,1406041 Total (Diversion),Monthly,1,2018,0.0,ACFT,*,Approved,2019-03-20 09:42:00
1406041,11406041,1406041 Total (Diversion),Annual,1,2019,0.0,ACFT,*,Approved,2020-06-16 15:46:00
1406041,11406041,1406041 Total (Diversion),Annual,1,2020,0.0,ACFT,*,Approved,2021-04-20 11:46:00
1406041,11406041,1406041 Total (Diversion),Annual,1,2021,0.0,ACFT,*,Approved,2022-06-28 13:16:00
1406045,11406045,1406045 Total (Diversion),Monthly,10,1999,0.0,ACFT,U,Approved,2004-06-07 17:19:00
1406045,11406045,1406045 Total (Diversion),Monthly,12,2000,0.0,ACFT,U,Approved,2004-06-07 17:19:00
1406045,11406045,1406045 Total (Diversion),Monthly,12,2001,0.0,ACFT,U,Approved,2004-06-07 17:19:00
1406045,11406045,1406045 Total (Diversion),Monthly,12,2002,0.0,ACFT,U,Approved,2004-06-07 17:19:00
1406045,11406045,1406045 Total (Diversion),Monthly,12,2003,0.0,ACFT,U,Approved,2004-04-29 08:23:00
1406045,11406045,1406045 Total (Diversion),Annual,1,2004,0.0,ACFT,U,Approved,2005-03-29 07:57:00
1406045,11406045,1406045 Total (Diversion),Annual,1,2005,0.0,ACFT,U,Approved,2006-03-31 17:12:00
1406045,11406045,1406045 Total (Diversion),Annual,1,2008,0.0,ACFT,U,Approved,2009-06-30 16:16:00
1406045,11406045,1406045 Total (Diversion),Annual,1,2009,0.0,ACFT,U,Approved,2010-07-02 12:51:00
1406045,11406045,1406045 Total (Diversion),Annual,1,2010,0.0,ACFT,U,Approved,2011-05-26 15:21:00
1406045,11406045,1406045 Total (Diversion),Annual,1,2011,0.0,ACFT,U,Approved,2012-06-20 14:30:00
1406045,11406045,1406045 Total (Diversion),Annual,1,2012,0.0,ACFT,*,Approved,2013-04-09 16:02:00
1406045,11406045,1406045 Total (Diversion),Annual,1,2013,0.0,ACFT,*,Approved,2014-04-22 12:41:00
1406045,11406045,1406045 Total (Diversion),Annual,1,2014,0.0,ACFT,U,Approved,2015-03-30 16:40:00
1406045,11406045,1406045 Total (Diversion),Annual,1,2015,0.0,ACFT,*,Approved,2016-03-14 09:01:00
1406045,11406045,1406045 Total (Diversion),Monthly,11,2016,0.1,ACFT,*,Approved,2017-03-23 13:11:00
1406045,11406045,1406045 Total (Diversion),Monthly,12,2017,0.47,ACFT,*,Approved,2018-03-13 16:45:00
1406045,11406045,1406045 Total (Diversion),Monthly,12,2018,0.07,ACFT,*,Approved,2019-03-20 09:42:00
1406045,11406045,1406045 Total (Diversion),Annual,1,2019,0.0,ACFT,*,Approved,2020-06-16 15:46:00
1406045,11406045,1406045 Total (Diversion),Annual,1,2020,0.0,ACFT,*,Approved,2021-04-20 11:46:00
1406045,11406045,1406045 Total (Diversion),Annual,1,2021,0.0,ACFT,*,Approved,2022-06-28 13:16:00
1406057,11406057,1406057 Total (Diversion),Monthly,12,1999,7.698,ACFT,U,Approved,2004-06-07 17:19:00
1406057,11406057,1406057 Total (Diversion),Monthly,12,2000,8.637,ACFT,U,Approved,2004-06-07 17:19:00
1406057,11406057,1406057 Total (Diversion),Monthly,12,2001,9.308,ACFT,U,Approved,2004-06-07 17:19:00
1406057,11406057,1406057 Total (Diversion),Monthly,12,2002,9.966,ACFT,U,Approved,2004-06-07 17:19:00
1406057,11406057,1406057 Total (Diversion),Monthly,12,2003,3.305,ACFT,U,Approved,2004-04-29 08:23:00
1406057,11406057,1406057 Total (Diversion),Monthly,12,2004,3.44,ACFT,U,Approved,2005-03-29 07:57:00
1406057,11406057,1406057 Total (Diversion),Monthly,12,2005,5.75,ACFT,U,Approved,2006-03-31 17:12:00
1406057,11406057,1406057 Total (Diversion),Monthly,12,2006,10.69,ACFT,U,Approved,2008-04-04 10:43:00
1406057,11406057,1406057 Total (Diversion),Monthly,12,2007,12.61,ACFT,U,Approved,2008-07-15 13:14:00
1406057,11406057,1406057 Total (Diversion),Monthly,12,2008,9.4,ACFT,U,Approved,2009-06-30 16:16:00
1406057,11406057,1406057 Total (Diversion),Monthly,12,2009,15.72,ACFT,U,Approved,2010-07-02 12:51:00
1406057,11406057,1406057 Total (Diversion),Monthly,12,2010,17.26,ACFT,U,Approved,2011-05-26 15:21:00
1406057,11406057,1406057 Total (Diversion),Monthly,12,2011,13.33,ACFT,U,Approved,2012-06-20 14:30:00
1406057,11406057,1406057 Total (Diversion),Monthly,12,2012,14.65,ACFT,*,Approved,2013-04-09 16:02:00
1406057,11406057,1406057 Total (Diversion),Monthly,12,2013,4.18,ACFT,*,Approved,2014-04-22 12:41:00
1406057,11406057,1406057 Total (Diversion),Annual,1,2014,0.0,ACFT,U,Approved,2015-03-30 16:40:00
1406057,11406057,1406057 Total (Diversion),Annual,1,2015,0.0,ACFT,*,Approved,2016-03-14 09:01:00
1406057,11406057,1406057 Total (Diversion),Monthly,12,2016,0.49,ACFT,*,Approved,2017-03-23 13:11:00
1406057,11406057,1406057 Total (Diversion),Annual,1,2017,0.0,ACFT,*,Approved,2018-03-13 16:45:00
1406057,11406057,1406057 Total (Diversion),Monthly,12,2018,7.67,ACFT,*,Approved,2019-03-20 09:42:00
1406057,11406057,1406057 Total (Diversion),Monthly,11,2019,0.168,ACFT,*,Approved,2020-06-16 15:46:00
1406057,11406057,1406057 Total (Diversion),Monthly,12,2020,0.01,ACFT,*,Approved,2021-04-20 11:46:00
1406057,11406057,1406057 Total (Diversion),Annual,1,2021,0.0,ACFT,*,Approved,2022-06-28 13:16:00
1406057,11406057,1406057 Total (Diversion),Monthly,12,2022,0.0264,ACFT,K,Approved,2022-11-15 08:26:00
1406057,11406057,1406057 Total (Diversion),Monthly,2,2023,8.8399,ACFT,K,Approved,2023-11-16 21:03:00
1406057,11406057,1406057 Total (Diversion),Monthly,4,2024,0.0,ACFT,K,Approved,2024-03-01 08:58:00
1406058,11406058,1406058 Total (Diversion),Monthly,12,1999,17.562,ACFT,U,Approved,2004-06-07 17:19:00
1406058,11406058,1406058 Total (Diversion),Monthly,12,2000,28.91,ACFT,U,Approved,2004-06-07 17:19:00
1406058,11406058,1406058 Total (Diversion),Monthly,12,2001,28.289,ACFT,U,Approved,2004-06-07 17:19:00
1406058,11406058,1406058 Total (Diversion),Monthly,12,2002,30.032,ACFT,U,Approved,2004-06-07 17:19:00
1406058,11406058,1406058 Total (Diversion),Monthly,12,2003,11.05,ACFT,U,Approved,2004-04-29 08:23:00
1406058,11406058,1406058 Total (Diversion),Monthly,12,2004,14.208,ACFT,U,Approved,2005-03-29 07:57:00
1406058,11406058,1406058 Total (Diversion),Monthly,12,2005,12.01,ACFT,U,Approved,2006-03-31 17:12:00
1406058,11406058,1406058 Total (Diversion),Monthly,19,2006,14.58,ACFT,U,Approved,2008-04-04 10:43:00
1406058,11406058,1406058 Total (Diversion),Monthly,24,2007,10.27,ACFT,U,Approved,2009-04-17 12:32:00
1406058,11406058,1406058 Total (Diversion),Monthly,12,2008,14.49,ACFT,U,Approved,2009-06-30 16:16:00
1406058,11406058,1406058 Total (Diversion),Monthly,12,2009,12.23,ACFT,U,Approved,2010-07-02 12:51:00
1406058,11406058,1406058 Total (Diversion),Monthly,24,2010,13.65,ACFT,U,Approved,2011-05-26 15:21:00
1406058,11406058,1406058 Total (Diversion),Monthly,12,2011,11.73,ACFT,U,Approved,2021-03-06 22:49:00
1406058,11406058,1406058 Total (Diversion),Monthly,12,2012,11.73,ACFT,U,Approved,2021-03-06 03:08:00
1406058,11406058,1406058 Total (Diversion),Monthly,12,2013,6.35,ACFT,U,Approved,2021-03-06 00:58:00
1406058,11406058,1406058 Total (Diversion),Monthly,24,2014,16.11,ACFT,U,Approved,2015-03-30 16:40:00
1406058,11406058,1406058 Total (Diversion),Monthly,24,2015,12.96,ACFT,*,Approved,2016-03-14 09:01:00
1406058,11406058,1406058 Total (Diversion),Monthly,12,2016,13.14,ACFT,*,Approved,2017-03-23 13:11:00
1406058,11406058,1406058 Total (Diversion),Monthly,12,2017,9.644,ACFT,*,Approved,2018-03-13 16:45:00
1406058,11406058,1406058 Total (Diversion),Monthly,12,2018,6.073,ACFT,*,Approved,2019-03-20 09:42:00
1406058,11406058,1406058 Total (Diversion),Monthly,12,2019,2.885,ACFT,*,Approved,2020-06-16 15:46:00
1406058,11406058,1406058 Total (Diversion),Monthly,12,2020,0.914,ACFT,*,Approved,2021-04-20 11:46:00
1406058,11406058,1406058 Total (Diversion),Monthly,12,2021,3.478,ACFT,*,Approved,2022-06-28 13:16:00
1406058,11406058,1406058 Total (Diversion),Monthly,12,2022,5.3036,ACFT,K,Approved,2022-11-08 16:09:00
1406058,11406058,1406058 Total (Diversion),Monthly,12,2023,3.9831,ACFT,K,Approved,2023-11-16 10:36:00
1406058,11406058,1406058 Total (Diversion),Monthly,12,2024,0.0,ACFT,K,Approved,2025-01-22 09:15:00
1406058,11406058,1406058 Total (Diversion),Monthly,10,2025,0.0,ACFT,K,Provisional,2025-09-03 11:13:00
1406156,11406156,1406156 Total (Diversion),Monthly,10,1999,0.0,ACFT,U,Approved,2004-06-07 17:19:00
1406156,11406156,1406156 Total (Diversion),Monthly,12,2000,0.0,ACFT,U,Approved,2004-06-07 17:19:00
1406156,11406156,1406156 Total (Diversion),Monthly,11,2001,0.0,ACFT,U,Approved,2004-06-07 17:19:00
1406156,11406156,1406156 Total (Diversion),Monthly,12,2002,0.0,ACFT,U,Approved,2004-06-07 17:19:00
1406156,11406156,1406156 Total (Diversion),Monthly,12,2003,0.0,ACFT,U,Approved,2004-04-29 08:23:00
1406156,11406156,1406156 Total (Diversion),Annual,1,2004,0.0,ACFT,U,Approved,2005-03-29 07:57:00
1406156,11406156,1406156 Total (Diversion),Annual,1,2005,0.0,ACFT,U,Approved,2006-03-31 17:12:00
1406156,11406156,1406156 Total (Diversion),Annual,1,2008,0.0,ACFT,U,Approved,2009-06-30 16:16:00
1406156,11406156,1406156 Total (Diversion),Annual,1,2009,0.0,ACFT,U,Approved,2010-07-02 12:51:00
1406156,11406156,1406156 Total (Diversion),Annual,1,2010,0.0,ACFT,U,Approved,2011-05-26 15:21:00
1406156,11406156,1406156 Total (Diversion),Annual,1,2011,0.0,ACFT,U,Approved,2012-06-20 14:30:00
1406156,11406156,1406156 Total (Diversion),Annual,1,2012,0.0,ACFT,*,Approved,2013-04-09 16:02:00
1406156,11406156,1406156 Total (Diversion),Annual,1,2013,0.0,ACFT,*,Approved,2014-04-22 12:41:00
1406156,11406156,1406156 Total (Diversion),Annual,1,2014,0.0,ACFT,U,Approved,2015-03-30 16:40:00
1406156,11406156,1406156 Total (Diversion),Annual,1,2015,0.0,ACFT,*,Approved,2016-03-14 09:01:00
1406156,11406156,1406156 Total (Diversion),Annual,1,2016,0.0,ACFT,*,Approved,2017-03-23 13:11:00
1406156,11406156,1406156 Total (Diversion),Annual,1,2017,0.0,ACFT,*,Approved,2018-03-13 16:45:00
1406156,11406156,1406156 Total (Diversion),Monthly,1,2018,0.0,ACFT,*,Approved,2019-03-20 09:42:00
1406156,11406156,1406156 Total (Diversion),Annual,1,2019,0.0,ACFT,*,Approved,2020-06-16 15:46:00
1406156,11406156,1406156 Total (Diversion),Annual,1,2020,0.0,ACFT,*,Approved,2021-04-20 11:46:00
1406156,11406156,1406156 Total (Diversion),Annual,1,2021,0.0,ACFT,*,Approved,2022-06-28 13:16:00
1406231,11406231,1406231 Total (Diversion),Monthly,10,1999,0.0,ACFT,U,Approved,2004-06-07 17:19:00
1406231,11406231,1406231 Total (Diversion),Monthly,12,2000,0.0,ACFT,U,Approved,2004-06-07 17:19:00
1406231,11406231,1406231 Total (Diversion),Monthly,12,2001,0.0,ACFT,U,Approved,2004-06-07 17:19:00
1406231,11406231,1406231 Total (Diversion),Monthly,12,2002,0.0,ACFT,U,Approved,2004-06-07 17:19:00
1406231,11406231,1406231 Total (Diversion),Monthly,12,2003,0.0,ACFT,U,Approved,2004-04-29 08:23:00
1406231,11406231,1406231 Total (Diversion),Annual,1,2004,0.0,ACFT,U,Approved,2005-03-29 07:57:00
1406231,11406231,1406231 Total (Diversion),Annual,1,2005,0.0,ACFT,U,Approved,2006-03-31 17:12:00
1406231,11406231,1406231 Total (Diversion),Annual,1,2008,0.0,ACFT,U,Approved,2009-06-30 16:16:00
1406231,11406231,1406231 Total (Diversion),Annual,1,2009,0.0,ACFT,U,Approved,2010-07-02 12:51:00
1406231,11406231,1406231 Total (Diversion),Annual,1,2010,0.0,ACFT,U,Approved,2011-05-26 15:21:00
1406231,11406231,1406231 Total (Diversion),Annual,1,2011,0.0,ACFT,U,Approved,2012-06-20 14:30:00
1406231,11406231,1406231 Total (Diversion),Annual,1,2012,0.0,ACFT,*,Approved,2013-04-09 16:02:00
1406231,11406231,1406231 Total (Diversion),Annual,1,2013,0.0,ACFT,*,Approved,2014-04-22 12:41:00
1406231,11406231,1406231 Total (Diversion),Annual,1,2014,0.0,ACFT,U,Approved,2015-03-30 16:40:00
1406231,11406231,1406231 Total (Diversion),Annual,1,2015,0.0,ACFT,*,Approved,2016-03-14 09:01:00
1406231,11406231,1406231 Total (Diversion),Annual,1,2016,0.0,ACFT,*,Approved,2017-03-23 13:11:00
1406231,11406231,1406231 Total (Diversion),Annual,1,2017,0.0,ACFT,*,Approved,2018-03-13 16:45:00
1406231,11406231,1406231 Total (Diversion),Monthly,1,2018,0.0,ACFT,*,Approved,2019-03-20 09:42:00
1406231,11406231,1406231 Total (Diversion),Annual,1,2019,0.0,ACFT,*,Approved,2020-06-16 15:46:00
1406231,11406231,1406231 Total (Diversion),Annual,1,2020,0.0,ACFT,*,Approved,2021-04-20 11:46:00
1406231,11406231,1406231 Total (Diversion),Annual,1,2021,0.0,ACFT,*,Approved,2022-06-28 13:16:00
1406252,11406252,1406252 Total (Diversion),Annual,1,2008,0.0,ACFT,U,Approved,2009-06-30 16:16:00
1406252,11406252,1406252 Total (Diversion),Annual,1,2009,0.0,ACFT,U,Approved,2010-07-02 12:51:00
1406252,11406252,1406252 Total (Diversion),Annual,1,2010,0.0,ACFT,U,Approved,2011-05-26 15:21:00
1406252,11406252,1406252 Total (Diversion),Annual,1,2011,0.0,ACFT,U,Approved,2012-06-20 14:30:00
1406252,11406252,1406252 Total (Diversion),Annual,1,2012,0.0,ACFT,*,Approved,2013-04-09 16:02:00
1406252,11406252,1406252 Total (Diversion),Annual,1,2013,0.0,ACFT,*,Approved,2014-04-22 12:41:00
1406252,11406252,1406252 Total (Diversion),Annual,1,2014,0.0,ACFT,U,Approved,2015-03-30 16:40:00
1406252,11406252,1406252 Total (Diversion),Annual,1,2015,0.0,ACFT,*,Approved,2016-03-14 09:01:00
1406252,11406252,1406252 Total (Diversion),Annual,1,2016,0.0,ACFT,*,Approved,2017-03-23 13:11:00
1406252,11406252,1406252 Total (Diversion),Annual,1,2017,0.0,ACFT,*,Approved,2018-03-13 16:45:00
1406252,11406252,1406252 Total (Diversion),Monthly,1,2018,0.0,ACFT,*,Approved,2019-03-20 09:42:00
1406252,11406252,1406252 Total (Diversion),Annual,1,2019,0.0,ACFT,*,Approved,2020-06-16 15:46:00
1406252,11406252,1406252 Total (Diversion),Monthly,12,2020,3.3267,ACFT,*,Approved,2021-04-20 11:46:00
1406252,11406252,1406252 Total (Diversion),Monthly,24,2021,45.9442,ACFT,*,Approved,2022-06-28 13:16:00
1406252,11406252,1406252 Total (Diversion),Monthly,11,2022,18.4617,ACFT,K,Approved,2022-10-14 14:49:00
1406252,11406252,1406252 Total (Diversion),Monthly,12,2023,20.49,ACFT,*,Approved,2024-07-19 15:07:00
1406417,11406417,1406417 Total (Diversion),Monthly,12,2021,7.35,ACFT,*,Approved,2022-06-28 13:16:00
1406417,11406417,1406417 Total (Diversion),Monthly,11,2022,6.9588,ACFT,K,Approved,2022-10-14 14:57:00
1406417,11406417,1406417 Total (Diversion),Monthly,12,2023,7.37,ACFT,*,Approved,2024-07-19 15:07:00
1406441,11406441,1406441 Total (Diversion),Annual,1,2008,0.0,ACFT,U,Approved,2009-06-30 16:16:00
1406441,11406441,1406441 Total (Diversion),Annual,1,2009,0.0,ACFT,U,Approved,2010-07-02 12:51:00
1406441,11406441,1406441 Total (Diversion),Annual,1,2010,0.0,ACFT,U,Approved,2011-05-26 15:21:00
1406441,11406441,1406441 Total (Diversion),Annual,1,2011,0.0,ACFT,U,Approved,2012-06-20 14:30:00
1406441,11406441,1406441 Total (Diversion),Annual,1,2012,0.0,ACFT,*,Approved,2013-04-09 16:02:00
1406441,11406441,1406441 Total (Diversion),Annual,1,2013,0.0,ACFT,*,Approved,2014-04-22 12:41:00
1406441,11406441,1406441 Total (Diversion),Annual,1,2014,0.0,ACFT,U,Approved,2015-03-30 16:40:00
1406441,11406441,1406441 Total (Diversion),Annual,1,2015,0.0,ACFT,*,Approved,2016-03-14 09:01:00
1406441,11406441,1406441 Total (Diversion),Annual,1,2016,0.0,ACFT,*,Approved,2017-03-23 13:11:00
1406441,11406441,1406441 Total (Diversion),Annual,1,2017,0.0,ACFT,*,Approved,2018-03-13 16:45:00
1406441,11406441,1406441 Total (Diversion),Monthly,1,2018,0.0,ACFT,*,Approved,2019-03-20 09:42:00
1406441,11406441,1406441 Total (Diversion),Annual,1,2019,0.0,ACFT,*,Approved,2020-06-16 15:46:00
1406441,11406441,1406441 Total (Diversion),Annual,1,2020,0.0,ACFT,*,Approved,2021-04-20 11:46:00
1406441,11406441,1406441 Total (Diversion),Annual,1,2021,0.0,ACFT,*,Approved,2022-06-28 13:16:00
1406561,11406561,1406561 Total (Diversion),Monthly,12,2007,17.08,ACFT,U,Approved,2008-07-15 13:14:00
1406561,11406561,1406561 Total (Diversion),Monthly,24,2008,14.29,ACFT,U,Approved,2009-06-30 16:16:00
1406561,11406561,1406561 Total (Diversion),Monthly,20,2009,2.387,ACFT,U,Approved,2010-07-02 12:51:00
1406561,11406561,1406561 Total (Diversion),Monthly,23,2010,5.441,ACFT,U,Approved,2011-05-26 15:21:00
1406561,11406561,1406561 Total (Diversion),Monthly,23,2011,5.5,ACFT,U,Approved,2012-06-20 14:30:00
1406561,11406561,1406561 Total (Diversion),Monthly,24,2012,10.88,ACFT,C,Approved,2013-04-09 16:02:00
1406561,11406561,1406561 Total (Diversion),Monthly,24,2013,76.85,ACFT,C,Approved,2014-04-22 12:41:00
1406561,11406561,1406561 Total (Diversion),Monthly,24,2014,60.05,ACFT,C,Approved,2015-03-30 16:40:00
1406561,11406561,1406561 Total (Diversion),Monthly,24,2015,38.875,ACFT,C,Approved,2016-03-14 09:01:00
1406561,11406561,1406561 Total (Diversion),Monthly,12,2016,9.99,ACFT,C,Approved,2017-03-23 13:11:00
1406561,11406561,1406561 Total (Diversion),Monthly,24,2017,5.52,ACFT,U,Approved,2018-03-13 16:45:00
1406561,11406561,1406561 Total (Diversion),Monthly,24,2018,3.52,ACFT,*,Approved,2019-03-20 09:42:00
1406561,11406561,1406561 Total (Diversion),Annual,1,2019,0.0,ACFT,*,Approved,2020-06-16 15:46:00
1406561,11406561,1406561 Total (Diversion),Monthly,12,2020,10.377,ACFT,*,Approved,2021-04-20 11:46:00
1406561,11406561,1406561 Total (Diversion),Monthly,24,2021,29.602,ACFT,*,Approved,2022-06-28 13:16:00
1406561,11406561,1406561 Total (Diversion),Monthly,12,2022,19.1844,ACFT,K,Approved,2023-01-17 12:18:00
1406561,11406561,1406561 Total (Diversion),Monthly,11,2023,9.424,ACFT,K,Approved,2023-11-13 16:00:00
1406561,11406561,1406561 Total (Diversion),Monthly,12,2024,11.1834,ACFT,K,Approved,2025-04-16 09:36:00
1406561,11406561,1406561 Total (Diversion),Monthly,10,2025,23.4175,ACFT,K,Provisional,2025-09-18 15:40:00
1406563,11406563,1406563 Total (Diversion),Monthly,12,2007,14.4,ACFT,U,Approved,2008-07-15 13:14:00
1406563,11406563,1406563 Total (Diversion),Monthly,12,2008,14.4,ACFT,U,Approved,2009-06-30 16:16:00
1406563,11406563,1406563 Total (Diversion),Monthly,12,2009,14.4,ACFT,*,Approved,2010-07-02 12:51:00
1406563,11406563,1406563 Total (Diversion),Monthly,12,2010,14.4,ACFT,U,Approved,2011-05-26 15:21:00
1406563,11406563,1406563 Total (Diversion),Monthly,12,2011,14.4,ACFT,U,Approved,2012-06-20 14:30:00
1406563,11406563,1406563 Total (Diversion),Monthly,12,2012,14.4,ACFT,C,Approved,2013-04-09 16:02:00
1406563,11406563,1406563 Total (Diversion),Monthly,12,2013,20.94,ACFT,C,Approved,2014-04-22 12:41:00
1406563,11406563,1406563 Total (Diversion),Monthly,12,2014,14.4,ACFT,C,Approved,2015-03-30 16:40:00
1406563,11406563,1406563 Total (Diversion),Monthly,12,2015,1.22,ACFT,C,Approved,2016-03-14 09:01:00
1406563,11406563,1406563 Total (Diversion),Monthly,12,2016,7.38,ACFT,C,Approved,2017-03-23 13:11:00
1406563,11406563,1406563 Total (Diversion),Annual,1,2021,0.0,ACFT,*,Approved,2022-06-28 13:16:00
1406563,11406563,1406563 Total (Diversion),Monthly,7,2022,0.0,ACFT,K,Approved,2022-11-08 16:09:00
1406563,11406563,1406563 Total (Diversion),Monthly,5,2023,0.0,ACFT,K,Approved,2023-12-04 14:29:00
1408261,11408261,1408261 Total (Diversion),Monthly,12,2016,0.714,ACFT,U,Approved,2017-03-23 13:11:00
1408261,11408261,1408261 Total (Diversion),Monthly,12,2017,3.869,ACFT,U,Approved,2018-03-13 16:45:00
1408261,11408261,1408261 Total (Diversion),Monthly,12,2018,3.672,ACFT,U,Approved,2019-03-20 09:42:00
1408261,11408261,1408261 Total (Diversion),Monthly,12,2019,0.2347,ACFT,*,Approved,2020-06-16 15:46:00
1408261,11408261,1408261 Total (Diversion),Monthly,12,2020,0.0647,ACFT,*,Approved,2021-04-20 11:46:00
1408261,11408261,1408261 Total (Diversion),Annual,1,2021,0.0,ACFT,*,Approved,2022-06-28 13:16:00
1506011,11506011,1506011 Total (Diversion),Monthly,12,1999,0.0,ACFT,U,Approved,2004-06-07 16:21:00
1506011,11506011,1506011 Total (Diversion),Monthly,12,2000,0.0,ACFT,U,Approved,2004-06-07 16:21:00
1506011,11506011,1506011 Total (Diversion),Monthly,12,2001,11.528,ACFT,U,Approved,2004-06-07 16:21:00
1506011,11506011,1506011 Total (Diversion),Monthly,12,2002,10.18,ACFT,U,Approved,2004-06-07 16:21:00
1506011,11506011,1506011 Total (Diversion),Monthly,12,2003,5.712,ACFT,U,Approved,2004-04-29 08:23:00
1506011,11506011,1506011 Total (Diversion),Monthly,12,2004,33.8,ACFT,U,Approved,2005-03-29 07:57:00
1506011,11506011,1506011 Total (Diversion),Monthly,12,2005,11.92,ACFT,U,Approved,2006-03-31 17:12:00
1506011,11506011,1506011 Total (Diversion),Monthly,12,2006,11.39,ACFT,U,Approved,2008-04-04 10:45:00
1506011,11506011,1506011 Total (Diversion),Monthly,12,2007,7.71,ACFT,U,Approved,2008-07-15 13:17:00
1506011,11506011,1506011 Total (Diversion),Monthly,12,2008,3.95,ACFT,U,Approved,2009-06-30 16:42:00
1506011,11506011,1506011 Total (Diversion),Monthly,12,2009,4.83,ACFT,U,Approved,2010-07-01 10:41:00
1506011,11506011,1506011 Total (Diversion),Monthly,12,2010,5.34,ACFT,U,Approved,2011-05-26 15:31:00
1506011,11506011,1506011 Total (Diversion),Monthly,12,2011,4.75,ACFT,U,Approved,2012-05-25 10:43:00
1506011,11506011,1506011 Total (Diversion),Monthly,12,2012,9.93,ACFT,*,Approved,2013-03-27 18:11:00
1506011,11506011,1506011 Total (Diversion),Monthly,12,2013,1.81,ACFT,*,Approved,2014-04-14 17:00:00
1506011,11506011,1506011 Total (Diversion),Annual,1,2014,0.0,ACFT,U,Approved,2015-02-12 14:41:00
1506011,11506011,1506011 Total (Diversion),Annual,1,2015,0.0,ACFT,*,Approved,2016-02-23 10:02:00
1506011,11506011,1506011 Total (Diversion),Monthly,12,2016,1.03,ACFT,*,Approved,2017-03-08 14:10:00
1506011,11506011,1506011 Total (Diversion),Annual,1,2017,0.0,ACFT,*,Approved,2018-02-07 09:56:00
1506011,11506011,1506011 Total (Diversion),Monthly,12,2018,0.64,ACFT,U,Approved,2019-02-20 11:00:00
1506011,11506011,1506011 Total (Diversion),Annual,1,2019,0.0,ACFT,K,Approved,2020-06-12 14:31:00
1506011,11506011,1506011 Total (Diversion),Monthly,12,2020,0.0,ACFT,*,Approved,2021-03-31 16:45:00
1506011,11506011,1506011 Total (Diversion),Annual,2,2021,0.0,ACFT,*,Approved,2022-03-10 15:45:00
1506011,11506011,1506011 Total (Diversion),Monthly,1,2022,0.0,ACFT,K,Approved,2022-11-02 07:14:00
1506011,11506011,1506011 Total (Diversion),Monthly,1,2023,0.0,ACFT,K,Approved,2023-03-13 10:27:00
1506012,11506012,1506012 Total (Diversion),Monthly,12,1999,100.84,ACFT,U,Approved,2004-06-07 16:21:00
1506012,11506012,1506012 Total (Diversion),Monthly,12,2000,184.108,ACFT,U,Approved,2004-06-07 16:21:00
1506012,11506012,1506012 Total (Diversion),Monthly,12,2001,215.8,ACFT,U,Approved,2004-06-07 16:21:00
1506012,11506012,1506012 Total (Diversion),Monthly,12,2002,32.536,ACFT,U,Approved,2004-06-07 16:21:00
1506012,11506012,1506012 Total (Diversion),Monthly,12,2003,35.6,ACFT,U,Approved,2004-04-29 08:23:00
1506012,11506012,1506012 Total (Diversion),Annual,1,2004,0.0,ACFT,U,Approved,2005-03-29 07:57:00
1506012,11506012,1506012 Total (Diversion),Monthly,12,2005,48.84,ACFT,U,Approved,2006-03-31 17:12:00
1506012,11506012,1506012 Total (Diversion),Monthly,12,2006,34.74,ACFT,U,Approved,2008-04-04 10:45:00
1506012,11506012,1506012 Total (Diversion),Monthly,12,2007,123.71,ACFT,U,Approved,2008-07-15 13:17:00
1506012,11506012,1506012 Total (Diversion),Monthly,12,2008,156.02,ACFT,U,Approved,2009-06-30 16:42:00
1506012,11506012,1506012 Total (Diversion),Monthly,12,2009,87.28,ACFT,U,Approved,2010-07-01 10:41:00
1506012,11506012,1506012 Total (Diversion),Monthly,12,2010,78.91,ACFT,U,Approved,2011-05-26 15:31:00
1506012,11506012,1506012 Total (Diversion),Monthly,12,2011,116.19,ACFT,U,Approved,2012-05-25 10:43:00
1506012,11506012,1506012 Total (Diversion),Monthly,12,2012,37.23,ACFT,*,Approved,2013-03-27 18:11:00
1506012,11506012,1506012 Total (Diversion),Annual,1,2013,0.0,ACFT,*,Approved,2014-04-14 17:00:00
1506012,11506012,1506012 Total (Diversion),Annual,1,2014,0.0,ACFT,U,Approved,2015-02-12 14:41:00
1506012,11506012,1506012 Total (Diversion),Monthly,12,2015,3.07,ACFT,*,Approved,2016-02-23 10:02:00
1506012,11506012,1506012 Total (Diversion),Monthly,12,2016,18.68,ACFT,*,Approved,2017-03-08 14:10:00
1506012,11506012,1506012 Total (Diversion),Annual,1,2017,0.0,ACFT,*,Approved,2018-02-07 09:56:00
1506012,11506012,1506012 Total (Diversion),Annual,1,2018,0.0,ACFT,U,Approved,2019-02-20 11:00:00
1506012,11506012,1506012 Total (Diversion),Monthly,12,2019,29.045,ACFT,K,Approved,2020-06-12 14:31:00
1506012,11506012,1506012 Total (Diversion),Monthly,12,2020,10.1887,ACFT,*,Approved,2021-03-31 16:45:00
1506012,11506012,1506012 Total (Diversion),Monthly,12,2021,4.369,ACFT,*,Approved,2022-03-10 15:45:00
1506012,11506012,1506012 Total (Diversion),Monthly,12,2022,0.1443,ACFT,K,Approved,2022-11-08 16:09:00
1506012,11506012,1506012 Total (Diversion),Monthly,12,2023,0.0031,ACFT,K,Approved,2023-11-30 08:13:00
1506012,11506012,1506012 Total (Diversion),Monthly,12,2024,33.5913,ACFT,K,Approved,2024-11-25 10:22:00
1506012,11506012,1506012 Total (Diversion),Monthly,10,2025,29.941,ACFT,K,Provisional,2025-09-10 10:30:00
1506013,11506013,1506013 Total (Diversion),Monthly,10,1999,0.0,ACFT,U,Approved,2004-06-07 16:21:00
1506013,11506013,1506013 Total (Diversion),Monthly,12,2000,0.0,ACFT,U,Approved,2004-06-07 16:21:00
1506013,11506013,1506013 Total (Diversion),Monthly,12,2001,0.0,ACFT,U,Approved,2004-06-07 16:21:00
1506013,11506013,1506013 Total (Diversion),Monthly,12,2002,0.0,ACFT,U,Approved,2004-06-07 16:21:00
1506013,11506013,1506013 Total (Diversion),Monthly,12,2003,0.0,ACFT,U,Approved,2004-04-29 08:23:00
1506013,11506013,1506013 Total (Diversion),Annual,1,2004,0.0,ACFT,U,Approved,2005-03-29 07:57:00
1506013,11506013,1506013 Total (Diversion),Annual,1,2005,0.0,ACFT,U,Approved,2006-03-31 17:12:00
1705012,11705012,1705012 Total (Diversion),Monthly,12,1999,3.244,ACFT,U,Approved,2004-06-07 15:14:00
1705012,11705012,1705012 Total (Diversion),Monthly,12,2000,0.04,ACFT,U,Approved,2004-06-07 15:14:00
1705012,11705012,1705012 Total (Diversion),Monthly,12,2001,0.0,ACFT,U,Approved,2004-06-07 15:14:00
1705012,11705012,1705012 Total (Diversion),Monthly,11,2002,7.284,ACFT,U,Approved,2004-06-07 15:14:00
1705012,11705012,1705012 Total (Diversion),Monthly,12,2003,6.382,ACFT,U,Approved,2004-04-29 08:23:00
1705012,11705012,1705012 Total (Diversion),Monthly,12,2004,5.78,ACFT,U,Approved,2005-03-29 07:57:00
1705012,11705012,1705012 Total (Diversion),Monthly,12,2005,4.08,ACFT,U,Approved,2006-03-31 17:12:00
1705012,11705012,1705012 Total (Diversion),Monthly,12,2007,19.44,ACFT,U,Approved,2008-07-15 13:23:00
1705012,11705012,1705012 Total (Diversion),Monthly,12,2008,18.2,ACFT,U,Approved,2009-06-30 16:22:00
1705012,11705012,1705012 Total (Diversion),Monthly,11,2009,15.33,ACFT,U,Approved,2010-07-06 08:11:00
1705012,11705012,1705012 Total (Diversion),Monthly,12,2010,16.6406,ACFT,U,Approved,2021-03-06 22:50:00
1705012,11705012,1705012 Total (Diversion),Monthly,12,2011,8.17,ACFT,U,Approved,2012-06-01 17:57:00
1705012,11705012,1705012 Total (Diversion),Monthly,12,2012,3.4,ACFT,U,Approved,2021-03-06 22:50:00
1705012,11705012,1705012 Total (Diversion),Annual,1,2013,0.0,ACFT,U,Approved,2014-04-17 12:50:00
1705012,11705012,1705012 Total (Diversion),Annual,1,2014,0.37,ACFT,U,Approved,2021-03-06 03:11:00
1705012,11705012,1705012 Total (Diversion),Annual,1,2015,0.0,ACFT,U,Approved,2016-03-30 15:01:00
1705012,11705012,1705012 Total (Diversion),Monthly,12,2016,0.04,ACFT,*,Approved,2017-02-16 11:11:00
1705012,11705012,1705012 Total (Diversion),Monthly,12,2017,69.15,ACFT,U,Approved,2021-03-06 01:04:00
1705012,11705012,1705012 Total (Diversion),Annual,1,2018,0.0,ACFT,*,Approved,2019-03-07 11:25:00
1705012,11705012,1705012 Total (Diversion),Annual,1,2019,0.0,ACFT,*,Approved,2020-06-16 16:47:00
1705012,11705012,1705012 Total (Diversion),Annual,1,2021,0.0,ACFT,*,Approved,2022-06-15 16:45:00
1705012,11705012,1705012 Total (Diversion),Monthly,12,2022,11.9745,ACFT,K,Approved,2023-07-27 09:35:00
1705012,11705012,1705012 Total (Diversion),Monthly,9,2023,0.0089,ACFT,K,Approved,2023-10-30 15:53:00
1705012,11705012,1705012 Total (Diversion),Monthly,11,2024,0.0,ACFT,K,Approved,2024-11-19 16:17:00
1705012,11705012,1705012 Total (Diversion),Monthly,5,2025,0.0,ACFT,K,Provisional,2025-06-23 07:49:00
1705893,11705893,1705893 Total (Diversion),Monthly,12,1999,9.719,ACFT,U,Approved,2004-06-07 15:14:00
1705893,11705893,1705893 Total (Diversion),Monthly,12,2000,15.781,ACFT,U,Approved,2004-06-07 15:14:00
1705893,11705893,1705893 Total (Diversion),Monthly,12,2001,8.627,ACFT,U,Approved,2004-06-07 15:14:00
1705893,11705893,1705893 Total (Diversion),Monthly,12,2002,6.74,ACFT,U,Approved,2004-06-07 15:14:00
1705893,11705893,1705893 Total (Diversion),Monthly,12,2003,7.3,ACFT,U,Approved,2004-04-29 08:23:00
1705893,11705893,1705893 Total (Diversion),Monthly,12,2004,3.802,ACFT,U,Approved,2005-03-29 07:57:00
1705893,11705893,1705893 Total (Diversion),Monthly,12,2005,3.05,ACFT,U,Approved,2006-03-31 17:12:00
1705893,11705893,1705893 Total (Diversion),Monthly,12,2007,0.6,ACFT,U,Approved,2008-07-15 13:23:00
1705893,11705893,1705893 Total (Diversion),Annual,1,2008,0.0,ACFT,U,Approved,2009-06-30 16:22:00
1705893,11705893,1705893 Total (Diversion),Annual,1,2009,0.0,ACFT,U,Approved,2010-07-06 08:11:00
1705893,11705893,1705893 Total (Diversion),Annual,1,2010,0.0,ACFT,U,Approved,2011-06-06 11:01:00
1705893,11705893,1705893 Total (Diversion),Annual,1,2011,0.0,ACFT,U,Approved,2012-06-01 17:57:00
1705893,11705893,1705893 Total (Diversion),Annual,1,2012,0.0,ACFT,*,Approved,2013-03-28 17:50:00
1705893,11705893,1705893 Total (Diversion),Monthly,12,2013,10.47,ACFT,*,Approved,2014-04-17 12:50:00
1705893,11705893,1705893 Total (Diversion),Monthly,9,2014,2.52,ACFT,U,Approved,2015-04-01 12:20:00
1705893,11705893,1705893 Total (Diversion),Monthly,12,2015,6.03,ACFT,U,Approved,2016-03-30 15:01:00
1705893,11705893,1705893 Total (Diversion),Monthly,12,2016,9.36,ACFT,*,Approved,2017-02-16 11:11:00
1705893,11705893,1705893 Total (Diversion),Annual,1,2017,0.0,ACFT,*,Approved,2018-02-09 13:00:00
1705893,11705893,1705893 Total (Diversion),Annual,1,2018,0.0,ACFT,*,Approved,2019-03-07 11:25:00
1705893,11705893,1705893 Total (Diversion),Monthly,12,2019,9.9443,ACFT,*,Approved,2020-06-16 16:47:00
1705893,11705893,1705893 Total (Diversion),Annual,1,2020,0.0,ACFT,K,Approved,2021-04-26 14:00:00
1705893,11705893,1705893 Total (Diversion),Annual,1,2021,0.0,ACFT,*,Approved,2022-06-15 16:45:00
1705936,11705936,1705936 Total (Diversion),Monthly,10,1999,0.0,ACFT,U,Approved,2004-06-07 15:14:00
1705936,11705936,1705936 Total (Diversion),Monthly,12,2000,0.0,ACFT,U,Approved,2004-06-07 15:14:00
1705936,11705936,1705936 Total (Diversion),Monthly,12,2001,0.0,ACFT,U,Approved,2004-06-07 15:14:00
1705936,11705936,1705936 Total (Diversion),Monthly,12,2002,0.0,ACFT,U,Approved,2004-06-07 15:14:00
1705936,11705936,1705936 Total (Diversion),Monthly,12,2003,0.0,ACFT,U,Approved,2004-04-29 08:23:00
1705936,11705936,1705936 Total (Diversion),Annual,1,2004,0.0,ACFT,U,Approved,2005-03-29 07:57:00
1705936,11705936,1705936 Total (Diversion),Annual,1,2005,0.0,ACFT,U,Approved,2006-03-31 17:12:00
1705936,11705936,1705936 Total (Diversion),Annual,1,2008,0.0,ACFT,U,Approved,2009-06-30 16:22:00
1705936,11705936,1705936 Total (Diversion),Annual,1,2009,0.0,ACFT,U,Approved,2010-07-06 08:11:00
1705936,11705936,1705936 Total (Diversion),Annual,1,2010,0.0,ACFT,U,Approved,2011-06-06 11:01:00
1705936,11705936,1705936 Total (Diversion),Annual,1,2011,0.0,ACFT,U,Approved,2012-06-01 17:57:00
1705936,11705936,1705936 Total (Diversion),Annual,1,2012,0.0,ACFT,*,Approved,2013-03-28 17:50:00
1705936,11705936,1705936 Total (Diversion),Annual,1,2013,0.0,ACFT,U,Approved,2014-04-17 12:50:00
1705936,11705936,1705936 Total (Diversion),Annual,1,2014,0.0,ACFT,U,Approved,2015-04-01 12:20:00
1705936,11705936,1705936 Total (Diversion),Annual,1,2015,0.0,ACFT,U,Approved,2016-03-30 15:01:00
1705936,11705936,1705936 Total (Diversion),Annual,1,2016,0.0,ACFT,*,Approved,2017-02-16 11:11:00
1705936,11705936,1705936 Total (Diversion),Annual,1,2017,0.0,ACFT,*,Approved,2018-02-09 13:00:00
1705936,11705936,1705936 Total (Diversion),Annual,1,2018,0.0,ACFT,*,Approved,2019-03-07 11:25:00
1705936,11705936,1705936 Total (Diversion),Annual,1,2019,0.0,ACFT,*,Approved,2020-06-16 16:47:00
1705936,11705936,1705936 Total (Diversion),Annual,1,2020,0.0,ACFT,K,Approved,2021-04-26 14:00:00
1705936,11705936,1705936 Total (Diversion),Annual,1,2021,0.0,ACFT,*,Approved,2022-06-15 16:45:00
1706164,11706164,1706164 Total (Diversion),Monthly,10,1999,0.0,ACFT,U,Approved,2004-06-07 15:14:00
1706164,11706164,1706164 Total (Diversion),Monthly,12,2000,0.0,ACFT,U,Approved,2004-06-07 15:14:00
1706164,11706164,1706164 Total (Diversion),Monthly,12,2001,0.0,ACFT,U,Approved,2004-06-07 15:14:00
1706164,11706164,1706164 Total (Diversion),Monthly,12,2002,0.0,ACFT,U,Approved,2004-06-07 15:14:00
1706164,11706164,1706164 Total (Diversion),Monthly,12,2003,0.0,ACFT,U,Approved,2004-04-29 08:23:00
1706164,11706164,1706164 Total (Diversion),Annual,1,2004,0.0,ACFT,U,Approved,2005-03-29 07:57:00
1706164,11706164,1706164 Total (Diversion),Annual,1,2005,0.0,ACFT,U,Approved,2006-03-31 17:12:00
1706164,11706164,1706164 Total (Diversion),Annual,1,2008,0.0,ACFT,U,Approved,2009-06-30 16:22:00
1706164,11706164,1706164 Total (Diversion),Annual,1,2009,0.0,ACFT,U,Approved,2010-07-06 08:11:00
1706164,11706164,1706164 Total (Diversion),Annual,1,2010,0.0,ACFT,U,Approved,2011-06-06 11:01:00
1706164,11706164,1706164 Total (Diversion),Annual,1,2011,0.0,ACFT,U,Approved,2012-06-01 17:57:00
1706164,11706164,1706164 Total (Diversion),Annual,1,2012,0.0,ACFT,*,Approved,2013-03-28 17:50:00
1706164,11706164,1706164 Total (Diversion),Annual,1,2013,0.0,ACFT,U,Approved,2014-04-17 12:50:00
1706164,11706164,1706164 Total (Diversion),Annual,1,2014,0.0,ACFT,U,Approved,2015-04-01 12:20:00
1706164,11706164,1706164 Total (Diversion),Annual,1,2015,0.0,ACFT,U,Approved,2016-03-30 15:01:00
1706164,11706164,1706164 Total (Diversion),Annual,1,2016,0.0,ACFT,*,Approved,2017-02-16 11:11:00
1706164,11706164,1706164 Total (Diversion),Annual,1,2017,0.0,ACFT,*,Approved,2018-02-09 13:00:00
1706164,11706164,1706164 Total (Diversion),Annual,1,2018,0.0,ACFT,*,Approved,2019-03-07 11:25:00
1706164,11706164,1706164 Total (Diversion),Annual,1,2019,0.0,ACFT,*,Approved,2020-06-16 16:47:00
1706164,11706164,1706164 Total (Diversion),Annual,1,2020,0.0,ACFT,K,Approved,2021-04-26 14:00:00
1706164,11706164,1706164 Total (Diversion),Annual,1,2021,0.0,ACFT,*,Approved,2022-06-15 16:45:00
1706326,11706326,1706326 Total (Diversion),Monthly,12,1999,0.141,ACFT,U,Approved,2004-06-07 15:14:00
1706326,11706326,1706326 Total (Diversion),Monthly,12,2000,164.99,ACFT,U,Approved,2004-06-07 15:14:00
1706326,11706326,1706326 Total (Diversion),Monthly,12,2001,167.759,ACFT,U,Approved,2004-06-07 15:14:00
1706326,11706326,1706326 Total (Diversion),Monthly,12,2002,185.29,ACFT,U,Approved,2004-06-07 15:14:00
1706326,11706326,1706326 Total (Diversion),Monthly,12,2003,223.414,ACFT,U,Approved,2004-04-29 08:23:00
1706326,11706326,1706326 Total (Diversion),Monthly,12,2004,164.685,ACFT,U,Approved,2005-03-29 07:57:00
1706326,11706326,1706326 Total (Diversion),Annual,1,2005,0.0,ACFT,U,Approved,2006-03-31 17:12:00
1706326,11706326,1706326 Total (Diversion),Monthly,12,2008,51.99,ACFT,U,Approved,2009-06-30 16:22:00
1706326,11706326,1706326 Total (Diversion),Monthly,12,2009,8.02,ACFT,U,Approved,2010-07-06 08:11:00
1706326,11706326,1706326 Total (Diversion),Monthly,12,2010,72.65,ACFT,U,Approved,2011-06-06 11:01:00
1706326,11706326,1706326 Total (Diversion),Monthly,12,2011,69.74,ACFT,U,Approved,2021-03-06 01:28:00
1706326,11706326,1706326 Total (Diversion),Monthly,12,2012,2.93,ACFT,*,Approved,2013-03-28 17:50:00
1706326,11706326,1706326 Total (Diversion),Annual,1,2013,0.0,ACFT,U,Approved,2014-04-17 12:50:00
1706326,11706326,1706326 Total (Diversion),Monthly,12,2014,0.07,ACFT,U,Approved,2015-04-01 12:20:00
1706326,11706326,1706326 Total (Diversion),Annual,1,2015,0.0,ACFT,U,Approved,2016-03-30 15:01:00
1706326,11706326,1706326 Total (Diversion),Monthly,12,2016,0.02,ACFT,*,Approved,2017-02-16 11:11:00
1706326,11706326,1706326 Total (Diversion),Monthly,12,2017,0.05,ACFT,*,Approved,2018-02-09 13:00:00
1706326,11706326,1706326 Total (Diversion),Annual,1,2018,0.0,ACFT,*,Approved,2019-03-07 11:25:00
1706326,11706326,1706326 Total (Diversion),Monthly,12,2019,0.0092,ACFT,*,Approved,2020-06-16 16:47:00
1706326,11706326,1706326 Total (Diversion),Annual,1,2020,0.0184,ACFT,*,Approved,2021-04-26 14:00:00
1706326,11706326,1706326 Total (Diversion),Monthly,12,2021,0.046,ACFT,*,Approved,2022-06-15 16:45:00
1706326,11706326,1706326 Total (Diversion),Monthly,1,2022,0.0,ACFT,K,Approved,2021-12-22 11:17:00
1706326,11706326,1706326 Total (Diversion),Monthly,12,2023,0.21,ACFT,K,Approved,2024-07-23 11:38:00
1706326,11706326,1706326 Total (Diversion),Monthly,1,2024,0.0,ACFT,K,Approved,2024-07-23 11:38:00
1706395,11706395,1706395 Total (Diversion),Monthly,12,2000,0.0,ACFT,U,Approved,2004-06-07 15:14:00
1706395,11706395,1706395 Total (Diversion),Monthly,12,2001,0.0,ACFT,U,Approved,2004-06-07 15:14:00
1706395,11706395,1706395 Total (Diversion),Monthly,12,2002,0.0,ACFT,U,Approved,2004-06-07 15:14:00
1706395,11706395,1706395 Total (Diversion),Monthly,12,2003,16.725,ACFT,U,Approved,2004-04-29 08:23:00
1706395,11706395,1706395 Total (Diversion),Annual,1,2004,0.0,ACFT,U,Approved,2005-03-29 07:57:00
1706395,11706395,1706395 Total (Diversion),Monthly,12,2005,4.16,ACFT,U,Approved,2006-03-31 17:12:00
1706395,11706395,1706395 Total (Diversion),Monthly,12,2008,68.79,ACFT,U,Approved,2009-06-30 16:22:00
1706395,11706395,1706395 Total (Diversion),Monthly,11,2009,77.3,ACFT,U,Approved,2010-07-06 08:11:00
1706395,11706395,1706395 Total (Diversion),Monthly,12,2010,73.96,ACFT,U,Approved,2021-03-06 23:06:00
1706395,11706395,1706395 Total (Diversion),Monthly,12,2011,0.0,ACFT,U,Approved,2021-03-06 23:06:00
1706395,11706395,1706395 Total (Diversion),Monthly,12,2012,68.18,ACFT,U,Approved,2021-03-06 03:42:00
1706395,11706395,1706395 Total (Diversion),Annual,1,2013,27.51,ACFT,U,Approved,2021-03-06 01:33:00
1706395,11706395,1706395 Total (Diversion),Monthly,12,2015,21.43,ACFT,K,Approved,2016-03-30 15:01:00
1706395,11706395,1706395 Total (Diversion),Monthly,12,2016,10.03,ACFT,*,Approved,2017-02-16 11:11:00
1706395,11706395,1706395 Total (Diversion),Annual,1,2017,0.0,ACFT,*,Approved,2018-02-09 13:00:00
1706395,11706395,1706395 Total (Diversion),Annual,1,2018,0.0,ACFT,*,Approved,2019-03-07 11:25:00
1706395,11706395,1706395 Total (Diversion),Annual,1,2019,46.3798,ACFT,*,Approved,2020-06-16 16:47:00
1706395,11706395,1706395 Total (Diversion),Monthly,12,2022,34.7175,ACFT,K,Approved,2023-07-27 09:36:00
1706395,11706395,1706395 Total (Diversion),Monthly,9,2023,10.3278,ACFT,K,Approved,2023-10-30 15:53:00
1706395,11706395,1706395 Total (Diversion),Monthly,11,2024,4.8139,ACFT,K,Approved,2024-11-19 16:17:00
1706395,11706395,1706395 Total (Diversion),Monthly,5,2025,0.0,ACFT,K,Provisional,2025-06-23 07:49:00
1706396,11706396,1706396 Total (Diversion),Monthly,12,2000,0.0,ACFT,U,Approved,2004-06-07 15:14:00
1706396,11706396,1706396 Total (Diversion),Monthly,12,2001,0.0,ACFT,U,Approved,2004-06-07 15:14:00
1706396,11706396,1706396 Total (Diversion),Monthly,12,2003,0.0,ACFT,U,Approved,2004-04-29 08:23:00
1706396,11706396,1706396 Total (Diversion),Annual,1,2008,0.0,ACFT,U,Approved,2009-06-30 16:22:00
