wdid,waterClassNum,wcIdentifier,measInterval,measCount,dataMeasDate,dataValue,measUnits,obsCode,approvalStatus,modified
2005067,12005067,2005067 Total (Diversion),Annual,1,1991,884.0,ACFT,,Approved,
2005067,12005067,2005067 Total (Diversion),Annual,1,1992,1150.6,ACFT,,Approved,
2005067,12005067,2005067 Total (Diversion),Annual,1,1993,714.7,ACFT,,Approved,
2005067,12005067,2005067 Total (Diversion),Annual,1,1994,807.19,ACFT,,Approved,
2005067,12005067,2005067 Total (Diversion),Annual,1,1995,787.266,ACFT,,Approved,
2005067,12005067,2005067 Total (Diversion),Annual,1,1996,758.248,ACFT,,Approved,
2005067,12005067,2005067 Total (Diversion),Annual,1,1997,970.413,ACFT,,Approved,
2005067,12005067,2005067 Total (Diversion),Annual,1,1998,786.493,ACFT,U,Approved,
2005067,12005067,2005067 Total (Diversion),Annual,1,1999,703.3863,ACFT,U,Approved,2001-01-25 18:25:00
2005067,12005067,2005067 Total (Diversion),Annual,1,2000,1166.5638,ACFT,U,Approved,2001-09-15 15:33:00
2005067,12005067,2005067 Total (Diversion),Annual,1,2001,1122.37,ACFT,U,Approved,2002-05-30 14:02:00
2005067,12005067,2005067 Total (Diversion),Annual,1,2002,1036.51,ACFT,U,Approved,2003-07-17 15:18:00
2005067,12005067,2005067 Total (Diversion),Annual,1,2003,449.95,ACFT,U,Approved,2004-04-05 10:27:00
2005067,12005067,2005067 Total (Diversion),Annual,1,2004,508.11,ACFT,*,Approved,2005-04-15 10:20:00
2005067,12005067,2005067 Total (Diversion),Annual,1,2005,1127.75,ACFT,*,Approved,2006-06-15 15:21:00
2005067,12005067,2005067 Total (Diversion),Annual,1,2006,1040.48,ACFT,U,Approved,2007-05-15 13:47:00
2005067,12005067,2005067 Total (Diversion),Annual,1,2007,1052.936,ACFT,*,Approved,2008-03-25 12:51:00
2005067,12005067,2005067 Total (Diversion),Annual,1,2008,727.755,ACFT,U,Approved,2009-06-22 12:21:00
2005067,12005067,2005067 Total (Diversion),Annual,1,2009,70.58,ACFT,U,Approved,2010-10-18 10:30:00
2005067,12005067,2005067 Total (Diversion),Annual,1,2010,12.28,ACFT,U,Approved,2011-06-20 17:12:00
2005067,12005067,2005067 Total (Diversion),Annual,1,2011,247.7206,ACFT,U,Approved,2013-11-25 13:23:00
2005067,12005067,2005067 Total (Diversion),Annual,1,2012,287.5547,ACFT,K,Approved,2018-02-07 15:30:00
2005067,12005067,2005067 Total (Diversion),Annual,1,2013,119.0728,ACFT,K,Approved,2014-04-04 13:52:00
2005067,12005067,2005067 Total (Diversion),Annual,1,2014,85.9288,ACFT,K,Approved,2015-06-01 17:12:00
2005067,12005067,2005067 Total (Diversion),Annual,1,2015,92.0666,ACFT,K,Approved,2016-05-30 14:30:00
2005067,12005067,2005067 Total (Diversion),Annual,1,2016,61.3777,ACFT,K,Approved,2018-01-03 15:56:00
2005067,12005067,2005067 Total (Diversion),Annual,1,2017,95.1355,ACFT,K,Approved,2018-05-25 09:41:00
2005067,12005067,2005067 Total (Diversion),Annual,1,2018,67.5155,ACFT,K,Approved,2019-04-04 16:17:00
2005067,12005067,2005067 Total (Diversion),Annual,1,2019,141.1688,ACFT,K,Approved,2020-04-01 21:05:00
2005067,12005067,2005067 Total (Diversion),Annual,1,2020,119.6866,ACFT,K,Approved,2021-03-26 10:46:00
2005067,12005067,2005067 Total (Diversion),Annual,1,2021,30.6889,ACFT,K,Approved,2022-03-30 09:30:00
2005067,12005067,2005067 Total (Diversion),Annual,1,2022,30.69,ACFT,K,Approved,2024-10-25 14:28:00
2005067,12005067,2005067 Total (Diversion),Annual,1,2023,99.44,ACFT,K,Approved,2023-11-02 09:27:00
2005067,12005067,2005067 Total (Diversion),Annual,1,2024,66.68,ACFT,K,Approved,2024-11-01 13:46:00
2005389,12005389,2005389 Total (Diversion),Annual,1,1997,138.834,ACFT,,Approved,
2005389,12005389,2005389 Total (Diversion),Annual,1,1998,125.728,ACFT,U,Approved,
2005389,12005389,2005389 Total (Diversion),Annual,1,1999,75.1632,ACFT,U,Approved,2001-01-25 18:25:00
2005389,12005389,2005389 Total (Diversion),Annual,1,2000,89.0152,ACFT,U,Approved,2001-09-15 15:33:00
2005389,12005389,2005389 Total (Diversion),Annual,1,2001,43.7893,ACFT,U,Approved,2002-05-30 14:02:00
2005389,12005389,2005389 Total (Diversion),Annual,1,2002,60.4939,ACFT,U,Approved,2003-07-17 15:18:00
2005389,12005389,2005389 Total (Diversion),Annual,1,2003,50.8843,ACFT,U,Approved,2004-04-05 10:27:00
2005389,12005389,2005389 Total (Diversion),Annual,1,2004,30.9255,ACFT,*,Approved,2005-04-15 10:20:00
2005389,12005389,2005389 Total (Diversion),Annual,1,2005,77.7782,ACFT,*,Approved,2006-06-15 15:21:00
2005389,12005389,2005389 Total (Diversion),Annual,1,2006,94.246,ACFT,U,Approved,2007-05-15 13:47:00
2005389,12005389,2005389 Total (Diversion),Annual,1,2007,146.0,ACFT,U,Approved,2008-03-25 12:51:00
2005389,12005389,2005389 Total (Diversion),Annual,1,2008,187.811,ACFT,U,Approved,2009-06-22 12:21:00
2005389,12005389,2005389 Total (Diversion),Annual,1,2009,162.594,ACFT,U,Approved,2010-10-18 10:40:00
2005389,12005389,2005389 Total (Diversion),Annual,1,2010,54.983,ACFT,U,Approved,2013-11-25 20:57:00
2005389,12005389,2005389 Total (Diversion),Annual,1,2011,307.52,ACFT,U,Approved,2012-07-06 07:51:00
2005389,12005389,2005389 Total (Diversion),Annual,1,2012,152.01,ACFT,K,Approved,2013-05-03 15:13:00
2005389,12005389,2005389 Total (Diversion),Annual,1,2013,193.46,ACFT,K,Approved,2014-04-04 13:52:00
2005389,12005389,2005389 Total (Diversion),Annual,1,2014,114.39,ACFT,K,Approved,2015-06-01 17:12:00
2005389,12005389,2005389 Total (Diversion),Annual,1,2015,154.15,ACFT,K,Approved,2016-05-30 14:30:00
2005389,12005389,2005389 Total (Diversion),Annual,1,2016,156.0,ACFT,K,Approved,2018-01-03 15:56:00
2005389,12005389,2005389 Total (Diversion),Annual,1,2017,146.0,ACFT,K,Approved,2018-05-25 09:41:00
2005389,12005389,2005389 Total (Diversion),Annual,1,2018,124.0,ACFT,K,Approved,2019-04-04 16:17:00
2005389,12005389,2005389 Total (Diversion),Annual,1,2019,155.0,ACFT,K,Approved,2020-04-01 21:05:00
2005389,12005389,2005389 Total (Diversion),Annual,1,2020,127.0,ACFT,K,Approved,2021-03-26 10:46:00
2005389,12005389,2005389 Total (Diversion),Annual,1,2021,167.6,ACFT,K,Approved,2022-03-30 09:30:00
2005389,12005389,2005389 Total (Diversion),Annual,1,2022,116.2,ACFT,K,Approved,2023-02-03 11:05:00
2005389,12005389,2005389 Total (Diversion),Annual,1,2023,164.9,ACFT,K,Approved,2024-01-24 12:55:00
2005389,12005389,2005389 Total (Diversion),Annual,1,2024,159.7,ACFT,K,Approved,2024-11-01 13:46:00
2006406,12006406,2006406 Total (Diversion),Annual,1,1991,75.0,ACFT,,Approved,
2006406,12006406,2006406 Total (Diversion),Annual,1,1992,78.7,ACFT,,Approved,
2006406,12006406,2006406 Total (Diversion),Annual,1,1993,88.9,ACFT,,Approved,
2006406,12006406,2006406 Total (Diversion),Annual,1,1994,78.49,ACFT,,Approved,
2006406,12006406,2006406 Total (Diversion),Annual,1,1995,82.096,ACFT,,Approved,
2006406,12006406,2006406 Total (Diversion),Annual,1,1996,89.584,ACFT,,Approved,
2006406,12006406,2006406 Total (Diversion),Annual,1,1997,73.303,ACFT,,Approved,
2006406,12006406,2006406 Total (Diversion),Annual,1,1998,84.042,ACFT,U,Approved,
2006406,12006406,2006406 Total (Diversion),Annual,1,1999,74.5126,ACFT,U,Approved,2001-01-25 18:25:00
2006406,12006406,2006406 Total (Diversion),Annual,1,2000,98.8304,ACFT,U,Approved,2001-09-15 15:33:00
2006406,12006406,2006406 Total (Diversion),Annual,1,2001,79.14,ACFT,U,Approved,2002-05-30 14:02:00
2006406,12006406,2006406 Total (Diversion),Annual,1,2002,92.71,ACFT,U,Approved,2003-07-17 15:18:00
2006406,12006406,2006406 Total (Diversion),Annual,1,2003,90.75,ACFT,U,Approved,2004-04-05 10:27:00
2006406,12006406,2006406 Total (Diversion),Annual,1,2004,93.95,ACFT,*,Approved,2005-04-15 10:20:00
2006406,12006406,2006406 Total (Diversion),Annual,1,2005,14.94,ACFT,*,Approved,2006-06-15 15:21:00
2006406,12006406,2006406 Total (Diversion),Annual,1,2006,134.59,ACFT,U,Approved,2007-05-15 13:47:00
2006406,12006406,2006406 Total (Diversion),Annual,1,2007,105.641,ACFT,*,Approved,2008-03-25 12:51:00
2006406,12006406,2006406 Total (Diversion),Annual,1,2008,96.324,ACFT,U,Approved,2009-06-22 12:21:00
2006406,12006406,2006406 Total (Diversion),Annual,1,2009,79.309,ACFT,U,Approved,2010-10-18 12:54:00
2006406,12006406,2006406 Total (Diversion),Annual,1,2010,97.896,ACFT,U,Approved,2013-11-25 21:34:00
2006406,12006406,2006406 Total (Diversion),Annual,1,2011,97.5,ACFT,U,Approved,2012-07-06 07:51:00
2006406,12006406,2006406 Total (Diversion),Annual,1,2012,110.0,ACFT,K,Approved,2013-05-03 15:13:00
2006406,12006406,2006406 Total (Diversion),Annual,1,2013,77.39,ACFT,K,Approved,2014-04-04 13:52:00
2006406,12006406,2006406 Total (Diversion),Annual,1,2014,71.36,ACFT,K,Approved,2015-06-01 17:12:00
2006406,12006406,2006406 Total (Diversion),Annual,1,2015,73.25,ACFT,K,Approved,2016-05-30 14:30:00
2006406,12006406,2006406 Total (Diversion),Annual,1,2016,69.0,ACFT,K,Approved,2018-01-03 15:56:00
2006406,12006406,2006406 Total (Diversion),Annual,1,2017,72.0,ACFT,K,Approved,2018-05-25 09:41:00
2006406,12006406,2006406 Total (Diversion),Annual,1,2018,73.0,ACFT,K,Approved,2019-04-04 16:17:00
2006406,12006406,2006406 Total (Diversion),Annual,1,2019,56.0,ACFT,K,Approved,2020-04-01 21:05:00
2006406,12006406,2006406 Total (Diversion),Annual,1,2020,72.0,ACFT,K,Approved,2021-03-26 10:46:00
2006406,12006406,2006406 Total (Diversion),Annual,1,2021,97.5,ACFT,K,Approved,2022-03-30 09:30:00
2006406,12006406,2006406 Total (Diversion),Annual,1,2022,87.4,ACFT,K,Approved,2023-02-03 11:05:00
2006406,12006406,2006406 Total (Diversion),Annual,1,2023,90.4,ACFT,K,Approved,2024-01-24 15:57:00
2006406,12006406,2006406 Total (Diversion),Annual,1,2024,70.9,ACFT,K,Approved,2024-11-01 13:46:00
2006408,12006408,2006408 Total (Diversion),Annual,1,1991,1043.0,ACFT,,Approved,
2006408,12006408,2006408 Total (Diversion),Annual,1,1992,920.6,ACFT,,Approved,
2006408,12006408,2006408 Total (Diversion),Annual,1,1993,678.6,ACFT,,Approved,
2006408,12006408,2006408 Total (Diversion),Annual,1,1994,822.89,ACFT,,Approved,
2006408,12006408,2006408 Total (Diversion),Annual,1,1995,826.293,ACFT,,Approved,
2006408,12006408,2006408 Total (Diversion),Annual,1,1996,1064.139,ACFT,,Approved,
2006408,12006408,2006408 Total (Diversion),Annual,1,1997,751.045,ACFT,,Approved,
2006408,12006408,2006408 Total (Diversion),Annual,1,1998,660.833,ACFT,U,Approved,
2006408,12006408,2006408 Total (Diversion),Annual,1,1999,688.4684,ACFT,U,Approved,2001-01-25 18:25:00
2006408,12006408,2006408 Total (Diversion),Annual,1,2000,852.7087,ACFT,U,Approved,2001-09-15 15:33:00
2006408,12006408,2006408 Total (Diversion),Annual,1,2001,449.31,ACFT,U,Approved,2002-05-30 14:02:00
2006408,12006408,2006408 Total (Diversion),Annual,1,2002,391.23,ACFT,U,Approved,2003-07-17 15:18:00
2006408,12006408,2006408 Total (Diversion),Annual,1,2003,176.68,ACFT,U,Approved,2004-04-05 10:27:00
2006408,12006408,2006408 Total (Diversion),Annual,1,2004,129.99,ACFT,*,Approved,2005-04-15 10:20:00
2006408,12006408,2006408 Total (Diversion),Annual,1,2005,5.28,ACFT,*,Approved,2006-06-15 15:21:00
2006408,12006408,2006408 Total (Diversion),Annual,1,2006,18.61,ACFT,U,Approved,2007-05-15 13:47:00
2006408,12006408,2006408 Total (Diversion),Annual,1,2007,2.301,ACFT,*,Approved,2008-03-25 12:51:00
2006408,12006408,2006408 Total (Diversion),Annual,1,2008,0.0,ACFT,U,Approved,2009-06-22 12:21:00
2006408,12006408,2006408 Total (Diversion),Annual,1,2009,36.755,ACFT,U,Approved,2010-10-18 12:55:00
2006408,12006408,2006408 Total (Diversion),Annual,1,2010,80.187,ACFT,U,Approved,2013-11-25 21:35:00
2006408,12006408,2006408 Total (Diversion),Annual,1,2011,41.4,ACFT,U,Approved,2012-07-06 07:51:00
2006408,12006408,2006408 Total (Diversion),Annual,1,2012,14.06,ACFT,K,Approved,2013-05-03 15:13:00
2006408,12006408,2006408 Total (Diversion),Annual,1,2013,92.3,ACFT,K,Approved,2014-04-04 13:52:00
2006408,12006408,2006408 Total (Diversion),Annual,1,2014,135.2,ACFT,K,Approved,2015-06-01 17:12:00
2006408,12006408,2006408 Total (Diversion),Annual,1,2015,111.5,ACFT,K,Approved,2016-05-30 14:30:00
2006408,12006408,2006408 Total (Diversion),Annual,1,2016,114.0,ACFT,K,Approved,2018-01-03 15:56:00
2006408,12006408,2006408 Total (Diversion),Annual,1,2017,69.0,ACFT,K,Approved,2018-05-25 09:41:00
2006408,12006408,2006408 Total (Diversion),Annual,1,2018,129.0,ACFT,K,Approved,2019-04-04 16:17:00
2006408,12006408,2006408 Total (Diversion),Annual,1,2019,0.0,ACFT,K,Approved,2020-04-01 21:05:00
2006408,12006408,2006408 Total (Diversion),Annual,1,2020,53.0,ACFT,K,Approved,2021-03-26 10:46:00
2006408,12006408,2006408 Total (Diversion),Annual,1,2021,144.2,ACFT,K,Approved,2022-03-30 09:30:00
2006408,12006408,2006408 Total (Diversion),Annual,1,2022,144.8,ACFT,K,Approved,2023-02-03 11:05:00
2006408,12006408,2006408 Total (Diversion),Annual,1,2023,65.4,ACFT,K,Approved,2024-01-24 15:58:00
2006408,12006408,2006408 Total (Diversion),Annual,1,2024,64.4,ACFT,K,Approved,2024-11-01 13:46:00
2008858,12008858,2008858 Total (Diversion),Annual,1,2009,2.24,ACFT,U,Approved,2021-07-08 11:27:00
2008858,12008858,2008858 Total (Diversion),Annual,1,2010,5.2079,ACFT,U,Approved,2021-07-08 11:27:00
2008858,12008858,2008858 Total (Diversion),Annual,1,2011,5.9782,ACFT,U,Approved,2021-07-08 11:27:00
2008858,12008858,2008858 Total (Diversion),Annual,1,2012,10.7442,ACFT,K,Approved,2021-07-08 11:27:00
2008858,12008858,2008858 Total (Diversion),Annual,1,2013,0.0031,ACFT,K,Approved,2021-07-08 11:27:00
2008858,12008858,2008858 Total (Diversion),Annual,1,2014,6.7516,ACFT,K,Approved,2021-04-22 13:23:00
2008858,12008858,2008858 Total (Diversion),Annual,1,2015,0.0,ACFT,K,Approved,2021-07-08 11:27:00
2008858,12008858,2008858 Total (Diversion),Annual,1,2016,15.8723,ACFT,K,Approved,2021-04-15 14:46:00
2008858,12008858,2008858 Total (Diversion),Annual,1,2017,3.9405,ACFT,K,Approved,2021-04-15 14:46:00
2008858,12008858,2008858 Total (Diversion),Annual,1,2018,4.0725,ACFT,K,Approved,2021-04-15 14:46:00
2008858,12008858,2008858 Total (Diversion),Annual,1,2019,0.0031,ACFT,K,Approved,2021-04-15 14:15:00
2008858,12008858,2008858 Total (Diversion),Annual,1,2020,0.0,ACFT,K,Approved,2021-07-08 11:27:00
2008858,12008858,2008858 Total (Diversion),Annual,1,2021,0.402,ACFT,K,Approved,2022-03-30 09:30:00
2008858,12008858,2008858 Total (Diversion),Annual,1,2022,5.5639,ACFT,K,Approved,2023-02-03 11:05:00
2008858,12008858,2008858 Total (Diversion),Annual,1,2023,0.0,ACFT,K,Approved,2024-01-29 10:47:00
2008858,12008858,2008858 Total (Diversion),Annual,1,2024,4.5143,ACFT,K,Approved,2024-12-02 12:00:00
2010928,12010928,2010928 Total (Diversion),Annual,1,2009,2.13,ACFT,U,Approved,2010-06-29 16:23:00
2010928,12010928,2010928 Total (Diversion),Annual,1,2010,1.9733,ACFT,U,Approved,2013-11-25 22:37:00
2010928,12010928,2010928 Total (Diversion),Annual,1,2011,1.5053,ACFT,U,Approved,2013-11-25 16:50:00
2010928,12010928,2010928 Total (Diversion),Annual,1,2012,1.5293,ACFT,K,Approved,2013-05-03 15:13:00
2010928,12010928,2010928 Total (Diversion),Annual,1,2013,1.3024,ACFT,K,Approved,2014-04-04 13:52:00
2010928,12010928,2010928 Total (Diversion),Annual,1,2014,1.6727,ACFT,K,Approved,2015-06-01 17:12:00
2010928,12010928,2010928 Total (Diversion),Annual,1,2015,0.6773,ACFT,K,Approved,2016-05-30 14:30:00
2010928,12010928,2010928 Total (Diversion),Annual,1,2016,0.4641,ACFT,K,Approved,2018-01-03 15:56:00
2010928,12010928,2010928 Total (Diversion),Annual,1,2017,2.2631,ACFT,K,Approved,2018-05-25 09:41:00
2010928,12010928,2010928 Total (Diversion),Annual,1,2018,1.4515,ACFT,K,Approved,2019-05-20 12:45:00
2010928,12010928,2010928 Total (Diversion),Annual,1,2019,1.5717,ACFT,K,Approved,2020-04-01 21:05:00
2010928,12010928,2010928 Total (Diversion),Annual,1,2020,0.8719,ACFT,K,Approved,2021-03-26 10:46:00
2010928,12010928,2010928 Total (Diversion),Annual,1,2021,1.6377,ACFT,K,Approved,2022-03-30 09:30:00
2010928,12010928,2010928 Total (Diversion),Annual,1,2022,1.2917,ACFT,K,Approved,2023-02-03 11:04:00
2010928,12010928,2010928 Total (Diversion),Annual,1,2023,1.5097,ACFT,K,Approved,2024-01-31 13:37:00
2010928,12010928,2010928 Total (Diversion),Annual,1,2024,1.2109,ACFT,K,Approved,2024-12-02 09:03:00
2011225,12011225,2011225 Total (Diversion),Annual,1,2018,0.2148,ACFT,K,Approved,2019-04-04 16:17:00
2011225,12011225,2011225 Total (Diversion),Annual,1,2019,1.3982,ACFT,K,Approved,2020-04-01 21:05:00
2011225,12011225,2011225 Total (Diversion),Annual,1,2020,0.4993,ACFT,K,Approved,2021-03-26 10:46:00
2011225,12011225,2011225 Total (Diversion),Annual,1,2021,0.3965,ACFT,K,Approved,2022-03-30 09:30:00
2011225,12011225,2011225 Total (Diversion),Annual,1,2022,0.008,ACFT,K,Approved,2023-02-03 11:05:00
2011225,12011225,2011225 Total (Diversion),Annual,1,2023,0.646,ACFT,K,Approved,2024-02-07 11:34:00
2011225,12011225,2011225 Total (Diversion),Annual,1,2024,0.5248,ACFT,K,Approved,2024-10-24 09:34:00
2013963,12013963,2013963 Total (Diversion),Annual,1,2009,1.1,ACFT,U,Approved,2010-06-29 16:23:00
2013963,12013963,2013963 Total (Diversion),Annual,1,2010,1.1394,ACFT,U,Approved,2013-11-25 23:16:00
2013963,12013963,2013963 Total (Diversion),Annual,1,2011,1.33,ACFT,U,Approved,2012-07-06 07:51:00
2013963,12013963,2013963 Total (Diversion),Annual,1,2012,1.3283,ACFT,K,Approved,2013-05-03 15:13:00
2013963,12013963,2013963 Total (Diversion),Annual,1,2013,1.5749,ACFT,K,Approved,2014-04-04 13:52:00
2013963,12013963,2013963 Total (Diversion),Annual,1,2014,1.2347,ACFT,K,Approved,2015-06-01 17:12:00
2013963,12013963,2013963 Total (Diversion),Annual,1,2015,1.0198,ACFT,K,Approved,2016-05-30 14:30:00
2013963,12013963,2013963 Total (Diversion),Annual,1,2016,1.1652,ACFT,K,Approved,2018-01-03 15:56:00
2013963,12013963,2013963 Total (Diversion),Annual,1,2017,1.3339,ACFT,K,Approved,2018-05-25 09:41:00
2013963,12013963,2013963 Total (Diversion),Annual,1,2018,1.4884,ACFT,K,Approved,2019-04-04 16:17:00
2013963,12013963,2013963 Total (Diversion),Annual,1,2019,0.7672,ACFT,K,Approved,2020-04-01 21:05:00
2013963,12013963,2013963 Total (Diversion),Annual,1,2020,1.0496,ACFT,K,Approved,2021-03-26 10:46:00
2013963,12013963,2013963 Total (Diversion),Annual,1,2021,1.573,ACFT,K,Approved,2022-03-30 09:30:00
2013963,12013963,2013963 Total (Diversion),Annual,1,2022,1.1326,ACFT,K,Approved,2023-02-03 11:05:00
2013963,12013963,2013963 Total (Diversion),Annual,1,2023,1.5773,ACFT,K,Approved,2024-02-05 11:45:00
2013963,12013963,2013963 Total (Diversion),Annual,1,2024,3.5675,ACFT,K,Approved,2024-12-13 15:10:00
2014247,12014247,2014247 Total (Diversion),Annual,1,2009,0.06,ACFT,U,Approved,2010-06-29 16:23:00
2014247,12014247,2014247 Total (Diversion),Annual,1,2010,0.1014,ACFT,U,Approved,2013-11-26 11:55:00
2014247,12014247,2014247 Total (Diversion),Annual,1,2011,0.0724,ACFT,U,Approved,2013-11-25 18:44:00
2014247,12014247,2014247 Total (Diversion),Annual,1,2012,0.0066,ACFT,K,Approved,2013-05-03 15:13:00
2014247,12014247,2014247 Total (Diversion),Annual,1,2013,0.0042,ACFT,K,Approved,2014-04-04 13:52:00
2014247,12014247,2014247 Total (Diversion),Annual,1,2014,0.0029,ACFT,K,Approved,2015-06-01 17:12:00
2014247,12014247,2014247 Total (Diversion),Annual,1,2015,0.0025,ACFT,K,Approved,2016-05-30 14:30:00
2014247,12014247,2014247 Total (Diversion),Annual,1,2016,0.1025,ACFT,K,Approved,2018-01-03 15:56:00
2014247,12014247,2014247 Total (Diversion),Annual,1,2017,0.1465,ACFT,K,Approved,2018-05-25 09:41:00
2014247,12014247,2014247 Total (Diversion),Annual,1,2018,0.1124,ACFT,K,Approved,2019-04-04 16:17:00
2014247,12014247,2014247 Total (Diversion),Annual,1,2019,0.2965,ACFT,K,Approved,2020-04-01 21:05:00
2014247,12014247,2014247 Total (Diversion),Annual,1,2020,0.1292,ACFT,K,Approved,2021-03-26 10:46:00
2014247,12014247,2014247 Total (Diversion),Annual,1,2021,0.1445,ACFT,K,Approved,2022-03-30 09:30:00
2014247,12014247,2014247 Total (Diversion),Annual,1,2022,0.1578,ACFT,K,Approved,2023-02-03 11:05:00
2014247,12014247,2014247 Total (Diversion),Annual,1,2023,0.1734,ACFT,K,Approved,2024-02-05 10:17:00
2014247,12014247,2014247 Total (Diversion),Annual,1,2024,0.1412,ACFT,K,Approved,2024-12-02 12:01:00
2014250,12014250,2014250 Total (Diversion),Annual,1,2009,0.07,ACFT,U,Approved,2010-06-29 16:23:00
2014250,12014250,2014250 Total (Diversion),Annual,1,2010,0.0,ACFT,U,Approved,2011-06-20 17:12:00
2014250,12014250,2014250 Total (Diversion),Annual,1,2011,0.0,ACFT,U,Approved,2012-07-06 07:51:00
2014250,12014250,2014250 Total (Diversion),Annual,1,2012,0.0,ACFT,K,Approved,2013-05-03 15:13:00
2014250,12014250,2014250 Total (Diversion),Annual,1,2013,0.0,ACFT,K,Approved,2014-04-04 13:52:00
2014250,12014250,2014250 Total (Diversion),Annual,1,2014,0.0,ACFT,K,Approved,2015-06-01 17:12:00
2014250,12014250,2014250 Total (Diversion),Annual,1,2015,0.0,ACFT,K,Approved,2016-05-30 14:30:00
2014250,12014250,2014250 Total (Diversion),Annual,1,2016,0.0009,ACFT,K,Approved,2018-01-03 15:56:00
2014250,12014250,2014250 Total (Diversion),Annual,1,2017,0.1614,ACFT,K,Approved,2018-05-25 09:41:00
2014250,12014250,2014250 Total (Diversion),Annual,1,2018,0.4452,ACFT,K,Approved,2019-04-04 16:17:00
2014250,12014250,2014250 Total (Diversion),Annual,1,2019,1.2028,ACFT,K,Approved,2020-04-01 21:05:00
2014250,12014250,2014250 Total (Diversion),Annual,1,2020,0.9765,ACFT,K,Approved,2021-03-26 10:46:00
2014250,12014250,2014250 Total (Diversion),Annual,1,2021,1.0064,ACFT,K,Approved,2022-03-30 09:30:00
2014250,12014250,2014250 Total (Diversion),Annual,1,2022,1.1462,ACFT,K,Approved,2023-02-03 11:05:00
2014250,12014250,2014250 Total (Diversion),Annual,1,2023,1.0517,ACFT,K,Approved,2024-02-05 10:09:00
2014250,12014250,2014250 Total (Diversion),Annual,1,2024,0.9742,ACFT,K,Approved,2024-11-12 13:37:00
