wdid,waterClassNum,wcIdentifier,measInterval,measCount,dataMeasDate,dataValue,measUnits,obsCode,approvalStatus,modified
6405015,16405015,6405015 Total (Diversion),Monthly,5,2013,284.3467,ACFT,K,Approved,2014-05-01 16:21:00
6405015,16405015,6405015 Total (Diversion),Monthly,5,2014,226.1328,ACFT,K,Approved,2015-05-11 10:26:00
6405015,16405015,6405015 Total (Diversion),Monthly,4,2015,303.2639,ACFT,K,Approved,2016-05-25 18:44:00
6405015,16405015,6405015 Total (Diversion),Monthly,5,2016,336.8377,ACFT,K,Approved,2017-03-24 09:10:00
6405015,16405015,6405015 Total (Diversion),Monthly,4,2017,290.23,ACFT,K,Approved,2018-03-29 12:30:00
6405015,16405015,6405015 Total (Diversion),Monthly,5,2018,278.12,ACFT,K,Approved,2019-03-15 09:36:00
6405015,16405015,6405015 Total (Diversion),Monthly,4,2019,276.1583,ACFT,K,Approved,2020-02-27 09:31:00
6405015,16405015,6405015 Total (Diversion),Monthly,5,2020,348.6753,ACFT,K,Approved,2021-04-20 08:20:00
6405015,16405015,6405015 Total (Diversion),Monthly,4,2021,289.1372,ACFT,K,Approved,2022-09-14 13:31:00
6405015,16405015,6405015 Total (Diversion),Monthly,5,2022,353.7676,ACFT,K,Approved,2023-10-23 07:48:00
6405015,16405015,6405015 Total (Diversion),Monthly,4,2023,184.6635,ACFT,K,Approved,2023-12-20 07:35:00
6405015,16405015,6405015 Total (Diversion),Monthly,5,2024,326.7125,ACFT,K,Approved,2024-12-17 13:12:00
6405018,16405018,6405018 Total (Diversion),Monthly,5,2013,297.2448,ACFT,K,Approved,2014-05-01 16:21:00
6405018,16405018,6405018 Total (Diversion),Monthly,5,2014,236.3903,ACFT,K,Approved,2015-05-11 10:26:00
6405018,16405018,6405018 Total (Diversion),Monthly,4,2015,317.0201,ACFT,K,Approved,2016-05-25 18:44:00
6405018,16405018,6405018 Total (Diversion),Monthly,5,2016,352.1169,ACFT,K,Approved,2017-03-24 09:10:00
6405018,16405018,6405018 Total (Diversion),Monthly,4,2017,303.39,ACFT,K,Approved,2018-03-29 12:30:00
6405018,16405018,6405018 Total (Diversion),Monthly,5,2018,290.7355,ACFT,K,Approved,2019-03-15 09:36:00
6405018,16405018,6405018 Total (Diversion),Monthly,4,2019,288.685,ACFT,K,Approved,2020-02-27 09:31:00
6405018,16405018,6405018 Total (Diversion),Monthly,5,2020,364.4915,ACFT,K,Approved,2021-04-20 08:20:00
6405018,16405018,6405018 Total (Diversion),Monthly,4,2021,302.2527,ACFT,K,Approved,2022-09-14 13:31:00
6405018,16405018,6405018 Total (Diversion),Monthly,5,2022,369.8148,ACFT,K,Approved,2023-10-23 07:48:00
6405018,16405018,6405018 Total (Diversion),Monthly,4,2023,193.04,ACFT,K,Approved,2023-12-20 07:35:00
6405018,16405018,6405018 Total (Diversion),Monthly,5,2024,341.5323,ACFT,K,Approved,2024-12-17 13:12:00
6405048,16405048,6405048 Total (Diversion),Monthly,1,2009,8.846,ACFT,U,Approved,2010-03-30 14:28:00
6405048,16405048,6405048 Total (Diversion),Monthly,3,2010,41.062,ACFT,U,Approved,2011-03-30 11:01:00
6405048,16405048,6405048 Total (Diversion),Monthly,1,2011,0.2389,ACFT,K,Approved,2012-05-23 08:51:00
6405048,16405048,6405048 Total (Diversion),Monthly,4,2017,51.55,ACFT,K,Approved,2018-03-29 12:30:00
6405048,16405048,6405048 Total (Diversion),Monthly,5,2018,30.111,ACFT,K,Approved,2019-03-15 09:36:00
6405048,16405048,6405048 Total (Diversion),Monthly,3,2019,25.996,ACFT,K,Approved,2020-02-27 09:31:00
6405048,16405048,6405048 Total (Diversion),Monthly,5,2020,32.444,ACFT,K,Approved,2021-04-20 08:20:00
6405048,16405048,6405048 Total (Diversion),Monthly,12,2022,22.437,ACFT,K,Approved,2023-11-06 07:28:00
6405048,16405048,6405048 Total (Diversion),Monthly,12,2023,14.971,ACFT,K,Approved,2024-03-26 13:14:00
6405048,16405048,6405048 Total (Diversion),Monthly,12,2024,2.13,ACFT,K,Approved,2025-02-03 13:31:00
6405049,16405049,6405049 Total (Diversion),Monthly,1,2009,5.603,ACFT,U,Approved,2010-03-30 14:28:00
6405049,16405049,6405049 Total (Diversion),Monthly,3,2010,25.182,ACFT,U,Approved,2011-03-30 11:01:00
6405049,16405049,6405049 Total (Diversion),Monthly,1,2011,14.291,ACFT,K,Approved,2012-05-23 08:51:00
6405049,16405049,6405049 Total (Diversion),Monthly,3,2012,48.912,ACFT,K,Approved,2013-04-04 08:06:00
6405049,16405049,6405049 Total (Diversion),Monthly,3,2013,31.995,ACFT,K,Approved,2014-05-01 16:21:00
6405049,16405049,6405049 Total (Diversion),Monthly,4,2014,35.282,ACFT,K,Approved,2015-05-11 10:26:00
6405049,16405049,6405049 Total (Diversion),Monthly,4,2015,37.057,ACFT,K,Approved,2016-05-25 18:44:00
6405049,16405049,6405049 Total (Diversion),Monthly,5,2016,39.395,ACFT,K,Approved,2017-03-24 09:10:00
6405049,16405049,6405049 Total (Diversion),Monthly,4,2017,40.84,ACFT,K,Approved,2018-03-29 12:30:00
6405049,16405049,6405049 Total (Diversion),Monthly,4,2018,23.468,ACFT,K,Approved,2019-03-15 09:36:00
6405049,16405049,6405049 Total (Diversion),Monthly,4,2019,21.946,ACFT,K,Approved,2020-02-27 09:31:00
6405049,16405049,6405049 Total (Diversion),Monthly,5,2020,27.928,ACFT,K,Approved,2021-04-20 08:20:00
6405049,16405049,6405049 Total (Diversion),Monthly,12,2022,17.491,ACFT,K,Approved,2023-11-06 07:25:00
6405049,16405049,6405049 Total (Diversion),Monthly,12,2023,12.645,ACFT,K,Approved,2024-03-26 13:14:00
6405049,16405049,6405049 Total (Diversion),Monthly,12,2024,0.356,ACFT,K,Approved,2025-02-03 13:30:00
6405127,16405127,6405127 Total (Diversion),Monthly,2,2008,45.635,ACFT,U,Approved,2009-04-17 15:31:00
6405127,16405127,6405127 Total (Diversion),Monthly,2,2009,20.0,ACFT,U,Approved,2010-03-30 14:28:00
6405127,16405127,6405127 Total (Diversion),Monthly,2,2010,89.744,ACFT,U,Approved,2011-03-30 11:01:00
6405127,16405127,6405127 Total (Diversion),Monthly,3,2012,31.415,ACFT,K,Approved,2013-04-04 08:06:00
6405127,16405127,6405127 Total (Diversion),Monthly,1,2013,19.843,ACFT,K,Approved,2014-05-01 16:21:00
6405127,16405127,6405127 Total (Diversion),Monthly,11,2020,0.0,ACFT,K,Approved,2021-04-20 08:20:00
6405127,16405127,6405127 Total (Diversion),Monthly,12,2022,0.0,ACFT,K,Approved,2023-11-06 07:28:00
6405127,16405127,6405127 Total (Diversion),Monthly,12,2023,0.0,ACFT,K,Approved,2024-03-26 13:15:00
6405127,16405127,6405127 Total (Diversion),Monthly,12,2024,0.0,ACFT,K,Approved,2025-02-03 13:31:00
6405257,16405257,6405257 Total (Diversion),Monthly,5,2021,18.7899,ACFT,K,Approved,2022-09-14 13:31:00
6405257,16405257,6405257 Total (Diversion),Monthly,12,2022,27.7284,ACFT,K,Approved,2023-11-06 07:30:00
6405257,16405257,6405257 Total (Diversion),Monthly,12,2023,5.5312,ACFT,K,Approved,2024-06-24 15:12:00
6405257,16405257,6405257 Total (Diversion),Monthly,12,2024,43.384,ACFT,K,Approved,2025-02-03 13:30:00
6405274,16405274,6405274 Total (Diversion),Annual,1,1996,1.0,ACFT,U,Approved,2001-08-16 17:46:00
6405274,16405274,6405274 Total (Diversion),Annual,1,1997,1.0,ACFT,U,Approved,2001-08-16 17:46:00
6405274,16405274,6405274 Total (Diversion),Annual,1,1998,1.0,ACFT,U,Approved,2001-08-16 17:46:00
6405274,16405274,6405274 Total (Diversion),Annual,1,1999,1.0,ACFT,U,Approved,2001-08-16 17:46:00
6405274,16405274,6405274 Total (Diversion),Annual,1,2000,1.0,ACFT,U,Approved,2001-08-16 17:46:00
6405274,16405274,6405274 Total (Diversion),Annual,1,2001,1.0,ACFT,U,Approved,2002-05-29 15:56:00
6405274,16405274,6405274 Total (Diversion),Annual,1,2002,1.0,ACFT,U,Approved,2003-07-17 15:18:00
6405274,16405274,6405274 Total (Diversion),Annual,1,2003,1.0,ACFT,U,Approved,2004-08-24 08:39:00
6405306,16405306,6405306 Total (Diversion),Annual,1,1996,20.0,ACFT,U,Approved,2001-08-16 17:46:00
6405306,16405306,6405306 Total (Diversion),Annual,1,1997,20.0,ACFT,U,Approved,2001-08-16 17:46:00
6405306,16405306,6405306 Total (Diversion),Annual,1,1998,20.0,ACFT,U,Approved,2001-08-16 17:46:00
6405306,16405306,6405306 Total (Diversion),Annual,1,1999,20.0,ACFT,U,Approved,2001-08-16 17:46:00
6405306,16405306,6405306 Total (Diversion),Annual,1,2000,20.0,ACFT,U,Approved,2001-08-16 17:46:00
6405306,16405306,6405306 Total (Diversion),Annual,1,2001,20.0,ACFT,U,Approved,2002-05-29 15:56:00
6405306,16405306,6405306 Total (Diversion),Annual,1,2002,20.0,ACFT,U,Approved,2003-07-17 15:18:00
6405306,16405306,6405306 Total (Diversion),Monthly,12,2008,7.9,ACFT,U,Approved,2009-04-17 15:31:00
6405306,16405306,6405306 Total (Diversion),Monthly,12,2009,3.7,ACFT,U,Approved,2010-03-30 14:28:00
6405306,16405306,6405306 Total (Diversion),Monthly,11,2010,2.9,ACFT,U,Approved,2011-03-30 11:01:00
6405306,16405306,6405306 Total (Diversion),Monthly,12,2011,4.8,ACFT,K,Approved,2012-05-23 08:51:00
6405306,16405306,6405306 Total (Diversion),Monthly,11,2012,7.0,ACFT,U,Approved,2013-04-04 08:06:00
6405306,16405306,6405306 Total (Diversion),Monthly,11,2013,4.6,ACFT,U,Approved,2014-05-01 16:21:00
6405306,16405306,6405306 Total (Diversion),Monthly,8,2014,2.9,ACFT,U,Approved,2015-05-11 10:26:00
6405306,16405306,6405306 Total (Diversion),Monthly,11,2015,8.1,ACFT,U,Approved,2016-05-25 18:44:00
6405306,16405306,6405306 Total (Diversion),Monthly,12,2016,4.2,ACFT,U,Approved,2017-03-24 09:10:00
6405306,16405306,6405306 Total (Diversion),Monthly,10,2017,2.9,ACFT,U,Approved,2018-03-29 12:30:00
6405306,16405306,6405306 Total (Diversion),Monthly,11,2018,5.2,ACFT,U,Approved,2019-03-15 09:36:00
6405306,16405306,6405306 Total (Diversion),Monthly,9,2019,0.9,ACFT,U,Approved,2020-02-27 09:31:00
6405306,16405306,6405306 Total (Diversion),Monthly,8,2020,1.25,ACFT,U,Approved,2021-04-20 08:20:00
6405306,16405306,6405306 Total (Diversion),Monthly,12,2021,1.4,ACFT,U,Approved,2022-09-14 13:31:00
6405306,16405306,6405306 Total (Diversion),Monthly,7,2022,1.0,ACFT,U,Approved,2023-11-03 06:26:00
6405306,16405306,6405306 Total (Diversion),Monthly,11,2023,1.85,ACFT,U,Approved,2024-04-22 14:57:00
6405306,16405306,6405306 Total (Diversion),Monthly,12,2024,1.05,ACFT,U,Approved,2025-03-07 11:30:00
6405314,16405314,6405314 Total (Diversion),Monthly,5,2013,339.2616,ACFT,K,Approved,2014-05-01 16:21:00
6405314,16405314,6405314 Total (Diversion),Monthly,5,2014,269.8051,ACFT,K,Approved,2015-05-11 10:26:00
6405314,16405314,6405314 Total (Diversion),Monthly,4,2015,361.8323,ACFT,K,Approved,2016-05-25 18:44:00
6405314,16405314,6405314 Total (Diversion),Monthly,5,2016,401.8902,ACFT,K,Approved,2017-03-24 09:10:00
6405314,16405314,6405314 Total (Diversion),Monthly,4,2017,346.28,ACFT,K,Approved,2018-03-29 12:30:00
6405314,16405314,6405314 Total (Diversion),Monthly,5,2018,331.8323,ACFT,K,Approved,2019-03-15 09:36:00
6405314,16405314,6405314 Total (Diversion),Monthly,4,2019,329.4919,ACFT,K,Approved,2020-02-27 09:31:00
6405314,16405314,6405314 Total (Diversion),Monthly,5,2020,416.014,ACFT,K,Approved,2021-04-20 08:20:00
6405314,16405314,6405314 Total (Diversion),Monthly,4,2021,344.9775,ACFT,K,Approved,2022-09-14 13:31:00
6405314,16405314,6405314 Total (Diversion),Monthly,5,2022,422.0898,ACFT,K,Approved,2023-10-23 07:48:00
6405314,16405314,6405314 Total (Diversion),Monthly,4,2023,220.3269,ACFT,K,Approved,2023-12-20 07:35:00
6405314,16405314,6405314 Total (Diversion),Monthly,5,2024,389.8096,ACFT,K,Approved,2024-12-17 13:12:00
6405330,16405330,6405330 Total (Diversion),Monthly,4,2013,317.7687,ACFT,K,Approved,2014-05-01 16:21:00
6405330,16405330,6405330 Total (Diversion),Monthly,5,2014,303.8416,ACFT,K,Approved,2015-05-11 10:26:00
6405330,16405330,6405330 Total (Diversion),Monthly,4,2015,407.4782,ACFT,K,Approved,2016-05-25 18:44:00
6405330,16405330,6405330 Total (Diversion),Monthly,5,2016,452.5895,ACFT,K,Approved,2017-03-24 09:10:00
6405330,16405330,6405330 Total (Diversion),Monthly,4,2017,389.95,ACFT,K,Approved,2018-03-29 12:30:00
6405330,16405330,6405330 Total (Diversion),Monthly,5,2018,373.6936,ACFT,K,Approved,2019-03-15 09:36:00
6405330,16405330,6405330 Total (Diversion),Monthly,4,2019,371.058,ACFT,K,Approved,2020-02-27 09:31:00
6405330,16405330,6405330 Total (Diversion),Monthly,5,2020,468.495,ACFT,K,Approved,2021-04-20 08:20:00
6405330,16405330,6405330 Total (Diversion),Monthly,4,2021,388.4971,ACFT,K,Approved,2022-09-14 13:31:00
6405330,16405330,6405330 Total (Diversion),Monthly,5,2022,475.3373,ACFT,K,Approved,2023-10-23 07:48:00
6405330,16405330,6405330 Total (Diversion),Monthly,4,2023,248.1216,ACFT,K,Approved,2023-12-20 07:35:00
6405330,16405330,6405330 Total (Diversion),Monthly,5,2024,438.9848,ACFT,K,Approved,2024-12-17 13:12:00
6405342,16405342,6405342 Total (Diversion),Monthly,5,2013,245.2611,ACFT,K,Approved,2014-05-01 16:21:00
6405342,16405342,6405342 Total (Diversion),Monthly,5,2014,195.0492,ACFT,K,Approved,2015-05-11 10:26:00
6405342,16405342,6405342 Total (Diversion),Monthly,4,2015,261.5781,ACFT,K,Approved,2016-05-25 18:44:00
6405342,16405342,6405342 Total (Diversion),Monthly,5,2016,290.5371,ACFT,K,Approved,2017-03-24 09:10:00
6405342,16405342,6405342 Total (Diversion),Monthly,4,2017,250.34,ACFT,K,Approved,2018-03-29 12:30:00
6405342,16405342,6405342 Total (Diversion),Monthly,5,2018,239.8902,ACFT,K,Approved,2019-03-15 09:36:00
6405342,16405342,6405342 Total (Diversion),Monthly,4,2019,238.1983,ACFT,K,Approved,2020-02-27 09:31:00
6405342,16405342,6405342 Total (Diversion),Monthly,5,2020,300.7474,ACFT,K,Approved,2021-04-20 08:20:00
6405342,16405342,6405342 Total (Diversion),Monthly,4,2021,249.3933,ACFT,K,Approved,2022-09-14 13:31:00
6405342,16405342,6405342 Total (Diversion),Monthly,5,2022,305.1398,ACFT,K,Approved,2023-10-23 07:48:00
6405342,16405342,6405342 Total (Diversion),Monthly,4,2023,159.2802,ACFT,K,Approved,2023-12-20 07:35:00
6405342,16405342,6405342 Total (Diversion),Monthly,5,2024,281.8037,ACFT,K,Approved,2024-12-17 13:12:00
6405343,16405343,6405343 Total (Diversion),Monthly,5,2013,281.3772,ACFT,K,Approved,2014-05-01 16:21:00
6405343,16405343,6405343 Total (Diversion),Monthly,5,2014,233.1266,ACFT,K,Approved,2015-05-11 10:26:00
6405343,16405343,6405343 Total (Diversion),Monthly,4,2015,312.6431,ACFT,K,Approved,2016-05-25 18:44:00
6405343,16405343,6405343 Total (Diversion),Monthly,5,2016,347.2554,ACFT,K,Approved,2017-03-24 09:10:00
6405343,16405343,6405343 Total (Diversion),Monthly,4,2017,299.2,ACFT,K,Approved,2018-03-29 12:30:00
6405343,16405343,6405343 Total (Diversion),Monthly,5,2018,286.7216,ACFT,K,Approved,2019-03-15 09:36:00
6405343,16405343,6405343 Total (Diversion),Monthly,4,2019,284.6992,ACFT,K,Approved,2020-02-27 09:31:00
6405343,16405343,6405343 Total (Diversion),Monthly,5,2020,359.459,ACFT,K,Approved,2021-04-20 08:20:00
6405343,16405343,6405343 Total (Diversion),Monthly,4,2021,298.0796,ACFT,K,Approved,2022-09-14 13:31:00
6405343,16405343,6405343 Total (Diversion),Monthly,5,2022,364.7089,ACFT,K,Approved,2023-10-23 07:48:00
6405343,16405343,6405343 Total (Diversion),Monthly,4,2023,190.3747,ACFT,K,Approved,2023-12-20 07:35:00
6405343,16405343,6405343 Total (Diversion),Monthly,5,2024,336.817,ACFT,K,Approved,2024-12-17 13:12:00
6405345,16405345,6405345 Total (Diversion),Monthly,5,2013,287.278,ACFT,K,Approved,2014-05-01 16:21:00
6405345,16405345,6405345 Total (Diversion),Monthly,5,2014,228.464,ACFT,K,Approved,2015-05-11 10:26:00
6405345,16405345,6405345 Total (Diversion),Monthly,4,2015,306.3902,ACFT,K,Approved,2016-05-25 18:44:00
6405345,16405345,6405345 Total (Diversion),Monthly,5,2016,340.3104,ACFT,K,Approved,2017-03-24 09:10:00
6405345,16405345,6405345 Total (Diversion),Monthly,4,2017,293.22,ACFT,K,Approved,2018-03-29 12:30:00
6405345,16405345,6405345 Total (Diversion),Monthly,5,2018,280.9871,ACFT,K,Approved,2019-03-15 09:36:00
6405345,16405345,6405345 Total (Diversion),Monthly,4,2019,279.0052,ACFT,K,Approved,2020-02-27 09:31:00
6405345,16405345,6405345 Total (Diversion),Monthly,5,2020,352.2699,ACFT,K,Approved,2021-04-20 08:20:00
6405345,16405345,6405345 Total (Diversion),Monthly,4,2021,292.118,ACFT,K,Approved,2022-09-14 13:31:00
6405345,16405345,6405345 Total (Diversion),Monthly,5,2022,357.4148,ACFT,K,Approved,2023-10-23 07:48:00
6405345,16405345,6405345 Total (Diversion),Monthly,4,2023,186.5673,ACFT,K,Approved,2023-12-20 07:35:00
6405345,16405345,6405345 Total (Diversion),Monthly,5,2024,330.0806,ACFT,K,Approved,2024-12-17 13:12:00
6405347,16405347,6405347 Total (Diversion),Monthly,5,2013,287.0047,ACFT,K,Approved,2014-05-01 16:21:00
6405347,16405347,6405347 Total (Diversion),Monthly,5,2014,237.7892,ACFT,K,Approved,2015-05-11 10:26:00
6405347,16405347,6405347 Total (Diversion),Monthly,4,2015,318.896,ACFT,K,Approved,2016-05-25 18:44:00
6405347,16405347,6405347 Total (Diversion),Monthly,5,2016,354.2006,ACFT,K,Approved,2017-03-24 09:10:00
6405347,16405347,6405347 Total (Diversion),Monthly,4,2017,305.19,ACFT,K,Approved,2018-03-29 12:30:00
6405347,16405347,6405347 Total (Diversion),Monthly,5,2018,292.4559,ACFT,K,Approved,2019-03-15 09:36:00
6405347,16405347,6405347 Total (Diversion),Monthly,4,2019,290.3931,ACFT,K,Approved,2020-02-27 09:31:00
6405347,16405347,6405347 Total (Diversion),Monthly,5,2020,366.6482,ACFT,K,Approved,2021-04-20 08:20:00
6405347,16405347,6405347 Total (Diversion),Monthly,4,2021,304.0412,ACFT,K,Approved,2022-09-14 13:31:00
6405347,16405347,6405347 Total (Diversion),Monthly,5,2022,316.0811,ACFT,K,Approved,2023-10-23 07:48:00
6405347,16405347,6405347 Total (Diversion),Monthly,4,2023,164.9914,ACFT,K,Approved,2023-12-20 07:35:00
6405347,16405347,6405347 Total (Diversion),Monthly,5,2024,291.9081,ACFT,K,Approved,2024-12-17 13:12:00
6405348,16405348,6405348 Total (Diversion),Monthly,5,2013,261.6772,ACFT,K,Approved,2014-05-01 16:21:00
6405348,16405348,6405348 Total (Diversion),Monthly,5,2014,208.1043,ACFT,K,Approved,2015-05-11 10:26:00
6405348,16405348,6405348 Total (Diversion),Monthly,4,2015,279.0861,ACFT,K,Approved,2016-05-25 18:44:00
6405348,16405348,6405348 Total (Diversion),Monthly,5,2016,309.9833,ACFT,K,Approved,2017-03-24 09:10:00
6405348,16405348,6405348 Total (Diversion),Monthly,4,2017,267.09,ACFT,K,Approved,2018-03-29 12:30:00
6405348,16405348,6405348 Total (Diversion),Monthly,5,2018,255.9466,ACFT,K,Approved,2019-03-15 09:36:00
6405348,16405348,6405348 Total (Diversion),Monthly,4,2019,254.1414,ACFT,K,Approved,2020-02-27 09:31:00
6405348,16405348,6405348 Total (Diversion),Monthly,5,2020,320.8771,ACFT,K,Approved,2021-04-20 08:20:00
6405348,16405348,6405348 Total (Diversion),Monthly,4,2021,266.0857,ACFT,K,Approved,2022-09-14 13:31:00
6405348,16405348,6405348 Total (Diversion),Monthly,5,2022,325.5634,ACFT,K,Approved,2023-10-23 07:48:00
6405348,16405348,6405348 Total (Diversion),Monthly,4,2023,169.9411,ACFT,K,Approved,2023-12-20 07:35:00
6405348,16405348,6405348 Total (Diversion),Monthly,5,2024,300.6654,ACFT,K,Approved,2024-12-17 13:12:00
6405350,16405350,6405350 Total (Diversion),Monthly,4,2013,247.5508,ACFT,K,Approved,2014-05-01 16:21:00
6405350,16405350,6405350 Total (Diversion),Daily,42,2013,329.9288,ACFT,*,Approved,2014-05-01 16:21:00
6405350,16405350,6405350 Total (Diversion),Daily,4,2014,12.9048,ACFT,*,Approved,2015-05-11 10:25:00
6405350,16405350,6405350 Total (Diversion),Monthly,5,2014,236.7012,ACFT,K,Approved,2015-05-11 10:26:00
6405350,16405350,6405350 Total (Diversion),Monthly,4,2015,317.437,ACFT,K,Approved,2016-05-25 18:44:00
6405350,16405350,6405350 Total (Diversion),Monthly,5,2016,352.58,ACFT,K,Approved,2017-03-24 09:10:00
6405350,16405350,6405350 Total (Diversion),Monthly,4,2017,303.79,ACFT,K,Approved,2018-03-29 12:30:00
6405350,16405350,6405350 Total (Diversion),Monthly,5,2018,291.1179,ACFT,K,Approved,2019-03-15 09:36:00
6405350,16405350,6405350 Total (Diversion),Monthly,4,2019,289.0646,ACFT,K,Approved,2020-02-27 09:31:00
6405350,16405350,6405350 Total (Diversion),Monthly,5,2020,364.9707,ACFT,K,Approved,2021-04-20 08:20:00
6405350,16405350,6405350 Total (Diversion),Monthly,4,2021,302.6502,ACFT,K,Approved,2022-09-14 13:31:00
6405350,16405350,6405350 Total (Diversion),Monthly,5,2022,370.3012,ACFT,K,Approved,2023-10-23 11:53:00
6405350,16405350,6405350 Total (Diversion),Monthly,4,2023,193.2938,ACFT,K,Approved,2023-12-20 07:35:00
6405350,16405350,6405350 Total (Diversion),Monthly,5,2024,341.9816,ACFT,K,Approved,2024-12-17 13:12:00
6405353,16405353,6405353 Total (Diversion),Monthly,5,2013,251.9056,ACFT,K,Approved,2014-05-01 16:21:00
6405353,16405353,6405353 Total (Diversion),Monthly,5,2014,200.3334,ACFT,K,Approved,2015-05-11 10:26:00
6405353,16405353,6405353 Total (Diversion),Monthly,4,2015,268.6647,ACFT,K,Approved,2016-05-25 18:44:00
6405353,16405353,6405353 Total (Diversion),Monthly,5,2016,298.408,ACFT,K,Approved,2017-03-24 09:10:00
6405353,16405353,6405353 Total (Diversion),Monthly,4,2017,257.12,ACFT,K,Approved,2018-03-29 12:30:00
6405353,16405353,6405353 Total (Diversion),Monthly,5,2018,246.3893,ACFT,K,Approved,2019-03-15 09:36:00
6405353,16405353,6405353 Total (Diversion),Monthly,4,2019,244.6516,ACFT,K,Approved,2020-02-27 09:31:00
6405353,16405353,6405353 Total (Diversion),Monthly,5,2020,308.8952,ACFT,K,Approved,2021-04-20 08:20:00
6405353,16405353,6405353 Total (Diversion),Monthly,4,2021,256.1498,ACFT,K,Approved,2022-09-14 13:31:00
6405353,16405353,6405353 Total (Diversion),Monthly,5,2022,313.4065,ACFT,K,Approved,2023-10-23 07:48:00
6405353,16405353,6405353 Total (Diversion),Monthly,4,2023,163.5954,ACFT,K,Approved,2023-12-20 07:35:00
6405353,16405353,6405353 Total (Diversion),Monthly,5,2024,289.4381,ACFT,K,Approved,2024-12-17 13:12:00
6405385,16405385,6405385 Total (Diversion),Monthly,12,2021,79.359,ACFT,K,Approved,2022-09-14 13:31:00
6405385,16405385,6405385 Total (Diversion),Monthly,12,2022,15.749,ACFT,K,Approved,2023-11-06 07:29:00
6405385,16405385,6405385 Total (Diversion),Monthly,12,2023,52.571,ACFT,K,Approved,2024-06-24 15:13:00
6405385,16405385,6405385 Total (Diversion),Monthly,12,2024,40.866,ACFT,K,Approved,2025-02-03 13:30:00
6405386,16405386,6405386 Total (Diversion),Monthly,12,2021,114.801,ACFT,K,Approved,2022-09-14 13:31:00
6405386,16405386,6405386 Total (Diversion),Monthly,12,2022,200.854,ACFT,K,Approved,2023-11-06 07:27:00
6405386,16405386,6405386 Total (Diversion),Monthly,12,2023,141.755,ACFT,K,Approved,2024-06-24 15:12:00
6405386,16405386,6405386 Total (Diversion),Monthly,12,2024,233.034,ACFT,K,Approved,2025-02-03 13:29:00
6405390,16405390,6405390 Total (Diversion),Annual,1,1996,8.0,ACFT,U,Approved,2001-08-16 17:46:00
6405390,16405390,6405390 Total (Diversion),Annual,1,1997,8.0,ACFT,U,Approved,2001-08-16 17:46:00
6405390,16405390,6405390 Total (Diversion),Annual,1,1998,8.0,ACFT,U,Approved,2001-08-16 17:46:00
6405390,16405390,6405390 Total (Diversion),Annual,1,1999,8.0,ACFT,U,Approved,2001-08-16 17:46:00
6405390,16405390,6405390 Total (Diversion),Annual,1,2000,8.0,ACFT,U,Approved,2001-08-16 17:46:00
6405390,16405390,6405390 Total (Diversion),Annual,1,2001,8.0,ACFT,U,Approved,2002-05-29 15:56:00
6405390,16405390,6405390 Total (Diversion),Annual,1,2002,8.0,ACFT,U,Approved,2003-07-17 15:18:00
6405390,16405390,6405390 Total (Diversion),Monthly,11,2018,5.2,ACFT,U,Approved,2019-03-15 09:36:00
6405390,16405390,6405390 Total (Diversion),Monthly,9,2019,0.9,ACFT,U,Approved,2020-02-27 09:31:00
6405390,16405390,6405390 Total (Diversion),Monthly,8,2020,1.25,ACFT,U,Approved,2021-04-20 08:20:00
6405390,16405390,6405390 Total (Diversion),Monthly,11,2021,1.35,ACFT,U,Approved,2022-09-14 13:31:00
6405390,16405390,6405390 Total (Diversion),Monthly,7,2022,1.0,ACFT,U,Approved,2023-11-03 06:26:00
6405390,16405390,6405390 Total (Diversion),Monthly,11,2023,1.85,ACFT,U,Approved,2024-04-22 14:57:00
6405773,16405773,6405773 Total (Diversion),Monthly,12,2022,0.0,ACFT,K,Approved,2023-11-06 07:28:00
6405773,16405773,6405773 Total (Diversion),Monthly,12,2023,0.0,ACFT,K,Approved,2024-06-24 15:12:00
6405773,16405773,6405773 Total (Diversion),Monthly,12,2024,3.0492,ACFT,K,Approved,2025-02-03 13:29:00
6406314,16406314,6406314 Total (Diversion),Monthly,3,2008,197.45,ACFT,U,Approved,2009-04-17 15:31:00
6406314,16406314,6406314 Total (Diversion),Monthly,3,2009,60.832,ACFT,U,Approved,2010-03-30 14:28:00
6406314,16406314,6406314 Total (Diversion),Monthly,2,2010,32.977,ACFT,U,Approved,2011-03-30 11:01:00
6406314,16406314,6406314 Total (Diversion),Monthly,2,2011,39.1211,ACFT,K,Approved,2012-05-23 08:51:00
6406314,16406314,6406314 Total (Diversion),Monthly,5,2012,86.6403,ACFT,K,Approved,2013-04-04 08:06:00
6406314,16406314,6406314 Total (Diversion),Monthly,3,2013,42.1935,ACFT,K,Approved,2014-05-01 16:21:00
6406314,16406314,6406314 Total (Diversion),Monthly,4,2014,53.6637,ACFT,K,Approved,2015-05-11 10:26:00
6406314,16406314,6406314 Total (Diversion),Monthly,4,2015,55.5071,ACFT,K,Approved,2016-05-25 18:44:00
6406314,16406314,6406314 Total (Diversion),Monthly,3,2016,43.2176,ACFT,K,Approved,2017-03-24 09:10:00
6406314,16406314,6406314 Total (Diversion),Monthly,4,2017,47.52,ACFT,K,Approved,2018-03-29 12:30:00
6406314,16406314,6406314 Total (Diversion),Monthly,3,2018,24.9884,ACFT,K,Approved,2019-03-15 09:36:00
6406314,16406314,6406314 Total (Diversion),Monthly,4,2019,31.9524,ACFT,K,Approved,2020-02-27 09:31:00
6406314,16406314,6406314 Total (Diversion),Monthly,5,2020,44.6515,ACFT,K,Approved,2021-04-21 07:46:00
6406314,16406314,6406314 Total (Diversion),Monthly,12,2021,10.992,ACFT,K,Approved,2022-09-14 13:31:00
6406314,16406314,6406314 Total (Diversion),Monthly,12,2022,46.155,ACFT,K,Approved,2023-11-06 07:28:00
6406314,16406314,6406314 Total (Diversion),Monthly,12,2023,0.072,ACFT,K,Approved,2024-03-26 16:12:00
6406314,16406314,6406314 Total (Diversion),Monthly,12,2024,0.004,ACFT,K,Approved,2025-02-03 13:29:00
6406318,16406318,6406318 Total (Diversion),Monthly,4,2008,368.3,ACFT,U,Approved,2009-04-17 15:31:00
6406318,16406318,6406318 Total (Diversion),Monthly,6,2009,404.8,ACFT,U,Approved,2010-03-30 14:28:00
6406318,16406318,6406318 Total (Diversion),Monthly,4,2010,303.8,ACFT,U,Approved,2011-03-30 11:01:00
6406318,16406318,6406318 Total (Diversion),Monthly,5,2012,444.8,ACFT,K,Approved,2013-04-04 08:06:00
6406318,16406318,6406318 Total (Diversion),Monthly,5,2013,422.4,ACFT,K,Approved,2014-05-01 16:21:00
6406318,16406318,6406318 Total (Diversion),Monthly,3,2014,163.9701,ACFT,K,Approved,2015-05-11 10:26:00
6406318,16406318,6406318 Total (Diversion),Monthly,8,2015,648.7656,ACFT,K,Approved,2016-05-25 18:44:00
6406318,16406318,6406318 Total (Diversion),Monthly,10,2016,724.3716,ACFT,K,Approved,2017-03-24 09:10:00
6406318,16406318,6406318 Total (Diversion),Monthly,8,2017,621.36,ACFT,K,Approved,2018-03-29 12:30:00
6406318,16406318,6406318 Total (Diversion),Monthly,10,2018,533.2363,ACFT,K,Approved,2019-03-15 09:36:00
6406318,16406318,6406318 Total (Diversion),Monthly,8,2019,602.966,ACFT,K,Approved,2020-02-27 09:31:00
6406318,16406318,6406318 Total (Diversion),Monthly,10,2020,673.8762,ACFT,K,Approved,2021-04-21 07:46:00
6406318,16406318,6406318 Total (Diversion),Monthly,11,2021,239.6481,ACFT,K,Approved,2022-09-14 13:31:00
6406318,16406318,6406318 Total (Diversion),Monthly,17,2022,766.0793,ACFT,K,Approved,2023-11-06 11:38:00
6406318,16406318,6406318 Total (Diversion),Monthly,19,2023,453.4019,ACFT,K,Approved,2024-06-24 15:12:00
6406318,16406318,6406318 Total (Diversion),Monthly,7,2024,511.4267,ACFT,K,Approved,2024-12-17 13:12:00
6406319,16406319,6406319 Total (Diversion),Monthly,4,2008,534.3,ACFT,U,Approved,2009-04-17 15:31:00
6406319,16406319,6406319 Total (Diversion),Monthly,5,2009,274.3,ACFT,U,Approved,2010-03-30 14:28:00
6406319,16406319,6406319 Total (Diversion),Monthly,4,2010,215.6,ACFT,U,Approved,2011-03-30 11:01:00
6406319,16406319,6406319 Total (Diversion),Daily,154,2011,286.83,ACFT,*,Approved,2012-05-23 08:51:00
6406319,16406319,6406319 Total (Diversion),Monthly,5,2012,404.6,ACFT,K,Approved,2013-04-04 08:06:00
6406319,16406319,6406319 Total (Diversion),Monthly,5,2013,355.4,ACFT,K,Approved,2014-05-01 16:21:00
6406319,16406319,6406319 Total (Diversion),Monthly,8,2014,452.3471,ACFT,K,Approved,2015-05-11 10:26:00
6406319,16406319,6406319 Total (Diversion),Monthly,10,2015,865.1032,ACFT,K,Approved,2016-05-25 18:44:00
6406319,16406319,6406319 Total (Diversion),Monthly,14,2016,1036.4299,ACFT,K,Approved,2017-03-24 09:10:00
6406319,16406319,6406319 Total (Diversion),Monthly,14,2017,875.46,ACFT,K,Approved,2018-03-29 12:30:00
6406319,16406319,6406319 Total (Diversion),Monthly,14,2018,801.8976,ACFT,K,Approved,2019-03-15 09:36:00
6406319,16406319,6406319 Total (Diversion),Monthly,12,2019,807.143,ACFT,K,Approved,2020-02-27 09:31:00
6406319,16406319,6406319 Total (Diversion),Monthly,14,2020,993.3313,ACFT,K,Approved,2021-04-21 07:46:00
6406319,16406319,6406319 Total (Diversion),Monthly,12,2021,230.7198,ACFT,K,Approved,2022-09-14 13:31:00
6406319,16406319,6406319 Total (Diversion),Monthly,19,2022,877.3011,ACFT,K,Approved,2023-11-06 07:31:00
6406319,16406319,6406319 Total (Diversion),Monthly,16,2023,614.5473,ACFT,K,Approved,2024-06-24 15:12:00
6406319,16406319,6406319 Total (Diversion),Monthly,5,2024,424.181,ACFT,K,Approved,2024-12-17 13:12:00
6406323,16406323,6406323 Total (Diversion),Monthly,4,2008,385.0,ACFT,U,Approved,2009-04-17 15:31:00
6406323,16406323,6406323 Total (Diversion),Monthly,3,2009,175.8,ACFT,U,Approved,2010-03-30 14:28:00
6406323,16406323,6406323 Total (Diversion),Monthly,4,2010,368.4,ACFT,U,Approved,2011-03-30 11:01:00
6406323,16406323,6406323 Total (Diversion),Daily,154,2011,392.1895,ACFT,*,Approved,2012-05-23 08:51:00
6406323,16406323,6406323 Total (Diversion),Monthly,5,2012,490.3,ACFT,K,Approved,2013-04-04 08:06:00
6406323,16406323,6406323 Total (Diversion),Monthly,5,2013,493.3,ACFT,K,Approved,2014-05-01 16:21:00
6406323,16406323,6406323 Total (Diversion),Monthly,5,2014,257.8592,ACFT,K,Approved,2015-05-11 10:26:00
6406323,16406323,6406323 Total (Diversion),Monthly,8,2015,689.3134,ACFT,K,Approved,2016-05-25 18:44:00
6406323,16406323,6406323 Total (Diversion),Monthly,10,2016,755.4796,ACFT,K,Approved,2017-03-24 09:10:00
6406323,16406323,6406323 Total (Diversion),Monthly,8,2017,659.96,ACFT,K,Approved,2018-03-29 12:30:00
6406323,16406323,6406323 Total (Diversion),Monthly,10,2018,566.3565,ACFT,K,Approved,2019-03-15 09:36:00
6406323,16406323,6406323 Total (Diversion),Monthly,8,2019,632.5594,ACFT,K,Approved,2020-02-27 09:31:00
6406323,16406323,6406323 Total (Diversion),Monthly,10,2020,706.9498,ACFT,K,Approved,2021-04-21 07:46:00
6406323,16406323,6406323 Total (Diversion),Monthly,11,2021,251.9561,ACFT,K,Approved,2022-09-14 13:31:00
6406323,16406323,6406323 Total (Diversion),Monthly,17,2022,736.0019,ACFT,K,Approved,2023-11-06 11:13:00
6406323,16406323,6406323 Total (Diversion),Monthly,16,2023,531.5618,ACFT,K,Approved,2024-03-26 13:15:00
6406323,16406323,6406323 Total (Diversion),Monthly,6,2024,505.8427,ACFT,K,Approved,2024-12-17 13:12:00
6406324,16406324,6406324 Total (Diversion),Monthly,4,2008,375.2,ACFT,U,Approved,2009-04-17 15:31:00
6406324,16406324,6406324 Total (Diversion),Monthly,5,2009,362.4,ACFT,U,Approved,2010-03-30 14:28:00
6406324,16406324,6406324 Total (Diversion),Monthly,4,2010,311.4,ACFT,U,Approved,2011-03-30 11:01:00
6406324,16406324,6406324 Total (Diversion),Daily,154,2011,303.5053,ACFT,*,Approved,2012-05-23 08:51:00
6406324,16406324,6406324 Total (Diversion),Monthly,5,2012,488.8,ACFT,K,Approved,2013-04-04 08:06:00
6406324,16406324,6406324 Total (Diversion),Monthly,5,2013,424.9,ACFT,K,Approved,2014-05-01 16:21:00
6406324,16406324,6406324 Total (Diversion),Monthly,5,2014,257.8592,ACFT,K,Approved,2015-05-11 10:26:00
6406324,16406324,6406324 Total (Diversion),Monthly,8,2015,689.3134,ACFT,K,Approved,2016-05-25 18:44:00
6406324,16406324,6406324 Total (Diversion),Monthly,10,2016,755.4796,ACFT,K,Approved,2017-03-24 09:10:00
6406324,16406324,6406324 Total (Diversion),Monthly,8,2017,659.96,ACFT,K,Approved,2018-03-29 12:30:00
6406324,16406324,6406324 Total (Diversion),Monthly,8,2018,336.1375,ACFT,K,Approved,2019-03-15 09:36:00
6406324,16406324,6406324 Total (Diversion),Monthly,12,2019,848.8712,ACFT,K,Approved,2020-02-27 09:31:00
6406324,16406324,6406324 Total (Diversion),Monthly,14,2020,1022.3498,ACFT,K,Approved,2021-04-21 07:46:00
6406324,16406324,6406324 Total (Diversion),Monthly,12,2021,323.8318,ACFT,K,Approved,2022-09-14 13:31:00
6406324,16406324,6406324 Total (Diversion),Monthly,19,2022,975.7821,ACFT,K,Approved,2023-11-06 07:27:00
6406324,16406324,6406324 Total (Diversion),Monthly,19,2023,669.9946,ACFT,K,Approved,2024-03-26 13:15:00
6406324,16406324,6406324 Total (Diversion),Monthly,5,2024,360.5538,ACFT,K,Approved,2024-12-17 13:12:00
6406326,16406326,6406326 Total (Diversion),Monthly,6,2008,143.846,ACFT,U,Approved,2009-04-17 15:31:00
6406326,16406326,6406326 Total (Diversion),Monthly,5,2009,58.133,ACFT,U,Approved,2010-03-30 14:28:00
6406326,16406326,6406326 Total (Diversion),Monthly,5,2010,245.864,ACFT,U,Approved,2011-03-30 11:01:00
6406326,16406326,6406326 Total (Diversion),Monthly,4,2011,172.9828,ACFT,K,Approved,2012-05-23 08:51:00
6406326,16406326,6406326 Total (Diversion),Monthly,5,2012,416.0374,ACFT,K,Approved,2013-04-04 08:06:00
6406326,16406326,6406326 Total (Diversion),Monthly,5,2013,363.5278,ACFT,K,Approved,2014-05-01 16:21:00
6406326,16406326,6406326 Total (Diversion),Monthly,5,2014,348.2374,ACFT,K,Approved,2015-05-11 10:26:00
6406326,16406326,6406326 Total (Diversion),Monthly,4,2015,259.5,ACFT,K,Approved,2016-05-25 18:44:00
6406326,16406326,6406326 Total (Diversion),Monthly,3,2016,139.9,ACFT,K,Approved,2017-03-24 09:10:00
6406326,16406326,6406326 Total (Diversion),Monthly,6,2017,380.5,ACFT,K,Approved,2018-03-29 12:30:00
6406326,16406326,6406326 Total (Diversion),Monthly,3,2018,230.1,ACFT,K,Approved,2019-03-15 09:36:00
6406326,16406326,6406326 Total (Diversion),Monthly,5,2019,212.2,ACFT,K,Approved,2020-02-27 09:31:00
6406326,16406326,6406326 Total (Diversion),Monthly,4,2020,314.9,ACFT,K,Approved,2021-04-21 07:46:00
6406326,16406326,6406326 Total (Diversion),Monthly,12,2021,234.36,ACFT,K,Approved,2022-09-14 13:31:00
6406326,16406326,6406326 Total (Diversion),Monthly,12,2022,283.54,ACFT,K,Approved,2023-11-06 11:38:00
6406326,16406326,6406326 Total (Diversion),Monthly,12,2023,211.899,ACFT,K,Approved,2024-06-24 15:12:00
6406326,16406326,6406326 Total (Diversion),Monthly,12,2024,307.15,ACFT,K,Approved,2025-02-03 13:30:00
6406330,16406330,6406330 Total (Diversion),Daily,165,2007,2269.243,ACFT,U,Approved,2010-04-02 07:25:00
6406330,16406330,6406330 Total (Diversion),Monthly,5,2008,885.43,ACFT,*,Approved,2009-04-17 15:31:00
6406330,16406330,6406330 Total (Diversion),Daily,233,2011,1136.1924,ACFT,*,Approved,2012-05-23 08:51:00
6406330,16406330,6406330 Total (Diversion),Daily,74,2012,690.9617,ACFT,*,Approved,2013-04-04 08:04:00
6406330,16406330,6406330 Total (Diversion),Daily,54,2013,406.1131,ACFT,*,Approved,2014-05-01 16:21:00
6406330,16406330,6406330 Total (Diversion),Monthly,7,2014,573.2767,ACFT,K,Approved,2015-05-11 10:26:00
6406330,16406330,6406330 Total (Diversion),Daily,109,2014,926.5726,ACFT,*,Approved,2015-05-11 10:25:00
6406330,16406330,6406330 Total (Diversion),Monthly,11,2015,1296.0885,ACFT,K,Approved,2016-05-25 18:44:00
6406330,16406330,6406330 Total (Diversion),Daily,152,2015,1524.7573,ACFT,*,Approved,2016-05-25 18:44:00
6406330,16406330,6406330 Total (Diversion),Monthly,14,2016,1962.4036,ACFT,K,Approved,2017-03-24 09:10:00
6406330,16406330,6406330 Total (Diversion),Daily,122,2016,1078.739,ACFT,*,Approved,2017-03-24 09:11:00
6406330,16406330,6406330 Total (Diversion),Daily,107,2017,945.3956,ACFT,*,Approved,2018-03-29 12:31:00
6406330,16406330,6406330 Total (Diversion),Monthly,14,2017,1651.06,ACFT,K,Approved,2018-03-29 12:30:00
6406330,16406330,6406330 Total (Diversion),Monthly,13,2018,1477.2579,ACFT,K,Approved,2019-03-15 09:36:00
6406330,16406330,6406330 Total (Diversion),Daily,121,2018,824.0984,ACFT,*,Approved,2019-03-15 09:35:00
6406330,16406330,6406330 Total (Diversion),Monthly,12,2019,1526.9182,ACFT,K,Approved,2020-02-27 09:31:00
6406330,16406330,6406330 Total (Diversion),Daily,123,2019,1178.2226,ACFT,*,Approved,2020-02-27 09:30:00
6406330,16406330,6406330 Total (Diversion),Daily,122,2020,945.5075,ACFT,*,Approved,2021-04-20 08:20:00
6406330,16406330,6406330 Total (Diversion),Monthly,14,2020,1845.1813,ACFT,K,Approved,2021-04-20 08:20:00
6406330,16406330,6406330 Total (Diversion),Monthly,14,2021,1507.0264,ACFT,K,Approved,2022-09-14 13:31:00
6406330,16406330,6406330 Total (Diversion),Daily,158,2021,1203.2863,ACFT,R,Approved,2022-09-14 13:30:00
6406330,16406330,6406330 Total (Diversion),Daily,114,2022,662.8724,ACFT,*,Approved,2023-10-23 07:48:00
6406330,16406330,6406330 Total (Diversion),Monthly,7,2022,924.6764,ACFT,K,Approved,2023-10-23 07:48:00
6406330,16406330,6406330 Total (Diversion),Daily,133,2023,800.3661,ACFT,*,Approved,2023-12-06 10:28:00
6406330,16406330,6406330 Total (Diversion),Monthly,7,2023,622.4077,ACFT,K,Approved,2023-12-20 07:35:00
6406330,16406330,6406330 Total (Diversion),Monthly,5,2024,657.4806,ACFT,K,Approved,2024-12-17 13:12:00
6406330,16406330,6406330 Total (Diversion),Daily,122,2024,742.7071,ACFT,*,Approved,2024-10-14 11:07:00
6406332,16406332,6406332 Total (Diversion),Daily,196,2007,2685.2226,ACFT,U,Approved,2008-04-07 13:36:00
6406332,16406332,6406332 Total (Diversion),Monthly,11,2008,2268.793,ACFT,U,Approved,2009-04-17 15:31:00
6406332,16406332,6406332 Total (Diversion),Monthly,11,2009,1695.22,ACFT,U,Approved,2010-03-30 14:28:00
6406332,16406332,6406332 Total (Diversion),Monthly,9,2010,1810.436,ACFT,U,Approved,2011-03-30 11:01:00
6406332,16406332,6406332 Total (Diversion),Daily,270,2011,1960.1264,ACFT,*,Approved,2012-05-23 08:51:00
6406332,16406332,6406332 Total (Diversion),Monthly,5,2012,794.22,ACFT,K,Approved,2013-04-04 08:06:00
6406332,16406332,6406332 Total (Diversion),Daily,122,2012,1220.8498,ACFT,*,Approved,2013-04-04 08:04:00
6406332,16406332,6406332 Total (Diversion),Monthly,4,2013,587.06,ACFT,K,Approved,2014-05-01 16:21:00
6406332,16406332,6406332 Total (Diversion),Daily,102,2013,942.4043,ACFT,*,Approved,2014-05-01 16:21:00
6406332,16406332,6406332 Total (Diversion),Daily,152,2014,1291.5995,ACFT,*,Approved,2015-05-11 10:25:00
6406332,16406332,6406332 Total (Diversion),Daily,108,2015,1000.5369,ACFT,*,Approved,2016-05-25 18:44:00
6406332,16406332,6406332 Total (Diversion),Daily,153,2016,1249.3231,ACFT,*,Approved,2017-03-24 09:11:00
6406332,16406332,6406332 Total (Diversion),Daily,46,2017,334.1404,ACFT,*,Approved,2018-03-29 12:31:00
6406332,16406332,6406332 Total (Diversion),Daily,168,2018,1364.4181,ACFT,*,Approved,2019-03-15 09:35:00
6406332,16406332,6406332 Total (Diversion),Daily,106,2019,844.3732,ACFT,*,Approved,2020-02-27 09:30:00
6406332,16406332,6406332 Total (Diversion),Daily,143,2020,1091.0256,ACFT,*,Approved,2021-04-20 08:20:00
6406332,16406332,6406332 Total (Diversion),Daily,89,2021,477.534,ACFT,R,Approved,2022-09-14 13:30:00
6406332,16406332,6406332 Total (Diversion),Daily,114,2022,1086.1989,ACFT,*,Approved,2023-10-23 07:48:00
6406332,16406332,6406332 Total (Diversion),Monthly,3,2022,136.7388,ACFT,K,Approved,2023-10-23 07:48:00
6406332,16406332,6406332 Total (Diversion),Daily,293,2023,2915.5943,ACFT,*,Approved,2023-12-06 10:28:00
6406332,16406332,6406332 Total (Diversion),Daily,169,2024,1256.479,ACFT,*,Approved,2024-10-14 11:07:00
6406334,16406334,6406334 Total (Diversion),Monthly,3,2008,170.8,ACFT,U,Approved,2009-04-17 15:31:00
6406334,16406334,6406334 Total (Diversion),Monthly,5,2009,207.5,ACFT,U,Approved,2010-03-30 14:28:00
6406334,16406334,6406334 Total (Diversion),Monthly,4,2010,169.3,ACFT,U,Approved,2011-03-30 11:01:00
6406334,16406334,6406334 Total (Diversion),Daily,154,2011,241.3642,ACFT,*,Approved,2012-05-23 08:51:00
6406334,16406334,6406334 Total (Diversion),Monthly,5,2012,283.0,ACFT,K,Approved,2013-04-04 08:06:00
6406334,16406334,6406334 Total (Diversion),Monthly,5,2013,279.8,ACFT,K,Approved,2014-05-01 16:21:00
6406334,16406334,6406334 Total (Diversion),Monthly,5,2014,182.4618,ACFT,K,Approved,2015-05-11 10:26:00
6406334,16406334,6406334 Total (Diversion),Monthly,5,2015,191.5792,ACFT,K,Approved,2016-05-25 18:44:00
6406334,16406334,6406334 Total (Diversion),Monthly,14,2016,770.6978,ACFT,K,Approved,2017-03-24 09:10:00
6406334,16406334,6406334 Total (Diversion),Monthly,14,2017,673.14,ACFT,K,Approved,2018-03-29 12:30:00
6406334,16406334,6406334 Total (Diversion),Monthly,14,2018,610.7031,ACFT,K,Approved,2019-03-15 09:36:00
6406334,16406334,6406334 Total (Diversion),Monthly,12,2019,600.6632,ACFT,K,Approved,2020-02-27 09:31:00
6406334,16406334,6406334 Total (Diversion),Monthly,14,2020,723.4173,ACFT,K,Approved,2021-04-21 07:46:00
6406334,16406334,6406334 Total (Diversion),Monthly,12,2021,217.9059,ACFT,K,Approved,2022-09-14 13:31:00
6406334,16406334,6406334 Total (Diversion),Monthly,17,2022,537.8787,ACFT,K,Approved,2023-11-06 07:27:00
6406334,16406334,6406334 Total (Diversion),Monthly,16,2023,385.4533,ACFT,K,Approved,2024-03-26 13:15:00
6406334,16406334,6406334 Total (Diversion),Monthly,5,2024,256.6295,ACFT,K,Approved,2024-12-17 13:12:00
6406365,16406365,6406365 Total (Diversion),Monthly,1,2012,0.18,ACFT,K,Approved,2013-04-04 08:06:00
6406365,16406365,6406365 Total (Diversion),Monthly,12,2022,0.0,ACFT,K,Approved,2023-11-06 07:28:00
6406365,16406365,6406365 Total (Diversion),Monthly,12,2023,0.0,ACFT,K,Approved,2024-03-26 14:18:00
6406365,16406365,6406365 Total (Diversion),Monthly,12,2024,0.0,ACFT,K,Approved,2025-02-03 13:29:00
6406636,16406636,6406636 Total (Diversion),Daily,50,2013,382.0296,ACFT,*,Approved,2021-07-08 11:41:00
6406636,16406636,6406636 Total (Diversion),Daily,149,2023,636.9861,ACFT,*,Approved,2024-06-28 06:43:00
6406640,16406640,6406640 Total (Diversion),Monthly,11,2008,0.697,ACFT,U,Approved,2009-04-17 15:31:00
6406640,16406640,6406640 Total (Diversion),Monthly,12,2009,0.79,ACFT,U,Approved,2010-03-30 14:28:00
6406640,16406640,6406640 Total (Diversion),Monthly,12,2010,0.625,ACFT,U,Approved,2011-03-30 11:01:00
6406640,16406640,6406640 Total (Diversion),Monthly,9,2011,0.7283,ACFT,K,Approved,2012-05-23 08:51:00
6406640,16406640,6406640 Total (Diversion),Monthly,6,2012,0.3275,ACFT,K,Approved,2013-04-04 08:06:00
6406640,16406640,6406640 Total (Diversion),Monthly,11,2014,3.075,ACFT,K,Approved,2015-05-11 10:26:00
6406640,16406640,6406640 Total (Diversion),Monthly,10,2015,2.4462,ACFT,K,Approved,2016-05-25 18:44:00
6406640,16406640,6406640 Total (Diversion),Monthly,10,2016,104.4525,ACFT,K,Approved,2017-03-24 09:10:00
6406640,16406640,6406640 Total (Diversion),Monthly,12,2017,26.86,ACFT,K,Approved,2018-03-29 12:30:00
6406640,16406640,6406640 Total (Diversion),Monthly,12,2018,23.939,ACFT,K,Approved,2019-03-15 09:36:00
6406640,16406640,6406640 Total (Diversion),Monthly,10,2019,0.1082,ACFT,K,Approved,2020-02-27 09:31:00
6406640,16406640,6406640 Total (Diversion),Monthly,3,2021,0.0715,ACFT,K,Approved,2022-09-14 13:31:00
6406640,16406640,6406640 Total (Diversion),Monthly,12,2023,0.1806,ACFT,K,Approved,2024-02-27 08:45:00
6406640,16406640,6406640 Total (Diversion),Monthly,8,2024,0.2693,ACFT,K,Approved,2025-02-03 08:04:00
6406641,16406641,6406641 Total (Diversion),Monthly,4,2012,6.888,ACFT,K,Approved,2013-04-04 08:06:00
6406641,16406641,6406641 Total (Diversion),Monthly,6,2013,6.918,ACFT,K,Approved,2014-05-01 16:21:00
6406641,16406641,6406641 Total (Diversion),Monthly,3,2014,1.08,ACFT,K,Approved,2015-05-11 10:26:00
6406641,16406641,6406641 Total (Diversion),Monthly,2,2015,11.264,ACFT,K,Approved,2016-05-25 18:44:00
6406641,16406641,6406641 Total (Diversion),Monthly,4,2016,14.519,ACFT,K,Approved,2017-03-24 09:10:00
6406641,16406641,6406641 Total (Diversion),Monthly,1,2017,0.03,ACFT,K,Approved,2018-03-29 12:30:00
6406641,16406641,6406641 Total (Diversion),Monthly,9,2024,0.0,ACFT,K,Approved,2025-03-31 11:55:00
6406642,16406642,6406642 Total (Diversion),Monthly,1,2010,0.101,ACFT,U,Approved,2011-03-30 11:01:00
6406642,16406642,6406642 Total (Diversion),Monthly,3,2012,11.5188,ACFT,K,Approved,2013-04-04 08:06:00
6406642,16406642,6406642 Total (Diversion),Monthly,6,2013,19.064,ACFT,K,Approved,2014-05-01 16:21:00
6406642,16406642,6406642 Total (Diversion),Monthly,5,2014,12.3431,ACFT,K,Approved,2015-05-11 10:26:00
6406642,16406642,6406642 Total (Diversion),Monthly,6,2015,12.3811,ACFT,K,Approved,2016-05-25 18:44:00
6406642,16406642,6406642 Total (Diversion),Monthly,4,2016,11.3918,ACFT,K,Approved,2017-03-24 09:10:00
6406642,16406642,6406642 Total (Diversion),Monthly,9,2024,0.0,ACFT,K,Approved,2025-03-31 11:55:00
6406673,16406673,6406673 Total (Diversion),Monthly,12,2008,0.985,ACFT,U,Approved,2009-04-17 15:31:00
6406673,16406673,6406673 Total (Diversion),Monthly,10,2009,0.272,ACFT,U,Approved,2010-03-30 14:28:00
6406673,16406673,6406673 Total (Diversion),Monthly,7,2010,0.054,ACFT,U,Approved,2011-03-30 11:01:00
6406673,16406673,6406673 Total (Diversion),Monthly,9,2011,0.5812,ACFT,K,Approved,2012-05-23 08:51:00
6406673,16406673,6406673 Total (Diversion),Monthly,12,2012,0.5381,ACFT,U,Approved,2013-04-04 08:06:00
6406673,16406673,6406673 Total (Diversion),Monthly,12,2013,0.781,ACFT,U,Approved,2014-05-01 16:21:00
6406673,16406673,6406673 Total (Diversion),Monthly,12,2014,0.9073,ACFT,U,Approved,2015-05-11 10:26:00
6406673,16406673,6406673 Total (Diversion),Monthly,12,2015,0.76,ACFT,U,Approved,2016-05-25 18:44:00
6406673,16406673,6406673 Total (Diversion),Monthly,12,2016,0.73,ACFT,U,Approved,2017-03-24 09:10:00
6406673,16406673,6406673 Total (Diversion),Monthly,12,2017,0.777,ACFT,U,Approved,2018-03-29 12:30:00
6406673,16406673,6406673 Total (Diversion),Monthly,12,2018,0.81,ACFT,U,Approved,2019-03-15 09:36:00
6406673,16406673,6406673 Total (Diversion),Monthly,12,2019,0.57,ACFT,U,Approved,2020-02-27 09:31:00
6406673,16406673,6406673 Total (Diversion),Monthly,12,2020,0.7011,ACFT,U,Approved,2021-04-20 08:20:00
6406673,16406673,6406673 Total (Diversion),Monthly,12,2021,1.0461,ACFT,U,Approved,2022-09-14 13:31:00
6406673,16406673,6406673 Total (Diversion),Monthly,12,2022,0.5991,ACFT,U,Approved,2023-11-03 06:26:00
6406673,16406673,6406673 Total (Diversion),Monthly,12,2023,0.7515,ACFT,U,Approved,2024-04-22 14:57:00
6406673,16406673,6406673 Total (Diversion),Monthly,12,2024,0.8255,ACFT,U,Approved,2025-03-07 11:30:00
6406674,16406674,6406674 Total (Diversion),Monthly,5,2008,0.117,ACFT,U,Approved,2009-04-17 15:31:00
6406674,16406674,6406674 Total (Diversion),Monthly,11,2009,0.647,ACFT,U,Approved,2010-03-30 14:28:00
6406674,16406674,6406674 Total (Diversion),Monthly,12,2010,1.038,ACFT,U,Approved,2011-03-30 11:01:00
6406674,16406674,6406674 Total (Diversion),Monthly,12,2011,0.7596,ACFT,K,Approved,2012-05-23 08:51:00
6406674,16406674,6406674 Total (Diversion),Monthly,12,2012,0.5393,ACFT,U,Approved,2013-04-04 08:06:00
6406674,16406674,6406674 Total (Diversion),Monthly,12,2013,0.803,ACFT,U,Approved,2014-05-01 16:21:00
6406674,16406674,6406674 Total (Diversion),Monthly,12,2014,0.8872,ACFT,U,Approved,2015-05-11 10:26:00
6406674,16406674,6406674 Total (Diversion),Monthly,12,2015,0.73,ACFT,U,Approved,2016-05-25 18:44:00
6406674,16406674,6406674 Total (Diversion),Monthly,12,2016,0.66,ACFT,U,Approved,2017-03-24 09:10:00
6406674,16406674,6406674 Total (Diversion),Monthly,12,2017,0.742,ACFT,U,Approved,2018-03-29 12:30:00
6406674,16406674,6406674 Total (Diversion),Monthly,12,2018,0.78,ACFT,U,Approved,2019-03-15 09:36:00
6406674,16406674,6406674 Total (Diversion),Monthly,12,2019,0.54,ACFT,U,Approved,2020-02-27 09:31:00
6406674,16406674,6406674 Total (Diversion),Monthly,12,2020,0.6736,ACFT,U,Approved,2021-04-20 08:20:00
6406674,16406674,6406674 Total (Diversion),Monthly,12,2021,0.991,ACFT,U,Approved,2022-09-14 13:31:00
6406674,16406674,6406674 Total (Diversion),Monthly,12,2022,0.5733,ACFT,U,Approved,2023-11-03 06:26:00
6406674,16406674,6406674 Total (Diversion),Monthly,12,2023,0.7322,ACFT,U,Approved,2024-04-22 14:57:00
6406674,16406674,6406674 Total (Diversion),Monthly,12,2024,0.812,ACFT,U,Approved,2025-03-07 11:30:00
6406675,16406675,6406675 Total (Diversion),Monthly,12,2008,1.228,ACFT,U,Approved,2009-04-17 15:31:00
6406675,16406675,6406675 Total (Diversion),Monthly,12,2009,0.959,ACFT,U,Approved,2010-03-30 14:28:00
6406675,16406675,6406675 Total (Diversion),Monthly,12,2010,0.92,ACFT,U,Approved,2011-03-30 11:01:00
6406675,16406675,6406675 Total (Diversion),Monthly,12,2011,1.1844,ACFT,K,Approved,2012-05-23 08:51:00
6406675,16406675,6406675 Total (Diversion),Monthly,12,2012,1.4418,ACFT,U,Approved,2013-04-04 08:06:00
6406675,16406675,6406675 Total (Diversion),Monthly,12,2013,0.991,ACFT,U,Approved,2014-05-01 16:21:00
6406675,16406675,6406675 Total (Diversion),Monthly,12,2014,1.3405,ACFT,U,Approved,2015-05-11 10:26:00
6406675,16406675,6406675 Total (Diversion),Monthly,12,2015,2.19,ACFT,U,Approved,2016-05-25 18:44:00
6406675,16406675,6406675 Total (Diversion),Monthly,12,2016,2.07,ACFT,U,Approved,2017-03-24 09:10:00
6406675,16406675,6406675 Total (Diversion),Monthly,12,2017,2.62,ACFT,U,Approved,2018-03-29 12:30:00
6406675,16406675,6406675 Total (Diversion),Monthly,12,2018,2.1,ACFT,U,Approved,2019-03-15 09:36:00
6406675,16406675,6406675 Total (Diversion),Monthly,12,2019,1.39,ACFT,U,Approved,2020-02-27 09:31:00
6406675,16406675,6406675 Total (Diversion),Monthly,10,2020,1.7977,ACFT,U,Approved,2021-04-20 08:20:00
6406675,16406675,6406675 Total (Diversion),Monthly,11,2021,1.7041,ACFT,U,Approved,2022-09-14 13:31:00
6406675,16406675,6406675 Total (Diversion),Monthly,8,2022,1.2399,ACFT,U,Approved,2023-11-03 06:26:00
6406675,16406675,6406675 Total (Diversion),Monthly,12,2023,0.8499,ACFT,U,Approved,2024-04-22 14:57:00
6406675,16406675,6406675 Total (Diversion),Monthly,12,2024,0.5991,ACFT,U,Approved,2025-03-07 11:30:00
6406676,16406676,6406676 Total (Diversion),Monthly,12,2008,1.0,ACFT,U,Approved,2009-04-17 15:31:00
6406676,16406676,6406676 Total (Diversion),Monthly,12,2009,0.837,ACFT,U,Approved,2010-03-30 14:28:00
6406676,16406676,6406676 Total (Diversion),Monthly,12,2010,0.791,ACFT,U,Approved,2011-03-30 11:01:00
6406676,16406676,6406676 Total (Diversion),Monthly,12,2011,0.9309,ACFT,K,Approved,2012-05-23 08:51:00
6406676,16406676,6406676 Total (Diversion),Monthly,12,2012,1.1317,ACFT,U,Approved,2013-04-04 08:06:00
6406676,16406676,6406676 Total (Diversion),Monthly,12,2013,0.783,ACFT,U,Approved,2014-05-01 16:21:00
6406676,16406676,6406676 Total (Diversion),Monthly,12,2014,1.0851,ACFT,U,Approved,2015-05-11 10:26:00
6406676,16406676,6406676 Total (Diversion),Monthly,12,2015,1.59,ACFT,U,Approved,2016-05-25 18:44:00
6406676,16406676,6406676 Total (Diversion),Monthly,12,2016,1.285,ACFT,U,Approved,2017-03-24 09:10:00
6406676,16406676,6406676 Total (Diversion),Monthly,12,2017,1.539,ACFT,U,Approved,2018-03-29 12:30:00
6406676,16406676,6406676 Total (Diversion),Monthly,12,2018,1.17,ACFT,U,Approved,2019-03-15 09:36:00
6406676,16406676,6406676 Total (Diversion),Monthly,12,2019,0.764,ACFT,U,Approved,2020-02-27 09:31:00
6406676,16406676,6406676 Total (Diversion),Monthly,9,2020,0.9827,ACFT,U,Approved,2021-04-20 08:20:00
6406676,16406676,6406676 Total (Diversion),Monthly,11,2021,1.0002,ACFT,U,Approved,2022-09-14 13:31:00
6406676,16406676,6406676 Total (Diversion),Monthly,7,2022,0.7418,ACFT,U,Approved,2023-11-03 06:26:00
6406676,16406676,6406676 Total (Diversion),Monthly,12,2023,0.4068,ACFT,U,Approved,2024-04-22 14:57:00
6406676,16406676,6406676 Total (Diversion),Monthly,12,2024,0.3064,ACFT,U,Approved,2025-03-07 11:30:00
6406710,16406710,6406710 Total (Diversion),Monthly,7,2007,793.3,ACFT,*,Approved,2008-04-07 13:37:00
6406710,16406710,6406710 Total (Diversion),Monthly,7,2008,951.93,ACFT,*,Approved,2009-04-17 15:31:00
6406710,16406710,6406710 Total (Diversion),Monthly,7,2009,830.85,ACFT,*,Approved,2010-03-30 14:28:00
6406710,16406710,6406710 Total (Diversion),Monthly,6,2010,804.919,ACFT,*,Approved,2011-03-30 11:01:00
6406710,16406710,6406710 Total (Diversion),Daily,171,2011,773.565,ACFT,*,Approved,2012-05-23 08:51:00
6406710,16406710,6406710 Total (Diversion),Daily,146,2012,634.3108,ACFT,*,Approved,2013-04-04 08:04:00
6406710,16406710,6406710 Total (Diversion),Daily,78,2013,342.2991,ACFT,*,Approved,2014-05-01 16:21:00
6406710,16406710,6406710 Total (Diversion),Daily,164,2014,783.4022,ACFT,*,Approved,2015-05-11 10:25:00
6406710,16406710,6406710 Total (Diversion),Daily,152,2015,674.7976,ACFT,*,Approved,2016-05-25 18:44:00
6406710,16406710,6406710 Total (Diversion),Daily,150,2016,662.0104,ACFT,*,Approved,2017-03-24 09:11:00
6406710,16406710,6406710 Total (Diversion),Daily,164,2017,646.2243,ACFT,*,Approved,2018-03-29 12:31:00
6406710,16406710,6406710 Total (Diversion),Daily,152,2018,677.0967,ACFT,*,Approved,2019-03-15 09:35:00
6406710,16406710,6406710 Total (Diversion),Daily,169,2019,677.0043,ACFT,*,Approved,2020-02-27 09:30:00
6406710,16406710,6406710 Total (Diversion),Daily,184,2020,639.603,ACFT,*,Approved,2021-04-20 08:20:00
6406710,16406710,6406710 Total (Diversion),Daily,151,2021,593.9035,ACFT,R,Approved,2022-09-14 13:30:00
6406710,16406710,6406710 Total (Diversion),Daily,162,2022,472.0978,ACFT,*,Approved,2023-10-23 07:48:00
6406710,16406710,6406710 Total (Diversion),Daily,309,2023,1271.3408,ACFT,*,Approved,2023-12-06 10:28:00
6406710,16406710,6406710 Total (Diversion),Daily,170,2024,640.3071,ACFT,*,Approved,2025-02-14 09:37:00
6406711,16406711,6406711 Total (Diversion),Monthly,8,2007,790.09,ACFT,*,Approved,2008-04-07 13:37:00
6406711,16406711,6406711 Total (Diversion),Monthly,6,2008,913.82,ACFT,*,Approved,2009-04-17 15:31:00
6406711,16406711,6406711 Total (Diversion),Monthly,7,2009,851.79,ACFT,*,Approved,2010-03-30 14:28:00
6406711,16406711,6406711 Total (Diversion),Monthly,6,2010,790.05,ACFT,*,Approved,2011-03-30 11:01:00
6406711,16406711,6406711 Total (Diversion),Daily,171,2011,734.2005,ACFT,*,Approved,2012-05-23 08:51:00
6406711,16406711,6406711 Total (Diversion),Daily,122,2012,530.9974,ACFT,*,Approved,2013-04-04 08:04:00
6406711,16406711,6406711 Total (Diversion),Daily,110,2013,432.5391,ACFT,*,Approved,2014-05-01 16:21:00
6406711,16406711,6406711 Total (Diversion),Daily,164,2014,799.4653,ACFT,*,Approved,2015-05-11 10:25:00
6406711,16406711,6406711 Total (Diversion),Daily,152,2015,664.9985,ACFT,*,Approved,2016-05-25 18:44:00
6406711,16406711,6406711 Total (Diversion),Daily,150,2016,657.8758,ACFT,*,Approved,2017-03-24 09:11:00
6406711,16406711,6406711 Total (Diversion),Daily,164,2017,721.994,ACFT,*,Approved,2018-03-29 12:31:00
6406711,16406711,6406711 Total (Diversion),Daily,152,2018,666.9037,ACFT,*,Approved,2019-03-15 09:35:00
6406711,16406711,6406711 Total (Diversion),Daily,169,2019,642.3971,ACFT,*,Approved,2020-02-27 09:30:00
6406711,16406711,6406711 Total (Diversion),Daily,184,2020,650.1933,ACFT,*,Approved,2021-04-20 08:20:00
6406711,16406711,6406711 Total (Diversion),Daily,157,2021,540.1021,ACFT,R,Approved,2022-09-14 13:30:00
6406711,16406711,6406711 Total (Diversion),Daily,162,2022,569.0037,ACFT,*,Approved,2023-10-23 07:48:00
6406711,16406711,6406711 Total (Diversion),Daily,309,2023,1375.7036,ACFT,*,Approved,2023-12-06 10:28:00
6406711,16406711,6406711 Total (Diversion),Daily,170,2024,560.9987,ACFT,*,Approved,2025-02-14 09:37:00
6406712,16406712,6406712 Total (Diversion),Monthly,7,2007,678.95,ACFT,*,Approved,2008-04-07 13:37:00
6406712,16406712,6406712 Total (Diversion),Monthly,7,2008,822.37,ACFT,*,Approved,2009-04-17 15:31:00
6406712,16406712,6406712 Total (Diversion),Monthly,6,2009,586.68,ACFT,*,Approved,2010-03-30 14:28:00
6406712,16406712,6406712 Total (Diversion),Monthly,6,2010,751.142,ACFT,*,Approved,2011-03-30 11:01:00
6406712,16406712,6406712 Total (Diversion),Daily,169,2011,697.5057,ACFT,*,Approved,2012-05-23 08:51:00
6406712,16406712,6406712 Total (Diversion),Daily,145,2012,538.5331,ACFT,*,Approved,2013-04-04 08:04:00
6406712,16406712,6406712 Total (Diversion),Daily,78,2013,264.3922,ACFT,*,Approved,2014-05-01 16:21:00
6406712,16406712,6406712 Total (Diversion),Daily,164,2014,669.6431,ACFT,*,Approved,2015-05-11 10:25:00
6406712,16406712,6406712 Total (Diversion),Daily,152,2015,673.4679,ACFT,*,Approved,2016-05-25 18:44:00
6406712,16406712,6406712 Total (Diversion),Daily,150,2016,675.9338,ACFT,*,Approved,2017-03-24 09:11:00
6406712,16406712,6406712 Total (Diversion),Daily,153,2017,493.9312,ACFT,*,Approved,2018-03-29 12:31:00
6406712,16406712,6406712 Total (Diversion),Daily,152,2018,592.5629,ACFT,*,Approved,2019-03-15 09:35:00
6406712,16406712,6406712 Total (Diversion),Daily,169,2019,571.7062,ACFT,*,Approved,2020-02-27 09:30:00
6406712,16406712,6406712 Total (Diversion),Daily,153,2020,490.0975,ACFT,*,Approved,2021-04-20 08:20:00
6406712,16406712,6406712 Total (Diversion),Daily,157,2021,587.5964,ACFT,R,Approved,2022-09-14 13:30:00
6406712,16406712,6406712 Total (Diversion),Daily,162,2022,514.2043,ACFT,*,Approved,2023-10-23 07:48:00
6406712,16406712,6406712 Total (Diversion),Daily,309,2023,1255.0102,ACFT,*,Approved,2023-12-06 10:28:00
6406712,16406712,6406712 Total (Diversion),Daily,170,2024,662.6005,ACFT,*,Approved,2025-02-14 09:37:00
6406713,16406713,6406713 Total (Diversion),Monthly,8,2007,754.18,ACFT,*,Approved,2008-04-07 13:37:00
6406713,16406713,6406713 Total (Diversion),Monthly,7,2008,884.65,ACFT,*,Approved,2009-04-17 15:31:00
6406713,16406713,6406713 Total (Diversion),Monthly,6,2009,672.53,ACFT,*,Approved,2010-03-30 14:28:00
6406713,16406713,6406713 Total (Diversion),Monthly,6,2010,815.462,ACFT,*,Approved,2011-03-30 11:01:00
6406713,16406713,6406713 Total (Diversion),Daily,159,2011,736.2752,ACFT,*,Approved,2012-05-23 08:51:00
6406713,16406713,6406713 Total (Diversion),Daily,145,2012,595.2846,ACFT,*,Approved,2013-04-04 08:04:00
6406713,16406713,6406713 Total (Diversion),Daily,78,2013,298.3047,ACFT,*,Approved,2014-05-01 16:21:00
6406713,16406713,6406713 Total (Diversion),Daily,164,2014,742.8092,ACFT,*,Approved,2015-05-11 10:25:00
6406713,16406713,6406713 Total (Diversion),Daily,152,2015,702.9956,ACFT,*,Approved,2016-05-25 18:44:00
6406713,16406713,6406713 Total (Diversion),Daily,150,2016,700.6807,ACFT,*,Approved,2017-03-24 09:11:00
6406713,16406713,6406713 Total (Diversion),Daily,150,2017,652.1748,ACFT,*,Approved,2018-03-29 12:31:00
6406713,16406713,6406713 Total (Diversion),Daily,152,2018,696.0,ACFT,*,Approved,2019-03-15 09:35:00
6406713,16406713,6406713 Total (Diversion),Daily,169,2019,684.3061,ACFT,*,Approved,2020-02-27 09:30:00
6406713,16406713,6406713 Total (Diversion),Daily,153,2020,559.9998,ACFT,*,Approved,2021-04-20 08:20:00
6406713,16406713,6406713 Total (Diversion),Daily,157,2021,552.8965,ACFT,R,Approved,2022-09-14 13:30:00
6406713,16406713,6406713 Total (Diversion),Daily,162,2022,469.4502,ACFT,*,Approved,2023-10-23 07:48:00
6406713,16406713,6406713 Total (Diversion),Daily,309,2023,1390.3809,ACFT,*,Approved,2023-12-06 10:28:00
6406713,16406713,6406713 Total (Diversion),Daily,170,2024,709.804,ACFT,*,Approved,2025-02-14 09:37:00
6406930,16406930,6406930 Total (Diversion),Daily,6,2015,27.7551,ACFT,*,Approved,2016-05-25 18:44:00
6406930,16406930,6406930 Total (Diversion),Daily,5,2016,27.3009,ACFT,*,Approved,2017-03-24 09:11:00
6406930,16406930,6406930 Total (Diversion),Daily,39,2017,244.0895,ACFT,*,Approved,2018-03-29 12:31:00
6406930,16406930,6406930 Total (Diversion),Monthly,1,2018,112.199,ACFT,*,Approved,2019-03-15 09:36:00
6406930,16406930,6406930 Total (Diversion),Daily,48,2021,152.3562,ACFT,R,Approved,2022-09-14 13:30:00
6406930,16406930,6406930 Total (Diversion),Daily,76,2022,525.8516,ACFT,*,Approved,2023-10-23 12:39:00
6406930,16406930,6406930 Total (Diversion),Monthly,2,2024,119.4687,ACFT,*,Approved,2024-10-14 11:07:00
6406977,16406977,6406977 Total (Diversion),Monthly,12,2019,0.36,ACFT,K,Approved,2020-02-27 09:31:00
6406977,16406977,6406977 Total (Diversion),Monthly,12,2020,0.12,ACFT,K,Approved,2021-04-20 08:20:00
6406977,16406977,6406977 Total (Diversion),Monthly,12,2021,0.12,ACFT,U,Approved,2022-09-14 13:31:00
6406977,16406977,6406977 Total (Diversion),Monthly,12,2022,0.12,ACFT,U,Approved,2023-10-23 07:48:00
6406977,16406977,6406977 Total (Diversion),Monthly,12,2023,0.12,ACFT,K,Approved,2024-02-27 08:45:00
6406977,16406977,6406977 Total (Diversion),Monthly,12,2024,0.12,ACFT,K,Approved,2024-12-17 13:12:00
6406996,16406996,6406996 Total (Diversion),Monthly,12,2021,5.13,ACFT,U,Approved,2022-09-14 13:31:00
6406996,16406996,6406996 Total (Diversion),Monthly,12,2022,2.23,ACFT,U,Approved,2023-10-23 07:48:00
6406996,16406996,6406996 Total (Diversion),Monthly,12,2023,1.48,ACFT,K,Approved,2024-02-27 08:45:00
6406997,16406997,6406997 Total (Diversion),Monthly,12,2021,5.13,ACFT,U,Approved,2022-09-14 13:31:00
6406997,16406997,6406997 Total (Diversion),Monthly,12,2022,2.23,ACFT,U,Approved,2023-10-23 07:48:00
6406997,16406997,6406997 Total (Diversion),Monthly,12,2023,1.48,ACFT,K,Approved,2024-02-27 08:45:00
6407028,16407028,6407028 Total (Diversion),Monthly,3,2024,0.2,ACFT,U,Approved,2025-03-28 09:48:00
