wdid,waterClassNum,wcIdentifier,measInterval,measCount,dataMeasDate,dataValue,measUnits,obsCode,approvalStatus,modified
2005119,12005119,2005119 Total (Diversion),Annual,1,2018,0.054,ACFT,K,Approved,2019-04-04 16:17:00
2005119,12005119,2005119 Total (Diversion),Annual,1,2019,0.0,ACFT,K,Approved,2020-04-01 21:05:00
2005119,12005119,2005119 Total (Diversion),Annual,1,2020,0.0,ACFT,K,Approved,2021-03-26 10:46:00
2005119,12005119,2005119 Total (Diversion),Annual,1,2021,0.001,ACFT,K,Approved,2022-03-30 09:30:00
2005119,12005119,2005119 Total (Diversion),Annual,1,2022,0.0,ACFT,K,Approved,2023-02-03 11:04:00
2005119,12005119,2005119 Total (Diversion),Annual,1,2023,0.0,ACFT,K,Approved,2024-01-17 13:27:00
2005119,12005119,2005119 Total (Diversion),Annual,1,2024,0.0,ACFT,K,Approved,2024-10-30 13:07:00
2005206,12005206,2005206 Total (Diversion),Annual,1,2009,70.6,ACFT,U,Approved,2010-06-29 16:23:00
2005206,12005206,2005206 Total (Diversion),Annual,1,2010,123.6,ACFT,U,Approved,2011-06-20 17:12:00
2005206,12005206,2005206 Total (Diversion),Annual,1,2011,114.43,ACFT,U,Approved,2012-07-06 07:51:00
2005206,12005206,2005206 Total (Diversion),Annual,1,2012,97.09,ACFT,K,Approved,2013-05-03 15:13:00
2005206,12005206,2005206 Total (Diversion),Annual,1,2013,82.14,ACFT,K,Approved,2014-04-04 13:52:00
2005206,12005206,2005206 Total (Diversion),Annual,1,2014,108.175,ACFT,K,Approved,2015-06-01 17:12:00
2005206,12005206,2005206 Total (Diversion),Annual,1,2015,82.04,ACFT,K,Approved,2016-05-30 14:30:00
2005206,12005206,2005206 Total (Diversion),Annual,1,2016,100.775,ACFT,K,Approved,2018-01-03 15:56:00
2005206,12005206,2005206 Total (Diversion),Annual,1,2017,84.825,ACFT,K,Approved,2018-05-25 09:41:00
2005206,12005206,2005206 Total (Diversion),Annual,1,2018,113.33,ACFT,K,Approved,2019-04-04 16:17:00
2005206,12005206,2005206 Total (Diversion),Annual,1,2019,88.365,ACFT,K,Approved,2020-04-01 21:05:00
2005206,12005206,2005206 Total (Diversion),Annual,1,2020,98.15,ACFT,K,Approved,2021-03-26 10:46:00
2005206,12005206,2005206 Total (Diversion),Annual,1,2021,92.035,ACFT,K,Approved,2022-03-30 09:30:00
2005206,12005206,2005206 Total (Diversion),Annual,1,2022,39.3,ACFT,K,Approved,2023-02-03 11:03:00
2005206,12005206,2005206 Total (Diversion),Annual,1,2023,96.935,ACFT,K,Approved,2024-01-11 13:44:00
2005206,12005206,2005206 Total (Diversion),Annual,1,2024,62.79,ACFT,K,Approved,2024-12-02 12:22:00
2005498,12005498,2005498 Total (Diversion),Annual,1,2009,70.6,ACFT,U,Approved,2010-06-29 16:23:00
2005498,12005498,2005498 Total (Diversion),Annual,1,2010,123.6,ACFT,U,Approved,2011-06-20 17:12:00
2005498,12005498,2005498 Total (Diversion),Annual,1,2011,114.43,ACFT,U,Approved,2012-07-06 07:51:00
2005498,12005498,2005498 Total (Diversion),Annual,1,2012,97.09,ACFT,K,Approved,2013-05-03 15:13:00
2005498,12005498,2005498 Total (Diversion),Annual,1,2013,82.14,ACFT,K,Approved,2014-04-04 13:52:00
2005498,12005498,2005498 Total (Diversion),Annual,1,2014,108.175,ACFT,K,Approved,2015-06-01 17:12:00
2005498,12005498,2005498 Total (Diversion),Annual,1,2015,82.04,ACFT,K,Approved,2016-05-30 14:30:00
2005498,12005498,2005498 Total (Diversion),Annual,1,2016,100.775,ACFT,K,Approved,2018-01-03 15:56:00
2005498,12005498,2005498 Total (Diversion),Annual,1,2017,84.825,ACFT,K,Approved,2018-05-25 09:41:00
2005498,12005498,2005498 Total (Diversion),Annual,1,2018,113.33,ACFT,K,Approved,2019-04-04 16:17:00
2005498,12005498,2005498 Total (Diversion),Annual,1,2019,88.365,ACFT,K,Approved,2020-04-01 21:05:00
2005498,12005498,2005498 Total (Diversion),Annual,1,2020,98.15,ACFT,K,Approved,2021-03-26 10:46:00
2005498,12005498,2005498 Total (Diversion),Annual,1,2021,92.035,ACFT,K,Approved,2022-03-30 09:30:00
2005498,12005498,2005498 Total (Diversion),Annual,1,2022,39.3,ACFT,K,Approved,2023-02-03 11:03:00
2005498,12005498,2005498 Total (Diversion),Annual,1,2023,96.935,ACFT,K,Approved,2024-01-11 13:44:00
2005498,12005498,2005498 Total (Diversion),Annual,1,2024,62.79,ACFT,K,Approved,2024-12-02 12:22:00
2005612,12005612,2005612 Total (Diversion),Annual,1,2009,92.5,ACFT,U,Approved,2010-06-29 16:23:00
2005612,12005612,2005612 Total (Diversion),Annual,1,2010,101.0,ACFT,U,Approved,2011-06-20 17:12:00
2005612,12005612,2005612 Total (Diversion),Annual,1,2011,117.95,ACFT,U,Approved,2012-07-06 07:51:00
2005612,12005612,2005612 Total (Diversion),Annual,1,2012,84.86,ACFT,K,Approved,2013-05-03 15:13:00
2005612,12005612,2005612 Total (Diversion),Annual,1,2013,96.99,ACFT,K,Approved,2014-04-04 13:52:00
2005612,12005612,2005612 Total (Diversion),Annual,1,2014,80.395,ACFT,K,Approved,2015-06-01 17:12:00
2005612,12005612,2005612 Total (Diversion),Annual,1,2015,81.45,ACFT,K,Approved,2016-05-30 14:30:00
2005612,12005612,2005612 Total (Diversion),Annual,1,2016,97.27,ACFT,K,Approved,2018-01-03 15:56:00
2005612,12005612,2005612 Total (Diversion),Annual,1,2017,111.955,ACFT,K,Approved,2018-05-25 09:41:00
2005612,12005612,2005612 Total (Diversion),Annual,1,2018,107.39,ACFT,K,Approved,2019-04-04 16:17:00
2005612,12005612,2005612 Total (Diversion),Annual,1,2019,89.885,ACFT,K,Approved,2020-04-01 21:05:00
2005612,12005612,2005612 Total (Diversion),Annual,1,2020,107.725,ACFT,K,Approved,2021-03-26 10:46:00
2005612,12005612,2005612 Total (Diversion),Annual,1,2021,85.915,ACFT,K,Approved,2022-03-30 09:30:00
2005612,12005612,2005612 Total (Diversion),Annual,1,2022,77.595,ACFT,K,Approved,2023-02-03 11:03:00
2005612,12005612,2005612 Total (Diversion),Annual,1,2023,55.44,ACFT,K,Approved,2024-01-11 13:44:00
2005612,12005612,2005612 Total (Diversion),Annual,1,2024,75.55,ACFT,K,Approved,2024-12-02 12:18:00
2005648,12005648,2005648 Total (Diversion),Annual,1,2009,269.14,ACFT,U,Approved,2010-06-29 16:23:00
2005648,12005648,2005648 Total (Diversion),Annual,1,2010,298.99,ACFT,U,Approved,2011-06-20 17:12:00
2005648,12005648,2005648 Total (Diversion),Annual,1,2011,283.39,ACFT,U,Approved,2012-07-06 07:51:00
2005648,12005648,2005648 Total (Diversion),Annual,1,2012,412.67,ACFT,K,Approved,2013-05-03 15:13:00
2005648,12005648,2005648 Total (Diversion),Annual,1,2013,290.56,ACFT,K,Approved,2014-04-04 13:52:00
2005648,12005648,2005648 Total (Diversion),Annual,1,2014,321.51,ACFT,K,Approved,2015-06-01 17:12:00
2005648,12005648,2005648 Total (Diversion),Annual,1,2015,263.67,ACFT,K,Approved,2016-05-30 14:30:00
2005648,12005648,2005648 Total (Diversion),Annual,1,2016,305.14,ACFT,K,Approved,2018-01-03 15:56:00
2005648,12005648,2005648 Total (Diversion),Annual,1,2017,330.52,ACFT,K,Approved,2018-05-25 09:41:00
2005648,12005648,2005648 Total (Diversion),Annual,1,2018,259.95,ACFT,K,Approved,2019-04-04 16:17:00
2005648,12005648,2005648 Total (Diversion),Annual,1,2019,224.99,ACFT,K,Approved,2020-04-01 21:05:00
2005648,12005648,2005648 Total (Diversion),Annual,1,2020,344.96,ACFT,K,Approved,2021-03-26 10:46:00
2005648,12005648,2005648 Total (Diversion),Annual,1,2021,318.69,ACFT,K,Approved,2022-03-30 09:30:00
2005648,12005648,2005648 Total (Diversion),Annual,1,2022,209.12,ACFT,K,Approved,2023-02-03 11:02:00
2005648,12005648,2005648 Total (Diversion),Annual,1,2023,0.0,ACFT,K,Approved,2024-01-12 10:21:00
2005648,12005648,2005648 Total (Diversion),Annual,1,2024,0.0,ACFT,K,Approved,2024-12-02 11:41:00
2005705,12005705,2005705 Total (Diversion),Annual,1,2009,103.58,ACFT,U,Approved,2010-06-29 16:23:00
2005705,12005705,2005705 Total (Diversion),Annual,1,2010,149.18,ACFT,U,Approved,2011-06-20 17:12:00
2005705,12005705,2005705 Total (Diversion),Annual,1,2011,134.65,ACFT,U,Approved,2012-07-06 07:51:00
2005705,12005705,2005705 Total (Diversion),Annual,1,2012,91.25,ACFT,K,Approved,2013-05-03 15:13:00
2005705,12005705,2005705 Total (Diversion),Annual,1,2013,104.005,ACFT,K,Approved,2014-04-04 13:52:00
2005705,12005705,2005705 Total (Diversion),Annual,1,2014,116.065,ACFT,K,Approved,2015-06-01 17:12:00
2005705,12005705,2005705 Total (Diversion),Annual,1,2015,90.66,ACFT,K,Approved,2016-05-30 14:30:00
2005705,12005705,2005705 Total (Diversion),Annual,1,2016,65.19,ACFT,K,Approved,2018-01-03 15:56:00
2005705,12005705,2005705 Total (Diversion),Annual,1,2017,121.81,ACFT,K,Approved,2018-05-25 09:41:00
2005705,12005705,2005705 Total (Diversion),Annual,1,2018,132.16,ACFT,K,Approved,2019-04-04 16:17:00
2005705,12005705,2005705 Total (Diversion),Annual,1,2019,81.26,ACFT,K,Approved,2020-04-01 21:05:00
2005705,12005705,2005705 Total (Diversion),Annual,1,2020,104.0,ACFT,K,Approved,2021-03-26 10:46:00
2005705,12005705,2005705 Total (Diversion),Annual,1,2021,71.065,ACFT,K,Approved,2022-03-30 09:30:00
2005705,12005705,2005705 Total (Diversion),Annual,1,2022,84.4495,ACFT,K,Approved,2023-02-03 11:03:00
2005705,12005705,2005705 Total (Diversion),Annual,1,2023,99.1965,ACFT,K,Approved,2024-01-16 10:19:00
2005705,12005705,2005705 Total (Diversion),Annual,1,2024,79.1865,ACFT,K,Approved,2024-11-19 11:02:00
2005807,12005807,2005807 Total (Diversion),Annual,1,2009,235.58,ACFT,U,Approved,2010-06-29 16:23:00
2005807,12005807,2005807 Total (Diversion),Annual,1,2010,386.5,ACFT,U,Approved,2011-06-20 17:12:00
2005807,12005807,2005807 Total (Diversion),Annual,1,2011,326.77,ACFT,U,Approved,2012-07-06 07:51:00
2005807,12005807,2005807 Total (Diversion),Annual,1,2012,410.0,ACFT,K,Approved,2013-05-03 15:13:00
2005807,12005807,2005807 Total (Diversion),Annual,1,2013,323.352,ACFT,K,Approved,2014-04-04 13:52:00
2005807,12005807,2005807 Total (Diversion),Annual,1,2014,395.477,ACFT,K,Approved,2015-06-01 17:12:00
2005807,12005807,2005807 Total (Diversion),Annual,1,2015,370.012,ACFT,K,Approved,2016-05-30 14:30:00
2005807,12005807,2005807 Total (Diversion),Annual,1,2016,103.53,ACFT,K,Approved,2018-01-03 15:56:00
2005807,12005807,2005807 Total (Diversion),Annual,1,2017,404.3,ACFT,K,Approved,2018-05-25 09:41:00
2005807,12005807,2005807 Total (Diversion),Annual,1,2018,468.249,ACFT,K,Approved,2020-01-29 12:30:00
2005807,12005807,2005807 Total (Diversion),Annual,1,2019,343.194,ACFT,K,Approved,2020-04-01 21:05:00
2005807,12005807,2005807 Total (Diversion),Annual,1,2020,358.072,ACFT,K,Approved,2021-03-26 10:46:00
2005807,12005807,2005807 Total (Diversion),Annual,1,2021,202.795,ACFT,K,Approved,2022-03-30 09:30:00
2005807,12005807,2005807 Total (Diversion),Annual,1,2022,210.422,ACFT,K,Approved,2023-02-03 11:04:00
2005807,12005807,2005807 Total (Diversion),Annual,1,2023,6.078,ACFT,K,Approved,2024-01-12 15:52:00
2005807,12005807,2005807 Total (Diversion),Annual,1,2024,61.791,ACFT,K,Approved,2024-12-02 11:50:00
2006474,12006474,2006474 Total (Diversion),Annual,1,2009,48.7,ACFT,U,Approved,2010-06-29 16:23:00
2006474,12006474,2006474 Total (Diversion),Annual,1,2010,80.0,ACFT,U,Approved,2011-06-20 17:12:00
2006474,12006474,2006474 Total (Diversion),Annual,1,2011,113.135,ACFT,U,Approved,2013-11-25 14:57:00
2006474,12006474,2006474 Total (Diversion),Annual,1,2012,125.88,ACFT,K,Approved,2013-05-03 15:13:00
2006474,12006474,2006474 Total (Diversion),Annual,1,2013,101.5,ACFT,K,Approved,2014-04-04 13:52:00
2006474,12006474,2006474 Total (Diversion),Annual,1,2014,99.13,ACFT,K,Approved,2015-06-01 17:12:00
2006474,12006474,2006474 Total (Diversion),Annual,1,2015,86.14,ACFT,K,Approved,2016-05-30 14:30:00
2006474,12006474,2006474 Total (Diversion),Annual,1,2016,99.78,ACFT,K,Approved,2018-01-03 15:56:00
2006474,12006474,2006474 Total (Diversion),Annual,1,2017,94.235,ACFT,K,Approved,2018-05-25 09:41:00
2006474,12006474,2006474 Total (Diversion),Annual,1,2018,114.57,ACFT,K,Approved,2019-04-04 16:17:00
2006474,12006474,2006474 Total (Diversion),Annual,1,2019,85.535,ACFT,K,Approved,2020-04-01 21:05:00
2006474,12006474,2006474 Total (Diversion),Annual,1,2020,49.085,ACFT,K,Approved,2021-03-26 10:46:00
2006474,12006474,2006474 Total (Diversion),Annual,1,2021,118.335,ACFT,K,Approved,2022-03-30 09:30:00
2006474,12006474,2006474 Total (Diversion),Annual,1,2022,34.895,ACFT,K,Approved,2023-02-03 11:01:00
2006474,12006474,2006474 Total (Diversion),Annual,1,2023,117.01,ACFT,K,Approved,2024-01-12 17:38:00
2006474,12006474,2006474 Total (Diversion),Annual,1,2024,33.6,ACFT,K,Approved,2024-11-21 11:05:00
2008001,12008001,2008001 Total (Diversion),Annual,1,2009,207.69,ACFT,U,Approved,2010-06-29 16:23:00
2008001,12008001,2008001 Total (Diversion),Annual,1,2010,290.65,ACFT,U,Approved,2011-06-20 17:12:00
2008001,12008001,2008001 Total (Diversion),Annual,1,2011,286.88,ACFT,U,Approved,2012-07-06 07:51:00
2008001,12008001,2008001 Total (Diversion),Annual,1,2012,249.18,ACFT,K,Approved,2013-05-03 15:13:00
2008001,12008001,2008001 Total (Diversion),Annual,1,2013,240.15,ACFT,K,Approved,2014-04-04 13:52:00
2008001,12008001,2008001 Total (Diversion),Annual,1,2014,253.25,ACFT,K,Approved,2015-06-01 17:12:00
2008001,12008001,2008001 Total (Diversion),Annual,1,2015,202.99,ACFT,K,Approved,2016-05-30 14:30:00
2008001,12008001,2008001 Total (Diversion),Annual,1,2016,188.56,ACFT,K,Approved,2018-01-03 15:56:00
2008001,12008001,2008001 Total (Diversion),Annual,1,2017,203.27,ACFT,K,Approved,2018-05-25 09:41:00
2008001,12008001,2008001 Total (Diversion),Annual,1,2018,237.93,ACFT,K,Approved,2019-04-04 16:17:00
2008001,12008001,2008001 Total (Diversion),Annual,1,2019,206.24,ACFT,K,Approved,2020-04-01 21:05:00
2008001,12008001,2008001 Total (Diversion),Annual,1,2020,208.34,ACFT,K,Approved,2021-03-26 10:46:00
2008001,12008001,2008001 Total (Diversion),Annual,1,2021,117.84,ACFT,K,Approved,2022-03-30 09:30:00
2008001,12008001,2008001 Total (Diversion),Annual,1,2022,187.3,ACFT,K,Approved,2023-02-03 11:02:00
2008001,12008001,2008001 Total (Diversion),Annual,1,2023,212.07,ACFT,K,Approved,2024-01-12 09:25:00
2008001,12008001,2008001 Total (Diversion),Annual,1,2024,130.23,ACFT,K,Approved,2024-10-24 09:34:00
2008164,12008164,2008164 Total (Diversion),Annual,1,2009,92.53,ACFT,U,Approved,2010-06-29 16:23:00
2008164,12008164,2008164 Total (Diversion),Annual,1,2010,112.225,ACFT,U,Approved,2013-11-25 21:48:00
2008164,12008164,2008164 Total (Diversion),Annual,1,2011,113.415,ACFT,U,Approved,2013-11-25 15:20:00
2008164,12008164,2008164 Total (Diversion),Annual,1,2012,97.54,ACFT,K,Approved,2013-05-03 15:13:00
2008164,12008164,2008164 Total (Diversion),Annual,1,2013,85.175,ACFT,K,Approved,2014-04-04 13:52:00
2008164,12008164,2008164 Total (Diversion),Annual,1,2014,82.08,ACFT,K,Approved,2015-06-01 17:12:00
2008164,12008164,2008164 Total (Diversion),Annual,1,2015,69.43,ACFT,K,Approved,2016-05-30 14:30:00
2008164,12008164,2008164 Total (Diversion),Annual,1,2016,77.42,ACFT,K,Approved,2018-01-03 15:56:00
2008164,12008164,2008164 Total (Diversion),Annual,1,2017,86.705,ACFT,K,Approved,2018-05-25 09:41:00
2008164,12008164,2008164 Total (Diversion),Annual,1,2018,86.74,ACFT,K,Approved,2019-04-04 16:17:00
2008164,12008164,2008164 Total (Diversion),Annual,1,2019,82.01,ACFT,K,Approved,2020-04-01 21:05:00
2008164,12008164,2008164 Total (Diversion),Annual,1,2020,92.665,ACFT,K,Approved,2021-03-26 10:46:00
2008164,12008164,2008164 Total (Diversion),Annual,1,2021,36.07,ACFT,K,Approved,2022-03-30 09:30:00
2008164,12008164,2008164 Total (Diversion),Annual,1,2022,95.26,ACFT,K,Approved,2023-02-03 11:02:00
2008164,12008164,2008164 Total (Diversion),Annual,1,2023,98.095,ACFT,K,Approved,2024-01-12 12:45:00
2008164,12008164,2008164 Total (Diversion),Annual,1,2024,69.575,ACFT,K,Approved,2024-11-21 11:06:00
2008188,12008188,2008188 Total (Diversion),Annual,1,2009,198.01,ACFT,K,Approved,2017-06-07 11:50:00
2008188,12008188,2008188 Total (Diversion),Annual,1,2010,244.69,ACFT,K,Approved,2017-06-07 13:11:00
2008188,12008188,2008188 Total (Diversion),Annual,1,2011,293.63,ACFT,U,Approved,2012-07-06 07:51:00
2008188,12008188,2008188 Total (Diversion),Annual,1,2012,340.16,ACFT,K,Approved,2013-05-03 15:13:00
2008188,12008188,2008188 Total (Diversion),Annual,1,2013,267.62,ACFT,K,Approved,2014-04-04 13:52:00
2008188,12008188,2008188 Total (Diversion),Annual,1,2014,260.04,ACFT,K,Approved,2015-06-01 17:12:00
2008188,12008188,2008188 Total (Diversion),Annual,1,2015,223.74,ACFT,K,Approved,2016-05-30 14:30:00
2008188,12008188,2008188 Total (Diversion),Annual,1,2016,288.96,ACFT,K,Approved,2018-01-03 15:56:00
2008188,12008188,2008188 Total (Diversion),Annual,1,2017,287.64,ACFT,K,Approved,2018-05-25 09:41:00
2008188,12008188,2008188 Total (Diversion),Annual,1,2018,265.56,ACFT,K,Approved,2019-04-04 16:17:00
2008188,12008188,2008188 Total (Diversion),Annual,1,2019,173.78,ACFT,K,Approved,2020-04-01 21:05:00
2008188,12008188,2008188 Total (Diversion),Annual,1,2020,216.06,ACFT,K,Approved,2021-03-26 10:46:00
2008188,12008188,2008188 Total (Diversion),Annual,1,2021,175.82,ACFT,K,Approved,2022-03-30 09:30:00
2008188,12008188,2008188 Total (Diversion),Annual,1,2022,270.36,ACFT,K,Approved,2023-02-03 11:03:00
2008188,12008188,2008188 Total (Diversion),Annual,1,2023,264.79,ACFT,K,Approved,2023-10-12 15:55:00
2008188,12008188,2008188 Total (Diversion),Annual,1,2024,222.59,ACFT,K,Approved,2024-11-21 11:05:00
2008189,12008189,2008189 Total (Diversion),Annual,1,2009,240.16,ACFT,K,Approved,2017-06-07 13:11:00
2008189,12008189,2008189 Total (Diversion),Annual,1,2010,392.84,ACFT,K,Approved,2017-06-07 11:51:00
2008189,12008189,2008189 Total (Diversion),Annual,1,2011,423.87,ACFT,U,Approved,2012-07-06 07:51:00
2008189,12008189,2008189 Total (Diversion),Annual,1,2012,431.16,ACFT,K,Approved,2013-05-03 15:13:00
2008189,12008189,2008189 Total (Diversion),Annual,1,2013,454.69,ACFT,K,Approved,2014-04-04 13:52:00
2008189,12008189,2008189 Total (Diversion),Annual,1,2014,358.89,ACFT,K,Approved,2015-06-01 17:12:00
2008189,12008189,2008189 Total (Diversion),Annual,1,2015,311.24,ACFT,K,Approved,2016-05-30 14:30:00
2008189,12008189,2008189 Total (Diversion),Annual,1,2016,252.85,ACFT,K,Approved,2018-01-03 15:56:00
2008189,12008189,2008189 Total (Diversion),Annual,1,2017,259.8,ACFT,K,Approved,2018-05-25 09:41:00
2008189,12008189,2008189 Total (Diversion),Annual,1,2018,152.37,ACFT,K,Approved,2019-04-04 16:17:00
2008189,12008189,2008189 Total (Diversion),Annual,1,2019,229.96,ACFT,K,Approved,2020-04-01 21:05:00
2008189,12008189,2008189 Total (Diversion),Annual,1,2020,305.81,ACFT,K,Approved,2021-03-26 10:46:00
2008189,12008189,2008189 Total (Diversion),Annual,1,2021,275.3,ACFT,K,Approved,2022-03-30 09:30:00
2008189,12008189,2008189 Total (Diversion),Annual,1,2022,259.14,ACFT,K,Approved,2023-02-03 11:03:00
2008189,12008189,2008189 Total (Diversion),Annual,1,2023,320.62,ACFT,K,Approved,2024-01-12 11:09:00
2008189,12008189,2008189 Total (Diversion),Annual,1,2024,254.63,ACFT,K,Approved,2024-11-18 11:35:00
2008420,12008420,2008420 Total (Diversion),Annual,1,2014,98.625,ACFT,K,Approved,2018-02-14 13:06:00
2008420,12008420,2008420 Total (Diversion),Annual,1,2015,89.375,ACFT,K,Approved,2018-01-24 16:20:00
2008420,12008420,2008420 Total (Diversion),Annual,1,2016,98.565,ACFT,K,Approved,2018-01-03 15:56:00
2008420,12008420,2008420 Total (Diversion),Annual,1,2017,106.96,ACFT,K,Approved,2018-05-25 09:41:00
2008420,12008420,2008420 Total (Diversion),Annual,1,2018,81.19,ACFT,K,Approved,2019-04-04 16:17:00
2008420,12008420,2008420 Total (Diversion),Annual,1,2019,95.715,ACFT,K,Approved,2020-04-01 21:05:00
2008420,12008420,2008420 Total (Diversion),Annual,1,2020,38.45,ACFT,K,Approved,2021-03-26 10:46:00
2008420,12008420,2008420 Total (Diversion),Annual,1,2021,85.135,ACFT,K,Approved,2022-03-30 09:30:00
2008420,12008420,2008420 Total (Diversion),Annual,1,2022,80.81,ACFT,K,Approved,2023-02-03 11:03:00
2008420,12008420,2008420 Total (Diversion),Annual,1,2023,100.49,ACFT,K,Approved,2024-01-10 16:14:00
2008420,12008420,2008420 Total (Diversion),Annual,1,2024,88.9535,ACFT,K,Approved,2024-12-31 12:50:00
2008502,12008502,2008502 Total (Diversion),Annual,1,2009,48.7,ACFT,U,Approved,2010-06-29 16:23:00
2008502,12008502,2008502 Total (Diversion),Annual,1,2010,80.0,ACFT,U,Approved,2011-06-20 17:12:00
2008502,12008502,2008502 Total (Diversion),Annual,1,2011,113.135,ACFT,U,Approved,2013-11-25 15:45:00
2008502,12008502,2008502 Total (Diversion),Annual,1,2012,125.88,ACFT,K,Approved,2013-05-03 15:13:00
2008502,12008502,2008502 Total (Diversion),Annual,1,2013,101.5,ACFT,K,Approved,2014-04-04 13:52:00
2008502,12008502,2008502 Total (Diversion),Annual,1,2014,99.13,ACFT,K,Approved,2015-06-01 17:12:00
2008502,12008502,2008502 Total (Diversion),Annual,1,2015,86.14,ACFT,K,Approved,2016-05-30 14:30:00
2008502,12008502,2008502 Total (Diversion),Annual,1,2016,99.78,ACFT,K,Approved,2018-01-03 15:56:00
2008502,12008502,2008502 Total (Diversion),Annual,1,2017,94.235,ACFT,K,Approved,2018-05-25 09:41:00
2008502,12008502,2008502 Total (Diversion),Annual,1,2018,114.57,ACFT,K,Approved,2019-04-04 16:17:00
2008502,12008502,2008502 Total (Diversion),Annual,1,2019,85.535,ACFT,K,Approved,2020-04-01 21:05:00
2008502,12008502,2008502 Total (Diversion),Annual,1,2020,49.085,ACFT,K,Approved,2021-03-26 10:46:00
2008502,12008502,2008502 Total (Diversion),Annual,1,2021,118.335,ACFT,K,Approved,2022-03-30 09:30:00
2008502,12008502,2008502 Total (Diversion),Annual,1,2022,34.895,ACFT,K,Approved,2023-02-03 11:01:00
2008502,12008502,2008502 Total (Diversion),Annual,1,2023,117.01,ACFT,K,Approved,2024-01-12 17:38:00
2008502,12008502,2008502 Total (Diversion),Annual,1,2024,33.6,ACFT,K,Approved,2024-11-21 11:05:00
2008788,12008788,2008788 Total (Diversion),Annual,1,2023,60.61,ACFT,K,Approved,2024-01-17 14:42:00
2008788,12008788,2008788 Total (Diversion),Annual,1,2024,39.775,ACFT,K,Approved,2024-11-18 13:16:00
2009051,12009051,2009051 Total (Diversion),Annual,1,2018,5.567,ACFT,K,Approved,2019-05-08 16:00:00
2009051,12009051,2009051 Total (Diversion),Annual,1,2019,153.364,ACFT,K,Approved,2020-04-01 21:05:00
2009051,12009051,2009051 Total (Diversion),Annual,1,2020,96.2025,ACFT,K,Approved,2021-03-26 10:46:00
2009051,12009051,2009051 Total (Diversion),Annual,1,2021,97.3025,ACFT,K,Approved,2022-03-30 09:30:00
2009051,12009051,2009051 Total (Diversion),Annual,1,2022,70.9255,ACFT,K,Approved,2023-02-03 11:04:00
2009051,12009051,2009051 Total (Diversion),Annual,1,2023,75.3835,ACFT,K,Approved,2024-01-11 09:28:00
2009051,12009051,2009051 Total (Diversion),Annual,1,2024,65.5395,ACFT,K,Approved,2024-12-02 13:11:00
2009269,12009269,2009269 Total (Diversion),Annual,1,2009,113.65,ACFT,U,Approved,2010-06-29 16:23:00
2009269,12009269,2009269 Total (Diversion),Annual,1,2010,115.665,ACFT,U,Approved,2013-11-25 22:21:00
2009269,12009269,2009269 Total (Diversion),Annual,1,2011,140.65,ACFT,U,Approved,2012-07-06 07:51:00
2009269,12009269,2009269 Total (Diversion),Annual,1,2012,142.055,ACFT,K,Approved,2013-05-03 15:13:00
2009269,12009269,2009269 Total (Diversion),Annual,1,2013,113.795,ACFT,K,Approved,2014-04-04 13:52:00
2009269,12009269,2009269 Total (Diversion),Annual,1,2014,114.645,ACFT,K,Approved,2015-06-01 17:12:00
2009269,12009269,2009269 Total (Diversion),Annual,1,2015,101.454,ACFT,K,Approved,2016-05-30 14:30:00
2009269,12009269,2009269 Total (Diversion),Annual,1,2016,110.88,ACFT,K,Approved,2018-01-03 15:56:00
2009269,12009269,2009269 Total (Diversion),Annual,1,2017,103.74,ACFT,K,Approved,2018-05-25 09:41:00
2009269,12009269,2009269 Total (Diversion),Annual,1,2018,87.245,ACFT,K,Approved,2019-04-04 16:17:00
2009269,12009269,2009269 Total (Diversion),Annual,1,2019,122.675,ACFT,K,Approved,2020-04-01 21:05:00
2009269,12009269,2009269 Total (Diversion),Annual,1,2020,99.6,ACFT,K,Approved,2021-03-26 10:46:00
2009269,12009269,2009269 Total (Diversion),Annual,1,2021,95.26,ACFT,K,Approved,2022-03-30 09:30:00
2009269,12009269,2009269 Total (Diversion),Annual,1,2022,100.145,ACFT,K,Approved,2023-02-03 11:03:00
2009269,12009269,2009269 Total (Diversion),Annual,1,2023,117.7305,ACFT,K,Approved,2024-01-16 17:35:00
2009269,12009269,2009269 Total (Diversion),Annual,1,2024,76.131,ACFT,K,Approved,2024-12-02 12:40:00
2009270,12009270,2009270 Total (Diversion),Annual,1,2009,1.24,ACFT,U,Approved,2013-09-04 09:40:00
2009270,12009270,2009270 Total (Diversion),Annual,1,2010,0.8694,ACFT,U,Approved,2013-11-25 22:22:00
2009270,12009270,2009270 Total (Diversion),Annual,1,2011,0.6519,ACFT,U,Approved,2013-11-25 16:24:00
2009270,12009270,2009270 Total (Diversion),Annual,1,2012,4.9596,ACFT,K,Approved,2013-09-04 09:40:00
2009270,12009270,2009270 Total (Diversion),Annual,2,2013,102.3,ACFT,K,Approved,2018-02-02 10:50:00
2009270,12009270,2009270 Total (Diversion),Annual,2,2014,121.5088,ACFT,K,Approved,2018-02-14 13:55:00
2009270,12009270,2009270 Total (Diversion),Annual,2,2015,95.8348,ACFT,K,Approved,2018-01-25 14:20:00
2009270,12009270,2009270 Total (Diversion),Annual,2,2016,104.5294,ACFT,K,Approved,2018-01-26 10:10:00
2009270,12009270,2009270 Total (Diversion),Annual,1,2017,93.4632,ACFT,K,Approved,2018-05-25 09:41:00
2009270,12009270,2009270 Total (Diversion),Annual,1,2018,80.7506,ACFT,K,Approved,2019-04-04 16:17:00
2009270,12009270,2009270 Total (Diversion),Annual,1,2019,97.431,ACFT,K,Approved,2020-04-01 21:05:00
2009270,12009270,2009270 Total (Diversion),Annual,1,2020,104.6085,ACFT,K,Approved,2021-03-26 10:46:00
2009270,12009270,2009270 Total (Diversion),Annual,1,2021,67.6813,ACFT,K,Approved,2022-03-30 09:30:00
2009270,12009270,2009270 Total (Diversion),Annual,1,2022,56.2393,ACFT,K,Approved,2023-02-03 11:05:00
2009270,12009270,2009270 Total (Diversion),Annual,1,2023,68.6935,ACFT,K,Approved,2024-01-17 12:47:00
2009270,12009270,2009270 Total (Diversion),Annual,1,2024,62.1091,ACFT,K,Approved,2024-11-19 11:05:00
2009270,12009270,2009270 Total (Diversion),Annual,1,2025,0.1573,ACFT,K,Provisional,2025-06-18 16:34:00
2009271,12009271,2009271 Total (Diversion),Annual,1,2009,162.16,ACFT,U,Approved,2010-06-29 16:23:00
2009271,12009271,2009271 Total (Diversion),Annual,1,2010,130.19,ACFT,U,Approved,2011-06-20 17:12:00
2009271,12009271,2009271 Total (Diversion),Annual,1,2011,209.38,ACFT,U,Approved,2012-07-06 07:51:00
2009271,12009271,2009271 Total (Diversion),Annual,1,2012,135.43,ACFT,K,Approved,2013-05-03 15:13:00
2009271,12009271,2009271 Total (Diversion),Annual,1,2013,67.25,ACFT,K,Approved,2014-04-04 13:52:00
2009271,12009271,2009271 Total (Diversion),Annual,1,2014,20.98,ACFT,K,Approved,2015-06-01 17:12:00
2009271,12009271,2009271 Total (Diversion),Annual,1,2015,17.48,ACFT,K,Approved,2016-05-30 14:30:00
2009271,12009271,2009271 Total (Diversion),Annual,1,2016,19.51,ACFT,K,Approved,2018-01-03 15:56:00
2009271,12009271,2009271 Total (Diversion),Annual,1,2017,21.13,ACFT,K,Approved,2018-05-25 09:41:00
2009271,12009271,2009271 Total (Diversion),Annual,1,2018,39.23,ACFT,K,Approved,2019-04-04 16:17:00
2009271,12009271,2009271 Total (Diversion),Annual,1,2019,26.18,ACFT,K,Approved,2020-04-01 21:05:00
2009271,12009271,2009271 Total (Diversion),Annual,1,2020,22.31,ACFT,K,Approved,2021-03-26 10:46:00
2009271,12009271,2009271 Total (Diversion),Annual,1,2021,17.66,ACFT,K,Approved,2022-03-30 09:30:00
2009271,12009271,2009271 Total (Diversion),Annual,1,2022,17.76,ACFT,K,Approved,2023-02-03 11:03:00
2009271,12009271,2009271 Total (Diversion),Annual,1,2023,15.9,ACFT,K,Approved,2024-01-16 17:30:00
2009271,12009271,2009271 Total (Diversion),Annual,1,2024,12.47,ACFT,K,Approved,2024-12-02 12:31:00
2009467,12009467,2009467 Total (Diversion),Annual,1,2009,31.56,ACFT,U,Approved,2010-06-29 16:23:00
2009467,12009467,2009467 Total (Diversion),Annual,1,2010,100.0,ACFT,U,Approved,2011-06-20 17:12:00
2009467,12009467,2009467 Total (Diversion),Annual,1,2011,5.16,ACFT,U,Approved,2012-07-06 07:51:00
2009467,12009467,2009467 Total (Diversion),Annual,1,2012,0.05,ACFT,K,Approved,2013-05-03 15:13:00
2009467,12009467,2009467 Total (Diversion),Annual,1,2013,0.0,ACFT,K,Approved,2014-04-04 13:52:00
2009467,12009467,2009467 Total (Diversion),Annual,1,2014,0.0,ACFT,K,Approved,2015-06-01 17:12:00
2009467,12009467,2009467 Total (Diversion),Annual,1,2015,0.0,ACFT,K,Approved,2016-05-30 14:30:00
2009467,12009467,2009467 Total (Diversion),Annual,1,2016,0.06,ACFT,K,Approved,2018-01-03 15:56:00
2009467,12009467,2009467 Total (Diversion),Annual,1,2017,0.0,ACFT,K,Approved,2018-05-25 09:41:00
2009467,12009467,2009467 Total (Diversion),Annual,1,2018,0.0,ACFT,K,Approved,2019-04-04 16:17:00
2009467,12009467,2009467 Total (Diversion),Annual,1,2019,0.0,ACFT,K,Approved,2020-04-01 21:05:00
2009467,12009467,2009467 Total (Diversion),Annual,1,2020,0.04,ACFT,K,Approved,2021-03-26 10:46:00
2009467,12009467,2009467 Total (Diversion),Annual,1,2021,0.0,ACFT,K,Approved,2022-03-30 09:30:00
2009467,12009467,2009467 Total (Diversion),Annual,1,2022,0.0,ACFT,K,Approved,2023-02-03 11:03:00
2009467,12009467,2009467 Total (Diversion),Annual,1,2023,0.0,ACFT,K,Approved,2024-01-12 11:13:00
2009467,12009467,2009467 Total (Diversion),Annual,1,2024,0.0,ACFT,K,Approved,2024-10-24 09:34:00
2009468,12009468,2009468 Total (Diversion),Annual,1,2009,126.46,ACFT,U,Approved,2010-06-29 16:23:00
2009468,12009468,2009468 Total (Diversion),Annual,1,2010,116.87,ACFT,U,Approved,2011-06-20 17:12:00
2009468,12009468,2009468 Total (Diversion),Annual,1,2011,210.56,ACFT,U,Approved,2012-07-06 07:51:00
2009468,12009468,2009468 Total (Diversion),Annual,1,2012,116.66,ACFT,K,Approved,2013-05-03 15:13:00
2009468,12009468,2009468 Total (Diversion),Annual,1,2013,206.67,ACFT,K,Approved,2014-04-04 13:52:00
2009468,12009468,2009468 Total (Diversion),Annual,1,2014,227.08,ACFT,K,Approved,2015-06-01 17:12:00
2009468,12009468,2009468 Total (Diversion),Annual,1,2015,171.89,ACFT,K,Approved,2016-05-30 14:30:00
2009468,12009468,2009468 Total (Diversion),Annual,1,2016,192.04,ACFT,K,Approved,2018-01-03 15:56:00
2009468,12009468,2009468 Total (Diversion),Annual,1,2017,94.83,ACFT,K,Approved,2018-05-25 09:41:00
2009468,12009468,2009468 Total (Diversion),Annual,1,2018,156.665,ACFT,K,Approved,2019-04-04 16:17:00
2009468,12009468,2009468 Total (Diversion),Annual,1,2019,140.009,ACFT,K,Approved,2020-04-01 21:05:00
2009468,12009468,2009468 Total (Diversion),Annual,1,2020,198.072,ACFT,K,Approved,2021-03-26 10:46:00
2009468,12009468,2009468 Total (Diversion),Annual,1,2021,162.573,ACFT,K,Approved,2022-03-30 09:30:00
2009468,12009468,2009468 Total (Diversion),Annual,1,2022,157.237,ACFT,K,Approved,2023-02-03 11:04:00
2009468,12009468,2009468 Total (Diversion),Annual,1,2023,173.07,ACFT,K,Approved,2024-01-12 13:10:00
2009468,12009468,2009468 Total (Diversion),Annual,1,2024,0.0,ACFT,K,Approved,2024-10-24 09:34:00
2009471,12009471,2009471 Total (Diversion),Annual,1,2021,69.565,ACFT,K,Approved,2022-03-30 09:30:00
2009471,12009471,2009471 Total (Diversion),Annual,1,2022,100.4,ACFT,K,Approved,2023-02-03 11:03:00
2009471,12009471,2009471 Total (Diversion),Annual,1,2023,105.705,ACFT,K,Approved,2024-01-12 15:07:00
2009471,12009471,2009471 Total (Diversion),Annual,1,2024,24.375,ACFT,K,Approved,2025-01-27 07:48:00
2009698,12009698,2009698 Total (Diversion),Annual,1,2009,92.5,ACFT,U,Approved,2010-06-29 16:23:00
2009698,12009698,2009698 Total (Diversion),Annual,1,2010,101.0,ACFT,U,Approved,2011-06-20 17:12:00
2009698,12009698,2009698 Total (Diversion),Annual,1,2011,117.95,ACFT,U,Approved,2012-07-06 07:51:00
2009698,12009698,2009698 Total (Diversion),Annual,1,2012,84.86,ACFT,K,Approved,2013-05-03 15:13:00
2009698,12009698,2009698 Total (Diversion),Annual,1,2013,96.99,ACFT,K,Approved,2014-04-04 13:52:00
2009698,12009698,2009698 Total (Diversion),Annual,1,2014,80.395,ACFT,K,Approved,2015-06-01 17:12:00
2009698,12009698,2009698 Total (Diversion),Annual,1,2015,81.45,ACFT,K,Approved,2016-05-30 14:30:00
2009698,12009698,2009698 Total (Diversion),Annual,1,2016,97.27,ACFT,K,Approved,2018-01-03 15:56:00
2009698,12009698,2009698 Total (Diversion),Annual,1,2017,111.955,ACFT,K,Approved,2018-05-25 09:41:00
2009698,12009698,2009698 Total (Diversion),Annual,1,2018,107.39,ACFT,K,Approved,2019-04-04 16:17:00
2009698,12009698,2009698 Total (Diversion),Annual,1,2019,89.885,ACFT,K,Approved,2020-04-01 21:05:00
2009698,12009698,2009698 Total (Diversion),Annual,1,2020,107.725,ACFT,K,Approved,2021-03-26 10:46:00
2009698,12009698,2009698 Total (Diversion),Annual,1,2021,85.915,ACFT,K,Approved,2022-03-30 09:30:00
2009698,12009698,2009698 Total (Diversion),Annual,1,2022,77.595,ACFT,K,Approved,2023-02-03 11:03:00
2009698,12009698,2009698 Total (Diversion),Annual,1,2023,55.44,ACFT,K,Approved,2024-01-11 13:44:00
2009698,12009698,2009698 Total (Diversion),Annual,1,2024,75.55,ACFT,K,Approved,2024-12-02 12:18:00
2009818,12009818,2009818 Total (Diversion),Annual,1,2009,86.39,ACFT,U,Approved,2010-06-29 16:23:00
2009818,12009818,2009818 Total (Diversion),Annual,1,2010,88.613,ACFT,U,Approved,2013-11-25 22:28:00
2009818,12009818,2009818 Total (Diversion),Annual,1,2011,98.713,ACFT,U,Approved,2013-11-25 16:36:00
2009818,12009818,2009818 Total (Diversion),Annual,1,2012,95.197,ACFT,K,Approved,2013-05-03 15:13:00
2009818,12009818,2009818 Total (Diversion),Annual,1,2013,123.528,ACFT,K,Approved,2014-04-04 13:52:00
2009818,12009818,2009818 Total (Diversion),Annual,1,2014,137.343,ACFT,K,Approved,2015-06-01 17:12:00
2009818,12009818,2009818 Total (Diversion),Annual,1,2015,110.586,ACFT,K,Approved,2016-05-30 14:30:00
2009818,12009818,2009818 Total (Diversion),Annual,1,2016,88.714,ACFT,K,Approved,2018-01-03 15:56:00
2009818,12009818,2009818 Total (Diversion),Annual,1,2017,138.201,ACFT,K,Approved,2018-05-25 09:41:00
2009818,12009818,2009818 Total (Diversion),Annual,1,2018,142.573,ACFT,K,Approved,2019-04-04 16:17:00
2009818,12009818,2009818 Total (Diversion),Annual,1,2019,134.5528,ACFT,K,Approved,2020-04-01 21:05:00
2009818,12009818,2009818 Total (Diversion),Annual,1,2020,96.5607,ACFT,K,Approved,2021-03-26 10:46:00
2009818,12009818,2009818 Total (Diversion),Annual,1,2021,90.9408,ACFT,K,Approved,2022-03-30 09:30:00
2009818,12009818,2009818 Total (Diversion),Annual,1,2022,0.6034,ACFT,K,Approved,2023-02-03 11:02:00
2009818,12009818,2009818 Total (Diversion),Annual,1,2023,114.2358,ACFT,K,Approved,2024-01-12 16:33:00
2009818,12009818,2009818 Total (Diversion),Annual,1,2024,76.051,ACFT,K,Approved,2024-12-02 12:20:00
2010009,12010009,2010009 Total (Diversion),Annual,1,2009,143.33,ACFT,U,Approved,2010-06-29 16:23:00
2010009,12010009,2010009 Total (Diversion),Annual,1,2010,190.95,ACFT,U,Approved,2011-06-20 17:12:00
2010009,12010009,2010009 Total (Diversion),Annual,1,2011,201.55,ACFT,U,Approved,2012-07-06 07:51:00
2010009,12010009,2010009 Total (Diversion),Annual,1,2012,231.56,ACFT,K,Approved,2013-05-03 15:13:00
2010009,12010009,2010009 Total (Diversion),Annual,1,2013,101.74,ACFT,K,Approved,2014-04-04 13:52:00
2010009,12010009,2010009 Total (Diversion),Annual,1,2014,144.84,ACFT,K,Approved,2015-06-01 17:12:00
2010009,12010009,2010009 Total (Diversion),Annual,1,2015,86.46,ACFT,K,Approved,2016-05-30 14:30:00
2010009,12010009,2010009 Total (Diversion),Annual,1,2016,124.51,ACFT,K,Approved,2018-01-03 15:56:00
2010009,12010009,2010009 Total (Diversion),Annual,1,2017,92.02,ACFT,K,Approved,2018-05-25 09:41:00
2010009,12010009,2010009 Total (Diversion),Annual,1,2018,117.34,ACFT,K,Approved,2019-04-04 16:17:00
2010009,12010009,2010009 Total (Diversion),Annual,1,2019,83.94,ACFT,K,Approved,2020-04-01 21:05:00
2010009,12010009,2010009 Total (Diversion),Annual,1,2020,109.94,ACFT,K,Approved,2021-03-26 10:46:00
2010009,12010009,2010009 Total (Diversion),Annual,1,2021,105.12,ACFT,K,Approved,2022-03-30 09:30:00
2010009,12010009,2010009 Total (Diversion),Annual,1,2022,99.52,ACFT,K,Approved,2023-02-03 11:02:00
2010009,12010009,2010009 Total (Diversion),Annual,1,2023,121.43,ACFT,K,Approved,2024-01-17 15:41:00
2010009,12010009,2010009 Total (Diversion),Annual,1,2024,89.4,ACFT,K,Approved,2024-10-24 09:32:00
2010010,12010010,2010010 Total (Diversion),Annual,1,2009,19.9,ACFT,U,Approved,2010-06-29 16:23:00
2010010,12010010,2010010 Total (Diversion),Annual,1,2010,20.0,ACFT,U,Approved,2011-06-20 17:12:00
2010010,12010010,2010010 Total (Diversion),Annual,1,2011,0.0,ACFT,U,Approved,2012-07-06 07:51:00
2010010,12010010,2010010 Total (Diversion),Annual,1,2012,0.0,ACFT,K,Approved,2013-05-03 15:13:00
2010010,12010010,2010010 Total (Diversion),Annual,1,2013,0.0,ACFT,K,Approved,2014-04-04 13:52:00
2010010,12010010,2010010 Total (Diversion),Annual,1,2014,0.0,ACFT,K,Approved,2015-06-01 17:12:00
2010010,12010010,2010010 Total (Diversion),Annual,1,2015,0.0,ACFT,K,Approved,2016-05-30 14:30:00
2010010,12010010,2010010 Total (Diversion),Annual,1,2016,0.0,ACFT,K,Approved,2018-01-03 15:56:00
2010010,12010010,2010010 Total (Diversion),Annual,1,2017,0.0,ACFT,K,Approved,2018-05-25 09:41:00
2010010,12010010,2010010 Total (Diversion),Annual,1,2018,0.0,ACFT,K,Approved,2019-04-04 16:17:00
2010010,12010010,2010010 Total (Diversion),Annual,1,2019,0.0,ACFT,K,Approved,2020-04-01 21:05:00
2010010,12010010,2010010 Total (Diversion),Annual,1,2020,0.0,ACFT,K,Approved,2021-03-26 10:46:00
2010010,12010010,2010010 Total (Diversion),Annual,1,2021,0.0,ACFT,K,Approved,2022-03-30 09:30:00
2010010,12010010,2010010 Total (Diversion),Annual,1,2022,0.0,ACFT,K,Approved,2023-02-03 11:02:00
2010010,12010010,2010010 Total (Diversion),Annual,1,2023,0.0,ACFT,K,Approved,2024-01-11 11:07:00
2010010,12010010,2010010 Total (Diversion),Annual,1,2024,0.0,ACFT,K,Approved,2024-10-24 09:32:00
2010011,12010011,2010011 Total (Diversion),Annual,1,2009,3.22,ACFT,U,Approved,2010-06-29 16:23:00
2010011,12010011,2010011 Total (Diversion),Annual,1,2010,3.22,ACFT,U,Approved,2011-06-20 17:12:00
2010011,12010011,2010011 Total (Diversion),Annual,1,2011,3.22,ACFT,U,Approved,2012-07-06 07:51:00
2010011,12010011,2010011 Total (Diversion),Annual,1,2012,0.0,ACFT,K,Approved,2013-05-03 15:13:00
2010011,12010011,2010011 Total (Diversion),Annual,1,2013,0.0,ACFT,K,Approved,2014-04-04 13:52:00
2010011,12010011,2010011 Total (Diversion),Annual,1,2014,0.0,ACFT,K,Approved,2015-06-01 17:12:00
2010011,12010011,2010011 Total (Diversion),Annual,1,2015,0.0,ACFT,K,Approved,2016-05-30 14:30:00
2010011,12010011,2010011 Total (Diversion),Annual,1,2016,0.0,ACFT,K,Approved,2018-01-03 15:56:00
2010011,12010011,2010011 Total (Diversion),Annual,1,2017,0.0,ACFT,K,Approved,2018-05-25 09:41:00
2010011,12010011,2010011 Total (Diversion),Annual,1,2018,0.0,ACFT,K,Approved,2019-04-04 16:17:00
2010011,12010011,2010011 Total (Diversion),Annual,1,2019,0.0,ACFT,K,Approved,2020-04-01 21:05:00
2010011,12010011,2010011 Total (Diversion),Annual,1,2020,0.0,ACFT,K,Approved,2021-03-26 10:46:00
2010011,12010011,2010011 Total (Diversion),Annual,1,2021,0.0,ACFT,K,Approved,2022-03-30 09:30:00
2010011,12010011,2010011 Total (Diversion),Annual,1,2022,0.0,ACFT,K,Approved,2023-02-03 11:02:00
2010011,12010011,2010011 Total (Diversion),Annual,1,2023,0.0,ACFT,K,Approved,2024-01-11 11:03:00
2010011,12010011,2010011 Total (Diversion),Annual,1,2024,0.0,ACFT,K,Approved,2024-10-24 09:31:00
2010016,12010016,2010016 Total (Diversion),Annual,1,2009,58.05,ACFT,U,Approved,2010-06-29 16:23:00
2010016,12010016,2010016 Total (Diversion),Annual,1,2010,96.13,ACFT,U,Approved,2011-06-20 17:12:00
2010016,12010016,2010016 Total (Diversion),Annual,1,2011,131.715,ACFT,U,Approved,2013-11-25 16:40:00
2010016,12010016,2010016 Total (Diversion),Annual,1,2012,78.58,ACFT,K,Approved,2013-05-03 15:13:00
2010016,12010016,2010016 Total (Diversion),Annual,1,2013,103.18,ACFT,K,Approved,2014-04-04 13:52:00
2010016,12010016,2010016 Total (Diversion),Annual,1,2014,74.605,ACFT,K,Approved,2015-06-01 17:12:00
2010016,12010016,2010016 Total (Diversion),Annual,1,2015,100.59,ACFT,K,Approved,2016-05-30 14:30:00
2010016,12010016,2010016 Total (Diversion),Annual,1,2016,77.045,ACFT,K,Approved,2018-01-03 15:56:00
2010016,12010016,2010016 Total (Diversion),Annual,1,2017,98.04,ACFT,K,Approved,2018-05-25 09:41:00
2010016,12010016,2010016 Total (Diversion),Annual,1,2018,84.76,ACFT,K,Approved,2019-04-04 16:17:00
2010016,12010016,2010016 Total (Diversion),Annual,1,2019,100.41,ACFT,K,Approved,2020-04-01 21:05:00
2010016,12010016,2010016 Total (Diversion),Annual,1,2020,57.495,ACFT,K,Approved,2021-03-26 10:46:00
2010016,12010016,2010016 Total (Diversion),Annual,1,2021,85.2505,ACFT,K,Approved,2022-03-30 09:30:00
2010016,12010016,2010016 Total (Diversion),Annual,1,2022,77.654,ACFT,K,Approved,2023-02-03 11:04:00
2010017,12010017,2010017 Total (Diversion),Annual,1,2009,0.0,ACFT,U,Approved,2010-06-29 16:23:00
2010017,12010017,2010017 Total (Diversion),Annual,1,2010,96.13,ACFT,U,Approved,2011-06-20 17:12:00
2010017,12010017,2010017 Total (Diversion),Annual,1,2011,131.715,ACFT,U,Approved,2013-11-25 16:40:00
2010017,12010017,2010017 Total (Diversion),Annual,1,2012,78.58,ACFT,K,Approved,2013-05-03 15:13:00
2010017,12010017,2010017 Total (Diversion),Annual,1,2013,103.18,ACFT,K,Approved,2014-04-04 13:52:00
2010017,12010017,2010017 Total (Diversion),Annual,1,2014,74.605,ACFT,K,Approved,2015-06-01 17:12:00
2010017,12010017,2010017 Total (Diversion),Annual,1,2015,100.59,ACFT,K,Approved,2016-05-30 14:30:00
2010017,12010017,2010017 Total (Diversion),Annual,1,2016,77.045,ACFT,K,Approved,2018-01-03 15:56:00
2010017,12010017,2010017 Total (Diversion),Annual,1,2017,98.04,ACFT,K,Approved,2018-05-25 09:41:00
2010017,12010017,2010017 Total (Diversion),Annual,1,2018,84.76,ACFT,K,Approved,2019-04-04 16:17:00
2010017,12010017,2010017 Total (Diversion),Annual,1,2019,100.41,ACFT,K,Approved,2020-04-01 21:05:00
2010017,12010017,2010017 Total (Diversion),Annual,1,2020,57.495,ACFT,K,Approved,2021-03-26 10:46:00
2010017,12010017,2010017 Total (Diversion),Annual,1,2021,85.2505,ACFT,K,Approved,2022-03-30 09:30:00
2010017,12010017,2010017 Total (Diversion),Annual,1,2022,80.6015,ACFT,K,Approved,2023-02-03 11:04:00
2010017,12010017,2010017 Total (Diversion),Annual,1,2023,101.37,ACFT,K,Approved,2024-01-12 08:51:00
2010017,12010017,2010017 Total (Diversion),Annual,1,2024,84.5175,ACFT,K,Approved,2024-12-09 16:22:00
2010018,12010018,2010018 Total (Diversion),Annual,1,2009,5.43,ACFT,U,Approved,2010-06-29 16:23:00
2010018,12010018,2010018 Total (Diversion),Annual,1,2010,105.59,ACFT,U,Approved,2011-06-20 17:12:00
2010018,12010018,2010018 Total (Diversion),Annual,1,2011,169.47,ACFT,U,Approved,2012-07-06 07:51:00
2010018,12010018,2010018 Total (Diversion),Annual,1,2012,123.18,ACFT,K,Approved,2013-05-03 15:13:00
2010018,12010018,2010018 Total (Diversion),Annual,1,2013,141.23,ACFT,K,Approved,2014-04-04 13:52:00
2010018,12010018,2010018 Total (Diversion),Annual,1,2014,130.87,ACFT,K,Approved,2015-06-01 17:12:00
2010018,12010018,2010018 Total (Diversion),Annual,1,2015,120.62,ACFT,K,Approved,2016-05-30 14:30:00
2010018,12010018,2010018 Total (Diversion),Annual,1,2016,104.96,ACFT,K,Approved,2018-01-25 11:35:00
2010018,12010018,2010018 Total (Diversion),Annual,1,2017,119.81,ACFT,K,Approved,2018-05-25 09:41:00
2010018,12010018,2010018 Total (Diversion),Annual,1,2018,78.62,ACFT,K,Approved,2019-04-04 16:17:00
2010018,12010018,2010018 Total (Diversion),Annual,1,2019,85.4,ACFT,K,Approved,2020-04-01 21:05:00
2010018,12010018,2010018 Total (Diversion),Annual,1,2020,88.51,ACFT,K,Approved,2021-03-26 10:46:00
2010018,12010018,2010018 Total (Diversion),Annual,1,2021,80.17,ACFT,K,Approved,2022-03-30 09:30:00
2010018,12010018,2010018 Total (Diversion),Annual,1,2022,84.09,ACFT,K,Approved,2023-02-03 11:02:00
2010018,12010018,2010018 Total (Diversion),Annual,1,2023,112.75,ACFT,K,Approved,2024-01-17 15:40:00
2010018,12010018,2010018 Total (Diversion),Annual,1,2024,93.95,ACFT,K,Approved,2024-10-24 09:32:00
2010019,12010019,2010019 Total (Diversion),Annual,1,2009,139.24,ACFT,U,Approved,2010-06-29 16:23:00
2010019,12010019,2010019 Total (Diversion),Annual,1,2010,155.355,ACFT,U,Approved,2013-11-25 22:31:00
2010019,12010019,2010019 Total (Diversion),Annual,1,2011,92.725,ACFT,U,Approved,2013-11-25 16:40:00
2010019,12010019,2010019 Total (Diversion),Annual,1,2012,106.46,ACFT,K,Approved,2013-05-03 15:13:00
2010019,12010019,2010019 Total (Diversion),Annual,1,2013,80.34,ACFT,K,Approved,2014-04-04 13:52:00
2010019,12010019,2010019 Total (Diversion),Annual,1,2014,108.12,ACFT,K,Approved,2015-06-01 17:12:00
2010019,12010019,2010019 Total (Diversion),Annual,1,2015,60.8041,ACFT,K,Approved,2016-05-30 14:30:00
2010019,12010019,2010019 Total (Diversion),Annual,1,2016,107.99,ACFT,K,Approved,2018-01-03 15:56:00
2010019,12010019,2010019 Total (Diversion),Annual,1,2017,72.74,ACFT,K,Approved,2018-05-25 09:41:00
2010019,12010019,2010019 Total (Diversion),Annual,1,2018,119.03,ACFT,K,Approved,2019-04-04 16:17:00
2010019,12010019,2010019 Total (Diversion),Annual,1,2019,80.125,ACFT,K,Approved,2020-04-01 21:05:00
2010019,12010019,2010019 Total (Diversion),Annual,1,2020,127.215,ACFT,K,Approved,2021-03-26 10:46:00
2010019,12010019,2010019 Total (Diversion),Annual,1,2021,95.4865,ACFT,K,Approved,2022-03-30 09:30:00
2010019,12010019,2010019 Total (Diversion),Annual,1,2022,100.531,ACFT,K,Approved,2023-02-03 11:04:00
2010019,12010019,2010019 Total (Diversion),Annual,1,2023,110.5575,ACFT,K,Approved,2024-01-17 16:01:00
2010019,12010019,2010019 Total (Diversion),Annual,1,2024,79.831,ACFT,K,Approved,2024-10-24 09:32:00
2010020,12010020,2010020 Total (Diversion),Annual,1,2009,62.37,ACFT,U,Approved,2010-06-29 16:23:00
2010020,12010020,2010020 Total (Diversion),Annual,1,2010,155.355,ACFT,U,Approved,2013-11-25 22:32:00
2010020,12010020,2010020 Total (Diversion),Annual,1,2011,92.725,ACFT,U,Approved,2013-11-25 16:40:00
2010020,12010020,2010020 Total (Diversion),Annual,1,2012,106.46,ACFT,K,Approved,2013-05-03 15:13:00
2010020,12010020,2010020 Total (Diversion),Annual,1,2013,80.34,ACFT,K,Approved,2014-04-04 13:52:00
2010020,12010020,2010020 Total (Diversion),Annual,1,2014,108.12,ACFT,K,Approved,2015-06-01 17:12:00
2010020,12010020,2010020 Total (Diversion),Annual,1,2015,60.8041,ACFT,K,Approved,2016-05-30 14:30:00
2010020,12010020,2010020 Total (Diversion),Annual,1,2016,107.99,ACFT,K,Approved,2018-01-03 15:56:00
2010020,12010020,2010020 Total (Diversion),Annual,1,2017,72.74,ACFT,K,Approved,2018-05-25 09:41:00
2010020,12010020,2010020 Total (Diversion),Annual,1,2018,119.03,ACFT,K,Approved,2019-04-04 16:17:00
2010020,12010020,2010020 Total (Diversion),Annual,1,2019,80.125,ACFT,K,Approved,2020-04-01 21:05:00
2010020,12010020,2010020 Total (Diversion),Annual,1,2020,127.215,ACFT,K,Approved,2021-03-26 10:46:00
2010020,12010020,2010020 Total (Diversion),Annual,1,2021,95.4865,ACFT,K,Approved,2022-03-30 09:30:00
2010020,12010020,2010020 Total (Diversion),Annual,1,2022,100.531,ACFT,K,Approved,2023-02-03 11:04:00
2010020,12010020,2010020 Total (Diversion),Annual,1,2023,110.5575,ACFT,K,Approved,2024-01-17 16:01:00
2010020,12010020,2010020 Total (Diversion),Annual,1,2024,79.831,ACFT,K,Approved,2024-10-24 09:32:00
2010156,12010156,2010156 Total (Diversion),Annual,1,2009,0.0,ACFT,U,Approved,2010-06-29 16:23:00
2010156,12010156,2010156 Total (Diversion),Annual,1,2010,0.0,ACFT,U,Approved,2011-06-20 17:12:00
2010156,12010156,2010156 Total (Diversion),Annual,1,2011,0.0,ACFT,U,Approved,2012-07-06 07:51:00
2010156,12010156,2010156 Total (Diversion),Annual,1,2012,0.0,ACFT,K,Approved,2018-02-12 11:35:00
2010156,12010156,2010156 Total (Diversion),Annual,1,2014,0.0,ACFT,K,Approved,2015-06-01 17:12:00
2010776,12010776,2010776 Total (Diversion),Annual,1,2021,0.129,ACFT,K,Approved,2022-10-13 15:00:00
2010776,12010776,2010776 Total (Diversion),Annual,1,2022,0.1591,ACFT,K,Approved,2023-02-03 11:05:00
2010776,12010776,2010776 Total (Diversion),Annual,1,2023,0.1986,ACFT,K,Approved,2024-01-31 13:27:00
2010776,12010776,2010776 Total (Diversion),Annual,1,2024,0.0912,ACFT,K,Approved,2024-12-02 09:03:00
2011810,12011810,2011810 Total (Diversion),Annual,1,2009,93.31,ACFT,U,Approved,2010-06-29 16:23:00
2011810,12011810,2011810 Total (Diversion),Annual,1,2010,149.137,ACFT,U,Approved,2013-11-25 22:44:00
2011810,12011810,2011810 Total (Diversion),Annual,1,2011,128.731,ACFT,U,Approved,2013-11-25 16:58:00
2011810,12011810,2011810 Total (Diversion),Annual,1,2012,96.832,ACFT,K,Approved,2013-05-03 15:13:00
2011810,12011810,2011810 Total (Diversion),Annual,1,2013,0.001,ACFT,K,Approved,2014-04-04 13:52:00
2011810,12011810,2011810 Total (Diversion),Annual,1,2014,0.0,ACFT,K,Approved,2015-06-01 17:12:00
2011810,12011810,2011810 Total (Diversion),Annual,1,2015,0.0,ACFT,K,Approved,2016-05-30 14:30:00
2011810,12011810,2011810 Total (Diversion),Annual,1,2016,0.0,ACFT,K,Approved,2018-01-03 15:56:00
2011810,12011810,2011810 Total (Diversion),Annual,1,2017,0.0,ACFT,K,Approved,2018-05-25 09:41:00
2011810,12011810,2011810 Total (Diversion),Annual,1,2018,0.0,ACFT,K,Approved,2019-04-04 16:17:00
2011810,12011810,2011810 Total (Diversion),Annual,1,2019,0.0,ACFT,K,Approved,2020-04-01 21:05:00
2011818,12011818,2011818 Total (Diversion),Annual,1,2009,51.01,ACFT,U,Approved,2010-06-29 16:23:00
2011818,12011818,2011818 Total (Diversion),Annual,1,2010,84.1,ACFT,U,Approved,2011-06-20 17:12:00
2011818,12011818,2011818 Total (Diversion),Annual,1,2011,19.1,ACFT,U,Approved,2012-07-06 07:51:00
2011818,12011818,2011818 Total (Diversion),Annual,1,2012,0.0,ACFT,K,Approved,2013-05-03 15:13:00
2011818,12011818,2011818 Total (Diversion),Annual,1,2013,74.09,ACFT,K,Approved,2014-04-04 13:52:00
2011818,12011818,2011818 Total (Diversion),Annual,1,2014,76.86,ACFT,K,Approved,2015-06-01 17:12:00
2011818,12011818,2011818 Total (Diversion),Annual,1,2015,70.69,ACFT,K,Approved,2016-05-30 14:30:00
2011818,12011818,2011818 Total (Diversion),Annual,1,2016,65.85,ACFT,K,Approved,2018-01-03 15:56:00
2011818,12011818,2011818 Total (Diversion),Annual,1,2017,85.88,ACFT,K,Approved,2018-05-25 09:41:00
2011818,12011818,2011818 Total (Diversion),Annual,1,2018,101.3,ACFT,K,Approved,2020-01-29 17:00:00
2011818,12011818,2011818 Total (Diversion),Annual,1,2019,85.88,ACFT,K,Approved,2020-04-01 21:05:00
2011818,12011818,2011818 Total (Diversion),Annual,1,2020,88.691,ACFT,K,Approved,2021-03-26 10:46:00
2011818,12011818,2011818 Total (Diversion),Annual,1,2021,95.034,ACFT,K,Approved,2022-03-30 09:30:00
2011818,12011818,2011818 Total (Diversion),Annual,1,2022,102.173,ACFT,K,Approved,2023-02-03 11:01:00
2011818,12011818,2011818 Total (Diversion),Annual,1,2023,94.981,ACFT,K,Approved,2024-01-12 15:11:00
2011818,12011818,2011818 Total (Diversion),Annual,1,2024,100.413,ACFT,K,Approved,2024-12-02 12:29:00
2013365,12013365,2013365 Total (Diversion),Annual,1,2009,197.74,ACFT,U,Approved,2010-06-29 16:23:00
2013365,12013365,2013365 Total (Diversion),Annual,1,2010,268.17,ACFT,U,Approved,2011-06-20 17:12:00
2013365,12013365,2013365 Total (Diversion),Annual,1,2011,267.32,ACFT,U,Approved,2012-07-06 07:51:00
2013365,12013365,2013365 Total (Diversion),Annual,1,2012,86.87,ACFT,K,Approved,2013-05-03 15:13:00
2013365,12013365,2013365 Total (Diversion),Annual,1,2013,308.53,ACFT,K,Approved,2014-04-04 13:52:00
2013365,12013365,2013365 Total (Diversion),Annual,1,2014,291.62,ACFT,K,Approved,2015-06-01 17:12:00
2013365,12013365,2013365 Total (Diversion),Annual,1,2015,297.28,ACFT,K,Approved,2016-05-30 14:30:00
2013365,12013365,2013365 Total (Diversion),Annual,1,2016,258.56,ACFT,K,Approved,2018-01-03 15:56:00
2013365,12013365,2013365 Total (Diversion),Annual,1,2017,333.78,ACFT,K,Approved,2018-05-25 09:41:00
2013365,12013365,2013365 Total (Diversion),Annual,1,2018,355.61,ACFT,K,Approved,2019-04-04 16:17:00
2013365,12013365,2013365 Total (Diversion),Annual,1,2019,134.88,ACFT,K,Approved,2020-04-01 21:05:00
2013365,12013365,2013365 Total (Diversion),Annual,1,2020,293.73,ACFT,K,Approved,2021-03-26 10:46:00
2013365,12013365,2013365 Total (Diversion),Annual,1,2021,195.26,ACFT,K,Approved,2022-03-30 09:30:00
2013365,12013365,2013365 Total (Diversion),Annual,1,2022,257.13,ACFT,K,Approved,2023-02-03 11:03:00
2013365,12013365,2013365 Total (Diversion),Annual,1,2023,290.12,ACFT,K,Approved,2024-01-12 10:36:00
2013365,12013365,2013365 Total (Diversion),Annual,1,2024,273.93,ACFT,K,Approved,2024-12-12 16:15:00
2013415,12013415,2013415 Total (Diversion),Annual,1,2009,165.9,ACFT,U,Approved,2010-06-29 16:23:00
2013415,12013415,2013415 Total (Diversion),Annual,1,2010,190.21,ACFT,U,Approved,2011-06-20 17:12:00
2013415,12013415,2013415 Total (Diversion),Annual,1,2011,135.94,ACFT,U,Approved,2012-07-06 07:51:00
2013415,12013415,2013415 Total (Diversion),Annual,1,2012,102.32,ACFT,K,Approved,2013-05-03 15:13:00
2013415,12013415,2013415 Total (Diversion),Annual,1,2013,134.15,ACFT,K,Approved,2014-04-04 13:52:00
2013415,12013415,2013415 Total (Diversion),Annual,1,2014,94.26,ACFT,K,Approved,2015-06-01 17:12:00
2013415,12013415,2013415 Total (Diversion),Annual,1,2015,109.86,ACFT,K,Approved,2016-05-30 14:30:00
2013415,12013415,2013415 Total (Diversion),Annual,1,2016,100.15,ACFT,K,Approved,2018-01-03 15:56:00
2013415,12013415,2013415 Total (Diversion),Annual,1,2017,108.99,ACFT,K,Approved,2018-05-25 09:41:00
2013415,12013415,2013415 Total (Diversion),Annual,1,2018,106.78,ACFT,K,Approved,2019-04-04 16:17:00
2013415,12013415,2013415 Total (Diversion),Annual,1,2019,114.79,ACFT,K,Approved,2020-04-01 21:05:00
2013415,12013415,2013415 Total (Diversion),Annual,1,2020,120.92,ACFT,K,Approved,2021-03-26 10:46:00
2013415,12013415,2013415 Total (Diversion),Annual,1,2021,106.92,ACFT,K,Approved,2022-03-30 09:30:00
2013415,12013415,2013415 Total (Diversion),Annual,1,2022,96.54,ACFT,K,Approved,2023-02-03 11:01:00
2013415,12013415,2013415 Total (Diversion),Annual,1,2023,107.65,ACFT,K,Approved,2024-01-17 15:33:00
2013415,12013415,2013415 Total (Diversion),Annual,1,2024,106.94,ACFT,K,Approved,2024-10-24 09:31:00
2013416,12013416,2013416 Total (Diversion),Annual,1,2009,99.03,ACFT,U,Approved,2010-06-29 16:23:00
2013416,12013416,2013416 Total (Diversion),Annual,1,2010,116.95,ACFT,U,Approved,2011-06-20 17:12:00
2013416,12013416,2013416 Total (Diversion),Annual,1,2011,152.9,ACFT,U,Approved,2012-07-06 07:51:00
2013416,12013416,2013416 Total (Diversion),Annual,1,2012,98.84,ACFT,K,Approved,2013-05-03 15:13:00
2013416,12013416,2013416 Total (Diversion),Annual,1,2013,127.27,ACFT,K,Approved,2014-04-04 13:52:00
2013416,12013416,2013416 Total (Diversion),Annual,1,2014,95.26,ACFT,K,Approved,2015-06-01 17:12:00
2013416,12013416,2013416 Total (Diversion),Annual,1,2015,125.556,ACFT,K,Approved,2016-05-30 14:30:00
2013416,12013416,2013416 Total (Diversion),Annual,1,2016,100.785,ACFT,K,Approved,2018-01-03 15:56:00
2013416,12013416,2013416 Total (Diversion),Annual,1,2017,114.376,ACFT,K,Approved,2018-05-25 09:41:00
2013416,12013416,2013416 Total (Diversion),Annual,1,2018,105.342,ACFT,K,Approved,2019-04-04 16:17:00
2013416,12013416,2013416 Total (Diversion),Annual,1,2019,118.61,ACFT,K,Approved,2020-04-01 21:05:00
2013416,12013416,2013416 Total (Diversion),Annual,1,2020,125.159,ACFT,K,Approved,2021-03-26 10:46:00
2013416,12013416,2013416 Total (Diversion),Annual,1,2021,112.555,ACFT,K,Approved,2022-03-30 09:30:00
2013416,12013416,2013416 Total (Diversion),Annual,1,2022,87.762,ACFT,K,Approved,2023-02-03 11:04:00
2013416,12013416,2013416 Total (Diversion),Annual,1,2023,116.098,ACFT,K,Approved,2024-01-17 15:45:00
2013416,12013416,2013416 Total (Diversion),Annual,1,2024,97.051,ACFT,K,Approved,2024-10-24 09:32:00
2013512,12013512,2013512 Total (Diversion),Annual,1,2009,207.45,ACFT,U,Approved,2010-06-29 16:23:00
2013512,12013512,2013512 Total (Diversion),Annual,1,2010,200.06,ACFT,U,Approved,2011-06-20 17:12:00
2013512,12013512,2013512 Total (Diversion),Annual,1,2011,222.7,ACFT,U,Approved,2012-07-06 07:51:00
2013512,12013512,2013512 Total (Diversion),Annual,1,2012,224.54,ACFT,K,Approved,2013-05-03 15:13:00
2013512,12013512,2013512 Total (Diversion),Annual,1,2013,101.285,ACFT,K,Approved,2014-04-04 13:52:00
2013512,12013512,2013512 Total (Diversion),Annual,1,2014,100.385,ACFT,K,Approved,2015-06-01 17:12:00
2013512,12013512,2013512 Total (Diversion),Annual,1,2015,95.81,ACFT,K,Approved,2016-05-30 14:30:00
2013512,12013512,2013512 Total (Diversion),Annual,1,2016,104.51,ACFT,K,Approved,2018-01-03 15:56:00
2013512,12013512,2013512 Total (Diversion),Annual,1,2017,93.34,ACFT,K,Approved,2018-05-25 09:41:00
2013512,12013512,2013512 Total (Diversion),Annual,1,2018,80.65,ACFT,K,Approved,2019-04-04 16:17:00
2013512,12013512,2013512 Total (Diversion),Annual,1,2019,96.94,ACFT,K,Approved,2020-04-01 21:05:00
2013512,12013512,2013512 Total (Diversion),Annual,1,2020,104.25,ACFT,K,Approved,2021-03-26 10:46:00
2013512,12013512,2013512 Total (Diversion),Annual,1,2021,66.7165,ACFT,K,Approved,2022-03-30 09:30:00
2013512,12013512,2013512 Total (Diversion),Annual,1,2022,55.953,ACFT,K,Approved,2023-02-03 11:04:00
2013512,12013512,2013512 Total (Diversion),Annual,1,2023,67.983,ACFT,K,Approved,2024-01-17 12:47:00
2013512,12013512,2013512 Total (Diversion),Annual,1,2024,61.3715,ACFT,K,Approved,2024-11-19 11:05:00
2013586,12013586,2013586 Total (Diversion),Annual,1,2009,194.42,ACFT,U,Approved,2010-06-29 16:23:00
2013586,12013586,2013586 Total (Diversion),Annual,1,2010,247.04,ACFT,U,Approved,2011-06-20 17:12:00
2013586,12013586,2013586 Total (Diversion),Annual,1,2011,247.2,ACFT,U,Approved,2012-07-06 07:51:00
2013586,12013586,2013586 Total (Diversion),Annual,1,2012,197.56,ACFT,K,Approved,2013-05-03 15:13:00
2013586,12013586,2013586 Total (Diversion),Annual,1,2013,210.52,ACFT,K,Approved,2014-04-04 13:52:00
2013586,12013586,2013586 Total (Diversion),Annual,1,2014,154.18,ACFT,K,Approved,2015-06-01 17:12:00
2013586,12013586,2013586 Total (Diversion),Annual,1,2015,102.72,ACFT,K,Approved,2016-05-30 14:30:00
2013586,12013586,2013586 Total (Diversion),Annual,1,2016,292.66,ACFT,K,Approved,2018-01-03 15:56:00
2013586,12013586,2013586 Total (Diversion),Annual,1,2017,152.45,ACFT,K,Approved,2018-05-25 09:41:00
2013586,12013586,2013586 Total (Diversion),Annual,1,2018,5.567,ACFT,K,Approved,2019-05-08 16:00:00
2013586,12013586,2013586 Total (Diversion),Annual,1,2019,153.364,ACFT,K,Approved,2020-04-01 21:05:00
2013586,12013586,2013586 Total (Diversion),Annual,1,2020,96.2025,ACFT,K,Approved,2021-03-26 10:46:00
2013586,12013586,2013586 Total (Diversion),Annual,1,2021,97.3025,ACFT,K,Approved,2022-03-30 09:30:00
2013586,12013586,2013586 Total (Diversion),Annual,1,2022,70.9255,ACFT,K,Approved,2023-02-03 11:04:00
2013586,12013586,2013586 Total (Diversion),Annual,1,2023,75.3835,ACFT,K,Approved,2024-01-11 09:28:00
2013586,12013586,2013586 Total (Diversion),Annual,1,2024,65.5395,ACFT,K,Approved,2024-12-02 13:11:00
2013784,12013784,2013784 Total (Diversion),Annual,1,2009,224.2,ACFT,U,Approved,2010-06-29 16:23:00
2013784,12013784,2013784 Total (Diversion),Annual,1,2010,296.0,ACFT,U,Approved,2011-06-20 17:12:00
2013784,12013784,2013784 Total (Diversion),Annual,1,2011,222.74,ACFT,U,Approved,2012-07-06 07:51:00
2013784,12013784,2013784 Total (Diversion),Annual,1,2012,173.4,ACFT,K,Approved,2013-05-03 15:13:00
2013784,12013784,2013784 Total (Diversion),Annual,1,2013,0.0,ACFT,K,Approved,2014-04-04 13:52:00
2013784,12013784,2013784 Total (Diversion),Annual,1,2014,147.81,ACFT,K,Approved,2015-06-01 17:12:00
2013784,12013784,2013784 Total (Diversion),Annual,1,2015,184.46,ACFT,K,Approved,2016-05-30 14:30:00
2013784,12013784,2013784 Total (Diversion),Annual,1,2016,239.81,ACFT,K,Approved,2018-01-03 15:56:00
2013784,12013784,2013784 Total (Diversion),Annual,1,2017,244.1,ACFT,K,Approved,2018-05-25 09:41:00
2013784,12013784,2013784 Total (Diversion),Annual,1,2018,223.33,ACFT,K,Approved,2019-04-04 16:17:00
2013784,12013784,2013784 Total (Diversion),Annual,1,2019,68.55,ACFT,K,Approved,2020-04-01 21:05:00
2013784,12013784,2013784 Total (Diversion),Annual,1,2020,39.13,ACFT,K,Approved,2021-03-26 10:46:00
2013784,12013784,2013784 Total (Diversion),Annual,1,2021,46.98,ACFT,K,Approved,2022-03-30 09:30:00
2013784,12013784,2013784 Total (Diversion),Annual,1,2022,0.0,ACFT,K,Approved,2023-02-03 11:03:00
2013784,12013784,2013784 Total (Diversion),Annual,1,2023,0.0,ACFT,K,Approved,2024-01-11 12:58:00
2013784,12013784,2013784 Total (Diversion),Annual,1,2024,0.0,ACFT,K,Approved,2024-10-24 09:35:00
2013791,12013791,2013791 Total (Diversion),Annual,1,2009,269.0,ACFT,U,Approved,2010-06-29 16:23:00
2013791,12013791,2013791 Total (Diversion),Annual,1,2010,297.1,ACFT,U,Approved,2011-06-20 17:12:00
2013791,12013791,2013791 Total (Diversion),Annual,1,2011,299.7,ACFT,U,Approved,2012-07-06 07:51:00
2013791,12013791,2013791 Total (Diversion),Annual,1,2012,281.23,ACFT,K,Approved,2013-05-03 15:13:00
2013791,12013791,2013791 Total (Diversion),Annual,1,2013,251.1,ACFT,K,Approved,2014-04-04 13:52:00
2013791,12013791,2013791 Total (Diversion),Annual,1,2014,278.67,ACFT,K,Approved,2015-06-01 17:12:00
2013791,12013791,2013791 Total (Diversion),Annual,1,2015,140.86,ACFT,K,Approved,2016-05-30 14:30:00
2013791,12013791,2013791 Total (Diversion),Annual,1,2016,204.78,ACFT,K,Approved,2018-01-03 15:56:00
2013791,12013791,2013791 Total (Diversion),Annual,1,2017,273.05,ACFT,K,Approved,2018-05-25 09:41:00
2013791,12013791,2013791 Total (Diversion),Annual,1,2018,303.13,ACFT,K,Approved,2019-04-04 16:17:00
2013791,12013791,2013791 Total (Diversion),Annual,1,2019,262.86,ACFT,K,Approved,2020-04-01 21:05:00
2013791,12013791,2013791 Total (Diversion),Annual,1,2020,325.83,ACFT,K,Approved,2021-03-26 10:46:00
2013791,12013791,2013791 Total (Diversion),Annual,1,2021,263.84,ACFT,K,Approved,2022-03-30 09:30:00
2013791,12013791,2013791 Total (Diversion),Annual,1,2022,257.74,ACFT,K,Approved,2023-02-03 11:03:00
2013791,12013791,2013791 Total (Diversion),Annual,1,2023,239.66,ACFT,K,Approved,2024-01-17 15:24:00
2013791,12013791,2013791 Total (Diversion),Annual,1,2024,54.97,ACFT,K,Approved,2024-11-18 13:16:00
2013875,12013875,2013875 Total (Diversion),Annual,1,2009,243.11,ACFT,U,Approved,2010-06-29 16:23:00
2013875,12013875,2013875 Total (Diversion),Annual,1,2010,28.53,ACFT,U,Approved,2011-06-20 17:12:00
2013875,12013875,2013875 Total (Diversion),Annual,1,2011,100.0,ACFT,U,Approved,2012-07-06 07:51:00
2013875,12013875,2013875 Total (Diversion),Annual,1,2012,170.02,ACFT,K,Approved,2013-05-03 15:13:00
2013875,12013875,2013875 Total (Diversion),Annual,1,2013,181.53,ACFT,K,Approved,2014-04-04 13:52:00
2013875,12013875,2013875 Total (Diversion),Annual,1,2014,98.625,ACFT,K,Approved,2015-06-01 17:12:00
2013875,12013875,2013875 Total (Diversion),Annual,1,2015,89.375,ACFT,K,Approved,2016-05-30 14:30:00
2013875,12013875,2013875 Total (Diversion),Annual,1,2016,98.565,ACFT,K,Approved,2018-01-03 15:56:00
2013875,12013875,2013875 Total (Diversion),Annual,1,2017,106.96,ACFT,K,Approved,2018-05-25 09:41:00
2013875,12013875,2013875 Total (Diversion),Annual,1,2018,81.19,ACFT,K,Approved,2019-04-04 16:17:00
2013875,12013875,2013875 Total (Diversion),Annual,1,2019,95.715,ACFT,K,Approved,2020-04-01 21:05:00
2013875,12013875,2013875 Total (Diversion),Annual,1,2020,38.45,ACFT,K,Approved,2021-03-26 10:46:00
2013875,12013875,2013875 Total (Diversion),Annual,1,2021,85.135,ACFT,K,Approved,2022-03-30 09:30:00
2013875,12013875,2013875 Total (Diversion),Annual,1,2022,80.81,ACFT,K,Approved,2023-02-03 11:03:00
2013875,12013875,2013875 Total (Diversion),Annual,1,2023,100.49,ACFT,K,Approved,2024-01-10 16:14:00
2013875,12013875,2013875 Total (Diversion),Annual,1,2024,88.9535,ACFT,K,Approved,2024-12-31 12:50:00
2013925,12013925,2013925 Total (Diversion),Annual,1,2009,73.86,ACFT,U,Approved,2010-06-29 16:23:00
2013925,12013925,2013925 Total (Diversion),Annual,1,2010,79.78,ACFT,U,Approved,2011-06-20 17:12:00
2013925,12013925,2013925 Total (Diversion),Annual,1,2011,121.27,ACFT,U,Approved,2012-07-06 07:51:00
2013925,12013925,2013925 Total (Diversion),Annual,1,2012,111.989,ACFT,K,Approved,2013-05-03 15:13:00
2013925,12013925,2013925 Total (Diversion),Annual,1,2013,111.198,ACFT,K,Approved,2014-04-04 13:52:00
2013925,12013925,2013925 Total (Diversion),Annual,1,2014,0.0,ACFT,K,Approved,2015-06-01 17:12:00
2013925,12013925,2013925 Total (Diversion),Annual,1,2015,119.7,ACFT,K,Approved,2016-05-30 14:30:00
2013925,12013925,2013925 Total (Diversion),Annual,1,2016,119.9,ACFT,K,Approved,2018-01-03 15:56:00
2013925,12013925,2013925 Total (Diversion),Annual,1,2017,119.974,ACFT,K,Approved,2018-05-25 09:41:00
2013925,12013925,2013925 Total (Diversion),Annual,1,2018,120.165,ACFT,K,Approved,2019-04-04 16:17:00
2013925,12013925,2013925 Total (Diversion),Annual,1,2019,77.432,ACFT,K,Approved,2020-04-01 21:05:00
2013925,12013925,2013925 Total (Diversion),Annual,1,2020,115.429,ACFT,K,Approved,2021-03-26 10:46:00
2013925,12013925,2013925 Total (Diversion),Annual,1,2021,93.652,ACFT,K,Approved,2022-03-30 09:30:00
2013925,12013925,2013925 Total (Diversion),Annual,1,2022,90.449,ACFT,K,Approved,2023-02-03 11:05:00
2013925,12013925,2013925 Total (Diversion),Annual,1,2023,82.264,ACFT,K,Approved,2024-01-16 11:15:00
2013925,12013925,2013925 Total (Diversion),Annual,1,2024,74.534,ACFT,K,Approved,2024-11-04 13:28:00
2013928,12013928,2013928 Total (Diversion),Annual,1,2009,408.41,ACFT,U,Approved,2010-06-29 16:23:00
2013928,12013928,2013928 Total (Diversion),Annual,1,2010,434.36,ACFT,U,Approved,2011-06-20 17:12:00
2013928,12013928,2013928 Total (Diversion),Annual,1,2011,413.31,ACFT,U,Approved,2012-07-06 07:51:00
2013928,12013928,2013928 Total (Diversion),Annual,1,2012,244.9,ACFT,K,Approved,2013-05-03 15:13:00
2013928,12013928,2013928 Total (Diversion),Annual,1,2013,336.1,ACFT,K,Approved,2014-04-04 13:52:00
2013928,12013928,2013928 Total (Diversion),Annual,1,2014,373.0,ACFT,K,Approved,2015-06-01 17:12:00
2013928,12013928,2013928 Total (Diversion),Annual,1,2015,320.0,ACFT,K,Approved,2021-12-14 14:45:00
2013928,12013928,2013928 Total (Diversion),Annual,1,2016,288.0,ACFT,K,Approved,2018-11-30 14:35:00
2013928,12013928,2013928 Total (Diversion),Annual,1,2017,303.0,ACFT,K,Approved,2018-11-30 14:35:00
2013928,12013928,2013928 Total (Diversion),Annual,1,2018,377.44,ACFT,K,Approved,2019-04-04 16:17:00
2013928,12013928,2013928 Total (Diversion),Annual,1,2019,212.12,ACFT,K,Approved,2020-04-01 21:05:00
2013928,12013928,2013928 Total (Diversion),Annual,1,2020,307.42,ACFT,K,Approved,2021-03-26 10:46:00
2013928,12013928,2013928 Total (Diversion),Annual,1,2021,314.84,ACFT,K,Approved,2022-03-30 09:30:00
2013928,12013928,2013928 Total (Diversion),Annual,1,2022,209.22,ACFT,K,Approved,2023-02-03 11:03:00
2013928,12013928,2013928 Total (Diversion),Annual,1,2023,250.9,ACFT,K,Approved,2024-01-12 11:03:00
2013928,12013928,2013928 Total (Diversion),Annual,1,2024,80.38,ACFT,K,Approved,2024-12-17 12:31:00
2014130,12014130,2014130 Total (Diversion),Annual,1,2009,115.08,ACFT,U,Approved,2010-06-29 16:23:00
2014130,12014130,2014130 Total (Diversion),Annual,1,2010,301.58,ACFT,U,Approved,2011-06-20 17:12:00
2014130,12014130,2014130 Total (Diversion),Annual,1,2011,292.919,ACFT,U,Approved,2013-11-25 18:37:00
2014130,12014130,2014130 Total (Diversion),Annual,1,2012,283.138,ACFT,K,Approved,2013-05-03 15:13:00
2014130,12014130,2014130 Total (Diversion),Annual,1,2013,249.077,ACFT,K,Approved,2014-04-04 13:52:00
2014130,12014130,2014130 Total (Diversion),Annual,1,2014,248.704,ACFT,K,Approved,2015-06-01 17:12:00
2014130,12014130,2014130 Total (Diversion),Annual,1,2015,97.35,ACFT,K,Approved,2016-05-30 14:30:00
2014130,12014130,2014130 Total (Diversion),Annual,1,2016,215.171,ACFT,K,Approved,2018-01-03 15:56:00
2014130,12014130,2014130 Total (Diversion),Annual,1,2017,296.163,ACFT,K,Approved,2018-05-25 09:41:00
2014130,12014130,2014130 Total (Diversion),Annual,1,2018,321.145,ACFT,K,Approved,2019-04-04 16:17:00
2014130,12014130,2014130 Total (Diversion),Annual,1,2019,210.533,ACFT,K,Approved,2020-04-01 21:05:00
2014130,12014130,2014130 Total (Diversion),Annual,1,2020,269.138,ACFT,K,Approved,2021-03-26 10:46:00
2014130,12014130,2014130 Total (Diversion),Annual,1,2021,217.595,ACFT,K,Approved,2022-03-30 09:30:00
2014130,12014130,2014130 Total (Diversion),Annual,1,2022,217.445,ACFT,K,Approved,2023-02-03 11:04:00
2014130,12014130,2014130 Total (Diversion),Annual,1,2023,97.907,ACFT,K,Approved,2024-01-17 15:45:00
2014130,12014130,2014130 Total (Diversion),Annual,1,2024,0.0,ACFT,K,Approved,2024-10-24 09:32:00
2014135,12014135,2014135 Total (Diversion),Annual,1,2009,97.61,ACFT,U,Approved,2010-06-29 16:23:00
2014135,12014135,2014135 Total (Diversion),Annual,1,2010,161.4,ACFT,U,Approved,2011-06-20 17:12:00
2014135,12014135,2014135 Total (Diversion),Annual,1,2011,126.54,ACFT,U,Approved,2012-07-06 07:51:00
2014135,12014135,2014135 Total (Diversion),Annual,1,2012,130.81,ACFT,K,Approved,2013-05-03 15:13:00
2014135,12014135,2014135 Total (Diversion),Annual,1,2013,111.65,ACFT,K,Approved,2014-04-04 13:52:00
2014135,12014135,2014135 Total (Diversion),Annual,1,2014,98.48,ACFT,K,Approved,2015-06-01 17:12:00
2014135,12014135,2014135 Total (Diversion),Annual,1,2015,87.81,ACFT,K,Approved,2016-05-30 14:30:00
2014135,12014135,2014135 Total (Diversion),Annual,1,2016,118.38,ACFT,K,Approved,2018-01-03 15:56:00
2014135,12014135,2014135 Total (Diversion),Annual,1,2017,131.97,ACFT,K,Approved,2018-05-25 09:41:00
2014135,12014135,2014135 Total (Diversion),Annual,1,2018,140.63,ACFT,K,Approved,2020-02-08 18:00:00
2014135,12014135,2014135 Total (Diversion),Annual,1,2019,148.95,ACFT,K,Approved,2020-04-01 21:05:00
2014135,12014135,2014135 Total (Diversion),Annual,1,2020,113.56,ACFT,K,Approved,2021-03-26 10:46:00
2014135,12014135,2014135 Total (Diversion),Annual,1,2021,90.18,ACFT,K,Approved,2022-03-30 09:30:00
2014135,12014135,2014135 Total (Diversion),Annual,1,2022,51.78,ACFT,K,Approved,2023-02-03 11:03:00
2014135,12014135,2014135 Total (Diversion),Annual,1,2023,76.24,ACFT,K,Approved,2024-01-12 11:04:00
2014135,12014135,2014135 Total (Diversion),Annual,1,2024,97.642,ACFT,K,Approved,2024-12-20 13:07:00
2014447,12014447,2014447 Total (Diversion),Annual,1,2010,11.1974,ACFT,U,Approved,2013-11-26 12:04:00
2014447,12014447,2014447 Total (Diversion),Annual,1,2011,11.1361,ACFT,U,Approved,2013-11-25 18:57:00
2014447,12014447,2014447 Total (Diversion),Annual,1,2012,14.4413,ACFT,K,Approved,2013-05-03 15:13:00
2014447,12014447,2014447 Total (Diversion),Annual,1,2013,15.7161,ACFT,K,Approved,2014-04-04 13:52:00
2014447,12014447,2014447 Total (Diversion),Annual,1,2014,9.3408,ACFT,K,Approved,2015-06-01 17:12:00
2014447,12014447,2014447 Total (Diversion),Annual,1,2015,8.7083,ACFT,K,Approved,2016-05-30 14:30:00
2014447,12014447,2014447 Total (Diversion),Annual,1,2016,13.2643,ACFT,K,Approved,2018-01-26 09:45:00
2014447,12014447,2014447 Total (Diversion),Annual,1,2017,9.106,ACFT,K,Approved,2018-05-25 09:41:00
2014447,12014447,2014447 Total (Diversion),Annual,1,2018,8.6656,ACFT,K,Approved,2019-04-04 16:17:00
2014447,12014447,2014447 Total (Diversion),Annual,1,2019,15.1821,ACFT,K,Approved,2020-04-01 21:05:00
2014447,12014447,2014447 Total (Diversion),Annual,1,2020,12.5201,ACFT,K,Approved,2021-03-26 10:46:00
2014447,12014447,2014447 Total (Diversion),Annual,1,2021,14.9568,ACFT,K,Approved,2022-03-30 09:30:00
2014447,12014447,2014447 Total (Diversion),Annual,1,2022,8.6773,ACFT,K,Approved,2023-02-03 11:04:00
2014447,12014447,2014447 Total (Diversion),Annual,1,2023,7.566,ACFT,K,Approved,2024-02-01 15:26:00
2014447,12014447,2014447 Total (Diversion),Annual,1,2024,9.3352,ACFT,K,Approved,2024-11-20 15:10:00
2014627,12014627,2014627 Total (Diversion),Annual,1,2022,2.9475,ACFT,K,Approved,2023-02-03 11:04:00
2014627,12014627,2014627 Total (Diversion),Annual,1,2023,101.37,ACFT,K,Approved,2024-01-12 08:51:00
2014627,12014627,2014627 Total (Diversion),Annual,1,2024,84.5175,ACFT,K,Approved,2024-12-09 16:22:00
