wdid,waterClassNum,wcIdentifier,measInterval,measCount,dataMeasDate,dataValue,measUnits,obsCode,approvalStatus,modified
2205006,12205006,2205006 Total (Diversion),Annual,1,2009,360.26,ACFT,U,Approved,2010-06-29 16:31:00
2205006,12205006,2205006 Total (Diversion),Annual,1,2010,531.33,ACFT,U,Approved,2011-04-13 17:02:00
2205006,12205006,2205006 Total (Diversion),Annual,1,2011,883.98,ACFT,U,Approved,2012-05-04 16:30:00
2205006,12205006,2205006 Total (Diversion),Annual,1,2012,818.56,ACFT,K,Approved,2013-05-06 08:03:00
2205006,12205006,2205006 Total (Diversion),Annual,1,2013,519.25,ACFT,K,Approved,2014-04-04 08:31:00
2205006,12205006,2205006 Total (Diversion),Annual,1,2014,729.9,ACFT,K,Approved,2015-04-22 10:20:00
2205006,12205006,2205006 Total (Diversion),Annual,1,2015,386.0,ACFT,K,Approved,2016-05-30 13:21:00
2205006,12205006,2205006 Total (Diversion),Annual,1,2016,376.78,ACFT,K,Approved,2018-01-03 16:55:00
2205006,12205006,2205006 Total (Diversion),Annual,1,2017,182.23,ACFT,K,Approved,2018-05-25 10:00:00
2205006,12205006,2205006 Total (Diversion),Annual,1,2018,729.53,ACFT,K,Approved,2019-05-21 17:30:00
2205006,12205006,2205006 Total (Diversion),Annual,1,2019,542.42,ACFT,K,Approved,2020-04-01 21:30:00
2205006,12205006,2205006 Total (Diversion),Annual,1,2020,594.74,ACFT,K,Approved,2021-03-26 09:31:00
2205006,12205006,2205006 Total (Diversion),Annual,1,2021,438.49,ACFT,K,Approved,2022-03-23 10:46:00
2205006,12205006,2205006 Total (Diversion),Annual,1,2022,442.62,ACFT,K,Approved,2023-02-03 11:01:00
2205006,12205006,2205006 Total (Diversion),Annual,1,2023,591.24,ACFT,K,Approved,2024-01-08 10:39:00
2205006,12205006,2205006 Total (Diversion),Annual,1,2024,210.18,ACFT,K,Approved,2024-11-15 12:14:00
2205007,12205007,2205007 Total (Diversion),Annual,1,2009,392.43,ACFT,U,Approved,2010-06-29 16:31:00
2205007,12205007,2205007 Total (Diversion),Annual,1,2010,562.29,ACFT,U,Approved,2011-04-13 17:02:00
2205007,12205007,2205007 Total (Diversion),Annual,1,2011,876.18,ACFT,U,Approved,2012-05-04 16:30:00
2205007,12205007,2205007 Total (Diversion),Annual,1,2012,1165.82,ACFT,K,Approved,2013-05-06 08:03:00
2205007,12205007,2205007 Total (Diversion),Annual,1,2013,994.35,ACFT,K,Approved,2014-04-04 08:31:00
2205007,12205007,2205007 Total (Diversion),Annual,1,2014,737.47,ACFT,K,Approved,2015-04-22 10:20:00
2205007,12205007,2205007 Total (Diversion),Annual,1,2015,477.35,ACFT,K,Approved,2016-05-30 13:21:00
2205007,12205007,2205007 Total (Diversion),Annual,1,2016,478.5,ACFT,K,Approved,2018-01-03 16:55:00
2205007,12205007,2205007 Total (Diversion),Annual,1,2017,308.51,ACFT,K,Approved,2018-05-25 10:00:00
2205007,12205007,2205007 Total (Diversion),Annual,1,2018,735.23,ACFT,K,Approved,2019-05-21 17:30:00
2205007,12205007,2205007 Total (Diversion),Annual,1,2019,403.09,ACFT,K,Approved,2020-04-01 21:30:00
2205007,12205007,2205007 Total (Diversion),Annual,1,2020,649.9,ACFT,K,Approved,2021-03-26 09:31:00
2205007,12205007,2205007 Total (Diversion),Annual,1,2021,370.16,ACFT,K,Approved,2022-03-23 10:46:00
2205007,12205007,2205007 Total (Diversion),Annual,1,2022,16.88,ACFT,K,Approved,2023-02-03 11:01:00
2205007,12205007,2205007 Total (Diversion),Annual,1,2023,317.689,ACFT,K,Approved,2024-02-06 12:51:00
2205007,12205007,2205007 Total (Diversion),Annual,1,2024,341.863,ACFT,K,Approved,2024-11-15 12:14:00
2205018,12205018,2205018 Total (Diversion),Annual,1,2009,5.63,ACFT,U,Approved,2010-06-29 16:31:00
2205018,12205018,2205018 Total (Diversion),Annual,1,2010,115.04,ACFT,U,Approved,2011-04-13 17:02:00
2205018,12205018,2205018 Total (Diversion),Annual,1,2011,133.16,ACFT,U,Approved,2012-05-04 16:30:00
2205018,12205018,2205018 Total (Diversion),Annual,1,2012,138.63,ACFT,K,Approved,2013-05-06 08:03:00
2205018,12205018,2205018 Total (Diversion),Annual,1,2013,150.63,ACFT,K,Approved,2014-04-04 08:31:00
2205018,12205018,2205018 Total (Diversion),Annual,1,2014,157.86,ACFT,K,Approved,2015-04-22 10:20:00
2205018,12205018,2205018 Total (Diversion),Annual,1,2015,0.08,ACFT,K,Approved,2016-05-30 13:21:00
2205018,12205018,2205018 Total (Diversion),Annual,1,2016,44.03,ACFT,K,Approved,2018-01-03 16:55:00
2205018,12205018,2205018 Total (Diversion),Annual,1,2017,3.47,ACFT,K,Approved,2018-05-25 10:00:00
2205018,12205018,2205018 Total (Diversion),Annual,1,2018,38.9,ACFT,K,Approved,2019-05-21 17:30:00
2205018,12205018,2205018 Total (Diversion),Annual,1,2019,89.73,ACFT,K,Approved,2020-04-01 21:30:00
2205018,12205018,2205018 Total (Diversion),Annual,1,2020,10.26,ACFT,K,Approved,2021-03-26 09:31:00
2205018,12205018,2205018 Total (Diversion),Annual,1,2021,34.86,ACFT,K,Approved,2022-03-23 10:46:00
2205018,12205018,2205018 Total (Diversion),Annual,1,2022,7.18,ACFT,K,Approved,2023-02-03 11:04:00
2205018,12205018,2205018 Total (Diversion),Annual,1,2023,171.08,ACFT,K,Approved,2024-01-08 11:41:00
2205018,12205018,2205018 Total (Diversion),Annual,1,2024,151.52,ACFT,K,Approved,2024-11-14 15:20:00
2205067,12205067,2205067 Total (Diversion),Annual,1,2009,26.35,ACFT,U,Approved,2010-06-29 16:31:00
2205067,12205067,2205067 Total (Diversion),Annual,1,2010,28.0,ACFT,U,Approved,2011-04-13 17:02:00
2205067,12205067,2205067 Total (Diversion),Annual,1,2011,42.73,ACFT,U,Approved,2012-05-04 16:30:00
2205067,12205067,2205067 Total (Diversion),Annual,1,2012,37.406,ACFT,K,Approved,2013-05-06 08:03:00
2205067,12205067,2205067 Total (Diversion),Annual,1,2013,41.138,ACFT,K,Approved,2014-04-04 08:31:00
2205067,12205067,2205067 Total (Diversion),Annual,1,2014,26.356,ACFT,K,Approved,2015-04-22 10:20:00
2205067,12205067,2205067 Total (Diversion),Annual,1,2015,7.19,ACFT,K,Approved,2016-05-30 13:21:00
2205067,12205067,2205067 Total (Diversion),Annual,1,2016,19.14,ACFT,K,Approved,2018-01-03 16:55:00
2205067,12205067,2205067 Total (Diversion),Annual,1,2017,0.0,ACFT,K,Approved,2018-05-25 10:00:00
2205067,12205067,2205067 Total (Diversion),Annual,1,2018,27.441,ACFT,K,Approved,2019-05-21 17:30:00
2205067,12205067,2205067 Total (Diversion),Annual,1,2019,23.462,ACFT,K,Approved,2020-04-01 21:30:00
2205067,12205067,2205067 Total (Diversion),Annual,1,2020,25.39,ACFT,K,Approved,2021-03-26 09:31:00
2205067,12205067,2205067 Total (Diversion),Annual,1,2021,9.187,ACFT,K,Approved,2022-03-23 10:46:00
2205067,12205067,2205067 Total (Diversion),Annual,1,2022,0.01,ACFT,K,Approved,2023-02-03 11:01:00
2205067,12205067,2205067 Total (Diversion),Annual,1,2023,0.006,ACFT,K,Approved,2024-01-09 12:53:00
2205067,12205067,2205067 Total (Diversion),Annual,1,2024,0.0,ACFT,K,Approved,2024-11-19 14:08:00
2205074,12205074,2205074 Total (Diversion),Annual,1,2009,106.35,ACFT,U,Approved,2010-06-29 16:31:00
2205074,12205074,2205074 Total (Diversion),Annual,1,2010,171.32,ACFT,U,Approved,2011-04-13 17:02:00
2205074,12205074,2205074 Total (Diversion),Annual,1,2011,257.27,ACFT,U,Approved,2012-05-04 16:30:00
2205074,12205074,2205074 Total (Diversion),Annual,1,2012,394.59,ACFT,K,Approved,2018-02-14 15:25:00
2205074,12205074,2205074 Total (Diversion),Annual,1,2013,210.92,ACFT,K,Approved,2014-04-04 08:31:00
2205074,12205074,2205074 Total (Diversion),Annual,1,2014,215.28,ACFT,K,Approved,2015-04-22 10:20:00
2205074,12205074,2205074 Total (Diversion),Annual,1,2015,119.54,ACFT,K,Approved,2016-05-30 13:21:00
2205074,12205074,2205074 Total (Diversion),Annual,1,2016,149.77,ACFT,K,Approved,2018-01-03 16:55:00
2205074,12205074,2205074 Total (Diversion),Annual,1,2017,110.82,ACFT,K,Approved,2018-05-25 10:00:00
2205074,12205074,2205074 Total (Diversion),Annual,1,2018,154.8,ACFT,K,Approved,2019-05-21 17:30:00
2205074,12205074,2205074 Total (Diversion),Annual,1,2019,149.55,ACFT,K,Approved,2020-04-01 21:30:00
2205074,12205074,2205074 Total (Diversion),Annual,1,2020,296.95,ACFT,K,Approved,2021-03-26 09:31:00
2205074,12205074,2205074 Total (Diversion),Annual,1,2021,45.2,ACFT,K,Approved,2022-03-23 10:46:00
2205074,12205074,2205074 Total (Diversion),Annual,1,2022,55.73,ACFT,K,Approved,2023-02-03 11:04:00
2205074,12205074,2205074 Total (Diversion),Annual,1,2023,149.02,ACFT,K,Approved,2024-02-06 13:09:00
2205074,12205074,2205074 Total (Diversion),Annual,1,2024,107.71,ACFT,K,Approved,2024-11-14 15:20:00
2205142,12205142,2205142 Total (Diversion),Annual,1,2009,0.0,ACFT,U,Approved,2010-06-29 16:31:00
2205142,12205142,2205142 Total (Diversion),Annual,1,2010,0.0,ACFT,U,Approved,2011-04-13 17:02:00
2205142,12205142,2205142 Total (Diversion),Annual,1,2011,253.81,ACFT,U,Approved,2012-05-04 16:30:00
2205142,12205142,2205142 Total (Diversion),Annual,1,2012,583.05,ACFT,K,Approved,2013-05-06 08:03:00
2205142,12205142,2205142 Total (Diversion),Annual,1,2013,562.38,ACFT,K,Approved,2014-04-04 08:31:00
2205142,12205142,2205142 Total (Diversion),Annual,1,2014,741.21,ACFT,K,Approved,2015-04-22 10:20:00
2205142,12205142,2205142 Total (Diversion),Annual,1,2015,144.09,ACFT,K,Approved,2016-05-30 13:21:00
2205142,12205142,2205142 Total (Diversion),Annual,1,2016,351.1,ACFT,K,Approved,2018-01-03 16:55:00
2205142,12205142,2205142 Total (Diversion),Annual,1,2017,226.52,ACFT,K,Approved,2018-05-25 10:00:00
2205142,12205142,2205142 Total (Diversion),Annual,1,2018,226.62,ACFT,K,Approved,2019-05-21 17:30:00
2205142,12205142,2205142 Total (Diversion),Annual,1,2019,71.25,ACFT,K,Approved,2020-04-01 21:30:00
2205142,12205142,2205142 Total (Diversion),Annual,1,2020,391.03,ACFT,K,Approved,2021-03-26 09:31:00
2205142,12205142,2205142 Total (Diversion),Annual,1,2021,164.85,ACFT,K,Approved,2022-03-23 10:46:00
2205142,12205142,2205142 Total (Diversion),Annual,1,2022,271.841,ACFT,K,Approved,2023-02-03 11:05:00
2205142,12205142,2205142 Total (Diversion),Annual,1,2023,187.505,ACFT,K,Approved,2024-01-10 13:47:00
2205142,12205142,2205142 Total (Diversion),Annual,1,2024,0.0,ACFT,K,Approved,2024-11-15 12:14:00
2205173,12205173,2205173 Total (Diversion),Annual,1,2009,338.81,ACFT,U,Approved,2011-02-25 09:50:00
2205173,12205173,2205173 Total (Diversion),Annual,1,2010,93.44,ACFT,U,Approved,2011-04-13 17:02:00
2205173,12205173,2205173 Total (Diversion),Annual,1,2011,159.28,ACFT,U,Approved,2012-05-04 16:30:00
2205173,12205173,2205173 Total (Diversion),Annual,1,2012,157.06,ACFT,K,Approved,2013-05-06 08:03:00
2205173,12205173,2205173 Total (Diversion),Annual,1,2013,31.93,ACFT,K,Approved,2014-04-04 08:31:00
2205173,12205173,2205173 Total (Diversion),Annual,1,2014,212.12,ACFT,K,Approved,2015-04-22 10:20:00
2205173,12205173,2205173 Total (Diversion),Annual,1,2015,145.18,ACFT,K,Approved,2016-05-30 13:21:00
2205173,12205173,2205173 Total (Diversion),Annual,1,2016,113.02,ACFT,K,Approved,2018-01-03 16:55:00
2205173,12205173,2205173 Total (Diversion),Annual,1,2017,85.94,ACFT,K,Approved,2018-05-25 10:00:00
2205173,12205173,2205173 Total (Diversion),Annual,1,2018,133.26,ACFT,K,Approved,2019-05-21 17:30:00
2205173,12205173,2205173 Total (Diversion),Annual,1,2019,76.19,ACFT,K,Approved,2020-04-01 21:30:00
2205173,12205173,2205173 Total (Diversion),Annual,1,2020,145.18,ACFT,K,Approved,2021-03-26 09:31:00
2205173,12205173,2205173 Total (Diversion),Annual,1,2021,91.92,ACFT,K,Approved,2022-03-23 10:46:00
2205173,12205173,2205173 Total (Diversion),Annual,1,2022,141.2,ACFT,K,Approved,2023-02-03 11:01:00
2205173,12205173,2205173 Total (Diversion),Annual,1,2023,185.17,ACFT,K,Approved,2024-02-07 10:09:00
2205173,12205173,2205173 Total (Diversion),Annual,1,2024,155.1566,ACFT,K,Approved,2024-11-18 07:45:00
2205187,12205187,2205187 Total (Diversion),Annual,1,2009,3.6,ACFT,U,Approved,2010-06-29 16:31:00
2205187,12205187,2205187 Total (Diversion),Annual,1,2010,0.0,ACFT,U,Approved,2011-04-13 17:02:00
2205187,12205187,2205187 Total (Diversion),Annual,1,2011,55.01,ACFT,U,Approved,2012-05-04 16:30:00
2205187,12205187,2205187 Total (Diversion),Annual,1,2012,144.05,ACFT,K,Approved,2013-05-06 08:03:00
2205187,12205187,2205187 Total (Diversion),Annual,1,2013,140.93,ACFT,K,Approved,2014-04-04 08:31:00
2205187,12205187,2205187 Total (Diversion),Annual,1,2014,100.01,ACFT,K,Approved,2015-04-22 10:20:00
2205187,12205187,2205187 Total (Diversion),Annual,1,2015,61.17,ACFT,K,Approved,2016-05-30 13:21:00
2205187,12205187,2205187 Total (Diversion),Annual,1,2016,50.5,ACFT,K,Approved,2018-01-03 16:55:00
2205187,12205187,2205187 Total (Diversion),Annual,1,2017,35.37,ACFT,K,Approved,2018-05-25 10:00:00
2205187,12205187,2205187 Total (Diversion),Annual,1,2018,87.04,ACFT,K,Approved,2019-05-21 17:30:00
2205187,12205187,2205187 Total (Diversion),Annual,1,2019,11.97,ACFT,K,Approved,2020-04-01 21:30:00
2205187,12205187,2205187 Total (Diversion),Annual,1,2020,123.57,ACFT,K,Approved,2021-03-26 09:31:00
2205187,12205187,2205187 Total (Diversion),Annual,1,2021,141.42,ACFT,K,Approved,2022-03-23 10:46:00
2205187,12205187,2205187 Total (Diversion),Annual,1,2022,83.58,ACFT,K,Approved,2023-02-03 11:01:00
2205187,12205187,2205187 Total (Diversion),Annual,1,2023,142.75,ACFT,K,Approved,2024-01-12 11:16:00
2205187,12205187,2205187 Total (Diversion),Annual,1,2024,88.56,ACFT,K,Approved,2024-12-02 14:10:00
2205243,12205243,2205243 Total (Diversion),Annual,1,2009,86.66,ACFT,U,Approved,2010-06-29 16:31:00
2205243,12205243,2205243 Total (Diversion),Annual,1,2010,204.48,ACFT,U,Approved,2011-04-13 17:02:00
2205243,12205243,2205243 Total (Diversion),Annual,1,2011,196.42,ACFT,U,Approved,2012-05-04 16:30:00
2205243,12205243,2205243 Total (Diversion),Annual,1,2012,198.21,ACFT,K,Approved,2013-05-06 08:03:00
2205243,12205243,2205243 Total (Diversion),Annual,1,2013,186.63,ACFT,K,Approved,2014-04-04 08:31:00
2205243,12205243,2205243 Total (Diversion),Annual,1,2014,214.5,ACFT,K,Approved,2015-04-22 10:20:00
2205243,12205243,2205243 Total (Diversion),Annual,1,2015,209.57,ACFT,K,Approved,2016-05-30 13:21:00
2205243,12205243,2205243 Total (Diversion),Annual,1,2016,139.64,ACFT,K,Approved,2018-01-03 16:55:00
2205243,12205243,2205243 Total (Diversion),Annual,1,2017,61.04,ACFT,K,Approved,2018-05-25 10:00:00
2205243,12205243,2205243 Total (Diversion),Annual,1,2018,170.1,ACFT,K,Approved,2019-05-21 17:30:00
2205243,12205243,2205243 Total (Diversion),Annual,1,2019,91.65,ACFT,K,Approved,2020-04-01 21:30:00
2205243,12205243,2205243 Total (Diversion),Annual,1,2020,177.23,ACFT,K,Approved,2021-03-26 09:31:00
2205243,12205243,2205243 Total (Diversion),Annual,1,2021,203.57,ACFT,K,Approved,2022-03-23 10:46:00
2205243,12205243,2205243 Total (Diversion),Annual,1,2022,217.65,ACFT,K,Approved,2023-02-03 11:01:00
2205243,12205243,2205243 Total (Diversion),Annual,1,2023,175.84,ACFT,K,Approved,2024-01-10 14:13:00
2205243,12205243,2205243 Total (Diversion),Annual,1,2024,175.23,ACFT,K,Approved,2024-11-27 09:28:00
2205388,12205388,2205388 Total (Diversion),Annual,1,2009,179.54,ACFT,U,Approved,2010-06-29 16:31:00
2205388,12205388,2205388 Total (Diversion),Annual,1,2010,188.101,ACFT,U,Approved,2013-11-26 12:18:00
2205388,12205388,2205388 Total (Diversion),Annual,1,2011,176.167,ACFT,U,Approved,2013-11-25 19:14:00
2205388,12205388,2205388 Total (Diversion),Annual,1,2012,249.222,ACFT,K,Approved,2013-05-06 08:03:00
2205388,12205388,2205388 Total (Diversion),Annual,1,2013,340.621,ACFT,K,Approved,2014-04-04 08:31:00
2205388,12205388,2205388 Total (Diversion),Annual,1,2014,264.647,ACFT,K,Approved,2015-04-22 10:20:00
2205388,12205388,2205388 Total (Diversion),Annual,1,2015,170.525,ACFT,K,Approved,2016-05-30 13:21:00
2205388,12205388,2205388 Total (Diversion),Annual,1,2016,167.718,ACFT,K,Approved,2018-01-03 16:55:00
2205388,12205388,2205388 Total (Diversion),Annual,1,2017,95.126,ACFT,K,Approved,2018-05-25 10:00:00
2205388,12205388,2205388 Total (Diversion),Annual,1,2018,130.603,ACFT,K,Approved,2019-05-21 17:30:00
2205388,12205388,2205388 Total (Diversion),Annual,1,2019,114.621,ACFT,K,Approved,2020-04-01 21:30:00
2205388,12205388,2205388 Total (Diversion),Annual,1,2020,153.53,ACFT,K,Approved,2021-12-10 14:16:00
2205388,12205388,2205388 Total (Diversion),Annual,1,2021,108.77,ACFT,K,Approved,2022-03-23 10:46:00
2205388,12205388,2205388 Total (Diversion),Annual,1,2022,131.15,ACFT,K,Approved,2023-02-03 11:04:00
2205388,12205388,2205388 Total (Diversion),Annual,1,2023,250.107,ACFT,K,Approved,2024-01-12 11:35:00
2205388,12205388,2205388 Total (Diversion),Annual,1,2024,153.773,ACFT,K,Approved,2024-11-25 09:49:00
2205460,12205460,2205460 Total (Diversion),Annual,1,2002,112.0,ACFT,*,Approved,2003-07-17 15:18:00
2205460,12205460,2205460 Total (Diversion),Annual,1,2003,207.1,ACFT,*,Approved,2004-04-20 17:30:00
2205460,12205460,2205460 Total (Diversion),Annual,1,2004,196.0,ACFT,*,Approved,2005-04-15 10:20:00
2205460,12205460,2205460 Total (Diversion),Annual,1,2005,72.641,ACFT,*,Approved,2006-06-15 15:21:00
2205460,12205460,2205460 Total (Diversion),Annual,1,2006,104.661,ACFT,*,Approved,2007-05-15 13:47:00
2205460,12205460,2205460 Total (Diversion),Annual,1,2007,131.733,ACFT,U,Approved,2008-03-28 16:41:00
2205460,12205460,2205460 Total (Diversion),Annual,1,2008,74.317,ACFT,U,Approved,2009-06-30 11:21:00
2205460,12205460,2205460 Total (Diversion),Annual,1,2009,116.34,ACFT,U,Approved,2010-06-29 16:31:00
2205460,12205460,2205460 Total (Diversion),Annual,1,2010,143.552,ACFT,U,Approved,2013-11-26 12:18:00
2205460,12205460,2205460 Total (Diversion),Annual,1,2011,321.228,ACFT,U,Approved,2013-11-25 19:15:00
2205460,12205460,2205460 Total (Diversion),Annual,1,2012,231.747,ACFT,K,Approved,2013-05-06 08:03:00
2205460,12205460,2205460 Total (Diversion),Annual,1,2013,216.814,ACFT,K,Approved,2014-04-04 08:31:00
2205460,12205460,2205460 Total (Diversion),Annual,1,2014,231.507,ACFT,K,Approved,2015-04-22 10:20:00
2205460,12205460,2205460 Total (Diversion),Annual,1,2015,161.968,ACFT,K,Approved,2016-05-30 13:21:00
2205460,12205460,2205460 Total (Diversion),Annual,1,2016,87.617,ACFT,K,Approved,2018-01-03 16:55:00
2205460,12205460,2205460 Total (Diversion),Annual,1,2017,16.915,ACFT,K,Approved,2018-05-25 10:00:00
2205460,12205460,2205460 Total (Diversion),Annual,1,2018,256.851,ACFT,K,Approved,2019-05-21 17:30:00
2205460,12205460,2205460 Total (Diversion),Annual,1,2019,64.722,ACFT,K,Approved,2020-04-01 21:30:00
2205460,12205460,2205460 Total (Diversion),Annual,1,2020,280.313,ACFT,K,Approved,2021-03-26 09:31:00
2205460,12205460,2205460 Total (Diversion),Annual,1,2021,136.0,ACFT,K,Approved,2022-03-23 10:46:00
2205460,12205460,2205460 Total (Diversion),Annual,1,2022,70.189,ACFT,K,Approved,2023-02-03 11:05:00
2205460,12205460,2205460 Total (Diversion),Annual,1,2023,133.382,ACFT,K,Approved,2024-01-10 16:08:00
2205460,12205460,2205460 Total (Diversion),Annual,1,2024,46.831,ACFT,K,Approved,2024-11-25 09:49:00
2205555,12205555,2205555 Total (Diversion),Annual,1,2009,0.0,ACFT,U,Approved,2010-06-29 16:31:00
2205555,12205555,2205555 Total (Diversion),Annual,1,2010,203.37,ACFT,U,Approved,2011-04-13 17:02:00
2205555,12205555,2205555 Total (Diversion),Annual,1,2011,0.2,ACFT,U,Approved,2012-05-04 16:30:00
2205555,12205555,2205555 Total (Diversion),Annual,1,2012,655.706,ACFT,K,Approved,2013-05-06 08:03:00
2205555,12205555,2205555 Total (Diversion),Annual,1,2013,749.546,ACFT,K,Approved,2014-04-04 08:31:00
2205555,12205555,2205555 Total (Diversion),Annual,1,2014,645.67,ACFT,K,Approved,2015-04-22 10:20:00
2205555,12205555,2205555 Total (Diversion),Annual,1,2015,536.874,ACFT,K,Approved,2016-05-30 13:21:00
2205555,12205555,2205555 Total (Diversion),Annual,1,2016,613.701,ACFT,K,Approved,2018-01-03 16:55:00
2205555,12205555,2205555 Total (Diversion),Annual,1,2017,314.428,ACFT,K,Approved,2018-05-25 10:00:00
2205555,12205555,2205555 Total (Diversion),Annual,1,2018,765.367,ACFT,K,Approved,2019-05-21 17:30:00
2205555,12205555,2205555 Total (Diversion),Annual,1,2019,105.442,ACFT,K,Approved,2020-04-01 21:30:00
2205555,12205555,2205555 Total (Diversion),Annual,1,2020,693.516,ACFT,K,Approved,2021-03-26 09:31:00
2205555,12205555,2205555 Total (Diversion),Annual,1,2021,521.434,ACFT,K,Approved,2022-03-23 10:46:00
2205555,12205555,2205555 Total (Diversion),Annual,1,2022,402.462,ACFT,K,Approved,2023-02-03 11:02:00
2205555,12205555,2205555 Total (Diversion),Annual,1,2023,397.4,ACFT,K,Approved,2024-01-10 16:11:00
2205555,12205555,2205555 Total (Diversion),Annual,1,2024,345.446,ACFT,K,Approved,2024-11-15 12:14:00
2205556,12205556,2205556 Total (Diversion),Annual,1,2009,0.0,ACFT,U,Approved,2010-06-29 16:31:00
2205556,12205556,2205556 Total (Diversion),Annual,1,2010,0.0,ACFT,U,Approved,2011-04-13 17:02:00
2205556,12205556,2205556 Total (Diversion),Annual,1,2011,17.24,ACFT,U,Approved,2012-05-04 16:30:00
2205556,12205556,2205556 Total (Diversion),Annual,1,2012,45.756,ACFT,K,Approved,2013-05-06 08:03:00
2205556,12205556,2205556 Total (Diversion),Annual,1,2013,58.031,ACFT,K,Approved,2014-04-04 08:31:00
2205556,12205556,2205556 Total (Diversion),Annual,1,2014,110.737,ACFT,K,Approved,2015-04-22 10:20:00
2205556,12205556,2205556 Total (Diversion),Annual,1,2015,22.295,ACFT,K,Approved,2016-05-30 13:21:00
2205556,12205556,2205556 Total (Diversion),Annual,1,2016,87.664,ACFT,K,Approved,2018-01-03 16:55:00
2205556,12205556,2205556 Total (Diversion),Annual,1,2017,95.531,ACFT,K,Approved,2018-05-25 10:00:00
2205556,12205556,2205556 Total (Diversion),Annual,1,2018,98.412,ACFT,K,Approved,2019-05-21 17:30:00
2205556,12205556,2205556 Total (Diversion),Annual,1,2019,4.596,ACFT,K,Approved,2020-04-01 21:30:00
2205556,12205556,2205556 Total (Diversion),Annual,1,2020,157.953,ACFT,K,Approved,2021-03-26 09:31:00
2205556,12205556,2205556 Total (Diversion),Annual,1,2021,129.354,ACFT,K,Approved,2022-03-23 10:46:00
2205556,12205556,2205556 Total (Diversion),Annual,1,2022,72.693,ACFT,K,Approved,2023-02-03 11:02:00
2205556,12205556,2205556 Total (Diversion),Annual,1,2023,99.641,ACFT,K,Approved,2024-01-10 16:11:00
2205556,12205556,2205556 Total (Diversion),Annual,1,2024,30.65,ACFT,K,Approved,2024-11-15 12:14:00
2206011,12206011,2206011 Total (Diversion),Annual,1,2009,0.0,ACFT,U,Approved,2010-06-29 16:31:00
2206011,12206011,2206011 Total (Diversion),Annual,1,2010,962.1,ACFT,U,Approved,2011-04-13 17:02:00
2206011,12206011,2206011 Total (Diversion),Annual,1,2011,540.723,ACFT,U,Approved,2020-10-08 17:00:00
2206011,12206011,2206011 Total (Diversion),Annual,1,2012,1256.862,ACFT,K,Approved,2013-05-06 08:03:00
2206011,12206011,2206011 Total (Diversion),Annual,1,2013,1767.401,ACFT,K,Approved,2014-04-04 08:31:00
2206011,12206011,2206011 Total (Diversion),Annual,1,2014,946.106,ACFT,K,Approved,2015-04-22 10:20:00
2206011,12206011,2206011 Total (Diversion),Annual,1,2015,426.433,ACFT,K,Approved,2016-05-30 13:21:00
2206011,12206011,2206011 Total (Diversion),Annual,1,2016,997.792,ACFT,K,Approved,2018-01-03 16:55:00
2206011,12206011,2206011 Total (Diversion),Annual,1,2017,1154.07,ACFT,K,Approved,2018-05-25 10:00:00
2206011,12206011,2206011 Total (Diversion),Annual,1,2018,1214.632,ACFT,K,Approved,2019-05-21 17:30:00
2206011,12206011,2206011 Total (Diversion),Annual,1,2019,105.861,ACFT,K,Approved,2020-04-01 21:30:00
2206011,12206011,2206011 Total (Diversion),Annual,1,2020,1099.216,ACFT,K,Approved,2021-03-26 09:31:00
2206011,12206011,2206011 Total (Diversion),Annual,1,2021,707.681,ACFT,K,Approved,2022-03-23 10:46:00
2206011,12206011,2206011 Total (Diversion),Annual,1,2022,231.723,ACFT,K,Approved,2023-02-03 11:05:00
2206011,12206011,2206011 Total (Diversion),Annual,1,2023,569.115,ACFT,K,Approved,2024-01-11 08:21:00
2206011,12206011,2206011 Total (Diversion),Annual,1,2024,339.704,ACFT,K,Approved,2024-11-15 12:14:00
2206061,12206061,2206061 Total (Diversion),Annual,1,2009,0.0,ACFT,U,Approved,2010-06-29 16:31:00
2206061,12206061,2206061 Total (Diversion),Annual,1,2010,10.83,ACFT,U,Approved,2011-04-13 17:02:00
2206061,12206061,2206061 Total (Diversion),Annual,1,2011,109.35,ACFT,U,Approved,2012-05-04 16:30:00
2206061,12206061,2206061 Total (Diversion),Annual,1,2012,226.45,ACFT,K,Approved,2013-05-06 08:03:00
2206061,12206061,2206061 Total (Diversion),Annual,1,2013,181.68,ACFT,K,Approved,2014-04-04 08:31:00
2206061,12206061,2206061 Total (Diversion),Annual,1,2014,159.64,ACFT,K,Approved,2015-04-22 10:20:00
2206061,12206061,2206061 Total (Diversion),Annual,1,2015,56.0,ACFT,K,Approved,2016-05-30 13:21:00
2206061,12206061,2206061 Total (Diversion),Annual,1,2016,80.39,ACFT,K,Approved,2018-01-03 16:55:00
2206061,12206061,2206061 Total (Diversion),Annual,1,2017,0.0,ACFT,K,Approved,2018-05-25 10:00:00
2206061,12206061,2206061 Total (Diversion),Annual,1,2018,82.95,ACFT,K,Approved,2019-05-21 17:30:00
2206061,12206061,2206061 Total (Diversion),Annual,1,2019,0.0,ACFT,K,Approved,2020-04-01 21:30:00
2206061,12206061,2206061 Total (Diversion),Annual,1,2020,135.76,ACFT,K,Approved,2021-03-26 09:31:00
2206061,12206061,2206061 Total (Diversion),Annual,1,2021,122.01,ACFT,K,Approved,2022-03-23 10:46:00
2206061,12206061,2206061 Total (Diversion),Annual,1,2022,74.88,ACFT,K,Approved,2023-02-03 11:01:00
2206061,12206061,2206061 Total (Diversion),Annual,1,2023,72.4,ACFT,K,Approved,2024-01-11 08:26:00
2206061,12206061,2206061 Total (Diversion),Annual,1,2024,35.16,ACFT,K,Approved,2024-11-25 09:50:00
2206086,12206086,2206086 Total (Diversion),Annual,1,2009,0.03,ACFT,U,Approved,2010-06-29 16:31:00
2206086,12206086,2206086 Total (Diversion),Annual,1,2010,24.99,ACFT,U,Approved,2011-04-13 17:02:00
2206086,12206086,2206086 Total (Diversion),Annual,1,2011,48.52,ACFT,U,Approved,2012-05-04 16:30:00
2206086,12206086,2206086 Total (Diversion),Annual,1,2012,101.87,ACFT,K,Approved,2013-05-06 08:03:00
2206086,12206086,2206086 Total (Diversion),Annual,1,2013,82.05,ACFT,K,Approved,2014-04-04 08:31:00
2206086,12206086,2206086 Total (Diversion),Annual,1,2014,61.33,ACFT,K,Approved,2015-04-22 10:20:00
2206086,12206086,2206086 Total (Diversion),Annual,1,2015,5.51,ACFT,K,Approved,2016-05-30 13:21:00
2206086,12206086,2206086 Total (Diversion),Annual,1,2016,0.0,ACFT,K,Approved,2018-01-03 16:55:00
2206086,12206086,2206086 Total (Diversion),Annual,1,2017,0.0,ACFT,K,Approved,2018-05-25 10:00:00
2206086,12206086,2206086 Total (Diversion),Annual,1,2018,155.2,ACFT,K,Approved,2019-05-21 17:30:00
2206086,12206086,2206086 Total (Diversion),Annual,1,2019,0.09,ACFT,K,Approved,2020-04-01 21:30:00
2206086,12206086,2206086 Total (Diversion),Annual,1,2020,170.99,ACFT,K,Approved,2021-03-26 09:31:00
2206086,12206086,2206086 Total (Diversion),Annual,1,2021,134.79,ACFT,K,Approved,2022-03-23 10:46:00
2206086,12206086,2206086 Total (Diversion),Annual,1,2022,62.86,ACFT,K,Approved,2023-02-03 11:01:00
2206086,12206086,2206086 Total (Diversion),Annual,1,2023,50.29,ACFT,K,Approved,2024-01-11 08:49:00
2206086,12206086,2206086 Total (Diversion),Annual,1,2024,17.85,ACFT,K,Approved,2024-11-26 10:54:00
2206092,12206092,2206092 Total (Diversion),Annual,1,2009,0.0,ACFT,U,Approved,2010-06-29 16:31:00
2206092,12206092,2206092 Total (Diversion),Annual,1,2010,0.0,ACFT,U,Approved,2011-04-13 17:02:00
2206092,12206092,2206092 Total (Diversion),Annual,1,2011,0.0,ACFT,U,Approved,2012-05-04 16:30:00
2206092,12206092,2206092 Total (Diversion),Annual,1,2012,22.293,ACFT,K,Approved,2013-05-06 08:03:00
2206092,12206092,2206092 Total (Diversion),Annual,1,2013,17.667,ACFT,K,Approved,2014-04-04 08:31:00
2206092,12206092,2206092 Total (Diversion),Annual,1,2014,81.969,ACFT,K,Approved,2015-04-22 10:20:00
2206092,12206092,2206092 Total (Diversion),Annual,1,2015,36.888,ACFT,K,Approved,2016-05-30 13:21:00
2206092,12206092,2206092 Total (Diversion),Annual,1,2016,88.94,ACFT,K,Approved,2018-01-03 16:55:00
2206092,12206092,2206092 Total (Diversion),Annual,1,2017,13.259,ACFT,K,Approved,2018-05-25 10:00:00
2206092,12206092,2206092 Total (Diversion),Annual,1,2018,218.871,ACFT,K,Approved,2019-05-21 17:30:00
2206092,12206092,2206092 Total (Diversion),Annual,1,2019,0.016,ACFT,K,Approved,2020-04-01 21:30:00
2206092,12206092,2206092 Total (Diversion),Annual,1,2020,206.964,ACFT,K,Approved,2021-03-26 09:31:00
2206092,12206092,2206092 Total (Diversion),Annual,1,2021,211.052,ACFT,K,Approved,2022-03-23 10:46:00
2206092,12206092,2206092 Total (Diversion),Annual,1,2022,147.016,ACFT,K,Approved,2023-02-03 11:02:00
2206092,12206092,2206092 Total (Diversion),Annual,1,2023,164.82,ACFT,K,Approved,2024-01-11 08:50:00
2206092,12206092,2206092 Total (Diversion),Annual,1,2024,130.861,ACFT,K,Approved,2024-12-20 09:08:00
2206095,12206095,2206095 Total (Diversion),Annual,1,2009,55.05,ACFT,U,Approved,2010-06-29 16:31:00
2206095,12206095,2206095 Total (Diversion),Annual,1,2010,430.626,ACFT,U,Approved,2013-11-25 23:41:00
2206095,12206095,2206095 Total (Diversion),Annual,1,2011,638.01,ACFT,U,Approved,2012-05-04 16:30:00
2206095,12206095,2206095 Total (Diversion),Annual,1,2012,478.739,ACFT,K,Approved,2013-05-06 08:03:00
2206095,12206095,2206095 Total (Diversion),Annual,1,2013,722.184,ACFT,K,Approved,2014-04-04 08:31:00
2206095,12206095,2206095 Total (Diversion),Annual,1,2014,538.194,ACFT,K,Approved,2015-04-22 10:20:00
2206095,12206095,2206095 Total (Diversion),Annual,1,2015,437.323,ACFT,K,Approved,2016-05-30 13:21:00
2206095,12206095,2206095 Total (Diversion),Annual,1,2016,274.415,ACFT,K,Approved,2018-01-03 16:55:00
2206095,12206095,2206095 Total (Diversion),Annual,1,2017,208.477,ACFT,K,Approved,2018-05-25 10:00:00
2206095,12206095,2206095 Total (Diversion),Annual,1,2018,321.038,ACFT,K,Approved,2019-05-21 17:30:00
2206095,12206095,2206095 Total (Diversion),Annual,1,2019,185.735,ACFT,K,Approved,2020-04-01 21:30:00
2206095,12206095,2206095 Total (Diversion),Annual,1,2020,370.349,ACFT,K,Approved,2021-03-26 09:31:00
2206095,12206095,2206095 Total (Diversion),Annual,1,2021,332.479,ACFT,K,Approved,2022-03-23 10:46:00
2206095,12206095,2206095 Total (Diversion),Annual,1,2022,275.753,ACFT,K,Approved,2023-02-03 11:01:00
2206095,12206095,2206095 Total (Diversion),Annual,1,2023,427.682,ACFT,K,Approved,2024-01-11 09:26:00
2206095,12206095,2206095 Total (Diversion),Annual,1,2024,58.268,ACFT,K,Approved,2024-11-25 09:50:00
2206098,12206098,2206098 Total (Diversion),Annual,1,2020,85.08,ACFT,K,Approved,2021-03-26 09:31:00
2206098,12206098,2206098 Total (Diversion),Annual,1,2021,73.596,ACFT,K,Approved,2022-03-23 10:46:00
2206098,12206098,2206098 Total (Diversion),Annual,1,2022,59.084,ACFT,K,Approved,2023-02-03 11:01:00
2206098,12206098,2206098 Total (Diversion),Annual,1,2023,42.887,ACFT,K,Approved,2024-01-11 09:17:00
2206098,12206098,2206098 Total (Diversion),Annual,1,2024,0.076,ACFT,K,Approved,2024-12-02 12:40:00
