wdid,waterClassNum,wcIdentifier,measInterval,measCount,dataMeasDate,dataValue,measUnits,obsCode,approvalStatus,modified
2005120,12005120,2005120 Total (Diversion),Annual,1,2009,80.95,ACFT,U,Approved,2010-06-29 16:23:00
2005120,12005120,2005120 Total (Diversion),Annual,1,2010,117.605,ACFT,U,Approved,2013-11-25 20:52:00
2005120,12005120,2005120 Total (Diversion),Annual,1,2011,121.91,ACFT,U,Approved,2012-07-06 07:51:00
2005120,12005120,2005120 Total (Diversion),Annual,1,2012,33.865,ACFT,K,Approved,2013-05-03 15:13:00
2005120,12005120,2005120 Total (Diversion),Annual,1,2013,139.29,ACFT,K,Approved,2014-04-04 13:52:00
2005120,12005120,2005120 Total (Diversion),Annual,1,2014,129.485,ACFT,K,Approved,2015-06-01 17:12:00
2005120,12005120,2005120 Total (Diversion),Annual,1,2015,102.9,ACFT,K,Approved,2016-05-30 14:30:00
2005120,12005120,2005120 Total (Diversion),Annual,1,2016,103.82,ACFT,K,Approved,2018-01-03 15:56:00
2005120,12005120,2005120 Total (Diversion),Annual,1,2017,124.55,ACFT,K,Approved,2018-05-25 09:41:00
2005120,12005120,2005120 Total (Diversion),Annual,1,2018,100.31,ACFT,K,Approved,2019-04-04 16:17:00
2005120,12005120,2005120 Total (Diversion),Annual,1,2019,93.19,ACFT,K,Approved,2020-04-01 21:05:00
2005120,12005120,2005120 Total (Diversion),Annual,1,2020,26.66,ACFT,K,Approved,2021-03-26 10:46:00
2005120,12005120,2005120 Total (Diversion),Annual,1,2021,134.005,ACFT,K,Approved,2022-03-30 09:30:00
2005120,12005120,2005120 Total (Diversion),Annual,1,2022,121.51,ACFT,K,Approved,2023-02-03 11:03:00
2005120,12005120,2005120 Total (Diversion),Annual,1,2023,127.99,ACFT,K,Approved,2024-01-12 10:46:00
2005120,12005120,2005120 Total (Diversion),Annual,1,2024,94.045,ACFT,K,Approved,2024-12-02 12:31:00
2005172,12005172,2005172 Total (Diversion),Annual,1,2009,149.08,ACFT,U,Approved,2010-06-29 16:23:00
2005172,12005172,2005172 Total (Diversion),Annual,1,2010,243.04,ACFT,U,Approved,2011-06-20 17:12:00
2005172,12005172,2005172 Total (Diversion),Annual,1,2011,232.02,ACFT,U,Approved,2012-07-06 07:51:00
2005172,12005172,2005172 Total (Diversion),Annual,1,2012,299.4,ACFT,K,Approved,2013-05-03 15:13:00
2005172,12005172,2005172 Total (Diversion),Annual,1,2013,164.33,ACFT,K,Approved,2014-04-04 13:52:00
2005172,12005172,2005172 Total (Diversion),Annual,1,2014,220.94,ACFT,K,Approved,2015-06-01 17:12:00
2005172,12005172,2005172 Total (Diversion),Annual,1,2015,179.97,ACFT,K,Approved,2016-05-30 14:30:00
2005172,12005172,2005172 Total (Diversion),Annual,1,2016,232.46,ACFT,K,Approved,2018-01-03 15:56:00
2005172,12005172,2005172 Total (Diversion),Annual,1,2017,210.21,ACFT,K,Approved,2018-05-25 09:41:00
2005172,12005172,2005172 Total (Diversion),Annual,1,2018,289.53,ACFT,K,Approved,2019-04-04 16:17:00
2005172,12005172,2005172 Total (Diversion),Annual,1,2019,191.41,ACFT,K,Approved,2020-04-01 21:05:00
2005172,12005172,2005172 Total (Diversion),Annual,1,2020,260.05,ACFT,K,Approved,2021-03-26 10:46:00
2005172,12005172,2005172 Total (Diversion),Annual,1,2021,227.48,ACFT,K,Approved,2022-03-30 09:30:00
2005172,12005172,2005172 Total (Diversion),Annual,1,2022,167.86,ACFT,K,Approved,2023-02-03 11:03:00
2005172,12005172,2005172 Total (Diversion),Annual,1,2023,208.51,ACFT,K,Approved,2024-01-17 14:46:00
2005172,12005172,2005172 Total (Diversion),Annual,1,2024,87.99,ACFT,K,Approved,2024-12-02 11:41:00
2005883,12005883,2005883 Total (Diversion),Annual,1,2009,2.83,ACFT,U,Approved,2010-06-29 16:23:00
2005883,12005883,2005883 Total (Diversion),Annual,1,2010,1.53,ACFT,U,Approved,2011-06-20 17:12:00
2005883,12005883,2005883 Total (Diversion),Annual,1,2011,5.93,ACFT,U,Approved,2012-07-06 07:51:00
2005883,12005883,2005883 Total (Diversion),Annual,1,2012,56.0,ACFT,K,Approved,2013-05-03 15:13:00
2005883,12005883,2005883 Total (Diversion),Annual,1,2013,25.0,ACFT,K,Approved,2014-04-04 13:52:00
2005883,12005883,2005883 Total (Diversion),Annual,1,2014,23.77,ACFT,K,Approved,2015-06-01 17:12:00
2005883,12005883,2005883 Total (Diversion),Annual,1,2015,1.0,ACFT,K,Approved,2021-04-16 13:45:00
2005883,12005883,2005883 Total (Diversion),Annual,1,2016,0.31,ACFT,K,Approved,2018-01-03 15:56:00
2005883,12005883,2005883 Total (Diversion),Annual,1,2017,0.0,ACFT,K,Approved,2018-05-25 09:41:00
2005883,12005883,2005883 Total (Diversion),Annual,1,2018,0.0,ACFT,K,Approved,2019-08-19 16:15:00
2005883,12005883,2005883 Total (Diversion),Annual,1,2019,0.1,ACFT,K,Approved,2020-04-01 21:05:00
2005883,12005883,2005883 Total (Diversion),Annual,1,2020,1.85,ACFT,K,Approved,2021-03-26 10:46:00
2005883,12005883,2005883 Total (Diversion),Annual,1,2021,0.0,ACFT,K,Approved,2022-03-30 09:30:00
2005883,12005883,2005883 Total (Diversion),Annual,1,2022,0.0,ACFT,K,Approved,2023-02-03 11:03:00
2005883,12005883,2005883 Total (Diversion),Annual,1,2023,0.24,ACFT,K,Approved,2024-01-24 14:06:00
2005883,12005883,2005883 Total (Diversion),Annual,1,2024,0.0,ACFT,K,Approved,2024-12-02 11:58:00
2005884,12005884,2005884 Total (Diversion),Annual,1,2009,269.4,ACFT,U,Approved,2010-06-29 16:23:00
2005884,12005884,2005884 Total (Diversion),Annual,1,2010,164.7,ACFT,U,Approved,2011-06-20 17:12:00
2005884,12005884,2005884 Total (Diversion),Annual,1,2011,159.4,ACFT,U,Approved,2012-07-06 07:51:00
2005884,12005884,2005884 Total (Diversion),Annual,1,2012,121.28,ACFT,K,Approved,2013-05-03 15:13:00
2005884,12005884,2005884 Total (Diversion),Annual,1,2013,65.9,ACFT,K,Approved,2014-04-04 13:52:00
2005884,12005884,2005884 Total (Diversion),Annual,1,2014,96.31,ACFT,K,Approved,2015-06-01 17:12:00
2005884,12005884,2005884 Total (Diversion),Annual,1,2015,114.34,ACFT,K,Approved,2016-05-30 14:30:00
2005884,12005884,2005884 Total (Diversion),Annual,1,2016,97.59,ACFT,K,Approved,2018-01-03 15:56:00
2005884,12005884,2005884 Total (Diversion),Annual,1,2017,98.22,ACFT,K,Approved,2018-05-25 09:41:00
2005884,12005884,2005884 Total (Diversion),Annual,1,2018,81.36,ACFT,K,Approved,2019-04-04 16:17:00
2005884,12005884,2005884 Total (Diversion),Annual,1,2019,56.86,ACFT,K,Approved,2020-04-01 21:05:00
2005884,12005884,2005884 Total (Diversion),Annual,1,2020,77.36,ACFT,K,Approved,2021-03-26 10:46:00
2005884,12005884,2005884 Total (Diversion),Annual,1,2021,67.69,ACFT,K,Approved,2022-03-30 09:30:00
2005884,12005884,2005884 Total (Diversion),Annual,1,2022,52.55,ACFT,K,Approved,2023-02-03 11:03:00
2005884,12005884,2005884 Total (Diversion),Annual,1,2023,36.65,ACFT,K,Approved,2024-01-11 09:05:00
2005884,12005884,2005884 Total (Diversion),Annual,1,2024,0.0,ACFT,K,Approved,2024-12-09 09:41:00
2005913,12005913,2005913 Total (Diversion),Annual,1,2009,95.52,ACFT,U,Approved,2010-06-29 16:23:00
2005913,12005913,2005913 Total (Diversion),Annual,1,2010,89.625,ACFT,U,Approved,2013-11-25 21:19:00
2005913,12005913,2005913 Total (Diversion),Annual,1,2011,119.485,ACFT,U,Approved,2013-11-25 14:22:00
2005913,12005913,2005913 Total (Diversion),Annual,1,2012,81.07,ACFT,K,Approved,2013-05-03 15:13:00
2005913,12005913,2005913 Total (Diversion),Annual,1,2013,95.495,ACFT,K,Approved,2014-04-04 13:52:00
2005913,12005913,2005913 Total (Diversion),Annual,1,2014,76.64,ACFT,K,Approved,2015-06-01 17:12:00
2005913,12005913,2005913 Total (Diversion),Annual,1,2015,85.235,ACFT,K,Approved,2016-05-30 14:30:00
2005913,12005913,2005913 Total (Diversion),Annual,1,2016,77.32,ACFT,K,Approved,2018-01-03 15:56:00
2005913,12005913,2005913 Total (Diversion),Annual,1,2017,86.8,ACFT,K,Approved,2018-05-25 09:41:00
2005913,12005913,2005913 Total (Diversion),Annual,1,2018,63.065,ACFT,K,Approved,2019-04-04 16:17:00
2005913,12005913,2005913 Total (Diversion),Annual,1,2019,77.9,ACFT,K,Approved,2020-04-01 21:05:00
2005913,12005913,2005913 Total (Diversion),Annual,1,2020,35.475,ACFT,K,Approved,2021-03-26 10:46:00
2005913,12005913,2005913 Total (Diversion),Annual,1,2021,87.81,ACFT,K,Approved,2022-03-30 09:30:00
2005913,12005913,2005913 Total (Diversion),Annual,1,2022,66.125,ACFT,K,Approved,2023-02-03 11:01:00
2005913,12005913,2005913 Total (Diversion),Annual,1,2023,83.27,ACFT,K,Approved,2023-12-19 11:28:00
2005913,12005913,2005913 Total (Diversion),Annual,1,2024,62.36,ACFT,K,Approved,2024-11-20 12:33:00
2005914,12005914,2005914 Total (Diversion),Annual,1,2009,3.66,ACFT,U,Approved,2010-10-19 13:05:00
2005914,12005914,2005914 Total (Diversion),Annual,1,2010,8.216,ACFT,U,Approved,2013-11-25 21:19:00
2005914,12005914,2005914 Total (Diversion),Annual,1,2011,0.0,ACFT,U,Approved,2012-07-06 07:51:00
2005914,12005914,2005914 Total (Diversion),Annual,1,2012,3.8244,ACFT,K,Approved,2013-05-03 15:13:00
2005914,12005914,2005914 Total (Diversion),Annual,1,2013,0.3093,ACFT,K,Approved,2014-04-04 13:52:00
2005914,12005914,2005914 Total (Diversion),Annual,1,2014,0.1503,ACFT,K,Approved,2015-06-01 17:12:00
2005914,12005914,2005914 Total (Diversion),Annual,1,2015,0.4336,ACFT,K,Approved,2016-05-30 14:30:00
2005914,12005914,2005914 Total (Diversion),Annual,1,2016,0.0304,ACFT,K,Approved,2018-01-03 15:56:00
2005914,12005914,2005914 Total (Diversion),Annual,1,2017,0.0212,ACFT,K,Approved,2018-05-25 09:41:00
2005914,12005914,2005914 Total (Diversion),Annual,1,2018,0.2161,ACFT,K,Approved,2019-04-04 16:17:00
2005914,12005914,2005914 Total (Diversion),Annual,1,2019,0.3186,ACFT,K,Approved,2020-04-01 21:05:00
2005914,12005914,2005914 Total (Diversion),Annual,1,2020,0.19,ACFT,K,Approved,2021-03-26 10:46:00
2005914,12005914,2005914 Total (Diversion),Annual,1,2021,0.2415,ACFT,K,Approved,2024-10-11 08:41:00
2005914,12005914,2005914 Total (Diversion),Annual,1,2022,0.0979,ACFT,K,Approved,2023-02-03 11:04:00
2005914,12005914,2005914 Total (Diversion),Annual,1,2023,0.1317,ACFT,K,Approved,2024-01-17 11:54:00
2005914,12005914,2005914 Total (Diversion),Annual,1,2024,0.2016,ACFT,K,Approved,2024-11-21 12:23:00
2006224,12006224,2006224 Total (Diversion),Annual,1,2023,158.17,ACFT,K,Approved,2023-11-27 13:47:00
2006224,12006224,2006224 Total (Diversion),Annual,1,2024,87.1995,ACFT,K,Approved,2024-12-03 10:12:00
2006364,12006364,2006364 Total (Diversion),Annual,1,2009,76.76,ACFT,U,Approved,2010-06-29 16:23:00
2006364,12006364,2006364 Total (Diversion),Annual,1,2010,101.605,ACFT,U,Approved,2013-11-25 21:33:00
2006364,12006364,2006364 Total (Diversion),Annual,1,2011,104.9,ACFT,U,Approved,2012-07-06 07:51:00
2006364,12006364,2006364 Total (Diversion),Annual,1,2012,91.27,ACFT,K,Approved,2013-05-03 15:13:00
2006364,12006364,2006364 Total (Diversion),Annual,1,2013,99.685,ACFT,K,Approved,2014-04-04 13:52:00
2006364,12006364,2006364 Total (Diversion),Annual,1,2014,90.31,ACFT,K,Approved,2015-06-01 17:12:00
2006364,12006364,2006364 Total (Diversion),Annual,1,2015,82.795,ACFT,K,Approved,2016-05-30 14:30:00
2006364,12006364,2006364 Total (Diversion),Annual,1,2016,103.505,ACFT,K,Approved,2018-01-03 15:56:00
2006364,12006364,2006364 Total (Diversion),Annual,1,2017,92.295,ACFT,K,Approved,2018-05-25 09:41:00
2006364,12006364,2006364 Total (Diversion),Annual,1,2018,104.92,ACFT,K,Approved,2019-04-04 16:17:00
2006364,12006364,2006364 Total (Diversion),Annual,1,2019,79.965,ACFT,K,Approved,2020-04-01 21:05:00
2006364,12006364,2006364 Total (Diversion),Annual,1,2020,121.765,ACFT,K,Approved,2021-03-26 10:46:00
2006364,12006364,2006364 Total (Diversion),Annual,1,2021,117.505,ACFT,K,Approved,2022-03-30 09:30:00
2006364,12006364,2006364 Total (Diversion),Annual,1,2022,119.21,ACFT,K,Approved,2023-02-03 11:04:00
2006364,12006364,2006364 Total (Diversion),Annual,1,2023,127.445,ACFT,K,Approved,2024-01-12 10:56:00
2006364,12006364,2006364 Total (Diversion),Annual,1,2024,103.55,ACFT,K,Approved,2024-12-02 12:35:00
2006388,12006388,2006388 Total (Diversion),Annual,1,2009,154.17,ACFT,U,Approved,2010-06-29 16:23:00
2006388,12006388,2006388 Total (Diversion),Annual,1,2010,105.96,ACFT,U,Approved,2011-06-20 17:12:00
2006388,12006388,2006388 Total (Diversion),Annual,1,2011,129.75,ACFT,U,Approved,2012-07-06 07:51:00
2006388,12006388,2006388 Total (Diversion),Annual,1,2012,0.0,ACFT,K,Approved,2013-05-03 15:13:00
2006388,12006388,2006388 Total (Diversion),Annual,1,2013,105.285,ACFT,K,Approved,2014-04-04 13:52:00
2006388,12006388,2006388 Total (Diversion),Annual,1,2014,102.71,ACFT,K,Approved,2015-06-01 17:12:00
2006388,12006388,2006388 Total (Diversion),Annual,1,2015,84.75,ACFT,K,Approved,2016-05-30 14:30:00
2006388,12006388,2006388 Total (Diversion),Annual,1,2016,104.915,ACFT,K,Approved,2018-01-03 15:56:00
2006388,12006388,2006388 Total (Diversion),Annual,1,2017,95.915,ACFT,K,Approved,2018-05-25 09:41:00
2006388,12006388,2006388 Total (Diversion),Annual,1,2018,151.445,ACFT,K,Approved,2019-04-04 16:17:00
2006388,12006388,2006388 Total (Diversion),Annual,1,2019,86.725,ACFT,K,Approved,2020-04-01 21:05:00
2006388,12006388,2006388 Total (Diversion),Annual,1,2020,114.55,ACFT,K,Approved,2021-03-26 10:46:00
2006388,12006388,2006388 Total (Diversion),Annual,1,2021,71.85,ACFT,K,Approved,2022-03-30 09:30:00
2006388,12006388,2006388 Total (Diversion),Annual,1,2022,32.66,ACFT,K,Approved,2023-02-03 11:03:00
2006388,12006388,2006388 Total (Diversion),Annual,1,2023,146.88,ACFT,K,Approved,2024-01-12 11:39:00
2006388,12006388,2006388 Total (Diversion),Annual,1,2024,103.58,ACFT,K,Approved,2024-12-02 12:39:00
2006390,12006390,2006390 Total (Diversion),Annual,1,2009,79.37,ACFT,U,Approved,2010-06-29 16:23:00
2006390,12006390,2006390 Total (Diversion),Annual,1,2010,114.49,ACFT,U,Approved,2011-06-20 17:12:00
2006390,12006390,2006390 Total (Diversion),Annual,1,2011,123.805,ACFT,U,Approved,2013-11-25 14:52:00
2006390,12006390,2006390 Total (Diversion),Annual,1,2012,111.14,ACFT,K,Approved,2013-05-03 15:13:00
2006390,12006390,2006390 Total (Diversion),Annual,1,2013,105.73,ACFT,K,Approved,2018-02-01 16:30:00
2006390,12006390,2006390 Total (Diversion),Annual,1,2014,101.665,ACFT,K,Approved,2018-02-14 13:25:00
2006390,12006390,2006390 Total (Diversion),Annual,1,2015,81.5,ACFT,K,Approved,2016-05-30 14:30:00
2006390,12006390,2006390 Total (Diversion),Annual,1,2016,115.095,ACFT,K,Approved,2018-01-03 15:56:00
2006390,12006390,2006390 Total (Diversion),Annual,1,2017,97.625,ACFT,K,Approved,2018-05-25 09:41:00
2006390,12006390,2006390 Total (Diversion),Annual,1,2018,136.965,ACFT,K,Approved,2019-04-04 16:17:00
2006390,12006390,2006390 Total (Diversion),Annual,1,2019,137.88,ACFT,K,Approved,2020-04-01 21:05:00
2006390,12006390,2006390 Total (Diversion),Annual,1,2020,112.485,ACFT,K,Approved,2021-03-26 10:46:00
2006390,12006390,2006390 Total (Diversion),Annual,1,2021,99.53,ACFT,K,Approved,2022-03-30 09:30:00
2006390,12006390,2006390 Total (Diversion),Annual,1,2022,96.925,ACFT,K,Approved,2023-02-03 11:03:00
2006390,12006390,2006390 Total (Diversion),Annual,1,2023,136.18,ACFT,K,Approved,2024-01-12 11:39:00
2006390,12006390,2006390 Total (Diversion),Annual,1,2024,84.095,ACFT,K,Approved,2024-12-02 12:39:00
2006391,12006391,2006391 Total (Diversion),Annual,1,2009,98.27,ACFT,U,Approved,2010-06-29 16:23:00
2006391,12006391,2006391 Total (Diversion),Annual,1,2010,115.93,ACFT,U,Approved,2011-06-20 17:12:00
2006391,12006391,2006391 Total (Diversion),Annual,1,2011,104.66,ACFT,U,Approved,2012-07-06 07:51:00
2006391,12006391,2006391 Total (Diversion),Annual,1,2012,94.18,ACFT,K,Approved,2013-05-03 15:13:00
2006391,12006391,2006391 Total (Diversion),Annual,1,2013,75.475,ACFT,K,Approved,2014-04-04 13:52:00
2006391,12006391,2006391 Total (Diversion),Annual,1,2014,92.485,ACFT,K,Approved,2015-06-01 17:12:00
2006391,12006391,2006391 Total (Diversion),Annual,1,2015,102.815,ACFT,K,Approved,2016-05-30 14:30:00
2006391,12006391,2006391 Total (Diversion),Annual,1,2016,87.11,ACFT,K,Approved,2018-01-03 15:56:00
2006391,12006391,2006391 Total (Diversion),Annual,1,2017,95.49,ACFT,K,Approved,2018-05-25 09:41:00
2006391,12006391,2006391 Total (Diversion),Annual,1,2018,112.355,ACFT,K,Approved,2019-04-04 16:17:00
2006391,12006391,2006391 Total (Diversion),Annual,1,2019,114.975,ACFT,K,Approved,2020-04-01 21:05:00
2006391,12006391,2006391 Total (Diversion),Annual,1,2020,106.155,ACFT,K,Approved,2021-03-26 10:46:00
2006391,12006391,2006391 Total (Diversion),Annual,1,2021,93.295,ACFT,K,Approved,2022-03-30 09:30:00
2006391,12006391,2006391 Total (Diversion),Annual,1,2022,93.31,ACFT,K,Approved,2023-02-03 11:01:00
2006391,12006391,2006391 Total (Diversion),Annual,1,2023,99.22,ACFT,K,Approved,2023-12-19 11:21:00
2006391,12006391,2006391 Total (Diversion),Annual,1,2024,81.81,ACFT,K,Approved,2024-11-20 12:32:00
2006422,12006422,2006422 Total (Diversion),Annual,1,2009,182.21,ACFT,U,Approved,2010-06-29 16:23:00
2006422,12006422,2006422 Total (Diversion),Annual,1,2010,164.61,ACFT,U,Approved,2011-06-20 17:12:00
2006422,12006422,2006422 Total (Diversion),Annual,1,2011,252.69,ACFT,U,Approved,2012-07-06 07:51:00
2006422,12006422,2006422 Total (Diversion),Annual,1,2012,186.05,ACFT,K,Approved,2013-05-03 15:13:00
2006422,12006422,2006422 Total (Diversion),Annual,1,2013,178.87,ACFT,K,Approved,2014-04-04 13:52:00
2006422,12006422,2006422 Total (Diversion),Annual,1,2014,127.19,ACFT,K,Approved,2015-06-01 17:12:00
2006422,12006422,2006422 Total (Diversion),Annual,1,2015,127.56,ACFT,K,Approved,2016-05-30 14:30:00
2006422,12006422,2006422 Total (Diversion),Annual,1,2016,176.91,ACFT,K,Approved,2018-01-03 15:56:00
2006422,12006422,2006422 Total (Diversion),Annual,1,2017,175.46,ACFT,K,Approved,2018-05-25 09:41:00
2006422,12006422,2006422 Total (Diversion),Annual,1,2018,245.46,ACFT,K,Approved,2019-04-04 16:17:00
2006422,12006422,2006422 Total (Diversion),Annual,1,2019,192.65,ACFT,K,Approved,2020-04-01 21:05:00
2006422,12006422,2006422 Total (Diversion),Annual,1,2020,207.91,ACFT,K,Approved,2021-03-26 10:46:00
2006422,12006422,2006422 Total (Diversion),Annual,1,2021,198.99,ACFT,K,Approved,2022-03-30 09:30:00
2006422,12006422,2006422 Total (Diversion),Annual,1,2022,128.19,ACFT,K,Approved,2023-02-03 11:03:00
2006422,12006422,2006422 Total (Diversion),Annual,1,2023,168.07,ACFT,K,Approved,2023-11-30 15:29:00
2006422,12006422,2006422 Total (Diversion),Annual,1,2024,146.05,ACFT,K,Approved,2024-11-21 09:39:00
2008026,12008026,2008026 Total (Diversion),Annual,1,2009,116.94,ACFT,U,Approved,2010-06-29 16:23:00
2008026,12008026,2008026 Total (Diversion),Annual,1,2010,167.35,ACFT,U,Approved,2011-06-20 17:12:00
2008026,12008026,2008026 Total (Diversion),Annual,1,2011,195.03,ACFT,U,Approved,2012-07-06 07:51:00
2008026,12008026,2008026 Total (Diversion),Annual,1,2012,235.52,ACFT,K,Approved,2013-05-03 15:13:00
2008026,12008026,2008026 Total (Diversion),Annual,1,2013,163.74,ACFT,K,Approved,2014-04-04 13:52:00
2008026,12008026,2008026 Total (Diversion),Annual,1,2014,206.98,ACFT,K,Approved,2015-06-01 17:12:00
2008026,12008026,2008026 Total (Diversion),Annual,1,2015,142.02,ACFT,K,Approved,2016-05-30 14:30:00
2008026,12008026,2008026 Total (Diversion),Annual,1,2016,155.6,ACFT,K,Approved,2018-01-03 15:56:00
2008026,12008026,2008026 Total (Diversion),Annual,1,2017,186.47,ACFT,K,Approved,2018-05-25 09:41:00
2008026,12008026,2008026 Total (Diversion),Annual,1,2018,214.59,ACFT,K,Approved,2019-04-04 16:17:00
2008026,12008026,2008026 Total (Diversion),Annual,1,2019,172.48,ACFT,K,Approved,2020-04-01 21:05:00
2008026,12008026,2008026 Total (Diversion),Annual,1,2020,79.19,ACFT,K,Approved,2021-03-26 10:46:00
2008026,12008026,2008026 Total (Diversion),Annual,1,2021,203.73,ACFT,K,Approved,2022-03-30 09:30:00
2008026,12008026,2008026 Total (Diversion),Annual,1,2022,47.71,ACFT,K,Approved,2023-06-12 14:28:00
2008026,12008026,2008026 Total (Diversion),Annual,1,2023,101.9195,ACFT,K,Approved,2024-02-05 15:53:00
2008026,12008026,2008026 Total (Diversion),Annual,1,2024,48.9995,ACFT,K,Approved,2024-11-21 11:05:00
2008319,12008319,2008319 Total (Diversion),Annual,1,2009,90.19,ACFT,U,Approved,2010-06-29 16:23:00
2008319,12008319,2008319 Total (Diversion),Annual,1,2010,95.53,ACFT,U,Approved,2011-06-20 17:12:00
2008319,12008319,2008319 Total (Diversion),Annual,1,2011,124.665,ACFT,U,Approved,2013-11-25 15:34:00
2008319,12008319,2008319 Total (Diversion),Annual,1,2012,105.405,ACFT,K,Approved,2013-05-03 15:13:00
2008319,12008319,2008319 Total (Diversion),Annual,1,2013,118.81,ACFT,K,Approved,2014-04-04 13:52:00
2008319,12008319,2008319 Total (Diversion),Annual,1,2014,105.51,ACFT,K,Approved,2015-06-01 17:12:00
2008319,12008319,2008319 Total (Diversion),Annual,1,2015,91.2,ACFT,K,Approved,2016-05-30 14:30:00
2008319,12008319,2008319 Total (Diversion),Annual,1,2016,114.655,ACFT,K,Approved,2018-01-03 15:56:00
2008319,12008319,2008319 Total (Diversion),Annual,1,2017,165.995,ACFT,K,Approved,2018-05-25 09:41:00
2008319,12008319,2008319 Total (Diversion),Annual,1,2018,156.79,ACFT,K,Approved,2019-04-04 16:17:00
2008319,12008319,2008319 Total (Diversion),Annual,1,2019,147.16,ACFT,K,Approved,2020-04-01 21:05:00
2008319,12008319,2008319 Total (Diversion),Annual,1,2020,136.0,ACFT,K,Approved,2021-03-26 10:46:00
2008319,12008319,2008319 Total (Diversion),Annual,1,2021,104.39,ACFT,K,Approved,2022-03-30 09:30:00
2008319,12008319,2008319 Total (Diversion),Annual,1,2022,104.45,ACFT,K,Approved,2023-02-03 11:03:00
2008319,12008319,2008319 Total (Diversion),Annual,1,2023,131.06,ACFT,K,Approved,2024-01-12 10:38:00
2008319,12008319,2008319 Total (Diversion),Annual,1,2024,101.585,ACFT,K,Approved,2024-12-02 12:31:00
2008322,12008322,2008322 Total (Diversion),Annual,1,2009,90.19,ACFT,U,Approved,2010-06-29 16:23:00
2008322,12008322,2008322 Total (Diversion),Annual,1,2010,95.53,ACFT,U,Approved,2011-06-20 17:12:00
2008322,12008322,2008322 Total (Diversion),Annual,1,2011,124.665,ACFT,U,Approved,2013-11-25 15:34:00
2008322,12008322,2008322 Total (Diversion),Annual,1,2012,105.405,ACFT,K,Approved,2013-05-03 15:13:00
2008322,12008322,2008322 Total (Diversion),Annual,1,2013,118.81,ACFT,K,Approved,2014-04-04 13:52:00
2008322,12008322,2008322 Total (Diversion),Annual,1,2014,105.51,ACFT,K,Approved,2015-06-01 17:12:00
2008322,12008322,2008322 Total (Diversion),Annual,1,2015,91.2,ACFT,K,Approved,2016-05-30 14:30:00
2008322,12008322,2008322 Total (Diversion),Annual,1,2016,114.655,ACFT,K,Approved,2018-01-03 15:56:00
2008322,12008322,2008322 Total (Diversion),Annual,1,2017,165.995,ACFT,K,Approved,2018-05-25 09:41:00
2008322,12008322,2008322 Total (Diversion),Annual,1,2018,156.79,ACFT,K,Approved,2019-04-04 16:17:00
2008322,12008322,2008322 Total (Diversion),Annual,1,2019,147.16,ACFT,K,Approved,2020-04-01 21:05:00
2008322,12008322,2008322 Total (Diversion),Annual,1,2020,136.0,ACFT,K,Approved,2021-03-26 10:46:00
2008322,12008322,2008322 Total (Diversion),Annual,1,2021,104.39,ACFT,K,Approved,2022-03-30 09:30:00
2008322,12008322,2008322 Total (Diversion),Annual,1,2022,104.45,ACFT,K,Approved,2023-02-03 11:03:00
2008322,12008322,2008322 Total (Diversion),Annual,1,2023,131.06,ACFT,K,Approved,2024-01-12 10:38:00
2008322,12008322,2008322 Total (Diversion),Annual,1,2024,101.585,ACFT,K,Approved,2024-12-02 12:31:00
2008362,12008362,2008362 Total (Diversion),Annual,1,2023,122.455,ACFT,K,Approved,2023-11-30 15:30:00
2008362,12008362,2008362 Total (Diversion),Annual,1,2024,85.21,ACFT,K,Approved,2024-11-21 14:06:00
2008571,12008571,2008571 Total (Diversion),Annual,1,2009,76.76,ACFT,U,Approved,2010-06-29 16:23:00
2008571,12008571,2008571 Total (Diversion),Annual,1,2010,101.605,ACFT,U,Approved,2013-11-25 22:00:00
2008571,12008571,2008571 Total (Diversion),Annual,1,2011,104.9,ACFT,U,Approved,2012-07-06 07:51:00
2008571,12008571,2008571 Total (Diversion),Annual,1,2012,91.27,ACFT,K,Approved,2013-05-03 15:13:00
2008571,12008571,2008571 Total (Diversion),Annual,1,2013,99.685,ACFT,K,Approved,2014-04-04 13:52:00
2008571,12008571,2008571 Total (Diversion),Annual,1,2014,90.31,ACFT,K,Approved,2015-06-01 17:12:00
2008571,12008571,2008571 Total (Diversion),Annual,1,2015,82.795,ACFT,K,Approved,2016-05-30 14:30:00
2008571,12008571,2008571 Total (Diversion),Annual,1,2016,103.505,ACFT,K,Approved,2018-01-03 15:56:00
2008571,12008571,2008571 Total (Diversion),Annual,1,2017,92.295,ACFT,K,Approved,2018-05-25 09:41:00
2008571,12008571,2008571 Total (Diversion),Annual,1,2018,104.92,ACFT,K,Approved,2019-04-04 16:17:00
2008571,12008571,2008571 Total (Diversion),Annual,1,2019,79.965,ACFT,K,Approved,2020-04-01 21:05:00
2008571,12008571,2008571 Total (Diversion),Annual,1,2020,121.765,ACFT,K,Approved,2021-03-26 10:46:00
2008571,12008571,2008571 Total (Diversion),Annual,1,2021,117.505,ACFT,K,Approved,2022-03-30 09:30:00
2008571,12008571,2008571 Total (Diversion),Annual,1,2022,119.21,ACFT,K,Approved,2023-02-03 11:04:00
2008571,12008571,2008571 Total (Diversion),Annual,1,2023,127.445,ACFT,K,Approved,2024-01-12 10:56:00
2008571,12008571,2008571 Total (Diversion),Annual,1,2024,103.55,ACFT,K,Approved,2024-12-02 12:35:00
2008734,12008734,2008734 Total (Diversion),Annual,1,2009,80.95,ACFT,U,Approved,2010-06-29 16:23:00
2008734,12008734,2008734 Total (Diversion),Annual,1,2010,117.605,ACFT,U,Approved,2013-11-25 22:06:00
2008734,12008734,2008734 Total (Diversion),Annual,1,2011,121.91,ACFT,U,Approved,2012-07-06 07:51:00
2008734,12008734,2008734 Total (Diversion),Annual,1,2012,33.865,ACFT,K,Approved,2013-05-03 15:13:00
2008734,12008734,2008734 Total (Diversion),Annual,1,2013,139.29,ACFT,K,Approved,2014-04-04 13:52:00
2008734,12008734,2008734 Total (Diversion),Annual,1,2014,129.485,ACFT,K,Approved,2015-06-01 17:12:00
2008734,12008734,2008734 Total (Diversion),Annual,1,2015,102.9,ACFT,K,Approved,2016-05-30 14:30:00
2008734,12008734,2008734 Total (Diversion),Annual,1,2016,103.82,ACFT,K,Approved,2018-01-03 15:56:00
2008734,12008734,2008734 Total (Diversion),Annual,1,2017,124.55,ACFT,K,Approved,2018-05-25 09:41:00
2008734,12008734,2008734 Total (Diversion),Annual,1,2018,100.31,ACFT,K,Approved,2019-04-04 16:17:00
2008734,12008734,2008734 Total (Diversion),Annual,1,2019,93.19,ACFT,K,Approved,2020-04-01 21:05:00
2008734,12008734,2008734 Total (Diversion),Annual,1,2020,26.66,ACFT,K,Approved,2021-03-26 10:46:00
2008734,12008734,2008734 Total (Diversion),Annual,1,2021,134.005,ACFT,K,Approved,2022-03-30 09:30:00
2008734,12008734,2008734 Total (Diversion),Annual,1,2022,121.51,ACFT,K,Approved,2023-02-03 11:03:00
2008734,12008734,2008734 Total (Diversion),Annual,1,2023,127.99,ACFT,K,Approved,2024-01-12 10:46:00
2008734,12008734,2008734 Total (Diversion),Annual,1,2024,94.045,ACFT,K,Approved,2024-12-02 12:31:00
2008735,12008735,2008735 Total (Diversion),Annual,1,2009,128.43,ACFT,U,Approved,2010-06-29 16:23:00
2008735,12008735,2008735 Total (Diversion),Annual,1,2010,157.7,ACFT,U,Approved,2011-06-20 17:12:00
2008735,12008735,2008735 Total (Diversion),Annual,1,2011,220.94,ACFT,U,Approved,2012-07-06 07:51:00
2008735,12008735,2008735 Total (Diversion),Annual,1,2012,125.18,ACFT,K,Approved,2013-05-03 15:13:00
2008735,12008735,2008735 Total (Diversion),Annual,1,2013,125.26,ACFT,K,Approved,2014-04-04 13:52:00
2008735,12008735,2008735 Total (Diversion),Annual,1,2014,144.41,ACFT,K,Approved,2015-06-01 17:12:00
2008735,12008735,2008735 Total (Diversion),Annual,1,2015,113.48,ACFT,K,Approved,2016-05-30 14:30:00
2008735,12008735,2008735 Total (Diversion),Annual,1,2016,165.5,ACFT,K,Approved,2018-01-03 15:56:00
2008735,12008735,2008735 Total (Diversion),Annual,1,2017,223.86,ACFT,K,Approved,2018-05-25 09:41:00
2008735,12008735,2008735 Total (Diversion),Annual,1,2018,251.2,ACFT,K,Approved,2019-04-04 16:17:00
2008735,12008735,2008735 Total (Diversion),Annual,1,2019,20.64,ACFT,K,Approved,2020-04-01 21:05:00
2008735,12008735,2008735 Total (Diversion),Annual,1,2020,84.26,ACFT,K,Approved,2021-03-26 10:46:00
2008735,12008735,2008735 Total (Diversion),Annual,1,2021,73.77,ACFT,K,Approved,2022-03-30 09:30:00
2008735,12008735,2008735 Total (Diversion),Annual,1,2022,98.2,ACFT,K,Approved,2023-10-16 15:22:00
2008735,12008735,2008735 Total (Diversion),Annual,1,2023,88.65,ACFT,K,Approved,2024-01-12 13:15:00
2008735,12008735,2008735 Total (Diversion),Annual,1,2024,78.14,ACFT,K,Approved,2024-12-02 12:40:00
2008738,12008738,2008738 Total (Diversion),Annual,1,2009,133.4,ACFT,U,Approved,2010-06-29 16:23:00
2008738,12008738,2008738 Total (Diversion),Annual,1,2010,156.21,ACFT,U,Approved,2011-06-20 17:12:00
2008738,12008738,2008738 Total (Diversion),Annual,1,2011,99.91,ACFT,U,Approved,2012-07-06 07:51:00
2008738,12008738,2008738 Total (Diversion),Annual,1,2012,113.57,ACFT,K,Approved,2013-05-03 15:13:00
2008738,12008738,2008738 Total (Diversion),Annual,1,2013,110.95,ACFT,K,Approved,2014-04-04 13:52:00
2008738,12008738,2008738 Total (Diversion),Annual,1,2014,94.87,ACFT,K,Approved,2015-06-01 17:12:00
2008738,12008738,2008738 Total (Diversion),Annual,1,2015,91.98,ACFT,K,Approved,2016-05-30 14:30:00
2008738,12008738,2008738 Total (Diversion),Annual,1,2016,98.23,ACFT,K,Approved,2018-01-03 15:56:00
2008738,12008738,2008738 Total (Diversion),Annual,1,2017,96.69,ACFT,K,Approved,2018-05-25 09:41:00
2008738,12008738,2008738 Total (Diversion),Annual,1,2018,144.84,ACFT,K,Approved,2019-04-04 16:17:00
2008738,12008738,2008738 Total (Diversion),Annual,1,2019,30.91,ACFT,K,Approved,2020-04-01 21:05:00
2008738,12008738,2008738 Total (Diversion),Annual,1,2020,89.92,ACFT,K,Approved,2021-03-26 10:46:00
2008738,12008738,2008738 Total (Diversion),Annual,1,2021,99.99,ACFT,K,Approved,2022-03-30 09:30:00
2008738,12008738,2008738 Total (Diversion),Annual,1,2022,127.29,ACFT,K,Approved,2023-02-03 11:03:00
2008738,12008738,2008738 Total (Diversion),Annual,1,2023,130.04,ACFT,K,Approved,2024-01-17 14:55:00
2008738,12008738,2008738 Total (Diversion),Annual,1,2024,103.73,ACFT,K,Approved,2024-12-02 12:40:00
2008750,12008750,2008750 Total (Diversion),Annual,1,2009,87.41,ACFT,U,Approved,2010-06-29 16:23:00
2008750,12008750,2008750 Total (Diversion),Annual,1,2010,96.555,ACFT,U,Approved,2013-11-25 22:07:00
2008750,12008750,2008750 Total (Diversion),Annual,1,2011,0.47,ACFT,U,Approved,2012-07-06 07:51:00
2008750,12008750,2008750 Total (Diversion),Annual,1,2012,109.73,ACFT,K,Approved,2013-05-03 15:13:00
2008750,12008750,2008750 Total (Diversion),Annual,1,2013,83.075,ACFT,K,Approved,2014-04-04 13:52:00
2008750,12008750,2008750 Total (Diversion),Annual,1,2014,80.925,ACFT,K,Approved,2015-06-01 17:12:00
2008750,12008750,2008750 Total (Diversion),Annual,1,2015,89.385,ACFT,K,Approved,2016-05-30 14:30:00
2008750,12008750,2008750 Total (Diversion),Annual,1,2016,85.275,ACFT,K,Approved,2018-01-03 15:56:00
2008750,12008750,2008750 Total (Diversion),Annual,1,2017,89.795,ACFT,K,Approved,2018-05-25 09:41:00
2008750,12008750,2008750 Total (Diversion),Annual,1,2018,101.475,ACFT,K,Approved,2019-04-04 16:17:00
2008750,12008750,2008750 Total (Diversion),Annual,1,2019,0.0,ACFT,K,Approved,2020-04-01 21:05:00
2008750,12008750,2008750 Total (Diversion),Annual,1,2020,202.54,ACFT,K,Approved,2021-03-26 10:46:00
2008750,12008750,2008750 Total (Diversion),Annual,1,2021,101.16,ACFT,K,Approved,2022-03-30 09:30:00
2008750,12008750,2008750 Total (Diversion),Annual,1,2022,89.67,ACFT,K,Approved,2023-02-03 11:03:00
2008750,12008750,2008750 Total (Diversion),Annual,1,2023,101.035,ACFT,K,Approved,2024-01-16 12:23:00
2008750,12008750,2008750 Total (Diversion),Annual,1,2024,87.765,ACFT,K,Approved,2024-11-27 09:15:00
2008754,12008754,2008754 Total (Diversion),Annual,1,2009,87.41,ACFT,U,Approved,2010-06-29 16:23:00
2008754,12008754,2008754 Total (Diversion),Annual,1,2010,96.555,ACFT,U,Approved,2013-11-25 22:07:00
2008754,12008754,2008754 Total (Diversion),Annual,1,2011,0.47,ACFT,U,Approved,2012-07-06 07:51:00
2008754,12008754,2008754 Total (Diversion),Annual,1,2012,109.73,ACFT,K,Approved,2013-05-03 15:13:00
2008754,12008754,2008754 Total (Diversion),Annual,1,2013,83.075,ACFT,K,Approved,2014-04-04 13:52:00
2008754,12008754,2008754 Total (Diversion),Annual,1,2014,80.925,ACFT,K,Approved,2015-06-01 17:12:00
2008754,12008754,2008754 Total (Diversion),Annual,1,2015,89.385,ACFT,K,Approved,2016-05-30 14:30:00
2008754,12008754,2008754 Total (Diversion),Annual,1,2016,85.275,ACFT,K,Approved,2018-01-03 15:56:00
2008754,12008754,2008754 Total (Diversion),Annual,1,2017,89.795,ACFT,K,Approved,2018-05-25 09:41:00
2008754,12008754,2008754 Total (Diversion),Annual,1,2018,101.475,ACFT,K,Approved,2019-04-04 16:17:00
2008754,12008754,2008754 Total (Diversion),Annual,1,2019,0.0,ACFT,K,Approved,2020-04-01 21:05:00
2008754,12008754,2008754 Total (Diversion),Annual,1,2020,202.54,ACFT,K,Approved,2021-03-26 10:46:00
2008754,12008754,2008754 Total (Diversion),Annual,1,2021,101.16,ACFT,K,Approved,2022-03-30 09:30:00
2008754,12008754,2008754 Total (Diversion),Annual,1,2022,89.67,ACFT,K,Approved,2023-02-03 11:03:00
2008754,12008754,2008754 Total (Diversion),Annual,1,2023,101.035,ACFT,K,Approved,2024-01-16 12:23:00
2008754,12008754,2008754 Total (Diversion),Annual,1,2024,87.765,ACFT,K,Approved,2024-11-27 09:15:00
2008776,12008776,2008776 Total (Diversion),Annual,1,2009,235.94,ACFT,U,Approved,2010-06-29 16:23:00
2008776,12008776,2008776 Total (Diversion),Annual,1,2010,218.24,ACFT,U,Approved,2011-06-20 17:12:00
2008776,12008776,2008776 Total (Diversion),Annual,1,2011,174.48,ACFT,U,Approved,2012-07-06 07:51:00
2008776,12008776,2008776 Total (Diversion),Annual,1,2012,192.17,ACFT,K,Approved,2013-05-03 15:13:00
2008776,12008776,2008776 Total (Diversion),Annual,1,2013,236.84,ACFT,K,Approved,2014-11-21 07:50:00
2008776,12008776,2008776 Total (Diversion),Annual,1,2014,148.87,ACFT,K,Approved,2015-06-01 17:12:00
2008776,12008776,2008776 Total (Diversion),Annual,1,2015,173.12,ACFT,K,Approved,2016-05-30 14:30:00
2008776,12008776,2008776 Total (Diversion),Annual,1,2016,82.91,ACFT,K,Approved,2018-01-03 15:56:00
2008776,12008776,2008776 Total (Diversion),Annual,1,2017,123.54,ACFT,K,Approved,2018-05-25 09:41:00
2008776,12008776,2008776 Total (Diversion),Annual,1,2018,138.41,ACFT,K,Approved,2019-04-04 16:17:00
2008776,12008776,2008776 Total (Diversion),Annual,1,2019,180.64,ACFT,K,Approved,2020-04-01 21:05:00
2008776,12008776,2008776 Total (Diversion),Annual,1,2020,236.86,ACFT,K,Approved,2021-03-26 10:46:00
2008776,12008776,2008776 Total (Diversion),Annual,1,2021,82.9289,ACFT,K,Approved,2022-03-30 09:30:00
2008776,12008776,2008776 Total (Diversion),Annual,1,2022,87.279,ACFT,K,Approved,2023-02-03 11:01:00
2008776,12008776,2008776 Total (Diversion),Annual,1,2023,46.107,ACFT,K,Approved,2024-01-11 17:17:00
2008776,12008776,2008776 Total (Diversion),Annual,1,2024,61.57,ACFT,K,Approved,2024-12-02 12:08:00
2008827,12008827,2008827 Total (Diversion),Annual,1,2009,1.87,ACFT,U,Approved,2010-06-29 16:23:00
2008827,12008827,2008827 Total (Diversion),Annual,1,2010,14.65,ACFT,U,Approved,2011-06-20 17:12:00
2008827,12008827,2008827 Total (Diversion),Annual,1,2011,3.02,ACFT,U,Approved,2012-07-06 07:51:00
2008827,12008827,2008827 Total (Diversion),Annual,1,2012,0.07,ACFT,K,Approved,2013-05-03 15:13:00
2008827,12008827,2008827 Total (Diversion),Annual,1,2013,0.0,ACFT,K,Approved,2014-04-04 13:52:00
2008827,12008827,2008827 Total (Diversion),Annual,1,2014,0.0,ACFT,K,Approved,2015-06-01 17:12:00
2008827,12008827,2008827 Total (Diversion),Annual,1,2015,0.14,ACFT,K,Approved,2016-05-30 14:30:00
2008827,12008827,2008827 Total (Diversion),Annual,1,2016,0.0,ACFT,K,Approved,2018-01-03 15:56:00
2008827,12008827,2008827 Total (Diversion),Annual,1,2017,0.0,ACFT,K,Approved,2018-05-25 09:41:00
2008827,12008827,2008827 Total (Diversion),Annual,1,2018,0.0,ACFT,K,Approved,2019-04-04 16:17:00
2008827,12008827,2008827 Total (Diversion),Annual,1,2019,0.0,ACFT,K,Approved,2020-04-01 21:05:00
2008827,12008827,2008827 Total (Diversion),Annual,1,2021,0.0,ACFT,K,Approved,2022-03-30 09:30:00
2008827,12008827,2008827 Total (Diversion),Annual,1,2022,0.0,ACFT,K,Approved,2023-08-25 12:08:00
2008827,12008827,2008827 Total (Diversion),Annual,1,2023,0.0,ACFT,K,Approved,2024-01-11 11:13:00
2008827,12008827,2008827 Total (Diversion),Annual,1,2024,0.0,ACFT,K,Approved,2024-11-19 14:07:00
2008828,12008828,2008828 Total (Diversion),Annual,1,2009,95.52,ACFT,U,Approved,2010-06-29 16:23:00
2008828,12008828,2008828 Total (Diversion),Annual,1,2010,89.625,ACFT,U,Approved,2013-11-25 22:10:00
2008828,12008828,2008828 Total (Diversion),Annual,1,2011,119.485,ACFT,U,Approved,2013-11-25 16:02:00
2008828,12008828,2008828 Total (Diversion),Annual,1,2012,81.07,ACFT,K,Approved,2013-05-03 15:13:00
2008828,12008828,2008828 Total (Diversion),Annual,1,2013,95.495,ACFT,K,Approved,2014-04-04 13:52:00
2008828,12008828,2008828 Total (Diversion),Annual,1,2014,76.64,ACFT,K,Approved,2015-06-01 17:12:00
2008828,12008828,2008828 Total (Diversion),Annual,1,2015,85.235,ACFT,K,Approved,2016-05-30 14:30:00
2008828,12008828,2008828 Total (Diversion),Annual,1,2016,77.32,ACFT,K,Approved,2018-01-03 15:56:00
2008828,12008828,2008828 Total (Diversion),Annual,1,2017,86.8,ACFT,K,Approved,2018-05-25 09:41:00
2008828,12008828,2008828 Total (Diversion),Annual,1,2018,63.065,ACFT,K,Approved,2019-04-04 16:17:00
2008828,12008828,2008828 Total (Diversion),Annual,1,2019,77.9,ACFT,K,Approved,2020-04-01 21:05:00
2008828,12008828,2008828 Total (Diversion),Annual,1,2020,35.475,ACFT,K,Approved,2021-03-26 10:46:00
2008828,12008828,2008828 Total (Diversion),Annual,1,2021,87.81,ACFT,K,Approved,2022-03-30 09:30:00
2008828,12008828,2008828 Total (Diversion),Annual,1,2022,66.125,ACFT,K,Approved,2023-02-03 11:01:00
2008828,12008828,2008828 Total (Diversion),Annual,1,2023,83.27,ACFT,K,Approved,2023-12-19 11:28:00
2008828,12008828,2008828 Total (Diversion),Annual,1,2024,62.36,ACFT,K,Approved,2024-11-20 12:33:00
2008916,12008916,2008916 Total (Diversion),Annual,1,2009,77.64,ACFT,U,Approved,2010-06-29 16:23:00
2008916,12008916,2008916 Total (Diversion),Annual,1,2010,113.775,ACFT,U,Approved,2013-11-25 22:12:00
2008916,12008916,2008916 Total (Diversion),Annual,1,2011,134.34,ACFT,U,Approved,2012-07-06 07:51:00
2008916,12008916,2008916 Total (Diversion),Annual,1,2012,114.85,ACFT,K,Approved,2013-05-03 15:13:00
2008916,12008916,2008916 Total (Diversion),Annual,1,2013,78.05,ACFT,K,Approved,2014-04-04 13:52:00
2008916,12008916,2008916 Total (Diversion),Annual,1,2014,82.25,ACFT,K,Approved,2015-06-01 17:12:00
2008916,12008916,2008916 Total (Diversion),Annual,1,2015,76.525,ACFT,K,Approved,2016-05-30 14:30:00
2008916,12008916,2008916 Total (Diversion),Annual,1,2016,80.66,ACFT,K,Approved,2018-01-03 15:56:00
2008916,12008916,2008916 Total (Diversion),Annual,1,2017,83.36,ACFT,K,Approved,2018-05-25 09:41:00
2008916,12008916,2008916 Total (Diversion),Annual,1,2018,119.825,ACFT,K,Approved,2019-04-04 16:17:00
2008916,12008916,2008916 Total (Diversion),Annual,1,2019,108.18,ACFT,K,Approved,2020-04-01 21:05:00
2008916,12008916,2008916 Total (Diversion),Annual,1,2020,118.285,ACFT,K,Approved,2021-03-26 10:46:00
2008916,12008916,2008916 Total (Diversion),Annual,1,2021,104.31,ACFT,K,Approved,2022-03-30 09:30:00
2008916,12008916,2008916 Total (Diversion),Annual,1,2022,103.02,ACFT,K,Approved,2023-02-03 11:03:00
2008916,12008916,2008916 Total (Diversion),Annual,1,2023,107.615,ACFT,K,Approved,2024-01-12 10:39:00
2008916,12008916,2008916 Total (Diversion),Annual,1,2024,75.31,ACFT,K,Approved,2024-12-02 12:35:00
2008917,12008917,2008917 Total (Diversion),Annual,1,2009,77.64,ACFT,U,Approved,2010-06-29 16:23:00
2008917,12008917,2008917 Total (Diversion),Annual,1,2010,113.775,ACFT,U,Approved,2013-11-25 22:12:00
2008917,12008917,2008917 Total (Diversion),Annual,1,2011,134.34,ACFT,U,Approved,2012-07-06 07:51:00
2008917,12008917,2008917 Total (Diversion),Annual,1,2012,114.85,ACFT,K,Approved,2013-05-03 15:13:00
2008917,12008917,2008917 Total (Diversion),Annual,1,2013,78.05,ACFT,K,Approved,2014-04-04 13:52:00
2008917,12008917,2008917 Total (Diversion),Annual,1,2014,82.25,ACFT,K,Approved,2015-06-01 17:12:00
2008917,12008917,2008917 Total (Diversion),Annual,1,2015,76.525,ACFT,K,Approved,2016-05-30 14:30:00
2008917,12008917,2008917 Total (Diversion),Annual,1,2016,80.66,ACFT,K,Approved,2018-01-03 15:56:00
2008917,12008917,2008917 Total (Diversion),Annual,1,2017,83.36,ACFT,K,Approved,2018-05-25 09:41:00
2008917,12008917,2008917 Total (Diversion),Annual,1,2018,119.825,ACFT,K,Approved,2019-04-04 16:17:00
2008917,12008917,2008917 Total (Diversion),Annual,1,2019,108.18,ACFT,K,Approved,2020-04-01 21:05:00
2008917,12008917,2008917 Total (Diversion),Annual,1,2020,118.285,ACFT,K,Approved,2021-03-26 10:46:00
2008917,12008917,2008917 Total (Diversion),Annual,1,2021,104.31,ACFT,K,Approved,2022-03-30 09:30:00
2008917,12008917,2008917 Total (Diversion),Annual,1,2022,103.02,ACFT,K,Approved,2023-02-03 11:03:00
2008917,12008917,2008917 Total (Diversion),Annual,1,2023,107.615,ACFT,K,Approved,2024-01-12 10:39:00
2008917,12008917,2008917 Total (Diversion),Annual,1,2024,75.31,ACFT,K,Approved,2024-12-02 12:35:00
2008919,12008919,2008919 Total (Diversion),Annual,1,2022,77.695,ACFT,K,Approved,2023-02-03 11:03:00
2008919,12008919,2008919 Total (Diversion),Annual,1,2023,91.835,ACFT,K,Approved,2024-01-17 15:19:00
2008919,12008919,2008919 Total (Diversion),Annual,1,2024,61.415,ACFT,K,Approved,2024-12-02 12:48:00
2009536,12009536,2009536 Total (Diversion),Annual,1,2009,79.37,ACFT,U,Approved,2010-06-29 16:23:00
2009536,12009536,2009536 Total (Diversion),Annual,1,2010,114.49,ACFT,U,Approved,2011-06-20 17:12:00
2009536,12009536,2009536 Total (Diversion),Annual,1,2011,123.805,ACFT,U,Approved,2013-11-25 16:32:00
2009536,12009536,2009536 Total (Diversion),Annual,1,2012,111.14,ACFT,K,Approved,2013-05-03 15:13:00
2009536,12009536,2009536 Total (Diversion),Annual,1,2013,105.73,ACFT,K,Approved,2018-02-01 16:30:00
2009536,12009536,2009536 Total (Diversion),Annual,1,2014,101.665,ACFT,K,Approved,2018-02-14 13:25:00
2009536,12009536,2009536 Total (Diversion),Annual,1,2015,81.5,ACFT,K,Approved,2016-05-30 14:30:00
2009536,12009536,2009536 Total (Diversion),Annual,1,2016,115.095,ACFT,K,Approved,2018-01-03 15:56:00
2009536,12009536,2009536 Total (Diversion),Annual,1,2017,97.625,ACFT,K,Approved,2018-05-25 09:41:00
2009536,12009536,2009536 Total (Diversion),Annual,1,2018,136.965,ACFT,K,Approved,2019-04-04 16:17:00
2009536,12009536,2009536 Total (Diversion),Annual,1,2019,137.88,ACFT,K,Approved,2020-04-01 21:05:00
2009536,12009536,2009536 Total (Diversion),Annual,1,2020,112.485,ACFT,K,Approved,2021-03-26 10:46:00
2009536,12009536,2009536 Total (Diversion),Annual,1,2021,99.53,ACFT,K,Approved,2022-03-30 09:30:00
2009536,12009536,2009536 Total (Diversion),Annual,1,2022,96.925,ACFT,K,Approved,2023-02-03 11:03:00
2009536,12009536,2009536 Total (Diversion),Annual,1,2023,136.18,ACFT,K,Approved,2024-01-12 11:39:00
2009536,12009536,2009536 Total (Diversion),Annual,1,2024,84.095,ACFT,K,Approved,2024-12-02 12:39:00
2009541,12009541,2009541 Total (Diversion),Annual,1,2009,154.17,ACFT,U,Approved,2010-06-29 16:23:00
2009541,12009541,2009541 Total (Diversion),Annual,1,2010,105.96,ACFT,U,Approved,2011-06-20 17:12:00
2009541,12009541,2009541 Total (Diversion),Annual,1,2011,129.75,ACFT,U,Approved,2012-07-06 07:51:00
2009541,12009541,2009541 Total (Diversion),Annual,1,2012,0.0,ACFT,K,Approved,2013-05-03 15:13:00
2009541,12009541,2009541 Total (Diversion),Annual,1,2013,105.285,ACFT,K,Approved,2014-04-04 13:52:00
2009541,12009541,2009541 Total (Diversion),Annual,1,2014,102.71,ACFT,K,Approved,2015-06-01 17:12:00
2009541,12009541,2009541 Total (Diversion),Annual,1,2015,84.75,ACFT,K,Approved,2016-05-30 14:30:00
2009541,12009541,2009541 Total (Diversion),Annual,1,2016,104.915,ACFT,K,Approved,2018-01-03 15:56:00
2009541,12009541,2009541 Total (Diversion),Annual,1,2017,95.915,ACFT,K,Approved,2018-05-25 09:41:00
2009541,12009541,2009541 Total (Diversion),Annual,1,2018,151.445,ACFT,K,Approved,2019-04-04 16:17:00
2009541,12009541,2009541 Total (Diversion),Annual,1,2019,86.725,ACFT,K,Approved,2020-04-01 21:05:00
2009541,12009541,2009541 Total (Diversion),Annual,1,2020,114.55,ACFT,K,Approved,2021-03-26 10:46:00
2009541,12009541,2009541 Total (Diversion),Annual,1,2021,71.85,ACFT,K,Approved,2022-03-30 09:30:00
2009541,12009541,2009541 Total (Diversion),Annual,1,2022,32.66,ACFT,K,Approved,2023-02-03 11:03:00
2009541,12009541,2009541 Total (Diversion),Annual,1,2023,146.88,ACFT,K,Approved,2024-01-12 11:39:00
2009541,12009541,2009541 Total (Diversion),Annual,1,2024,103.58,ACFT,K,Approved,2024-12-02 12:39:00
2010974,12010974,2010974 Total (Diversion),Annual,1,2009,106.0,ACFT,U,Approved,2010-06-29 16:23:00
2010974,12010974,2010974 Total (Diversion),Annual,1,2010,94.3,ACFT,U,Approved,2011-06-20 17:12:00
2010974,12010974,2010974 Total (Diversion),Annual,1,2011,146.55,ACFT,U,Approved,2012-07-06 07:51:00
2010974,12010974,2010974 Total (Diversion),Annual,1,2012,128.09,ACFT,K,Approved,2013-05-03 15:13:00
2010974,12010974,2010974 Total (Diversion),Annual,1,2013,166.655,ACFT,K,Approved,2014-04-04 13:52:00
2010974,12010974,2010974 Total (Diversion),Annual,1,2014,152.03,ACFT,K,Approved,2015-06-01 17:12:00
2010974,12010974,2010974 Total (Diversion),Annual,1,2015,124.61,ACFT,K,Approved,2016-05-30 14:30:00
2010974,12010974,2010974 Total (Diversion),Annual,1,2016,80.835,ACFT,K,Approved,2018-01-03 15:56:00
2010974,12010974,2010974 Total (Diversion),Annual,1,2017,100.85,ACFT,K,Approved,2018-05-25 09:41:00
2010974,12010974,2010974 Total (Diversion),Annual,1,2018,73.45,ACFT,K,Approved,2019-04-04 16:17:00
2010974,12010974,2010974 Total (Diversion),Annual,1,2019,98.755,ACFT,K,Approved,2020-04-01 21:05:00
2010974,12010974,2010974 Total (Diversion),Annual,1,2020,111.14,ACFT,K,Approved,2021-03-26 10:46:00
2010974,12010974,2010974 Total (Diversion),Annual,1,2021,75.515,ACFT,K,Approved,2022-03-30 09:30:00
2010974,12010974,2010974 Total (Diversion),Annual,1,2022,117.435,ACFT,K,Approved,2023-02-03 11:03:00
2010974,12010974,2010974 Total (Diversion),Annual,1,2023,114.145,ACFT,K,Approved,2024-01-11 09:04:00
2010974,12010974,2010974 Total (Diversion),Annual,1,2024,87.8,ACFT,K,Approved,2024-12-09 09:41:00
2011012,12011012,2011012 Total (Diversion),Annual,1,2009,0.0,ACFT,U,Approved,2010-06-29 16:23:00
2011012,12011012,2011012 Total (Diversion),Annual,1,2010,0.0,ACFT,U,Approved,2011-06-20 17:12:00
2011012,12011012,2011012 Total (Diversion),Annual,1,2011,0.068,ACFT,U,Approved,2013-11-25 16:53:00
2011012,12011012,2011012 Total (Diversion),Annual,1,2012,0.0,ACFT,K,Approved,2013-05-03 15:13:00
2011012,12011012,2011012 Total (Diversion),Annual,1,2013,0.0,ACFT,K,Approved,2014-04-04 13:52:00
2011012,12011012,2011012 Total (Diversion),Annual,1,2014,0.0,ACFT,K,Approved,2015-06-01 17:12:00
2011012,12011012,2011012 Total (Diversion),Annual,1,2015,0.034,ACFT,K,Approved,2016-05-30 14:30:00
2011012,12011012,2011012 Total (Diversion),Annual,1,2016,0.0,ACFT,K,Approved,2018-01-03 15:56:00
2011012,12011012,2011012 Total (Diversion),Annual,1,2017,0.0,ACFT,K,Approved,2018-05-25 09:41:00
2011012,12011012,2011012 Total (Diversion),Annual,1,2018,0.0,ACFT,K,Approved,2019-04-04 16:17:00
2011012,12011012,2011012 Total (Diversion),Annual,1,2019,0.032,ACFT,K,Approved,2020-04-01 21:05:00
2011012,12011012,2011012 Total (Diversion),Annual,1,2020,0.0,ACFT,K,Approved,2021-03-26 10:46:00
2011012,12011012,2011012 Total (Diversion),Annual,1,2021,0.0,ACFT,K,Approved,2022-03-30 09:30:00
2011012,12011012,2011012 Total (Diversion),Annual,1,2022,0.0,ACFT,K,Approved,2023-02-03 11:01:00
2011012,12011012,2011012 Total (Diversion),Annual,1,2023,0.029,ACFT,K,Approved,2024-01-11 08:07:00
2011012,12011012,2011012 Total (Diversion),Annual,1,2024,0.0,ACFT,K,Approved,2024-12-02 11:39:00
2011981,12011981,2011981 Total (Diversion),Annual,1,2022,0.179,ACFT,K,Approved,2023-02-03 11:05:00
2011981,12011981,2011981 Total (Diversion),Annual,1,2023,0.4637,ACFT,K,Approved,2023-11-30 15:36:00
2011981,12011981,2011981 Total (Diversion),Annual,1,2024,0.3213,ACFT,K,Approved,2024-11-27 09:12:00
2011983,12011983,2011983 Total (Diversion),Annual,1,2009,102.34,ACFT,U,Approved,2010-06-29 16:23:00
2011983,12011983,2011983 Total (Diversion),Annual,1,2010,98.505,ACFT,U,Approved,2013-11-25 22:46:00
2011983,12011983,2011983 Total (Diversion),Annual,1,2011,152.955,ACFT,U,Approved,2013-11-25 17:00:00
2011983,12011983,2011983 Total (Diversion),Annual,1,2012,117.545,ACFT,K,Approved,2013-05-03 15:13:00
2011983,12011983,2011983 Total (Diversion),Annual,1,2013,135.96,ACFT,K,Approved,2014-04-04 13:52:00
2011983,12011983,2011983 Total (Diversion),Annual,1,2014,91.915,ACFT,K,Approved,2015-06-01 17:12:00
2011983,12011983,2011983 Total (Diversion),Annual,1,2015,108.25,ACFT,K,Approved,2016-05-30 14:30:00
2011983,12011983,2011983 Total (Diversion),Annual,1,2016,97.005,ACFT,K,Approved,2018-01-03 15:56:00
2011983,12011983,2011983 Total (Diversion),Annual,1,2017,117.55,ACFT,K,Approved,2018-05-25 09:41:00
2011983,12011983,2011983 Total (Diversion),Annual,1,2018,117.58,ACFT,K,Approved,2019-04-04 16:17:00
2011983,12011983,2011983 Total (Diversion),Annual,1,2019,104.66,ACFT,K,Approved,2020-04-01 21:05:00
2011983,12011983,2011983 Total (Diversion),Annual,1,2020,107.46,ACFT,K,Approved,2021-03-26 10:46:00
2011983,12011983,2011983 Total (Diversion),Annual,1,2021,103.085,ACFT,K,Approved,2022-03-30 09:30:00
2011983,12011983,2011983 Total (Diversion),Annual,1,2022,98.485,ACFT,K,Approved,2023-02-03 11:03:00
2011983,12011983,2011983 Total (Diversion),Annual,1,2023,117.07,ACFT,K,Approved,2023-11-30 15:29:00
2011983,12011983,2011983 Total (Diversion),Annual,1,2024,68.065,ACFT,K,Approved,2024-11-21 09:39:00
2012697,12012697,2012697 Total (Diversion),Annual,1,2024,0.0049,ACFT,K,Approved,2024-12-02 12:20:00
2012823,12012823,2012823 Total (Diversion),Annual,1,2021,0.077,ACFT,K,Approved,2024-10-28 16:20:00
2012823,12012823,2012823 Total (Diversion),Annual,1,2022,0.158,ACFT,K,Approved,2024-10-28 16:26:00
2012823,12012823,2012823 Total (Diversion),Annual,1,2023,0.283,ACFT,K,Approved,2024-02-05 09:33:00
2012823,12012823,2012823 Total (Diversion),Annual,1,2024,0.6531,ACFT,K,Approved,2024-12-02 09:03:00
2014000,12014000,2014000 Total (Diversion),Annual,1,2009,82.74,ACFT,U,Approved,2010-06-29 16:23:00
2014000,12014000,2014000 Total (Diversion),Annual,1,2010,34.87,ACFT,U,Approved,2011-06-20 17:12:00
2014000,12014000,2014000 Total (Diversion),Annual,1,2011,300.45,ACFT,U,Approved,2012-07-06 07:51:00
2014000,12014000,2014000 Total (Diversion),Annual,1,2012,276.51,ACFT,K,Approved,2013-05-03 15:13:00
2014000,12014000,2014000 Total (Diversion),Annual,1,2013,216.16,ACFT,K,Approved,2014-04-04 13:52:00
2014000,12014000,2014000 Total (Diversion),Annual,1,2014,0.28,ACFT,K,Approved,2015-06-01 17:12:00
2014000,12014000,2014000 Total (Diversion),Annual,1,2015,3.6,ACFT,K,Approved,2016-05-30 14:30:00
2014000,12014000,2014000 Total (Diversion),Annual,1,2016,16.31,ACFT,K,Approved,2018-01-03 15:56:00
2014000,12014000,2014000 Total (Diversion),Annual,1,2017,53.08,ACFT,K,Approved,2018-05-25 09:41:00
2014000,12014000,2014000 Total (Diversion),Annual,1,2018,135.04,ACFT,K,Approved,2019-04-04 16:17:00
2014000,12014000,2014000 Total (Diversion),Annual,1,2019,94.27,ACFT,K,Approved,2020-04-01 21:05:00
2014000,12014000,2014000 Total (Diversion),Annual,1,2020,189.7,ACFT,K,Approved,2021-03-26 10:46:00
2014000,12014000,2014000 Total (Diversion),Annual,1,2021,10.08,ACFT,K,Approved,2022-03-30 09:30:00
2014000,12014000,2014000 Total (Diversion),Annual,1,2022,0.08,ACFT,K,Approved,2023-02-03 11:03:00
2014000,12014000,2014000 Total (Diversion),Annual,1,2023,0.0,ACFT,K,Approved,2024-01-16 15:29:00
2014000,12014000,2014000 Total (Diversion),Annual,1,2024,0.79,ACFT,K,Approved,2024-11-12 13:37:00
2014001,12014001,2014001 Total (Diversion),Annual,1,2009,106.0,ACFT,U,Approved,2010-06-29 16:23:00
2014001,12014001,2014001 Total (Diversion),Annual,1,2010,94.3,ACFT,U,Approved,2011-06-20 17:12:00
2014001,12014001,2014001 Total (Diversion),Annual,1,2011,146.55,ACFT,U,Approved,2012-07-06 07:51:00
2014001,12014001,2014001 Total (Diversion),Annual,1,2012,128.09,ACFT,K,Approved,2013-05-03 15:13:00
2014001,12014001,2014001 Total (Diversion),Annual,1,2013,166.655,ACFT,K,Approved,2014-04-04 13:52:00
2014001,12014001,2014001 Total (Diversion),Annual,1,2014,152.03,ACFT,K,Approved,2015-06-01 17:12:00
2014001,12014001,2014001 Total (Diversion),Annual,1,2015,124.61,ACFT,K,Approved,2016-05-30 14:30:00
2014001,12014001,2014001 Total (Diversion),Annual,1,2016,80.835,ACFT,K,Approved,2018-01-03 15:56:00
2014001,12014001,2014001 Total (Diversion),Annual,1,2017,100.85,ACFT,K,Approved,2018-05-25 09:41:00
2014001,12014001,2014001 Total (Diversion),Annual,1,2018,73.45,ACFT,K,Approved,2019-04-04 16:17:00
2014001,12014001,2014001 Total (Diversion),Annual,1,2019,98.755,ACFT,K,Approved,2020-04-01 21:05:00
2014001,12014001,2014001 Total (Diversion),Annual,1,2020,111.14,ACFT,K,Approved,2021-03-26 10:46:00
2014001,12014001,2014001 Total (Diversion),Annual,1,2021,75.515,ACFT,K,Approved,2022-03-30 09:30:00
2014001,12014001,2014001 Total (Diversion),Annual,1,2022,117.435,ACFT,K,Approved,2023-02-03 11:03:00
2014001,12014001,2014001 Total (Diversion),Annual,1,2023,114.145,ACFT,K,Approved,2024-01-11 09:04:00
2014001,12014001,2014001 Total (Diversion),Annual,1,2024,87.8,ACFT,K,Approved,2024-12-09 09:41:00
2014002,12014002,2014002 Total (Diversion),Annual,1,2009,175.97,ACFT,U,Approved,2010-06-29 16:23:00
2014002,12014002,2014002 Total (Diversion),Annual,1,2010,204.25,ACFT,U,Approved,2011-06-20 17:12:00
2014002,12014002,2014002 Total (Diversion),Annual,1,2011,227.76,ACFT,U,Approved,2012-07-06 07:51:00
2014002,12014002,2014002 Total (Diversion),Annual,1,2012,218.89,ACFT,K,Approved,2013-05-03 15:13:00
2014002,12014002,2014002 Total (Diversion),Annual,1,2013,217.72,ACFT,K,Approved,2014-04-04 13:52:00
2014002,12014002,2014002 Total (Diversion),Annual,1,2014,222.25,ACFT,K,Approved,2015-06-01 17:12:00
2014002,12014002,2014002 Total (Diversion),Annual,1,2015,210.44,ACFT,K,Approved,2018-02-07 10:45:00
2014002,12014002,2014002 Total (Diversion),Annual,1,2016,238.68,ACFT,K,Approved,2018-02-13 10:05:00
2014002,12014002,2014002 Total (Diversion),Annual,1,2017,190.93,ACFT,K,Approved,2018-05-25 09:41:00
2014002,12014002,2014002 Total (Diversion),Annual,1,2018,177.7,ACFT,K,Approved,2019-04-04 16:17:00
2014002,12014002,2014002 Total (Diversion),Annual,1,2019,185.48,ACFT,K,Approved,2020-04-01 21:05:00
2014002,12014002,2014002 Total (Diversion),Annual,1,2020,275.61,ACFT,K,Approved,2021-03-26 10:46:00
2014002,12014002,2014002 Total (Diversion),Annual,1,2021,116.8,ACFT,K,Approved,2022-03-30 09:30:00
2014002,12014002,2014002 Total (Diversion),Annual,1,2022,77.695,ACFT,K,Approved,2023-09-22 15:58:00
2014002,12014002,2014002 Total (Diversion),Annual,1,2023,91.835,ACFT,K,Approved,2024-01-17 15:19:00
2014002,12014002,2014002 Total (Diversion),Annual,1,2024,61.415,ACFT,K,Approved,2024-12-02 12:48:00
2014601,12014601,2014601 Total (Diversion),Annual,1,2022,0.2951,ACFT,K,Approved,2023-02-03 11:04:00
2014601,12014601,2014601 Total (Diversion),Annual,1,2023,0.3104,ACFT,K,Approved,2023-11-30 15:36:00
2014601,12014601,2014601 Total (Diversion),Annual,1,2024,0.1954,ACFT,K,Approved,2024-12-04 11:37:00
2014613,12014613,2014613 Total (Diversion),Annual,1,2021,0.3005,ACFT,K,Approved,2022-03-30 09:30:00
2014613,12014613,2014613 Total (Diversion),Annual,1,2022,0.4995,ACFT,K,Approved,2023-02-03 11:05:00
2014613,12014613,2014613 Total (Diversion),Annual,1,2023,0.545,ACFT,K,Approved,2024-01-12 15:50:00
2014613,12014613,2014613 Total (Diversion),Annual,1,2024,1.0253,ACFT,K,Approved,2024-12-02 09:03:00
