wdid,waterClassNum,wcIdentifier,measInterval,measCount,dataMeasDate,dataValue,measUnits,obsCode,approvalStatus,modified
0105014,10105014,0105014 Total (Diversion),Annual,1,1977,114.0,ACFT,*,Approved,2001-08-16 17:46:00
0105014,10105014,0105014 Total (Diversion),Annual,1,1979,107.0,ACFT,*,Approved,2001-08-16 17:46:00
0105014,10105014,0105014 Total (Diversion),Annual,1,1980,260.0,ACFT,*,Approved,2001-08-16 17:46:00
0105014,10105014,0105014 Total (Diversion),Annual,1,1981,0.0,ACFT,*,Approved,2001-08-16 17:46:00
0105014,10105014,0105014 Total (Diversion),Annual,1,1983,210.0,ACFT,*,Approved,2001-08-16 17:46:00
0105019,10105019,0105019 Total (Diversion),Annual,1,1979,130.0,ACFT,*,Approved,2001-08-16 17:46:00
0105019,10105019,0105019 Total (Diversion),Annual,1,1980,150.0,ACFT,*,Approved,2001-08-16 17:46:00
0105019,10105019,0105019 Total (Diversion),Annual,1,1981,177.0,ACFT,*,Approved,2001-08-16 17:46:00
0105019,10105019,0105019 Total (Diversion),Annual,1,1982,109.61,ACFT,*,Approved,2001-08-16 17:46:00
0105019,10105019,0105019 Total (Diversion),Annual,1,1983,158.2,ACFT,*,Approved,2001-08-16 17:46:00
0105019,10105019,0105019 Total (Diversion),Annual,1,1984,132.0,ACFT,*,Approved,2001-08-16 17:46:00
0105019,10105019,0105019 Total (Diversion),Annual,1,1985,131.019,ACFT,*,Approved,2001-08-16 17:46:00
0105019,10105019,0105019 Total (Diversion),Annual,1,1986,205.0,ACFT,*,Approved,2001-08-16 17:46:00
0105019,10105019,0105019 Total (Diversion),Annual,1,1987,151.4,ACFT,*,Approved,2001-08-16 17:46:00
0105019,10105019,0105019 Total (Diversion),Annual,1,1988,261.542,ACFT,*,Approved,2001-08-16 17:46:00
0105019,10105019,0105019 Total (Diversion),Annual,1,1989,133.0,ACFT,*,Approved,2001-08-16 17:46:00
0105019,10105019,0105019 Total (Diversion),Annual,1,1990,173.0,ACFT,*,Approved,2001-08-16 17:46:00
0105019,10105019,0105019 Total (Diversion),Annual,1,1991,129.0,ACFT,*,Approved,2001-08-16 17:46:00
0105019,10105019,0105019 Total (Diversion),Annual,1,1992,106.0,ACFT,*,Approved,2001-08-16 17:46:00
0105019,10105019,0105019 Total (Diversion),Annual,1,1993,136.0,ACFT,*,Approved,2001-08-16 17:46:00
0105019,10105019,0105019 Total (Diversion),Annual,1,1997,139.0,ACFT,U,Approved,2001-08-16 17:46:00
0105019,10105019,0105019 Total (Diversion),Annual,1,1998,181.0,ACFT,U,Approved,2001-08-16 17:46:00
0105019,10105019,0105019 Total (Diversion),Annual,1,1999,113.6,ACFT,U,Approved,2001-08-16 17:46:00
0105019,10105019,0105019 Total (Diversion),Annual,1,2000,780.0,ACFT,U,Approved,2002-12-02 15:04:00
0105019,10105019,0105019 Total (Diversion),Annual,1,2001,151.0,ACFT,*,Approved,2002-05-29 15:56:00
0105019,10105019,0105019 Total (Diversion),Monthly,4,2012,212.932,ACFT,U,Approved,2013-04-04 08:01:00
0105019,10105019,0105019 Total (Diversion),Monthly,3,2013,212.925,ACFT,K,Approved,2014-05-09 11:12:00
0105019,10105019,0105019 Total (Diversion),Monthly,5,2014,224.117,ACFT,K,Approved,2015-04-29 13:01:00
0105019,10105019,0105019 Total (Diversion),Monthly,3,2015,221.421,ACFT,K,Approved,2016-06-15 12:40:00
0105019,10105019,0105019 Total (Diversion),Monthly,1,2016,4.56,ACFT,K,Approved,2017-05-15 09:51:00
0105019,10105019,0105019 Total (Diversion),Monthly,3,2017,74.445,ACFT,K,Approved,2018-04-04 11:56:00
0105019,10105019,0105019 Total (Diversion),Monthly,4,2018,129.179,ACFT,K,Approved,2019-04-08 06:51:00
0105019,10105019,0105019 Total (Diversion),Monthly,6,2019,177.906,ACFT,K,Approved,2020-09-30 16:01:00
0105019,10105019,0105019 Total (Diversion),Monthly,12,2020,116.581,ACFT,K,Approved,2021-04-21 11:16:00
0105019,10105019,0105019 Total (Diversion),Monthly,12,2021,106.315,ACFT,K,Approved,2022-09-16 08:16:00
0105019,10105019,0105019 Total (Diversion),Monthly,12,2022,185.602,ACFT,K,Approved,2023-11-06 07:26:00
0105019,10105019,0105019 Total (Diversion),Monthly,12,2023,18.649,ACFT,K,Approved,2024-03-26 14:57:00
0105019,10105019,0105019 Total (Diversion),Monthly,12,2024,97.9955,ACFT,K,Approved,2025-01-22 16:38:00
0105392,10105392,0105392 Total (Diversion),Monthly,5,2007,210.06,ACFT,U,Approved,2008-04-07 13:22:00
0105392,10105392,0105392 Total (Diversion),Monthly,5,2008,224.49,ACFT,U,Approved,2009-04-17 15:50:00
0105392,10105392,0105392 Total (Diversion),Monthly,4,2009,210.79,ACFT,U,Approved,2010-04-08 10:41:00
0105392,10105392,0105392 Total (Diversion),Monthly,5,2010,272.3,ACFT,U,Approved,2011-03-30 10:41:00
0105392,10105392,0105392 Total (Diversion),Monthly,5,2011,294.96,ACFT,K,Approved,2012-07-18 15:24:00
0105392,10105392,0105392 Total (Diversion),Monthly,5,2012,309.8296,ACFT,U,Approved,2013-04-04 08:01:00
0105392,10105392,0105392 Total (Diversion),Monthly,5,2013,271.58,ACFT,U,Approved,2014-05-09 11:12:00
0105392,10105392,0105392 Total (Diversion),Monthly,5,2014,295.8244,ACFT,U,Approved,2015-04-29 13:01:00
0105392,10105392,0105392 Total (Diversion),Monthly,5,2015,338.1359,ACFT,U,Approved,2016-06-15 12:40:00
0105392,10105392,0105392 Total (Diversion),Monthly,4,2016,435.95,ACFT,U,Approved,2017-05-15 09:51:00
0105392,10105392,0105392 Total (Diversion),Monthly,5,2017,428.73,ACFT,U,Approved,2018-04-04 11:56:00
0105392,10105392,0105392 Total (Diversion),Monthly,5,2018,375.01,ACFT,U,Approved,2019-04-08 06:51:00
0105392,10105392,0105392 Total (Diversion),Monthly,5,2019,314.29,ACFT,U,Approved,2020-06-16 12:01:00
0105392,10105392,0105392 Total (Diversion),Monthly,6,2020,699.45,ACFT,U,Approved,2021-04-21 11:16:00
0105392,10105392,0105392 Total (Diversion),Monthly,4,2021,144.4819,ACFT,U,Approved,2022-09-16 08:16:00
0105392,10105392,0105392 Total (Diversion),Monthly,5,2022,106.12,ACFT,U,Approved,2023-11-03 06:26:00
0105392,10105392,0105392 Total (Diversion),Monthly,3,2023,62.2646,ACFT,U,Approved,2024-05-02 10:46:00
0105392,10105392,0105392 Total (Diversion),Monthly,6,2024,64.0547,ACFT,U,Approved,2025-03-07 11:30:00
0105536,10105536,0105536 Total (Diversion),Monthly,2,2013,189.835,ACFT,K,Approved,2014-05-09 11:12:00
0105536,10105536,0105536 Total (Diversion),Monthly,5,2014,203.06,ACFT,K,Approved,2015-04-29 13:01:00
0105536,10105536,0105536 Total (Diversion),Monthly,5,2015,240.22,ACFT,K,Approved,2016-06-15 12:40:00
0105536,10105536,0105536 Total (Diversion),Monthly,4,2016,241.29,ACFT,k,Approved,2017-05-15 09:51:00
0105536,10105536,0105536 Total (Diversion),Monthly,5,2017,232.01,ACFT,k,Approved,2018-04-04 11:56:00
0105536,10105536,0105536 Total (Diversion),Monthly,6,2018,201.22,ACFT,k,Approved,2019-04-08 06:51:00
0105536,10105536,0105536 Total (Diversion),Monthly,12,2020,226.67,ACFT,K,Approved,2021-04-21 11:16:00
0105536,10105536,0105536 Total (Diversion),Monthly,12,2021,250.44,ACFT,K,Approved,2022-09-16 08:16:00
0105536,10105536,0105536 Total (Diversion),Monthly,12,2022,152.584,ACFT,K,Approved,2023-11-06 07:11:00
0105536,10105536,0105536 Total (Diversion),Monthly,12,2023,201.806,ACFT,K,Approved,2024-03-26 14:37:00
0105536,10105536,0105536 Total (Diversion),Monthly,12,2024,222.931,ACFT,K,Approved,2025-01-23 11:24:00
0106672,10106672,0106672 Total (Diversion),Monthly,6,2012,86.098,ACFT,U,Approved,2013-04-04 08:01:00
0106672,10106672,0106672 Total (Diversion),Monthly,2,2013,54.446,ACFT,K,Approved,2014-05-09 11:12:00
0106672,10106672,0106672 Total (Diversion),Monthly,3,2014,27.063,ACFT,K,Approved,2015-04-29 13:01:00
0106672,10106672,0106672 Total (Diversion),Monthly,5,2015,114.291,ACFT,K,Approved,2016-06-15 12:40:00
0106672,10106672,0106672 Total (Diversion),Monthly,4,2016,117.9,ACFT,K,Approved,2017-05-15 09:51:00
0106672,10106672,0106672 Total (Diversion),Monthly,5,2017,117.23,ACFT,K,Approved,2018-04-04 11:56:00
0106672,10106672,0106672 Total (Diversion),Monthly,5,2018,135.727,ACFT,K,Approved,2019-04-08 06:51:00
0106672,10106672,0106672 Total (Diversion),Monthly,4,2019,114.234,ACFT,K,Approved,2020-09-30 16:01:00
0106672,10106672,0106672 Total (Diversion),Monthly,12,2020,75.388,ACFT,K,Approved,2021-04-21 11:16:00
0106672,10106672,0106672 Total (Diversion),Monthly,11,2021,89.064,ACFT,K,Approved,2022-09-16 08:16:00
0106672,10106672,0106672 Total (Diversion),Monthly,12,2022,133.538,ACFT,K,Approved,2023-11-06 07:29:00
0106672,10106672,0106672 Total (Diversion),Monthly,12,2023,80.593,ACFT,K,Approved,2024-03-26 13:43:00
0106672,10106672,0106672 Total (Diversion),Monthly,12,2024,108.898,ACFT,K,Approved,2025-01-22 16:37:00
0106714,10106714,0106714 Total (Diversion),Monthly,4,2016,32.536,ACFT,K,Approved,2017-05-15 09:51:00
0106720,10106720,0106720 Total (Diversion),Monthly,3,2010,147.0,ACFT,U,Approved,2011-03-30 10:41:00
0106720,10106720,0106720 Total (Diversion),Daily,93,2011,58.2336,ACFT,*,Approved,2012-07-18 15:23:00
0106756,10106756,0106756 Total (Diversion),Monthly,6,2012,208.207,ACFT,K,Approved,2013-04-04 08:01:00
0106756,10106756,0106756 Total (Diversion),Monthly,2,2013,28.7,ACFT,K,Approved,2014-05-09 11:12:00
0106756,10106756,0106756 Total (Diversion),Monthly,2,2014,30.626,ACFT,K,Approved,2015-04-29 13:01:00
0106756,10106756,0106756 Total (Diversion),Monthly,1,2015,29.128,ACFT,K,Approved,2016-06-15 12:40:00
0106756,10106756,0106756 Total (Diversion),Monthly,2,2017,62.9,ACFT,K,Approved,2018-04-04 11:56:00
0106756,10106756,0106756 Total (Diversion),Monthly,2,2018,49.26,ACFT,K,Approved,2019-04-08 06:51:00
0106756,10106756,0106756 Total (Diversion),Monthly,3,2019,68.2,ACFT,K,Approved,2020-06-16 12:01:00
0106756,10106756,0106756 Total (Diversion),Monthly,12,2020,101.7456,ACFT,K,Approved,2021-04-21 11:16:00
0106756,10106756,0106756 Total (Diversion),Monthly,12,2021,81.89,ACFT,K,Approved,2022-09-16 08:16:00
0106756,10106756,0106756 Total (Diversion),Monthly,12,2022,0.0,ACFT,K,Approved,2023-11-06 07:10:00
0106756,10106756,0106756 Total (Diversion),Monthly,12,2023,0.0705,ACFT,K,Approved,2024-06-24 14:55:00
0106756,10106756,0106756 Total (Diversion),Monthly,12,2024,152.008,ACFT,K,Approved,2025-02-24 15:00:00
0106957,10106957,0106957 Total (Diversion),Monthly,3,2016,9.439,ACFT,K,Approved,2017-05-15 09:51:00
0106958,10106958,0106958 Total (Diversion),Monthly,5,2012,52.929,ACFT,K,Approved,2013-04-04 08:01:00
0106958,10106958,0106958 Total (Diversion),Monthly,5,2013,16.977,ACFT,K,Approved,2014-05-09 11:12:00
0106958,10106958,0106958 Total (Diversion),Monthly,4,2014,20.608,ACFT,K,Approved,2015-04-29 13:01:00
0106958,10106958,0106958 Total (Diversion),Monthly,5,2015,17.862,ACFT,K,Approved,2016-06-15 12:40:00
0106958,10106958,0106958 Total (Diversion),Monthly,3,2016,54.816,ACFT,K,Approved,2017-05-15 09:51:00
0106958,10106958,0106958 Total (Diversion),Monthly,4,2017,62.21,ACFT,K,Approved,2018-04-04 11:56:00
0106958,10106958,0106958 Total (Diversion),Monthly,4,2018,47.28,ACFT,K,Approved,2019-04-08 06:51:00
0106958,10106958,0106958 Total (Diversion),Monthly,5,2019,54.59,ACFT,K,Approved,2020-06-16 12:01:00
0106958,10106958,0106958 Total (Diversion),Monthly,11,2020,73.553,ACFT,K,Approved,2021-04-21 11:16:00
0106958,10106958,0106958 Total (Diversion),Monthly,12,2021,66.764,ACFT,K,Approved,2022-09-16 08:16:00
0106958,10106958,0106958 Total (Diversion),Monthly,12,2022,45.763,ACFT,K,Approved,2023-11-06 07:10:00
0106958,10106958,0106958 Total (Diversion),Monthly,12,2023,29.897,ACFT,K,Approved,2024-03-26 13:18:00
0106958,10106958,0106958 Total (Diversion),Monthly,12,2024,51.566,ACFT,K,Approved,2025-02-20 09:58:00
0106966,10106966,0106966 Total (Diversion),Monthly,6,2012,97.157,ACFT,U,Approved,2013-04-04 08:01:00
0106966,10106966,0106966 Total (Diversion),Monthly,5,2013,44.8335,ACFT,K,Approved,2014-05-09 11:12:00
0106966,10106966,0106966 Total (Diversion),Monthly,6,2014,51.5095,ACFT,K,Approved,2015-04-29 13:01:00
0106966,10106966,0106966 Total (Diversion),Monthly,4,2015,52.1065,ACFT,K,Approved,2016-06-15 12:40:00
0106966,10106966,0106966 Total (Diversion),Monthly,4,2016,59.6625,ACFT,K,Approved,2017-05-15 09:51:00
0106966,10106966,0106966 Total (Diversion),Monthly,6,2018,77.3213,ACFT,K,Approved,2019-04-08 06:51:00
0106967,10106967,0106967 Total (Diversion),Monthly,6,2012,97.157,ACFT,U,Approved,2013-04-04 08:01:00
0106967,10106967,0106967 Total (Diversion),Monthly,5,2013,44.8335,ACFT,K,Approved,2014-05-09 11:12:00
0106967,10106967,0106967 Total (Diversion),Monthly,6,2014,51.5095,ACFT,K,Approved,2015-04-29 13:01:00
0106967,10106967,0106967 Total (Diversion),Monthly,4,2015,52.1065,ACFT,K,Approved,2016-06-15 12:40:00
0106967,10106967,0106967 Total (Diversion),Monthly,4,2016,59.6625,ACFT,K,Approved,2017-05-15 09:51:00
0106967,10106967,0106967 Total (Diversion),Monthly,4,2017,209.803,ACFT,K,Approved,2018-04-04 11:56:00
0106967,10106967,0106967 Total (Diversion),Monthly,6,2018,77.3213,ACFT,K,Approved,2019-04-08 06:51:00
0106967,10106967,0106967 Total (Diversion),Monthly,5,2019,198.9445,ACFT,K,Approved,2020-09-30 16:01:00
0106967,10106967,0106967 Total (Diversion),Monthly,12,2020,221.2791,ACFT,K,Approved,2021-04-21 11:16:00
0106967,10106967,0106967 Total (Diversion),Monthly,12,2021,219.5851,ACFT,K,Approved,2022-09-16 08:16:00
0106967,10106967,0106967 Total (Diversion),Monthly,12,2022,118.715,ACFT,K,Approved,2023-11-06 07:19:00
0106967,10106967,0106967 Total (Diversion),Monthly,12,2023,99.6084,ACFT,K,Approved,2024-03-26 16:21:00
0106967,10106967,0106967 Total (Diversion),Monthly,12,2024,128.3345,ACFT,K,Approved,2025-01-22 16:39:00
0106968,10106968,0106968 Total (Diversion),Monthly,3,2012,14.8355,ACFT,U,Approved,2013-04-04 08:01:00
0106968,10106968,0106968 Total (Diversion),Monthly,1,2014,5.4075,ACFT,K,Approved,2015-04-29 13:01:00
0106968,10106968,0106968 Total (Diversion),Monthly,1,2015,15.7325,ACFT,K,Approved,2016-06-15 12:40:00
0106968,10106968,0106968 Total (Diversion),Monthly,2,2016,23.9665,ACFT,K,Approved,2017-05-15 09:51:00
0106968,10106968,0106968 Total (Diversion),Monthly,2,2018,14.232,ACFT,*,Approved,2019-04-08 06:51:00
0106968,10106968,0106968 Total (Diversion),Monthly,2,2019,18.06,ACFT,K,Approved,2020-09-30 16:01:00
0106968,10106968,0106968 Total (Diversion),Monthly,12,2020,0.0,ACFT,K,Approved,2021-04-21 11:16:00
0106968,10106968,0106968 Total (Diversion),Monthly,12,2021,20.997,ACFT,K,Approved,2022-09-16 08:16:00
0106968,10106968,0106968 Total (Diversion),Monthly,12,2022,76.782,ACFT,K,Approved,2023-11-06 07:19:00
0106968,10106968,0106968 Total (Diversion),Monthly,12,2023,32.213,ACFT,K,Approved,2024-03-26 14:39:00
0106968,10106968,0106968 Total (Diversion),Monthly,12,2024,89.014,ACFT,K,Approved,2025-01-22 16:39:00
0106969,10106969,0106969 Total (Diversion),Monthly,3,2012,14.8355,ACFT,U,Approved,2013-04-04 08:01:00
0106969,10106969,0106969 Total (Diversion),Monthly,1,2014,5.4075,ACFT,K,Approved,2015-04-29 13:01:00
0106969,10106969,0106969 Total (Diversion),Monthly,1,2015,15.7325,ACFT,K,Approved,2016-06-15 12:40:00
0106969,10106969,0106969 Total (Diversion),Monthly,2,2016,23.9665,ACFT,K,Approved,2017-05-15 09:51:00
0106969,10106969,0106969 Total (Diversion),Monthly,2,2018,14.232,ACFT,K,Approved,2019-04-08 06:51:00
0107018,10107018,0107018 Total (Diversion),Monthly,5,2019,320.0,ACFT,K,Approved,2020-06-16 12:01:00
0107018,10107018,0107018 Total (Diversion),Monthly,4,2020,163.0,ACFT,K,Approved,2021-04-21 11:16:00
0107018,10107018,0107018 Total (Diversion),Monthly,4,2021,128.6,ACFT,K,Approved,2022-09-16 08:16:00
0107018,10107018,0107018 Total (Diversion),Monthly,5,2022,49.22,ACFT,K,Approved,2023-11-03 06:26:00
0107018,10107018,0107018 Total (Diversion),Monthly,3,2023,6.9776,ACFT,K,Approved,2024-04-22 14:57:00
0107018,10107018,0107018 Total (Diversion),Monthly,7,2024,52.2428,ACFT,K,Approved,2025-03-07 11:30:00
0107019,10107019,0107019 Total (Diversion),Monthly,6,2019,220.0,ACFT,K,Approved,2020-06-16 12:01:00
0107019,10107019,0107019 Total (Diversion),Monthly,7,2024,42.1672,ACFT,K,Approved,2025-03-07 11:30:00
0107026,10107026,0107026 Total (Diversion),Daily,78,2019,88.1071,ACFT,K,Approved,2020-06-16 12:00:00
0107026,10107026,0107026 Total (Diversion),Daily,88,2020,78.5726,ACFT,K,Approved,2021-04-21 11:15:00
0107026,10107026,0107026 Total (Diversion),Daily,95,2022,253.8237,ACFT,K,Approved,2023-11-03 06:26:00
0107026,10107026,0107026 Total (Diversion),Daily,183,2023,0.0,ACFT,K,Approved,2024-05-02 10:46:00
0107026,10107026,0107026 Total (Diversion),Daily,25,2024,52.2375,ACFT,K,Approved,2025-03-07 11:30:00
0107027,10107027,0107027 Total (Diversion),Daily,96,2019,273.9809,ACFT,K,Approved,2020-06-16 12:00:00
0107027,10107027,0107027 Total (Diversion),Daily,92,2020,200.7963,ACFT,K,Approved,2021-04-21 11:15:00
0107027,10107027,0107027 Total (Diversion),Daily,85,2021,464.0894,ACFT,K,Approved,2022-09-16 08:15:00
0107027,10107027,0107027 Total (Diversion),Daily,183,2023,1495.1246,ACFT,K,Approved,2024-05-02 10:46:00
0107027,10107027,0107027 Total (Diversion),Daily,61,2024,167.6835,ACFT,K,Approved,2025-03-07 11:30:00
0107221,10107221,0107221 Total (Diversion),Monthly,3,2016,129.34,ACFT,k,Approved,2017-05-15 09:51:00
0107221,10107221,0107221 Total (Diversion),Monthly,5,2017,109.148,ACFT,k,Approved,2018-04-04 11:56:00
0107221,10107221,0107221 Total (Diversion),Monthly,6,2018,163.302,ACFT,k,Approved,2019-04-08 06:51:00
0107221,10107221,0107221 Total (Diversion),Monthly,11,2020,351.0847,ACFT,K,Approved,2021-04-21 11:16:00
0107221,10107221,0107221 Total (Diversion),Monthly,12,2021,316.8433,ACFT,K,Approved,2022-09-16 08:16:00
0107221,10107221,0107221 Total (Diversion),Monthly,12,2022,218.2608,ACFT,K,Approved,2023-11-06 11:38:00
0107221,10107221,0107221 Total (Diversion),Monthly,12,2023,169.5417,ACFT,K,Approved,2024-03-26 13:46:00
0107221,10107221,0107221 Total (Diversion),Monthly,12,2024,218.0112,ACFT,K,Approved,2025-01-23 11:23:00
0107222,10107222,0107222 Total (Diversion),Monthly,2,2013,0.25,ACFT,K,Approved,2014-05-09 11:12:00
0107222,10107222,0107222 Total (Diversion),Monthly,3,2014,0.96,ACFT,K,Approved,2015-04-29 13:01:00
0107222,10107222,0107222 Total (Diversion),Monthly,3,2015,238.93,ACFT,K,Approved,2016-06-15 12:40:00
0107222,10107222,0107222 Total (Diversion),Monthly,7,2016,212.37,ACFT,k,Approved,2017-05-15 09:51:00
0107222,10107222,0107222 Total (Diversion),Monthly,6,2017,300.95,ACFT,k,Approved,2018-04-04 11:56:00
0107222,10107222,0107222 Total (Diversion),Monthly,6,2018,248.47,ACFT,k,Approved,2019-04-08 06:51:00
0107222,10107222,0107222 Total (Diversion),Monthly,12,2020,88.4132,ACFT,K,Approved,2021-04-21 11:16:00
0107222,10107222,0107222 Total (Diversion),Monthly,12,2021,328.0632,ACFT,K,Approved,2022-09-16 08:16:00
0107222,10107222,0107222 Total (Diversion),Monthly,12,2022,209.8795,ACFT,K,Approved,2023-11-06 11:38:00
0107222,10107222,0107222 Total (Diversion),Monthly,12,2023,173.3356,ACFT,K,Approved,2024-03-26 13:48:00
0107222,10107222,0107222 Total (Diversion),Monthly,12,2024,249.2,ACFT,K,Approved,2025-01-23 11:24:00
0107430,10107430,0107430 Total (Diversion),Annual,1,1996,173.0,ACFT,*,Approved,2001-08-16 17:46:00
0107430,10107430,0107430 Total (Diversion),Annual,1,1997,78.0,ACFT,U,Approved,2001-08-16 17:46:00
0107430,10107430,0107430 Total (Diversion),Annual,1,1998,120.0,ACFT,U,Approved,2001-08-16 17:46:00
0107430,10107430,0107430 Total (Diversion),Annual,1,1999,102.9,ACFT,U,Approved,2001-08-16 17:46:00
0107430,10107430,0107430 Total (Diversion),Annual,1,2000,250.0,ACFT,U,Approved,2002-12-02 15:04:00
0107430,10107430,0107430 Total (Diversion),Annual,1,2001,406.0,ACFT,*,Approved,2002-05-29 15:56:00
0107430,10107430,0107430 Total (Diversion),Annual,1,2002,252.0,ACFT,*,Approved,2003-07-17 15:18:00
0107430,10107430,0107430 Total (Diversion),Annual,1,2003,196.0,ACFT,*,Approved,2004-04-20 17:06:00
0107458,10107458,0107458 Total (Diversion),Monthly,4,2012,54.406,ACFT,K,Approved,2013-04-04 08:01:00
0107458,10107458,0107458 Total (Diversion),Monthly,3,2013,45.1,ACFT,K,Approved,2014-05-09 11:12:00
0107458,10107458,0107458 Total (Diversion),Monthly,1,2014,0.015,ACFT,K,Approved,2015-04-29 13:01:00
0107458,10107458,0107458 Total (Diversion),Monthly,5,2016,81.502,ACFT,K,Approved,2017-05-15 09:51:00
0107458,10107458,0107458 Total (Diversion),Monthly,3,2017,12.59,ACFT,K,Approved,2018-04-04 11:56:00
0107458,10107458,0107458 Total (Diversion),Monthly,2,2018,10.14,ACFT,K,Approved,2019-04-08 06:51:00
0107458,10107458,0107458 Total (Diversion),Monthly,4,2019,24.22,ACFT,K,Approved,2020-06-16 12:01:00
0107458,10107458,0107458 Total (Diversion),Monthly,12,2020,46.046,ACFT,K,Approved,2021-04-21 11:16:00
0107458,10107458,0107458 Total (Diversion),Monthly,12,2021,19.04,ACFT,K,Approved,2022-09-16 08:16:00
0107458,10107458,0107458 Total (Diversion),Monthly,12,2022,4.907,ACFT,K,Approved,2023-11-06 07:11:00
0107458,10107458,0107458 Total (Diversion),Monthly,12,2023,0.0,ACFT,K,Approved,2024-03-26 13:13:00
0107458,10107458,0107458 Total (Diversion),Monthly,12,2024,0.0,ACFT,K,Approved,2025-02-20 09:58:00
0107576,10107576,0107576 Total (Diversion),Monthly,5,2013,103.35,ACFT,K,Approved,2014-05-09 11:12:00
0107576,10107576,0107576 Total (Diversion),Monthly,5,2014,161.11,ACFT,K,Approved,2015-04-29 13:01:00
0107576,10107576,0107576 Total (Diversion),Monthly,2,2016,16.3484,ACFT,K,Approved,2017-05-15 09:51:00
0107576,10107576,0107576 Total (Diversion),Monthly,5,2019,194.423,ACFT,K,Approved,2020-09-30 16:01:00
0107576,10107576,0107576 Total (Diversion),Monthly,18,2020,19.182,ACFT,K,Approved,2021-04-21 11:16:00
0107576,10107576,0107576 Total (Diversion),Monthly,24,2021,0.0,ACFT,K,Approved,2022-09-16 08:16:00
0107576,10107576,0107576 Total (Diversion),Monthly,12,2022,0.0,ACFT,K,Approved,2023-11-06 07:30:00
0107576,10107576,0107576 Total (Diversion),Daily,183,2023,393.2148,ACFT,K,Approved,2024-05-02 10:46:00
0107576,10107576,0107576 Total (Diversion),Monthly,12,2023,0.001,ACFT,K,Approved,2024-06-24 15:02:00
0107576,10107576,0107576 Total (Diversion),Daily,2,2024,0.4027,ACFT,K,Approved,2025-03-07 11:30:00
0107576,10107576,0107576 Total (Diversion),Monthly,12,2024,0.042,ACFT,K,Approved,2025-01-22 16:29:00
0107678,10107678,0107678 Total (Diversion),Monthly,8,2008,190.23,ACFT,U,Approved,2009-04-17 15:50:00
0107678,10107678,0107678 Total (Diversion),Monthly,6,2009,82.085,ACFT,U,Approved,2010-04-08 10:41:00
0107678,10107678,0107678 Total (Diversion),Monthly,5,2010,131.617,ACFT,U,Approved,2011-03-30 10:41:00
0107678,10107678,0107678 Total (Diversion),Monthly,6,2011,207.206,ACFT,K,Approved,2012-07-18 15:24:00
0107678,10107678,0107678 Total (Diversion),Monthly,6,2012,251.726,ACFT,U,Approved,2013-04-04 08:01:00
0107678,10107678,0107678 Total (Diversion),Monthly,4,2013,110.31,ACFT,U,Approved,2014-05-09 11:12:00
0107678,10107678,0107678 Total (Diversion),Monthly,4,2015,267.194,ACFT,U,Approved,2016-06-15 12:40:00
0107678,10107678,0107678 Total (Diversion),Monthly,5,2016,247.32,ACFT,U,Approved,2017-05-15 09:51:00
0107678,10107678,0107678 Total (Diversion),Monthly,3,2017,212.28,ACFT,U,Approved,2018-04-04 11:56:00
0107678,10107678,0107678 Total (Diversion),Monthly,6,2018,192.88,ACFT,U,Approved,2019-04-08 06:51:00
0107678,10107678,0107678 Total (Diversion),Monthly,5,2019,267.88,ACFT,K,Approved,2020-06-16 12:01:00
0107678,10107678,0107678 Total (Diversion),Monthly,4,2020,222.15,ACFT,K,Approved,2021-04-21 11:16:00
0107678,10107678,0107678 Total (Diversion),Monthly,2,2021,40.435,ACFT,K,Approved,2022-09-16 08:16:00
0107678,10107678,0107678 Total (Diversion),Monthly,1,2022,6.535,ACFT,K,Approved,2023-11-03 06:26:00
0108113,10108113,0108113 Total (Diversion),Monthly,4,2012,78.485,ACFT,U,Approved,2013-04-04 08:01:00
0108113,10108113,0108113 Total (Diversion),Monthly,4,2013,31.812,ACFT,K,Approved,2014-05-09 11:12:00
0108113,10108113,0108113 Total (Diversion),Monthly,4,2014,73.911,ACFT,K,Approved,2015-04-29 13:01:00
0108113,10108113,0108113 Total (Diversion),Monthly,3,2015,105.766,ACFT,K,Approved,2016-06-15 12:40:00
0108113,10108113,0108113 Total (Diversion),Monthly,3,2016,112.795,ACFT,K,Approved,2017-05-15 09:51:00
0108113,10108113,0108113 Total (Diversion),Monthly,5,2017,125.582,ACFT,K,Approved,2018-04-04 11:56:00
0108113,10108113,0108113 Total (Diversion),Monthly,5,2018,110.448,ACFT,K,Approved,2019-04-08 06:51:00
0108113,10108113,0108113 Total (Diversion),Monthly,4,2019,133.598,ACFT,K,Approved,2020-09-30 16:01:00
0108113,10108113,0108113 Total (Diversion),Monthly,12,2020,40.322,ACFT,K,Approved,2021-04-21 11:16:00
0108113,10108113,0108113 Total (Diversion),Monthly,12,2021,43.232,ACFT,K,Approved,2022-09-16 08:16:00
0108113,10108113,0108113 Total (Diversion),Monthly,12,2022,68.244,ACFT,K,Approved,2023-11-06 07:13:00
0108113,10108113,0108113 Total (Diversion),Monthly,12,2023,1.307,ACFT,K,Approved,2024-03-26 15:28:00
0108113,10108113,0108113 Total (Diversion),Monthly,12,2024,41.774,ACFT,K,Approved,2025-01-22 16:40:00
0108150,10108150,0108150 Total (Diversion),Daily,89,2011,302.6266,ACFT,K,Approved,2012-07-18 15:23:00
0108150,10108150,0108150 Total (Diversion),Daily,110,2012,493.3078,ACFT,K,Approved,2013-04-04 08:01:00
0108150,10108150,0108150 Total (Diversion),Daily,15,2014,84.7748,ACFT,K,Approved,2015-04-29 13:01:00
0108150,10108150,0108150 Total (Diversion),Daily,84,2015,272.7295,ACFT,K,Approved,2016-06-15 12:40:00
0108150,10108150,0108150 Total (Diversion),Daily,95,2016,282.2719,ACFT,K,Approved,2017-05-15 09:50:00
0108150,10108150,0108150 Total (Diversion),Daily,94,2017,325.175,ACFT,K,Approved,2018-04-04 11:55:00
0108150,10108150,0108150 Total (Diversion),Daily,86,2018,217.5007,ACFT,K,Approved,2019-04-08 06:50:00
0108150,10108150,0108150 Total (Diversion),Monthly,3,2020,76.464,ACFT,R,Approved,2021-04-21 11:16:00
0108150,10108150,0108150 Total (Diversion),Daily,278,2021,148.419,ACFT,R,Approved,2022-09-16 08:15:00
0108150,10108150,0108150 Total (Diversion),Monthly,7,2022,57.12,ACFT,R,Approved,2023-11-03 06:26:00
0108150,10108150,0108150 Total (Diversion),Daily,59,2024,174.4972,ACFT,R,Approved,2025-03-07 11:30:00
0108153,10108153,0108153 Total (Diversion),Daily,88,2011,275.3515,ACFT,K,Approved,2012-07-18 15:23:00
0108153,10108153,0108153 Total (Diversion),Daily,86,2012,460.3106,ACFT,K,Approved,2013-04-04 08:01:00
0108153,10108153,0108153 Total (Diversion),Daily,18,2014,80.1334,ACFT,K,Approved,2015-04-29 13:01:00
0108153,10108153,0108153 Total (Diversion),Daily,86,2015,229.4602,ACFT,K,Approved,2016-06-15 12:40:00
0108153,10108153,0108153 Total (Diversion),Daily,93,2016,224.4529,ACFT,K,Approved,2017-05-15 09:50:00
0108153,10108153,0108153 Total (Diversion),Daily,90,2017,259.6005,ACFT,K,Approved,2018-04-04 11:55:00
0108153,10108153,0108153 Total (Diversion),Daily,88,2018,192.8954,ACFT,K,Approved,2019-04-08 06:50:00
0108153,10108153,0108153 Total (Diversion),Monthly,3,2020,51.286,ACFT,*,Approved,2021-04-21 11:16:00
0108153,10108153,0108153 Total (Diversion),Daily,278,2021,135.2868,ACFT,K,Approved,2022-09-16 08:15:00
0108153,10108153,0108153 Total (Diversion),Monthly,7,2022,47.72,ACFT,*,Approved,2023-11-03 06:26:00
0108153,10108153,0108153 Total (Diversion),Daily,12,2024,31.4539,ACFT,R,Approved,2025-03-07 11:30:00
0108204,10108204,0108204 Total (Diversion),Monthly,4,2013,77.821,ACFT,K,Approved,2014-05-09 11:12:00
0108204,10108204,0108204 Total (Diversion),Monthly,5,2015,76.973,ACFT,K,Approved,2016-06-15 12:40:00
0108204,10108204,0108204 Total (Diversion),Monthly,5,2016,153.3402,ACFT,K,Approved,2017-05-15 09:51:00
0108204,10108204,0108204 Total (Diversion),Monthly,2,2017,50.2953,ACFT,K,Approved,2018-04-04 11:56:00
0108204,10108204,0108204 Total (Diversion),Monthly,3,2018,47.5221,ACFT,K,Approved,2019-04-08 06:51:00
0108204,10108204,0108204 Total (Diversion),Monthly,2,2019,52.033,ACFT,K,Approved,2020-09-30 16:01:00
0108204,10108204,0108204 Total (Diversion),Monthly,12,2020,79.795,ACFT,K,Approved,2021-04-21 11:16:00
0108204,10108204,0108204 Total (Diversion),Monthly,12,2021,152.3736,ACFT,K,Approved,2022-09-16 08:16:00
0108204,10108204,0108204 Total (Diversion),Monthly,12,2022,23.6905,ACFT,K,Approved,2023-11-06 07:19:00
0108204,10108204,0108204 Total (Diversion),Monthly,12,2023,10.0723,ACFT,K,Approved,2024-03-26 16:21:00
0108204,10108204,0108204 Total (Diversion),Monthly,12,2024,152.1951,ACFT,K,Approved,2025-01-22 16:39:00
0108208,10108208,0108208 Total (Diversion),Monthly,4,2012,238.728,ACFT,U,Approved,2013-04-04 08:01:00
0108208,10108208,0108208 Total (Diversion),Monthly,4,2013,212.736,ACFT,K,Approved,2014-05-09 11:12:00
0108788,10108788,0108788 Total (Diversion),Monthly,8,2012,197.78,ACFT,U,Approved,2013-04-04 08:01:00
0108788,10108788,0108788 Total (Diversion),Monthly,4,2013,129.276,ACFT,K,Approved,2014-05-09 11:12:00
0108788,10108788,0108788 Total (Diversion),Monthly,6,2014,208.197,ACFT,K,Approved,2015-04-29 13:01:00
0108788,10108788,0108788 Total (Diversion),Monthly,1,2015,0.003,ACFT,K,Approved,2016-06-15 12:40:00
0108788,10108788,0108788 Total (Diversion),Monthly,2,2016,70.379,ACFT,K,Approved,2017-05-15 09:51:00
0108788,10108788,0108788 Total (Diversion),Monthly,2,2018,97.692,ACFT,*,Approved,2019-04-08 06:51:00
0108788,10108788,0108788 Total (Diversion),Monthly,12,2020,256.679,ACFT,K,Approved,2021-04-21 11:16:00
0108788,10108788,0108788 Total (Diversion),Monthly,12,2021,45.764,ACFT,K,Approved,2022-09-16 08:16:00
0108788,10108788,0108788 Total (Diversion),Monthly,12,2022,139.196,ACFT,K,Approved,2023-11-06 07:19:00
0108788,10108788,0108788 Total (Diversion),Monthly,12,2023,117.518,ACFT,K,Approved,2024-03-26 16:22:00
0108788,10108788,0108788 Total (Diversion),Monthly,12,2024,104.022,ACFT,K,Approved,2025-01-22 16:43:00
0108830,10108830,0108830 Total (Diversion),Monthly,8,2008,219.22,ACFT,U,Approved,2009-04-17 15:50:00
0108830,10108830,0108830 Total (Diversion),Monthly,6,2009,159.44,ACFT,U,Approved,2010-04-08 10:41:00
0108830,10108830,0108830 Total (Diversion),Monthly,5,2010,155.962,ACFT,U,Approved,2011-03-30 10:41:00
0108830,10108830,0108830 Total (Diversion),Monthly,6,2011,236.354,ACFT,K,Approved,2012-07-18 15:24:00
0108830,10108830,0108830 Total (Diversion),Monthly,5,2012,199.11,ACFT,U,Approved,2013-04-04 08:01:00
0108830,10108830,0108830 Total (Diversion),Monthly,4,2013,214.66,ACFT,U,Approved,2014-05-09 11:12:00
0108830,10108830,0108830 Total (Diversion),Monthly,3,2015,157.226,ACFT,U,Approved,2016-06-15 12:40:00
0108830,10108830,0108830 Total (Diversion),Monthly,3,2016,50.17,ACFT,U,Approved,2017-05-15 09:51:00
0108830,10108830,0108830 Total (Diversion),Monthly,1,2018,17.46,ACFT,U,Approved,2019-04-08 06:51:00
0108830,10108830,0108830 Total (Diversion),Monthly,3,2019,29.13,ACFT,K,Approved,2020-06-16 12:01:00
0108830,10108830,0108830 Total (Diversion),Monthly,3,2020,193.37,ACFT,K,Approved,2021-04-21 11:16:00
0108830,10108830,0108830 Total (Diversion),Monthly,2,2021,69.124,ACFT,K,Approved,2022-09-16 08:16:00
0108830,10108830,0108830 Total (Diversion),Monthly,1,2022,17.296,ACFT,K,Approved,2023-11-03 06:26:00
0108831,10108831,0108831 Total (Diversion),Monthly,4,2008,125.36,ACFT,U,Approved,2009-04-17 15:50:00
0108831,10108831,0108831 Total (Diversion),Monthly,7,2009,114.925,ACFT,U,Approved,2010-04-08 10:41:00
0108831,10108831,0108831 Total (Diversion),Monthly,3,2010,92.48,ACFT,U,Approved,2011-03-30 10:41:00
0108831,10108831,0108831 Total (Diversion),Monthly,1,2011,8.901,ACFT,K,Approved,2012-07-18 15:24:00
0108831,10108831,0108831 Total (Diversion),Monthly,2,2012,44.498,ACFT,U,Approved,2013-04-04 08:01:00
0108831,10108831,0108831 Total (Diversion),Monthly,1,2013,9.34,ACFT,U,Approved,2014-05-09 11:12:00
0108831,10108831,0108831 Total (Diversion),Monthly,1,2015,12.744,ACFT,U,Approved,2016-06-15 12:40:00
0108831,10108831,0108831 Total (Diversion),Monthly,3,2016,37.78,ACFT,U,Approved,2017-05-15 09:51:00
0108831,10108831,0108831 Total (Diversion),Monthly,4,2017,237.283,ACFT,U,Approved,2018-04-04 11:56:00
0108831,10108831,0108831 Total (Diversion),Monthly,4,2018,195.97,ACFT,U,Approved,2019-04-08 06:51:00
0108831,10108831,0108831 Total (Diversion),Monthly,3,2019,212.09,ACFT,K,Approved,2020-06-16 12:01:00
0108831,10108831,0108831 Total (Diversion),Monthly,3,2020,131.72,ACFT,K,Approved,2021-04-21 11:16:00
0108831,10108831,0108831 Total (Diversion),Monthly,2,2021,36.627,ACFT,K,Approved,2022-09-16 08:16:00
0108831,10108831,0108831 Total (Diversion),Monthly,1,2022,11.772,ACFT,K,Approved,2023-11-03 06:26:00
0108833,10108833,0108833 Total (Diversion),Monthly,4,2008,95.8,ACFT,U,Approved,2009-04-17 15:50:00
0108833,10108833,0108833 Total (Diversion),Monthly,7,2009,91.245,ACFT,U,Approved,2010-04-08 10:41:00
0108833,10108833,0108833 Total (Diversion),Monthly,3,2010,59.54,ACFT,U,Approved,2011-03-30 10:41:00
0108833,10108833,0108833 Total (Diversion),Monthly,2,2011,23.597,ACFT,K,Approved,2012-07-18 15:24:00
0108833,10108833,0108833 Total (Diversion),Monthly,2,2012,18.117,ACFT,U,Approved,2013-04-04 08:01:00
0108833,10108833,0108833 Total (Diversion),Monthly,1,2015,8.822,ACFT,U,Approved,2016-06-15 12:40:00
0108833,10108833,0108833 Total (Diversion),Monthly,1,2016,0.64,ACFT,U,Approved,2017-05-15 09:51:00
0108833,10108833,0108833 Total (Diversion),Monthly,1,2017,5.0,ACFT,U,Approved,2018-04-04 11:56:00
0108833,10108833,0108833 Total (Diversion),Monthly,1,2018,6.19,ACFT,U,Approved,2019-04-08 06:51:00
0108833,10108833,0108833 Total (Diversion),Monthly,1,2019,0.01,ACFT,K,Approved,2020-06-16 12:01:00
0108834,10108834,0108834 Total (Diversion),Monthly,8,2008,152.0,ACFT,U,Approved,2009-04-17 15:50:00
0108834,10108834,0108834 Total (Diversion),Monthly,5,2009,89.96,ACFT,U,Approved,2010-04-08 10:41:00
0108834,10108834,0108834 Total (Diversion),Monthly,5,2010,129.46,ACFT,U,Approved,2011-03-30 10:41:00
0108834,10108834,0108834 Total (Diversion),Monthly,5,2011,176.255,ACFT,K,Approved,2012-07-18 15:24:00
0108834,10108834,0108834 Total (Diversion),Monthly,5,2012,67.3,ACFT,U,Approved,2013-04-04 08:01:00
0108834,10108834,0108834 Total (Diversion),Monthly,3,2013,99.4,ACFT,U,Approved,2014-05-09 11:12:00
0108834,10108834,0108834 Total (Diversion),Monthly,4,2015,384.385,ACFT,U,Approved,2016-06-15 12:40:00
0108834,10108834,0108834 Total (Diversion),Monthly,5,2016,293.36,ACFT,U,Approved,2017-05-15 09:51:00
0108834,10108834,0108834 Total (Diversion),Monthly,4,2017,240.7,ACFT,U,Approved,2018-04-04 11:56:00
0108834,10108834,0108834 Total (Diversion),Monthly,6,2018,264.124,ACFT,U,Approved,2019-04-08 06:51:00
0108834,10108834,0108834 Total (Diversion),Monthly,5,2019,248.4,ACFT,K,Approved,2020-06-16 12:01:00
0108834,10108834,0108834 Total (Diversion),Monthly,4,2020,179.04,ACFT,K,Approved,2021-04-21 11:16:00
0108834,10108834,0108834 Total (Diversion),Monthly,2,2021,41.4123,ACFT,K,Approved,2022-09-16 08:16:00
0108838,10108838,0108838 Total (Diversion),Monthly,4,2008,80.92,ACFT,U,Approved,2009-04-17 15:50:00
0108838,10108838,0108838 Total (Diversion),Monthly,7,2009,70.955,ACFT,U,Approved,2010-04-08 10:41:00
0108838,10108838,0108838 Total (Diversion),Monthly,3,2010,48.14,ACFT,U,Approved,2011-03-30 10:41:00
0108838,10108838,0108838 Total (Diversion),Monthly,2,2011,19.466,ACFT,K,Approved,2012-07-18 15:24:00
0108838,10108838,0108838 Total (Diversion),Monthly,2,2012,29.33,ACFT,U,Approved,2013-04-04 08:01:00
0108838,10108838,0108838 Total (Diversion),Monthly,2,2013,14.23,ACFT,U,Approved,2014-05-09 11:12:00
0108838,10108838,0108838 Total (Diversion),Monthly,1,2015,5.421,ACFT,U,Approved,2016-06-15 12:40:00
0108838,10108838,0108838 Total (Diversion),Monthly,2,2016,20.96,ACFT,U,Approved,2017-05-15 09:51:00
0108838,10108838,0108838 Total (Diversion),Monthly,1,2017,13.66,ACFT,U,Approved,2018-04-04 11:56:00
0108838,10108838,0108838 Total (Diversion),Monthly,2,2018,34.534,ACFT,U,Approved,2019-04-08 06:51:00
0108838,10108838,0108838 Total (Diversion),Monthly,2,2019,0.045,ACFT,K,Approved,2020-06-16 12:01:00
0108838,10108838,0108838 Total (Diversion),Monthly,2,2020,42.26,ACFT,K,Approved,2021-04-21 11:16:00
0108838,10108838,0108838 Total (Diversion),Monthly,2,2021,24.434,ACFT,K,Approved,2022-09-16 08:16:00
0109057,10109057,0109057 Total (Diversion),Monthly,2,2008,36.66,ACFT,U,Approved,2009-04-17 15:50:00
0109057,10109057,0109057 Total (Diversion),Monthly,3,2012,158.241,ACFT,U,Approved,2013-04-04 08:01:00
0109057,10109057,0109057 Total (Diversion),Monthly,1,2015,0.1289,ACFT,U,Approved,2016-06-15 12:40:00
0109057,10109057,0109057 Total (Diversion),Monthly,1,2024,0.6752,ACFT,*,Approved,2025-03-07 11:30:00
0110158,10110158,0110158 Total (Diversion),Monthly,5,2010,1485.25,ACFT,U,Approved,2011-03-30 10:41:00
0110158,10110158,0110158 Total (Diversion),Daily,60,2017,453.3488,ACFT,U,Approved,2018-04-04 11:55:00
0110158,10110158,0110158 Total (Diversion),Daily,61,2018,454.1422,ACFT,U,Approved,2019-04-08 06:50:00
0110158,10110158,0110158 Total (Diversion),Daily,151,2019,1330.5516,ACFT,K,Approved,2020-06-16 12:00:00
0110158,10110158,0110158 Total (Diversion),Daily,172,2020,1200.5798,ACFT,C,Approved,2021-04-21 11:15:00
0110158,10110158,0110158 Total (Diversion),Daily,219,2021,767.8031,ACFT,C,Approved,2022-09-16 08:15:00
0110158,10110158,0110158 Total (Diversion),Daily,163,2022,694.4733,ACFT,C,Approved,2023-11-03 06:26:00
0110158,10110158,0110158 Total (Diversion),Daily,116,2023,827.8829,ACFT,R,Approved,2024-04-22 14:57:00
0110158,10110158,0110158 Total (Diversion),Daily,137,2024,1064.478,ACFT,R,Approved,2025-03-07 11:30:00
0110460,10110460,0110460 Total (Diversion),Daily,63,2013,124.9631,ACFT,*,Approved,2014-05-09 11:11:00
0110896,10110896,0110896 Total (Diversion),Monthly,6,2019,1.7,ACFT,K,Approved,2020-06-16 12:01:00
0110896,10110896,0110896 Total (Diversion),Monthly,7,2024,0.0,ACFT,K,Approved,2025-03-07 11:30:00
0113032,10113032,0113032 Total (Diversion),Daily,335,2024,168.8,ACFT,R,Approved,2025-03-07 11:30:00
0113034,10113034,0113034 Total (Diversion),Daily,17,2023,27.1063,ACFT,R,Approved,2024-04-22 14:57:00
0113034,10113034,0113034 Total (Diversion),Daily,335,2024,170.9704,ACFT,R,Approved,2025-03-07 11:30:00
