wdid,waterClassNum,wcIdentifier,measInterval,measCount,dataMeasDate,dataValue,measUnits,obsCode,approvalStatus,modified
0205377,10205377,0205377 Total (Diversion),Monthly,2,2015,4.181,ACFT,*,Approved,2016-06-15 13:01:00
0205377,10205377,0205377 Total (Diversion),Monthly,2,2017,19.377,ACFT,k,Approved,2018-04-06 09:56:00
0205377,10205377,0205377 Total (Diversion),Monthly,3,2018,29.877,ACFT,*,Approved,2019-04-18 12:31:00
0205377,10205377,0205377 Total (Diversion),Monthly,12,2020,47.09,ACFT,K,Approved,2021-04-22 14:01:00
0205377,10205377,0205377 Total (Diversion),Monthly,12,2021,31.955,ACFT,K,Approved,2022-09-14 15:18:00
0205377,10205377,0205377 Total (Diversion),Monthly,12,2022,0.0,ACFT,K,Approved,2023-11-06 07:31:00
0205377,10205377,0205377 Total (Diversion),Monthly,12,2023,0.0,ACFT,K,Approved,2024-03-26 14:12:00
0205377,10205377,0205377 Total (Diversion),Monthly,12,2024,0.083,ACFT,K,Approved,2025-01-23 11:13:00
0205386,10205386,0205386 Total (Diversion),Monthly,2,2012,4.9638,ACFT,U,Approved,2013-04-11 08:14:00
0205386,10205386,0205386 Total (Diversion),Monthly,1,2013,2.756,ACFT,K,Approved,2014-05-09 12:03:00
0205386,10205386,0205386 Total (Diversion),Monthly,1,2014,6.055,ACFT,K,Approved,2015-05-04 15:51:00
0205386,10205386,0205386 Total (Diversion),Monthly,2,2015,6.982,ACFT,K,Approved,2016-06-15 13:01:00
0205386,10205386,0205386 Total (Diversion),Monthly,1,2016,30.674,ACFT,K,Approved,2017-05-15 11:01:00
0205386,10205386,0205386 Total (Diversion),Monthly,4,2017,8.254,ACFT,K,Approved,2018-04-06 09:56:00
0205386,10205386,0205386 Total (Diversion),Monthly,4,2018,12.496,ACFT,K,Approved,2019-04-18 12:31:00
0205386,10205386,0205386 Total (Diversion),Monthly,12,2020,0.0,ACFT,K,Approved,2021-04-22 14:01:00
0205386,10205386,0205386 Total (Diversion),Monthly,12,2021,0.0,ACFT,K,Approved,2022-09-14 15:18:00
0205386,10205386,0205386 Total (Diversion),Monthly,12,2022,0.0,ACFT,K,Approved,2023-11-06 07:28:00
0205386,10205386,0205386 Total (Diversion),Monthly,12,2023,0.0,ACFT,K,Approved,2024-03-26 15:18:00
0205386,10205386,0205386 Total (Diversion),Monthly,12,2024,0.0,ACFT,K,Approved,2025-01-22 16:37:00
0205394,10205394,0205394 Total (Diversion),Monthly,2,2019,1.0359,ACFT,K,Approved,2020-08-27 10:46:00
0205394,10205394,0205394 Total (Diversion),Monthly,12,2020,36.5527,ACFT,K,Approved,2021-04-22 14:01:00
0205394,10205394,0205394 Total (Diversion),Monthly,12,2021,2.9444,ACFT,K,Approved,2022-09-14 15:18:00
0205394,10205394,0205394 Total (Diversion),Monthly,12,2022,0.0,ACFT,K,Approved,2023-11-06 07:27:00
0205394,10205394,0205394 Total (Diversion),Monthly,12,2023,2.8717,ACFT,K,Approved,2024-03-26 14:11:00
0205394,10205394,0205394 Total (Diversion),Monthly,12,2024,0.0,ACFT,K,Approved,2025-01-22 16:38:00
0206222,10206222,0206222 Total (Diversion),Monthly,12,2020,0.0,ACFT,K,Approved,2021-04-22 14:01:00
0206222,10206222,0206222 Total (Diversion),Monthly,12,2021,0.0,ACFT,K,Approved,2022-09-14 15:18:00
0206222,10206222,0206222 Total (Diversion),Monthly,12,2022,0.0,ACFT,K,Approved,2023-11-06 07:22:00
0206222,10206222,0206222 Total (Diversion),Monthly,12,2023,0.0,ACFT,K,Approved,2024-03-26 14:24:00
0206223,10206223,0206223 Total (Diversion),Monthly,12,2020,0.0,ACFT,K,Approved,2021-04-22 14:01:00
0206223,10206223,0206223 Total (Diversion),Monthly,12,2021,0.0,ACFT,K,Approved,2022-09-14 15:18:00
0206223,10206223,0206223 Total (Diversion),Monthly,12,2022,0.0,ACFT,K,Approved,2023-11-06 07:20:00
0206223,10206223,0206223 Total (Diversion),Monthly,12,2023,0.0,ACFT,K,Approved,2024-03-26 14:24:00
0206223,10206223,0206223 Total (Diversion),Monthly,12,2024,72.747,ACFT,K,Approved,2025-01-22 16:41:00
0206753,10206753,0206753 Total (Diversion),Monthly,2,2012,29.849,ACFT,U,Approved,2013-04-11 08:14:00
0206753,10206753,0206753 Total (Diversion),Monthly,3,2013,33.45,ACFT,K,Approved,2014-05-09 12:03:00
0206753,10206753,0206753 Total (Diversion),Monthly,2,2014,12.279,ACFT,K,Approved,2015-05-04 15:51:00
0206753,10206753,0206753 Total (Diversion),Monthly,3,2015,30.281,ACFT,K,Approved,2016-06-15 13:01:00
0206753,10206753,0206753 Total (Diversion),Monthly,3,2016,21.2159,ACFT,K,Approved,2017-05-15 11:01:00
0206753,10206753,0206753 Total (Diversion),Monthly,4,2017,27.2803,ACFT,K,Approved,2018-04-06 09:56:00
0206753,10206753,0206753 Total (Diversion),Monthly,1,2018,23.8034,ACFT,K,Approved,2019-04-18 12:31:00
0206753,10206753,0206753 Total (Diversion),Monthly,4,2019,28.7516,ACFT,K,Approved,2020-08-27 10:46:00
0206753,10206753,0206753 Total (Diversion),Monthly,12,2020,22.663,ACFT,K,Approved,2021-04-22 14:01:00
0206753,10206753,0206753 Total (Diversion),Monthly,12,2021,21.032,ACFT,K,Approved,2022-09-14 15:18:00
0206753,10206753,0206753 Total (Diversion),Monthly,12,2022,20.457,ACFT,K,Approved,2023-11-06 07:33:00
0206753,10206753,0206753 Total (Diversion),Monthly,12,2023,20.177,ACFT,K,Approved,2024-06-24 15:01:00
0206753,10206753,0206753 Total (Diversion),Monthly,12,2024,36.362,ACFT,K,Approved,2025-01-22 16:26:00
0206754,10206754,0206754 Total (Diversion),Monthly,3,2012,29.843,ACFT,U,Approved,2013-04-11 08:14:00
0206754,10206754,0206754 Total (Diversion),Monthly,3,2016,22.835,ACFT,K,Approved,2017-05-15 11:01:00
0206754,10206754,0206754 Total (Diversion),Monthly,3,2017,45.737,ACFT,K,Approved,2018-04-06 09:56:00
0206754,10206754,0206754 Total (Diversion),Monthly,2,2018,88.021,ACFT,K,Approved,2019-04-18 12:31:00
0206754,10206754,0206754 Total (Diversion),Monthly,1,2019,40.611,ACFT,K,Approved,2020-08-27 10:46:00
0206754,10206754,0206754 Total (Diversion),Monthly,12,2020,43.407,ACFT,K,Approved,2021-04-22 14:01:00
0206754,10206754,0206754 Total (Diversion),Monthly,12,2021,0.067,ACFT,K,Approved,2022-09-14 15:18:00
0206754,10206754,0206754 Total (Diversion),Monthly,12,2022,0.0,ACFT,K,Approved,2023-11-06 07:19:00
0206754,10206754,0206754 Total (Diversion),Monthly,12,2023,0.0,ACFT,K,Approved,2024-03-26 15:27:00
0206754,10206754,0206754 Total (Diversion),Monthly,12,2024,0.0,ACFT,K,Approved,2025-01-22 16:40:00
0206755,10206755,0206755 Total (Diversion),Monthly,2,2012,42.5349,ACFT,U,Approved,2013-04-11 08:14:00
0206755,10206755,0206755 Total (Diversion),Monthly,3,2013,73.933,ACFT,K,Approved,2014-05-09 12:03:00
0206755,10206755,0206755 Total (Diversion),Monthly,2,2016,37.944,ACFT,K,Approved,2017-05-15 11:01:00
0206755,10206755,0206755 Total (Diversion),Monthly,1,2017,0.032,ACFT,K,Approved,2018-04-06 09:56:00
0206755,10206755,0206755 Total (Diversion),Monthly,2,2019,46.369,ACFT,K,Approved,2020-08-27 10:46:00
0206755,10206755,0206755 Total (Diversion),Monthly,12,2020,59.579,ACFT,K,Approved,2021-04-22 14:01:00
0206755,10206755,0206755 Total (Diversion),Monthly,12,2021,10.406,ACFT,K,Approved,2022-09-14 15:18:00
0206755,10206755,0206755 Total (Diversion),Monthly,12,2022,33.024,ACFT,K,Approved,2023-11-06 07:19:00
0206755,10206755,0206755 Total (Diversion),Monthly,12,2023,4.965,ACFT,K,Approved,2024-03-26 14:12:00
0206755,10206755,0206755 Total (Diversion),Monthly,12,2024,2.745,ACFT,K,Approved,2025-01-22 16:40:00
0206757,10206757,0206757 Total (Diversion),Monthly,4,2012,19.67,ACFT,U,Approved,2013-04-11 08:14:00
0206757,10206757,0206757 Total (Diversion),Monthly,3,2013,18.051,ACFT,K,Approved,2014-05-09 12:03:00
0206757,10206757,0206757 Total (Diversion),Monthly,1,2016,0.0733,ACFT,K,Approved,2017-05-15 11:01:00
0206757,10206757,0206757 Total (Diversion),Monthly,1,2017,6.8999,ACFT,K,Approved,2018-04-06 09:56:00
0206757,10206757,0206757 Total (Diversion),Monthly,2,2018,4.8643,ACFT,K,Approved,2019-04-18 12:31:00
0206757,10206757,0206757 Total (Diversion),Monthly,1,2019,10.3643,ACFT,K,Approved,2020-08-27 10:46:00
0206757,10206757,0206757 Total (Diversion),Monthly,12,2020,21.3538,ACFT,K,Approved,2021-04-22 14:01:00
0206757,10206757,0206757 Total (Diversion),Monthly,12,2021,13.14,ACFT,K,Approved,2022-09-14 15:18:00
0206757,10206757,0206757 Total (Diversion),Monthly,12,2022,7.24,ACFT,K,Approved,2023-11-06 07:28:00
0206757,10206757,0206757 Total (Diversion),Monthly,12,2023,0.0,ACFT,K,Approved,2024-03-26 15:49:00
0206757,10206757,0206757 Total (Diversion),Monthly,12,2024,0.0,ACFT,K,Approved,2025-01-22 16:40:00
0206759,10206759,0206759 Total (Diversion),Monthly,2,2014,1.425,ACFT,K,Approved,2015-05-04 15:51:00
0206759,10206759,0206759 Total (Diversion),Monthly,2,2015,0.017,ACFT,K,Approved,2016-06-15 13:01:00
0206759,10206759,0206759 Total (Diversion),Monthly,1,2016,0.113,ACFT,K,Approved,2017-05-15 11:01:00
0206759,10206759,0206759 Total (Diversion),Monthly,1,2017,0.004,ACFT,K,Approved,2018-04-06 09:56:00
0206759,10206759,0206759 Total (Diversion),Monthly,2,2018,17.048,ACFT,K,Approved,2019-04-18 12:31:00
0206759,10206759,0206759 Total (Diversion),Monthly,12,2020,64.332,ACFT,K,Approved,2021-04-22 14:01:00
0206759,10206759,0206759 Total (Diversion),Monthly,12,2021,21.968,ACFT,K,Approved,2022-09-14 15:18:00
0206759,10206759,0206759 Total (Diversion),Monthly,12,2022,0.001,ACFT,K,Approved,2023-11-06 07:19:00
0206759,10206759,0206759 Total (Diversion),Monthly,12,2023,0.084,ACFT,K,Approved,2024-03-26 14:17:00
0206759,10206759,0206759 Total (Diversion),Monthly,12,2024,0.0,ACFT,K,Approved,2025-01-22 16:43:00
0206760,10206760,0206760 Total (Diversion),Monthly,1,2014,1.051,ACFT,K,Approved,2015-05-04 15:51:00
0206760,10206760,0206760 Total (Diversion),Monthly,1,2015,15.723,ACFT,K,Approved,2016-06-15 13:01:00
0206760,10206760,0206760 Total (Diversion),Monthly,3,2016,11.749,ACFT,K,Approved,2017-05-15 11:01:00
0206760,10206760,0206760 Total (Diversion),Monthly,2,2017,14.256,ACFT,K,Approved,2018-04-06 09:56:00
0206760,10206760,0206760 Total (Diversion),Monthly,1,2018,116.185,ACFT,K,Approved,2019-04-18 12:31:00
0206760,10206760,0206760 Total (Diversion),Monthly,4,2019,44.7238,ACFT,K,Approved,2020-09-30 20:16:00
0206760,10206760,0206760 Total (Diversion),Monthly,12,2020,165.5564,ACFT,K,Approved,2021-04-22 14:01:00
0206760,10206760,0206760 Total (Diversion),Monthly,12,2021,8.2924,ACFT,K,Approved,2022-09-14 15:18:00
0206760,10206760,0206760 Total (Diversion),Monthly,12,2022,0.0,ACFT,K,Approved,2023-11-06 07:27:00
0206760,10206760,0206760 Total (Diversion),Monthly,12,2023,0.0,ACFT,K,Approved,2024-03-26 14:11:00
0206760,10206760,0206760 Total (Diversion),Monthly,12,2024,0.1827,ACFT,K,Approved,2025-01-22 16:38:00
0207203,10207203,0207203 Total (Diversion),Annual,1,2012,58.0,ACFT,U,Approved,2013-04-18 21:04:00
0207203,10207203,0207203 Total (Diversion),Annual,1,2013,144.38,ACFT,U,Approved,2014-05-09 12:03:00
0207203,10207203,0207203 Total (Diversion),Annual,1,2014,59.47,ACFT,U,Approved,2015-05-04 15:51:00
0207203,10207203,0207203 Total (Diversion),Annual,1,2016,139.34,ACFT,U,Approved,2017-05-15 11:01:00
0207203,10207203,0207203 Total (Diversion),Annual,1,2017,46.34,ACFT,U,Approved,2018-04-06 09:56:00
0207203,10207203,0207203 Total (Diversion),Annual,1,2018,46.34,ACFT,U,Approved,2019-04-18 12:31:00
0207203,10207203,0207203 Total (Diversion),Annual,1,2019,8.84,ACFT,U,Approved,2020-08-10 07:31:00
0207203,10207203,0207203 Total (Diversion),Annual,1,2020,0.1364,ACFT,U,Approved,2021-04-22 14:01:00
0207203,10207203,0207203 Total (Diversion),Monthly,1,2021,0.081,ACFT,U,Approved,2022-09-14 15:18:00
0207208,10207208,0207208 Total (Diversion),Annual,1,2012,197.97,ACFT,U,Approved,2013-04-18 21:05:00
0207208,10207208,0207208 Total (Diversion),Annual,1,2014,99.37,ACFT,U,Approved,2015-05-04 15:51:00
0207208,10207208,0207208 Total (Diversion),Annual,1,2015,117.76,ACFT,U,Approved,2016-06-15 13:01:00
0207208,10207208,0207208 Total (Diversion),Annual,1,2020,55.18,ACFT,U,Approved,2021-04-22 14:01:00
0207208,10207208,0207208 Total (Diversion),Annual,1,2021,77.98,ACFT,U,Approved,2022-09-14 15:18:00
0207208,10207208,0207208 Total (Diversion),Annual,1,2024,62.27,ACFT,U,Approved,2025-05-28 09:51:00
0207228,10207228,0207228 Total (Diversion),Monthly,12,2020,0.0,ACFT,K,Approved,2021-04-22 14:01:00
0207228,10207228,0207228 Total (Diversion),Monthly,12,2021,0.0,ACFT,K,Approved,2022-09-14 15:18:00
0207228,10207228,0207228 Total (Diversion),Monthly,12,2022,0.0,ACFT,K,Approved,2023-11-06 07:20:00
0207228,10207228,0207228 Total (Diversion),Monthly,12,2023,0.0,ACFT,K,Approved,2024-03-26 14:21:00
0207228,10207228,0207228 Total (Diversion),Monthly,12,2024,0.0,ACFT,K,Approved,2025-01-22 16:43:00
0207229,10207229,0207229 Total (Diversion),Monthly,4,2012,0.223,ACFT,U,Approved,2013-04-11 08:14:00
0207229,10207229,0207229 Total (Diversion),Monthly,3,2013,0.927,ACFT,K,Approved,2014-05-09 12:03:00
0207229,10207229,0207229 Total (Diversion),Monthly,5,2015,4.035,ACFT,K,Approved,2016-06-15 13:01:00
0207229,10207229,0207229 Total (Diversion),Monthly,4,2016,31.117,ACFT,K,Approved,2017-05-15 11:01:00
0207229,10207229,0207229 Total (Diversion),Monthly,4,2017,25.503,ACFT,K,Approved,2018-04-06 09:56:00
0207229,10207229,0207229 Total (Diversion),Monthly,5,2018,18.396,ACFT,K,Approved,2019-04-18 12:31:00
0207229,10207229,0207229 Total (Diversion),Monthly,12,2020,0.0,ACFT,K,Approved,2021-04-22 14:01:00
0207229,10207229,0207229 Total (Diversion),Monthly,12,2021,0.0,ACFT,K,Approved,2022-09-14 15:18:00
0207229,10207229,0207229 Total (Diversion),Monthly,12,2022,0.0,ACFT,K,Approved,2023-11-06 07:24:00
0207229,10207229,0207229 Total (Diversion),Monthly,12,2023,0.209,ACFT,K,Approved,2024-03-26 16:15:00
0207229,10207229,0207229 Total (Diversion),Monthly,12,2024,62.488,ACFT,K,Approved,2025-01-22 16:41:00
0207322,10207322,0207322 Total (Diversion),Monthly,11,2012,8.235,ACFT,U,Approved,2013-04-18 21:21:00
0207322,10207322,0207322 Total (Diversion),Monthly,8,2013,6.0,ACFT,U,Approved,2014-05-09 12:03:00
0207322,10207322,0207322 Total (Diversion),Monthly,8,2014,5.4574,ACFT,U,Approved,2015-05-04 15:51:00
0207322,10207322,0207322 Total (Diversion),Monthly,11,2015,9.902,ACFT,U,Approved,2016-06-15 13:01:00
0207322,10207322,0207322 Total (Diversion),Monthly,12,2016,8.79,ACFT,U,Approved,2017-05-15 11:01:00
0207322,10207322,0207322 Total (Diversion),Monthly,10,2017,8.72,ACFT,U,Approved,2018-04-06 09:56:00
0207322,10207322,0207322 Total (Diversion),Monthly,11,2018,7.94,ACFT,U,Approved,2019-04-18 12:31:00
0207322,10207322,0207322 Total (Diversion),Monthly,12,2019,8.5,ACFT,U,Approved,2020-08-10 07:31:00
0207322,10207322,0207322 Total (Diversion),Monthly,10,2021,16.927,ACFT,U,Approved,2022-09-14 15:18:00
0207322,10207322,0207322 Total (Diversion),Monthly,10,2022,28.7608,ACFT,U,Approved,2023-04-11 08:52:00
0207322,10207322,0207322 Total (Diversion),Monthly,9,2023,14.3326,ACFT,U,Approved,2024-03-27 15:12:00
0207322,10207322,0207322 Total (Diversion),Monthly,12,2024,18.8654,ACFT,K,Approved,2025-02-24 15:23:00
0208064,10208064,0208064 Total (Diversion),Monthly,1,2014,0.034,ACFT,K,Approved,2015-05-04 15:51:00
0208064,10208064,0208064 Total (Diversion),Monthly,2,2016,0.1,ACFT,K,Approved,2017-05-15 11:01:00
0208064,10208064,0208064 Total (Diversion),Monthly,1,2017,0.261,ACFT,K,Approved,2018-04-06 09:56:00
0208064,10208064,0208064 Total (Diversion),Monthly,2,2019,0.014,ACFT,K,Approved,2020-08-27 10:46:00
0208064,10208064,0208064 Total (Diversion),Monthly,12,2020,59.4201,ACFT,K,Approved,2021-04-22 14:01:00
0208064,10208064,0208064 Total (Diversion),Monthly,12,2021,37.3979,ACFT,K,Approved,2022-09-14 15:18:00
0208064,10208064,0208064 Total (Diversion),Monthly,12,2022,55.4945,ACFT,K,Approved,2023-11-06 07:17:00
0208064,10208064,0208064 Total (Diversion),Monthly,12,2023,34.6343,ACFT,K,Approved,2024-06-24 15:09:00
0208064,10208064,0208064 Total (Diversion),Monthly,12,2024,60.3964,ACFT,K,Approved,2025-01-22 16:26:00
0208065,10208065,0208065 Total (Diversion),Monthly,4,2012,15.439,ACFT,U,Approved,2013-04-11 08:14:00
0208065,10208065,0208065 Total (Diversion),Monthly,1,2013,3.157,ACFT,K,Approved,2014-05-09 12:03:00
0208065,10208065,0208065 Total (Diversion),Monthly,1,2014,3.332,ACFT,K,Approved,2015-05-04 15:51:00
0208065,10208065,0208065 Total (Diversion),Monthly,3,2015,6.982,ACFT,K,Approved,2016-06-15 13:01:00
0208065,10208065,0208065 Total (Diversion),Monthly,12,2020,10.922,ACFT,K,Approved,2021-04-22 14:01:00
0208065,10208065,0208065 Total (Diversion),Monthly,12,2021,0.1131,ACFT,K,Approved,2022-09-14 15:18:00
0208065,10208065,0208065 Total (Diversion),Monthly,12,2022,0.0,ACFT,K,Approved,2023-11-06 07:07:00
0208065,10208065,0208065 Total (Diversion),Monthly,12,2023,1.4789,ACFT,K,Approved,2024-03-26 14:27:00
0208065,10208065,0208065 Total (Diversion),Monthly,12,2024,0.0372,ACFT,K,Approved,2025-01-22 16:41:00
0208066,10208066,0208066 Total (Diversion),Monthly,3,2012,29.596,ACFT,U,Approved,2013-04-11 08:14:00
0208066,10208066,0208066 Total (Diversion),Monthly,2,2013,41.705,ACFT,K,Approved,2014-05-09 12:03:00
0208066,10208066,0208066 Total (Diversion),Monthly,2,2014,9.711,ACFT,K,Approved,2015-05-04 15:51:00
0208066,10208066,0208066 Total (Diversion),Monthly,4,2017,33.65,ACFT,K,Approved,2018-04-06 09:56:00
0208066,10208066,0208066 Total (Diversion),Monthly,4,2018,9.554,ACFT,K,Approved,2019-04-18 12:31:00
0208066,10208066,0208066 Total (Diversion),Monthly,1,2019,0.004,ACFT,K,Approved,2020-08-27 10:46:00
0208066,10208066,0208066 Total (Diversion),Monthly,12,2020,3.737,ACFT,K,Approved,2021-04-22 14:01:00
0208066,10208066,0208066 Total (Diversion),Monthly,12,2021,0.2103,ACFT,K,Approved,2022-09-14 15:18:00
0208066,10208066,0208066 Total (Diversion),Monthly,12,2022,0.0,ACFT,K,Approved,2023-11-06 07:13:00
0208066,10208066,0208066 Total (Diversion),Monthly,12,2023,0.0,ACFT,K,Approved,2024-03-26 15:20:00
0208066,10208066,0208066 Total (Diversion),Monthly,12,2024,0.0009,ACFT,K,Approved,2025-01-22 16:38:00
0208067,10208067,0208067 Total (Diversion),Monthly,1,2018,0.005,ACFT,*,Approved,2019-04-18 12:31:00
0208067,10208067,0208067 Total (Diversion),Monthly,12,2020,0.001,ACFT,K,Approved,2021-04-22 14:01:00
0208067,10208067,0208067 Total (Diversion),Monthly,12,2021,0.0,ACFT,K,Approved,2022-09-14 15:18:00
0208067,10208067,0208067 Total (Diversion),Monthly,12,2022,0.0,ACFT,K,Approved,2023-11-06 07:19:00
0208067,10208067,0208067 Total (Diversion),Monthly,12,2023,0.0,ACFT,K,Approved,2024-03-26 15:27:00
0208067,10208067,0208067 Total (Diversion),Monthly,12,2024,0.0,ACFT,K,Approved,2025-01-22 16:41:00
0305037,10305037,0305037 Total (Diversion),Annual,1,2008,58.725,ACFT,*,Approved,2009-03-27 08:51:00
0305037,10305037,0305037 Total (Diversion),Annual,1,2009,19.165,ACFT,*,Approved,2010-04-08 15:01:00
0305037,10305037,0305037 Total (Diversion),Annual,1,2010,63.31,ACFT,*,Approved,2011-03-30 13:21:00
0305037,10305037,0305037 Total (Diversion),Annual,1,2011,82.66,ACFT,,Approved,2012-05-22 11:12:00
0305037,10305037,0305037 Total (Diversion),Monthly,11,2012,30.05,ACFT,*,Approved,2013-04-08 15:42:00
0305037,10305037,0305037 Total (Diversion),Monthly,10,2013,17.665,ACFT,*,Approved,2014-04-30 15:01:00
0305037,10305037,0305037 Total (Diversion),Monthly,10,2014,17.665,ACFT,*,Approved,2015-04-07 14:41:00
0305037,10305037,0305037 Total (Diversion),Monthly,12,2015,13.822,ACFT,*,Approved,2016-06-09 13:01:00
0305037,10305037,0305037 Total (Diversion),Monthly,11,2016,11.34,ACFT,*,Approved,2017-05-12 12:11:00
0305037,10305037,0305037 Total (Diversion),Monthly,10,2017,3.933,ACFT,*,Approved,2018-03-09 08:11:00
0305037,10305037,0305037 Total (Diversion),Monthly,9,2018,11.16,ACFT,*,Approved,2019-04-03 14:16:00
0305037,10305037,0305037 Total (Diversion),Monthly,12,2019,21.26,ACFT,*,Approved,2020-06-16 13:46:00
0305037,10305037,0305037 Total (Diversion),Monthly,10,2020,17.69,ACFT,*,Approved,2021-04-20 16:01:00
0305037,10305037,0305037 Total (Diversion),Monthly,12,2021,24.66,ACFT,*,Approved,2022-09-14 13:48:00
0305037,10305037,0305037 Total (Diversion),Monthly,12,2022,20.64,ACFT,*,Approved,2023-07-05 11:15:00
0305037,10305037,0305037 Total (Diversion),Monthly,12,2023,15.13,ACFT,*,Approved,2024-06-27 15:05:00
0305038,10305038,0305038 Total (Diversion),Annual,1,2008,81.7,ACFT,*,Approved,2009-03-27 08:51:00
0305038,10305038,0305038 Total (Diversion),Annual,1,2009,39.231,ACFT,*,Approved,2010-04-08 15:01:00
0305038,10305038,0305038 Total (Diversion),Annual,1,2010,106.29,ACFT,*,Approved,2011-03-30 13:21:00
0305038,10305038,0305038 Total (Diversion),Annual,1,2011,19.378,ACFT,,Approved,2012-05-22 11:12:00
0305038,10305038,0305038 Total (Diversion),Monthly,12,2012,88.815,ACFT,*,Approved,2013-04-08 15:42:00
0305038,10305038,0305038 Total (Diversion),Monthly,11,2013,35.976,ACFT,*,Approved,2014-04-30 15:01:00
0305038,10305038,0305038 Total (Diversion),Monthly,11,2014,35.976,ACFT,*,Approved,2015-04-07 14:41:00
0305038,10305038,0305038 Total (Diversion),Monthly,11,2015,33.171,ACFT,*,Approved,2016-06-09 13:01:00
0305038,10305038,0305038 Total (Diversion),Monthly,12,2016,47.41,ACFT,*,Approved,2017-05-12 12:11:00
0305038,10305038,0305038 Total (Diversion),Monthly,12,2017,77.066,ACFT,*,Approved,2018-03-09 08:11:00
0305038,10305038,0305038 Total (Diversion),Monthly,12,2018,72.63,ACFT,*,Approved,2019-04-03 14:16:00
0305038,10305038,0305038 Total (Diversion),Monthly,12,2019,51.11,ACFT,*,Approved,2020-06-16 13:46:00
0305038,10305038,0305038 Total (Diversion),Monthly,3,2020,1.1,ACFT,*,Approved,2021-04-20 16:01:00
0305038,10305038,0305038 Total (Diversion),Monthly,12,2021,7.33,ACFT,*,Approved,2022-09-14 13:48:00
0305038,10305038,0305038 Total (Diversion),Monthly,12,2022,14.28,ACFT,*,Approved,2023-07-05 11:15:00
0305038,10305038,0305038 Total (Diversion),Monthly,12,2023,20.43,ACFT,*,Approved,2024-06-27 15:05:00
0305039,10305039,0305039 Total (Diversion),Annual,1,2008,67.228,ACFT,*,Approved,2009-03-27 08:51:00
0305039,10305039,0305039 Total (Diversion),Annual,1,2009,36.969,ACFT,*,Approved,2010-04-08 15:01:00
0305039,10305039,0305039 Total (Diversion),Annual,1,2010,7.14,ACFT,*,Approved,2011-03-30 13:21:00
0305039,10305039,0305039 Total (Diversion),Annual,1,2011,23.021,ACFT,,Approved,2012-05-22 11:12:00
0305039,10305039,0305039 Total (Diversion),Monthly,11,2012,60.083,ACFT,*,Approved,2013-04-08 15:42:00
0305039,10305039,0305039 Total (Diversion),Monthly,12,2013,34.174,ACFT,*,Approved,2014-04-30 15:01:00
0305039,10305039,0305039 Total (Diversion),Monthly,12,2014,34.174,ACFT,*,Approved,2015-04-07 14:41:00
0305039,10305039,0305039 Total (Diversion),Monthly,12,2015,14.377,ACFT,*,Approved,2016-06-09 13:01:00
0305039,10305039,0305039 Total (Diversion),Monthly,12,2016,104.493,ACFT,*,Approved,2017-05-12 12:11:00
0305039,10305039,0305039 Total (Diversion),Monthly,12,2017,88.999,ACFT,*,Approved,2018-03-09 08:11:00
0305039,10305039,0305039 Total (Diversion),Monthly,10,2018,6.32,ACFT,*,Approved,2019-04-03 14:16:00
0305039,10305039,0305039 Total (Diversion),Monthly,6,2019,14.28,ACFT,*,Approved,2020-06-16 13:46:00
0305039,10305039,0305039 Total (Diversion),Monthly,12,2020,77.14,ACFT,*,Approved,2021-04-20 16:01:00
0305039,10305039,0305039 Total (Diversion),Monthly,12,2021,92.57,ACFT,*,Approved,2022-09-14 13:48:00
0305039,10305039,0305039 Total (Diversion),Monthly,12,2022,87.08,ACFT,*,Approved,2023-07-05 11:15:00
0305039,10305039,0305039 Total (Diversion),Monthly,12,2023,109.02,ACFT,*,Approved,2024-06-27 15:05:00
0405169,10405169,0405169 Total (Diversion),Monthly,7,2004,11.89,ACFT,*,Approved,2005-04-06 11:33:00
0405169,10405169,0405169 Total (Diversion),Monthly,7,2005,50.21,ACFT,U,Approved,2006-06-22 11:15:00
0405169,10405169,0405169 Total (Diversion),Monthly,7,2006,64.82,ACFT,U,Approved,2007-04-02 13:38:00
0405169,10405169,0405169 Total (Diversion),Monthly,7,2007,67.05,ACFT,U,Approved,2008-04-04 12:16:00
0405169,10405169,0405169 Total (Diversion),Monthly,9,2008,67.27,ACFT,U,Approved,2009-02-27 07:41:00
0405169,10405169,0405169 Total (Diversion),Monthly,9,2009,67.27,ACFT,U,Approved,2010-03-31 10:49:00
0405680,10405680,0405680 Total (Diversion),Monthly,3,2016,92.298,ACFT,C,Approved,2017-02-28 11:00:00
0405680,10405680,0405680 Total (Diversion),Monthly,16,2017,463.1376,ACFT,K,Approved,2018-03-09 08:51:00
0405680,10405680,0405680 Total (Diversion),Monthly,15,2018,272.8067,ACFT,K,Approved,2019-02-07 14:30:00
0405680,10405680,0405680 Total (Diversion),Monthly,13,2019,206.04,ACFT,K,Approved,2020-06-16 14:00:00
0405680,10405680,0405680 Total (Diversion),Monthly,7,2020,151.92,ACFT,K,Approved,2021-04-14 16:16:00
0405680,10405680,0405680 Total (Diversion),Monthly,5,2021,67.38,ACFT,K,Approved,2022-05-11 13:15:00
0405680,10405680,0405680 Total (Diversion),Monthly,12,2022,89.14,ACFT,K,Approved,2023-01-30 07:48:00
0405680,10405680,0405680 Total (Diversion),Monthly,8,2023,12.41,ACFT,K,Approved,2024-01-16 14:34:00
0405680,10405680,0405680 Total (Diversion),Monthly,14,2024,33.18,ACFT,K,Approved,2025-01-23 11:36:00
0405681,10405681,0405681 Total (Diversion),Monthly,6,2022,27.77,ACFT,K,Approved,2023-01-30 07:48:00
0405681,10405681,0405681 Total (Diversion),Monthly,4,2023,5.49,ACFT,K,Approved,2024-01-16 14:34:00
0405681,10405681,0405681 Total (Diversion),Monthly,7,2024,33.18,ACFT,K,Approved,2025-01-23 11:36:00
