wdid,waterClassNum,wcIdentifier,measInterval,measCount,dataMeasDate,dataValue,measUnits,obsCode,approvalStatus,modified
0200914,10200914,0200914 Total (Diversion),Monthly,4,2012,12.447,ACFT,U,Approved,2013-04-11 08:14:00
0200914,10200914,0200914 Total (Diversion),Monthly,5,2013,12.6275,ACFT,K,Approved,2014-05-09 12:03:00
0200914,10200914,0200914 Total (Diversion),Monthly,3,2014,2.539,ACFT,K,Approved,2015-05-04 15:51:00
0200914,10200914,0200914 Total (Diversion),Monthly,4,2015,4.0045,ACFT,K,Approved,2016-06-15 13:01:00
0200914,10200914,0200914 Total (Diversion),Monthly,4,2016,13.6285,ACFT,K,Approved,2017-05-15 11:01:00
0200914,10200914,0200914 Total (Diversion),Monthly,2,2017,0.4765,ACFT,K,Approved,2018-04-06 09:56:00
0200914,10200914,0200914 Total (Diversion),Monthly,4,2018,14.113,ACFT,K,Approved,2019-04-18 12:31:00
0200914,10200914,0200914 Total (Diversion),Monthly,4,2019,17.271,ACFT,K,Approved,2020-09-30 20:16:00
0200914,10200914,0200914 Total (Diversion),Monthly,12,2020,31.834,ACFT,K,Approved,2021-04-22 14:01:00
0200914,10200914,0200914 Total (Diversion),Monthly,12,2021,31.949,ACFT,K,Approved,2022-09-14 15:18:00
0200914,10200914,0200914 Total (Diversion),Monthly,12,2022,38.182,ACFT,K,Approved,2023-11-06 07:32:00
0200914,10200914,0200914 Total (Diversion),Monthly,12,2023,1.867,ACFT,K,Approved,2024-03-26 16:16:00
0200914,10200914,0200914 Total (Diversion),Monthly,12,2024,21.568,ACFT,K,Approved,2025-01-22 16:38:00
0205032,10205032,0205032 Total (Diversion),Monthly,3,2012,23.377,ACFT,U,Approved,2013-04-11 08:14:00
0205032,10205032,0205032 Total (Diversion),Monthly,3,2013,30.459,ACFT,K,Approved,2014-05-09 12:03:00
0205032,10205032,0205032 Total (Diversion),Monthly,2,2015,11.906,ACFT,K,Approved,2016-06-15 13:01:00
0205032,10205032,0205032 Total (Diversion),Monthly,3,2016,27.4632,ACFT,K,Approved,2017-05-15 11:01:00
0205032,10205032,0205032 Total (Diversion),Monthly,2,2017,44.7645,ACFT,K,Approved,2018-04-06 09:56:00
0205032,10205032,0205032 Total (Diversion),Monthly,3,2018,20.1381,ACFT,K,Approved,2019-04-18 12:31:00
0205032,10205032,0205032 Total (Diversion),Monthly,4,2019,15.9114,ACFT,K,Approved,2020-08-27 10:46:00
0205032,10205032,0205032 Total (Diversion),Monthly,12,2020,3.679,ACFT,K,Approved,2021-04-22 14:01:00
0205032,10205032,0205032 Total (Diversion),Monthly,12,2021,62.709,ACFT,K,Approved,2022-09-14 15:18:00
0205032,10205032,0205032 Total (Diversion),Monthly,12,2022,23.679,ACFT,K,Approved,2023-11-06 07:09:00
0205032,10205032,0205032 Total (Diversion),Monthly,12,2023,18.6604,ACFT,K,Approved,2024-03-26 13:26:00
0205032,10205032,0205032 Total (Diversion),Monthly,12,2024,0.0,ACFT,K,Approved,2025-01-22 16:34:00
0205033,10205033,0205033 Total (Diversion),Monthly,3,2012,20.144,ACFT,U,Approved,2013-04-11 08:14:00
0205033,10205033,0205033 Total (Diversion),Monthly,4,2013,28.902,ACFT,K,Approved,2014-05-09 12:03:00
0205033,10205033,0205033 Total (Diversion),Monthly,3,2014,58.215,ACFT,K,Approved,2015-05-04 15:51:00
0205033,10205033,0205033 Total (Diversion),Monthly,4,2015,15.719,ACFT,K,Approved,2016-06-15 13:01:00
0205033,10205033,0205033 Total (Diversion),Monthly,3,2016,48.0147,ACFT,K,Approved,2017-05-15 11:01:00
0205033,10205033,0205033 Total (Diversion),Monthly,4,2017,26.5118,ACFT,K,Approved,2018-04-06 09:56:00
0205033,10205033,0205033 Total (Diversion),Monthly,3,2018,35.8589,ACFT,K,Approved,2019-04-18 12:31:00
0205033,10205033,0205033 Total (Diversion),Monthly,5,2019,25.0659,ACFT,K,Approved,2020-09-30 20:16:00
0205033,10205033,0205033 Total (Diversion),Monthly,12,2020,43.85,ACFT,K,Approved,2021-04-22 14:01:00
0205033,10205033,0205033 Total (Diversion),Monthly,12,2021,53.277,ACFT,K,Approved,2022-09-14 15:18:00
0205033,10205033,0205033 Total (Diversion),Monthly,12,2022,13.649,ACFT,K,Approved,2023-11-06 07:13:00
0205033,10205033,0205033 Total (Diversion),Monthly,12,2023,42.115,ACFT,K,Approved,2024-03-26 13:27:00
0205033,10205033,0205033 Total (Diversion),Monthly,12,2024,35.565,ACFT,K,Approved,2025-01-22 16:40:00
0205051,10205051,0205051 Total (Diversion),Monthly,12,2020,0.0,ACFT,K,Approved,2021-04-22 14:01:00
0205051,10205051,0205051 Total (Diversion),Monthly,12,2021,0.0,ACFT,K,Approved,2022-09-14 15:18:00
0205051,10205051,0205051 Total (Diversion),Monthly,12,2022,0.0,ACFT,K,Approved,2023-11-06 07:17:00
0205051,10205051,0205051 Total (Diversion),Monthly,12,2023,0.0,ACFT,K,Approved,2024-06-24 15:02:00
0205051,10205051,0205051 Total (Diversion),Monthly,12,2024,0.124,ACFT,K,Approved,2025-01-22 16:33:00
0205079,10205079,0205079 Total (Diversion),Monthly,1,2016,3.299,ACFT,k,Approved,2017-05-15 11:01:00
0205079,10205079,0205079 Total (Diversion),Monthly,3,2018,38.681,ACFT,*,Approved,2019-04-18 12:31:00
0205079,10205079,0205079 Total (Diversion),Monthly,12,2020,47.931,ACFT,K,Approved,2021-04-22 14:01:00
0205079,10205079,0205079 Total (Diversion),Monthly,12,2021,27.696,ACFT,K,Approved,2022-09-14 15:18:00
0205079,10205079,0205079 Total (Diversion),Monthly,12,2022,19.317,ACFT,K,Approved,2023-11-06 07:32:00
0205079,10205079,0205079 Total (Diversion),Monthly,12,2023,0.0,ACFT,K,Approved,2024-03-26 13:28:00
0205079,10205079,0205079 Total (Diversion),Monthly,12,2024,24.005,ACFT,K,Approved,2025-01-23 11:21:00
0205216,10205216,0205216 Total (Diversion),Monthly,5,2012,36.552,ACFT,U,Approved,2013-04-11 08:14:00
0205216,10205216,0205216 Total (Diversion),Monthly,5,2013,34.505,ACFT,K,Approved,2014-05-09 12:03:00
0205216,10205216,0205216 Total (Diversion),Monthly,5,2014,57.006,ACFT,K,Approved,2015-05-04 15:51:00
0205216,10205216,0205216 Total (Diversion),Monthly,6,2015,81.916,ACFT,K,Approved,2016-06-15 13:01:00
0205216,10205216,0205216 Total (Diversion),Monthly,6,2016,76.045,ACFT,K,Approved,2017-05-15 11:01:00
0205216,10205216,0205216 Total (Diversion),Monthly,4,2017,89.7227,ACFT,K,Approved,2018-04-06 09:56:00
0205216,10205216,0205216 Total (Diversion),Monthly,5,2018,96.033,ACFT,K,Approved,2019-04-18 12:31:00
0205216,10205216,0205216 Total (Diversion),Monthly,4,2019,92.2448,ACFT,K,Approved,2020-09-30 20:16:00
0205216,10205216,0205216 Total (Diversion),Monthly,12,2020,66.1547,ACFT,K,Approved,2021-04-22 14:01:00
0205216,10205216,0205216 Total (Diversion),Monthly,12,2021,109.141,ACFT,K,Approved,2022-09-14 15:18:00
0205216,10205216,0205216 Total (Diversion),Monthly,12,2022,93.545,ACFT,K,Approved,2023-11-06 07:11:00
0205216,10205216,0205216 Total (Diversion),Monthly,12,2023,80.079,ACFT,K,Approved,2024-03-26 14:48:00
0205216,10205216,0205216 Total (Diversion),Monthly,12,2024,97.422,ACFT,K,Approved,2025-01-22 16:34:00
0205283,10205283,0205283 Total (Diversion),Monthly,9,2017,215.8228,ACFT,k,Approved,2018-04-06 09:56:00
0205283,10205283,0205283 Total (Diversion),Monthly,5,2018,181.0298,ACFT,k,Approved,2019-04-18 12:31:00
0205283,10205283,0205283 Total (Diversion),Monthly,12,2020,0.0179,ACFT,K,Approved,2021-04-22 14:01:00
0205283,10205283,0205283 Total (Diversion),Monthly,12,2021,14.1256,ACFT,K,Approved,2022-09-14 15:18:00
0205283,10205283,0205283 Total (Diversion),Monthly,12,2022,125.981,ACFT,K,Approved,2023-11-06 07:16:00
0205283,10205283,0205283 Total (Diversion),Monthly,12,2023,0.522,ACFT,K,Approved,2024-03-26 14:58:00
0205283,10205283,0205283 Total (Diversion),Monthly,12,2024,37.858,ACFT,K,Approved,2025-01-23 11:21:00
0205287,10205287,0205287 Total (Diversion),Monthly,5,2012,112.23,ACFT,U,Approved,2013-04-11 08:14:00
0205287,10205287,0205287 Total (Diversion),Monthly,4,2013,154.87,ACFT,K,Approved,2014-05-09 12:03:00
0205287,10205287,0205287 Total (Diversion),Monthly,5,2014,153.68,ACFT,K,Approved,2015-05-04 15:51:00
0205287,10205287,0205287 Total (Diversion),Monthly,7,2015,175.893,ACFT,K,Approved,2016-06-15 13:01:00
0205287,10205287,0205287 Total (Diversion),Monthly,6,2016,210.0,ACFT,K,Approved,2017-05-15 11:01:00
0205287,10205287,0205287 Total (Diversion),Monthly,5,2017,186.469,ACFT,K,Approved,2018-04-06 09:56:00
0205287,10205287,0205287 Total (Diversion),Monthly,7,2018,175.28,ACFT,K,Approved,2019-04-18 12:31:00
0205287,10205287,0205287 Total (Diversion),Monthly,5,2019,192.934,ACFT,K,Approved,2020-09-30 20:16:00
0205287,10205287,0205287 Total (Diversion),Monthly,12,2020,147.807,ACFT,K,Approved,2021-04-22 14:01:00
0205287,10205287,0205287 Total (Diversion),Monthly,12,2021,165.115,ACFT,K,Approved,2022-09-14 15:18:00
0205287,10205287,0205287 Total (Diversion),Monthly,12,2022,198.898,ACFT,K,Approved,2023-11-06 07:32:00
0205287,10205287,0205287 Total (Diversion),Monthly,12,2023,141.81,ACFT,K,Approved,2024-03-26 16:19:00
0205287,10205287,0205287 Total (Diversion),Monthly,12,2024,267.428,ACFT,K,Approved,2025-01-22 16:37:00
0205288,10205288,0205288 Total (Diversion),Monthly,3,2012,46.221,ACFT,U,Approved,2013-04-11 08:14:00
0205288,10205288,0205288 Total (Diversion),Monthly,4,2013,17.89,ACFT,K,Approved,2014-05-09 12:03:00
0205288,10205288,0205288 Total (Diversion),Monthly,3,2015,12.751,ACFT,K,Approved,2016-06-15 13:01:00
0205288,10205288,0205288 Total (Diversion),Monthly,4,2016,40.8663,ACFT,K,Approved,2017-05-15 11:01:00
0205288,10205288,0205288 Total (Diversion),Monthly,3,2017,25.9819,ACFT,K,Approved,2018-04-06 09:56:00
0205288,10205288,0205288 Total (Diversion),Monthly,3,2018,28.6899,ACFT,K,Approved,2019-04-18 12:31:00
0205288,10205288,0205288 Total (Diversion),Monthly,4,2019,44.1266,ACFT,K,Approved,2020-09-30 20:16:00
0205288,10205288,0205288 Total (Diversion),Monthly,12,2020,57.9049,ACFT,K,Approved,2021-04-22 14:01:00
0205288,10205288,0205288 Total (Diversion),Monthly,12,2021,55.806,ACFT,K,Approved,2022-09-14 15:18:00
0205288,10205288,0205288 Total (Diversion),Monthly,12,2022,25.74,ACFT,K,Approved,2023-11-06 07:32:00
0205288,10205288,0205288 Total (Diversion),Monthly,12,2023,15.31,ACFT,K,Approved,2024-03-26 15:17:00
0205288,10205288,0205288 Total (Diversion),Monthly,12,2024,22.034,ACFT,K,Approved,2025-01-22 16:35:00
0205290,10205290,0205290 Total (Diversion),Monthly,7,2012,103.9794,ACFT,U,Approved,2013-04-11 08:14:00
0205290,10205290,0205290 Total (Diversion),Monthly,6,2013,48.2,ACFT,K,Approved,2014-05-09 12:03:00
0205290,10205290,0205290 Total (Diversion),Monthly,1,2014,2.35,ACFT,K,Approved,2015-05-04 15:51:00
0205290,10205290,0205290 Total (Diversion),Monthly,3,2015,3.51,ACFT,K,Approved,2016-06-15 13:01:00
0205290,10205290,0205290 Total (Diversion),Monthly,3,2016,10.68,ACFT,K,Approved,2017-05-15 11:01:00
0205290,10205290,0205290 Total (Diversion),Monthly,1,2017,0.02,ACFT,K,Approved,2018-04-06 09:56:00
0205290,10205290,0205290 Total (Diversion),Monthly,4,2018,133.8731,ACFT,K,Approved,2019-04-18 12:31:00
0205290,10205290,0205290 Total (Diversion),Monthly,4,2019,74.0418,ACFT,K,Approved,2020-09-30 20:16:00
0205290,10205290,0205290 Total (Diversion),Monthly,12,2020,148.4537,ACFT,K,Approved,2021-04-22 14:01:00
0205290,10205290,0205290 Total (Diversion),Monthly,12,2021,47.4422,ACFT,K,Approved,2022-09-14 15:18:00
0205290,10205290,0205290 Total (Diversion),Monthly,12,2022,35.462,ACFT,K,Approved,2023-11-06 07:32:00
0205290,10205290,0205290 Total (Diversion),Monthly,12,2023,3.602,ACFT,K,Approved,2024-03-26 13:55:00
0205290,10205290,0205290 Total (Diversion),Monthly,12,2024,45.189,ACFT,K,Approved,2025-01-22 16:38:00
0205404,10205404,0205404 Total (Diversion),Monthly,3,2012,83.08,ACFT,U,Approved,2013-04-11 08:14:00
0205404,10205404,0205404 Total (Diversion),Monthly,3,2013,10.12,ACFT,K,Approved,2014-05-09 12:03:00
0205404,10205404,0205404 Total (Diversion),Monthly,2,2018,74.41,ACFT,K,Approved,2019-04-18 12:31:00
0205404,10205404,0205404 Total (Diversion),Monthly,2,2019,11.766,ACFT,K,Approved,2020-08-27 10:46:00
0205404,10205404,0205404 Total (Diversion),Monthly,12,2020,54.2508,ACFT,K,Approved,2021-04-22 14:01:00
0205404,10205404,0205404 Total (Diversion),Monthly,11,2021,25.7062,ACFT,K,Approved,2022-09-14 15:18:00
0205404,10205404,0205404 Total (Diversion),Monthly,12,2022,24.267,ACFT,K,Approved,2023-11-06 07:31:00
0205404,10205404,0205404 Total (Diversion),Monthly,12,2023,7.189,ACFT,K,Approved,2024-03-26 14:04:00
0205404,10205404,0205404 Total (Diversion),Monthly,12,2024,4.216,ACFT,K,Approved,2025-01-22 16:39:00
0205423,10205423,0205423 Total (Diversion),Monthly,7,2012,2.0154,ACFT,U,Approved,2013-04-11 08:14:00
0205423,10205423,0205423 Total (Diversion),Monthly,6,2013,0.8308,ACFT,K,Approved,2014-05-09 12:03:00
0205423,10205423,0205423 Total (Diversion),Monthly,3,2014,0.5635,ACFT,K,Approved,2015-05-04 15:51:00
0205423,10205423,0205423 Total (Diversion),Monthly,11,2015,1.4408,ACFT,K,Approved,2016-06-15 13:01:00
0205423,10205423,0205423 Total (Diversion),Monthly,11,2016,2.391,ACFT,K,Approved,2017-05-15 11:01:00
0205423,10205423,0205423 Total (Diversion),Monthly,12,2017,1.558,ACFT,K,Approved,2018-04-06 09:56:00
0205423,10205423,0205423 Total (Diversion),Monthly,12,2018,1.4388,ACFT,K,Approved,2019-04-18 12:31:00
0205423,10205423,0205423 Total (Diversion),Monthly,9,2019,1.0202,ACFT,K,Approved,2020-09-30 20:16:00
0205423,10205423,0205423 Total (Diversion),Monthly,12,2020,1.6005,ACFT,K,Approved,2021-04-22 14:01:00
0205423,10205423,0205423 Total (Diversion),Monthly,12,2021,0.9229,ACFT,K,Approved,2022-09-14 15:18:00
0205423,10205423,0205423 Total (Diversion),Monthly,12,2022,1.3725,ACFT,K,Approved,2023-11-06 07:27:00
0205423,10205423,0205423 Total (Diversion),Monthly,12,2023,2.3089,ACFT,K,Approved,2024-06-24 15:02:00
0205423,10205423,0205423 Total (Diversion),Monthly,12,2024,2.9656,ACFT,K,Approved,2025-01-22 16:37:00
0205424,10205424,0205424 Total (Diversion),Monthly,6,2012,136.72,ACFT,U,Approved,2013-04-11 08:14:00
0205424,10205424,0205424 Total (Diversion),Monthly,8,2013,74.62,ACFT,K,Approved,2014-05-09 12:03:00
0205424,10205424,0205424 Total (Diversion),Monthly,6,2014,137.05,ACFT,K,Approved,2015-05-04 15:51:00
0205424,10205424,0205424 Total (Diversion),Monthly,8,2015,175.07,ACFT,K,Approved,2016-06-15 13:01:00
0205424,10205424,0205424 Total (Diversion),Monthly,6,2016,170.52,ACFT,K,Approved,2017-05-15 11:01:00
0205424,10205424,0205424 Total (Diversion),Monthly,7,2017,134.61,ACFT,K,Approved,2018-04-06 09:56:00
0205424,10205424,0205424 Total (Diversion),Monthly,5,2018,167.34,ACFT,K,Approved,2019-04-18 12:31:00
0205424,10205424,0205424 Total (Diversion),Monthly,5,2019,99.14,ACFT,K,Approved,2020-09-30 20:16:00
0205424,10205424,0205424 Total (Diversion),Monthly,12,2020,154.372,ACFT,K,Approved,2021-04-22 14:01:00
0205424,10205424,0205424 Total (Diversion),Monthly,12,2021,131.49,ACFT,K,Approved,2022-09-14 15:18:00
0205424,10205424,0205424 Total (Diversion),Monthly,12,2022,164.916,ACFT,K,Approved,2023-11-06 07:32:00
0205424,10205424,0205424 Total (Diversion),Monthly,12,2023,121.948,ACFT,K,Approved,2024-03-26 13:29:00
0205424,10205424,0205424 Total (Diversion),Monthly,12,2024,186.772,ACFT,K,Approved,2025-01-22 16:36:00
0205427,10205427,0205427 Total (Diversion),Monthly,5,2012,39.691,ACFT,U,Approved,2013-04-11 08:14:00
0205427,10205427,0205427 Total (Diversion),Monthly,2,2013,11.988,ACFT,K,Approved,2014-05-09 12:03:00
0205427,10205427,0205427 Total (Diversion),Monthly,3,2014,13.6,ACFT,K,Approved,2015-05-04 15:51:00
0205427,10205427,0205427 Total (Diversion),Monthly,4,2015,25.085,ACFT,K,Approved,2016-06-15 13:01:00
0205427,10205427,0205427 Total (Diversion),Monthly,4,2016,38.757,ACFT,K,Approved,2017-05-15 11:01:00
0205427,10205427,0205427 Total (Diversion),Monthly,4,2017,12.335,ACFT,K,Approved,2018-04-06 09:56:00
0205427,10205427,0205427 Total (Diversion),Monthly,6,2018,43.1459,ACFT,K,Approved,2019-04-18 12:31:00
0205427,10205427,0205427 Total (Diversion),Monthly,4,2019,28.896,ACFT,K,Approved,2020-08-27 10:46:00
0205427,10205427,0205427 Total (Diversion),Monthly,12,2020,34.118,ACFT,K,Approved,2021-04-22 14:01:00
0205427,10205427,0205427 Total (Diversion),Monthly,12,2021,11.451,ACFT,K,Approved,2022-09-14 15:18:00
0205427,10205427,0205427 Total (Diversion),Monthly,12,2022,1.229,ACFT,K,Approved,2023-11-06 07:24:00
0205427,10205427,0205427 Total (Diversion),Monthly,12,2023,24.518,ACFT,K,Approved,2024-06-24 14:55:00
0205427,10205427,0205427 Total (Diversion),Monthly,12,2024,32.793,ACFT,K,Approved,2025-01-22 16:34:00
0205428,10205428,0205428 Total (Diversion),Monthly,5,2012,89.5269,ACFT,U,Approved,2013-04-11 08:14:00
0205428,10205428,0205428 Total (Diversion),Monthly,5,2013,49.89,ACFT,K,Approved,2014-05-09 12:03:00
0205428,10205428,0205428 Total (Diversion),Monthly,5,2014,21.48,ACFT,K,Approved,2015-05-04 15:51:00
0205428,10205428,0205428 Total (Diversion),Monthly,7,2015,60.53,ACFT,K,Approved,2016-06-15 13:01:00
0205428,10205428,0205428 Total (Diversion),Monthly,4,2016,41.27,ACFT,K,Approved,2017-05-15 11:01:00
0205428,10205428,0205428 Total (Diversion),Monthly,5,2017,36.311,ACFT,K,Approved,2018-04-06 09:56:00
0205428,10205428,0205428 Total (Diversion),Monthly,4,2018,27.487,ACFT,K,Approved,2019-04-18 12:31:00
0205428,10205428,0205428 Total (Diversion),Monthly,4,2019,40.2804,ACFT,K,Approved,2020-09-30 20:16:00
0205428,10205428,0205428 Total (Diversion),Monthly,12,2020,59.2076,ACFT,K,Approved,2021-04-22 14:01:00
0205428,10205428,0205428 Total (Diversion),Monthly,12,2021,46.2276,ACFT,K,Approved,2022-09-14 15:18:00
0205428,10205428,0205428 Total (Diversion),Monthly,12,2022,3.127,ACFT,K,Approved,2023-11-06 07:31:00
0205428,10205428,0205428 Total (Diversion),Monthly,12,2023,19.751,ACFT,K,Approved,2024-03-26 14:52:00
0205428,10205428,0205428 Total (Diversion),Monthly,12,2024,36.372,ACFT,K,Approved,2025-01-22 16:41:00
0205429,10205429,0205429 Total (Diversion),Monthly,3,2012,19.78,ACFT,U,Approved,2013-04-11 08:14:00
0205429,10205429,0205429 Total (Diversion),Monthly,4,2013,6.74,ACFT,K,Approved,2014-05-09 12:03:00
0205429,10205429,0205429 Total (Diversion),Monthly,4,2014,0.81,ACFT,K,Approved,2015-05-04 15:51:00
0205429,10205429,0205429 Total (Diversion),Monthly,3,2015,3.85,ACFT,K,Approved,2016-06-15 13:01:00
0205429,10205429,0205429 Total (Diversion),Monthly,2,2016,1.0086,ACFT,K,Approved,2017-05-15 11:01:00
0205429,10205429,0205429 Total (Diversion),Monthly,1,2017,0.5687,ACFT,K,Approved,2018-04-06 09:56:00
0205429,10205429,0205429 Total (Diversion),Monthly,7,2018,5.4294,ACFT,K,Approved,2019-04-18 12:31:00
0205429,10205429,0205429 Total (Diversion),Monthly,6,2019,7.0496,ACFT,K,Approved,2020-09-30 20:16:00
0205429,10205429,0205429 Total (Diversion),Monthly,12,2020,2.6825,ACFT,K,Approved,2021-04-22 14:01:00
0205429,10205429,0205429 Total (Diversion),Monthly,12,2021,6.3736,ACFT,K,Approved,2022-09-14 15:18:00
0205429,10205429,0205429 Total (Diversion),Monthly,12,2022,1.4865,ACFT,K,Approved,2023-11-06 07:24:00
0205429,10205429,0205429 Total (Diversion),Monthly,12,2023,1.1236,ACFT,K,Approved,2024-03-26 13:29:00
0205429,10205429,0205429 Total (Diversion),Monthly,12,2024,0.4973,ACFT,K,Approved,2025-01-22 16:40:00
0205433,10205433,0205433 Total (Diversion),Monthly,4,2013,2.3349,ACFT,K,Approved,2014-05-09 12:03:00
0205433,10205433,0205433 Total (Diversion),Monthly,10,2014,3.3063,ACFT,K,Approved,2015-05-04 15:51:00
0205433,10205433,0205433 Total (Diversion),Monthly,8,2016,2.2051,ACFT,K,Approved,2017-05-15 11:01:00
0205433,10205433,0205433 Total (Diversion),Monthly,8,2017,2.1178,ACFT,K,Approved,2018-04-06 09:56:00
0205433,10205433,0205433 Total (Diversion),Monthly,12,2018,4.0337,ACFT,K,Approved,2019-04-18 12:31:00
0205433,10205433,0205433 Total (Diversion),Monthly,12,2023,0.0607,ACFT,K,Approved,2024-06-24 15:02:00
0205433,10205433,0205433 Total (Diversion),Monthly,12,2024,0.2526,ACFT,K,Approved,2025-01-22 16:29:00
0205448,10205448,0205448 Total (Diversion),Monthly,1,2015,0.006,ACFT,K,Approved,2016-06-15 13:01:00
0205448,10205448,0205448 Total (Diversion),Monthly,1,2018,13.2961,ACFT,k,Approved,2019-04-18 12:31:00
0205448,10205448,0205448 Total (Diversion),Monthly,11,2020,0.0,ACFT,K,Approved,2021-04-22 14:01:00
0205448,10205448,0205448 Total (Diversion),Monthly,9,2021,0.0,ACFT,K,Approved,2022-09-14 15:18:00
0205448,10205448,0205448 Total (Diversion),Monthly,12,2022,51.893,ACFT,K,Approved,2023-11-06 07:15:00
0205448,10205448,0205448 Total (Diversion),Monthly,12,2023,2.17,ACFT,K,Approved,2024-03-26 16:22:00
0205448,10205448,0205448 Total (Diversion),Monthly,12,2024,0.0,ACFT,K,Approved,2025-01-23 11:10:00
0205577,10205577,0205577 Total (Diversion),Monthly,4,2012,78.557,ACFT,U,Approved,2013-04-11 08:14:00
0205577,10205577,0205577 Total (Diversion),Monthly,4,2013,22.792,ACFT,K,Approved,2014-05-09 12:03:00
0205577,10205577,0205577 Total (Diversion),Monthly,1,2016,0.0721,ACFT,K,Approved,2017-05-15 11:01:00
0205577,10205577,0205577 Total (Diversion),Monthly,2,2017,0.1386,ACFT,K,Approved,2018-04-06 09:56:00
0205577,10205577,0205577 Total (Diversion),Monthly,4,2018,59.9408,ACFT,K,Approved,2019-04-18 12:31:00
0205577,10205577,0205577 Total (Diversion),Monthly,3,2019,55.5094,ACFT,K,Approved,2020-09-30 20:16:00
0205577,10205577,0205577 Total (Diversion),Monthly,12,2020,84.771,ACFT,K,Approved,2021-04-22 14:01:00
0205577,10205577,0205577 Total (Diversion),Monthly,12,2021,22.8046,ACFT,K,Approved,2022-09-14 15:18:00
0205577,10205577,0205577 Total (Diversion),Monthly,12,2022,19.6889,ACFT,K,Approved,2023-11-06 07:11:00
0205577,10205577,0205577 Total (Diversion),Monthly,12,2023,9.1377,ACFT,K,Approved,2024-03-26 12:53:00
0205577,10205577,0205577 Total (Diversion),Monthly,12,2024,49.0837,ACFT,K,Approved,2025-01-22 16:34:00
0205645,10205645,0205645 Total (Diversion),Monthly,8,2012,255.4924,ACFT,U,Approved,2013-04-11 08:14:00
0205645,10205645,0205645 Total (Diversion),Monthly,6,2013,166.709,ACFT,K,Approved,2014-05-09 12:03:00
0205645,10205645,0205645 Total (Diversion),Monthly,5,2014,231.69,ACFT,K,Approved,2015-05-04 15:51:00
0205645,10205645,0205645 Total (Diversion),Monthly,6,2015,201.849,ACFT,K,Approved,2016-06-15 13:01:00
0205645,10205645,0205645 Total (Diversion),Monthly,6,2016,216.858,ACFT,K,Approved,2017-05-15 11:01:00
0205645,10205645,0205645 Total (Diversion),Monthly,6,2017,256.342,ACFT,K,Approved,2018-04-06 09:56:00
0205645,10205645,0205645 Total (Diversion),Monthly,4,2018,79.28,ACFT,K,Approved,2019-04-18 12:31:00
0205645,10205645,0205645 Total (Diversion),Monthly,2,2019,98.6327,ACFT,K,Approved,2020-09-30 20:16:00
0205645,10205645,0205645 Total (Diversion),Monthly,12,2020,235.6476,ACFT,K,Approved,2021-04-22 14:01:00
0205645,10205645,0205645 Total (Diversion),Monthly,12,2021,269.8685,ACFT,K,Approved,2022-09-14 15:18:00
0205645,10205645,0205645 Total (Diversion),Monthly,12,2022,218.3526,ACFT,K,Approved,2023-11-06 07:27:00
0205645,10205645,0205645 Total (Diversion),Monthly,12,2023,207.5266,ACFT,K,Approved,2024-03-26 15:04:00
0205645,10205645,0205645 Total (Diversion),Monthly,12,2024,284.7265,ACFT,K,Approved,2025-01-22 16:37:00
0205654,10205654,0205654 Total (Diversion),Monthly,1,2012,0.668,ACFT,U,Approved,2013-04-11 08:14:00
0205654,10205654,0205654 Total (Diversion),Monthly,12,2020,0.0,ACFT,K,Approved,2021-04-22 14:01:00
0205654,10205654,0205654 Total (Diversion),Monthly,12,2021,0.0,ACFT,K,Approved,2022-09-14 15:18:00
0205654,10205654,0205654 Total (Diversion),Monthly,12,2022,0.0,ACFT,K,Approved,2023-11-06 07:24:00
0205654,10205654,0205654 Total (Diversion),Monthly,12,2023,0.0,ACFT,K,Approved,2024-03-26 14:21:00
0205654,10205654,0205654 Total (Diversion),Monthly,12,2024,0.0,ACFT,K,Approved,2025-01-22 16:41:00
0205660,10205660,0205660 Total (Diversion),Monthly,6,2012,36.77,ACFT,U,Approved,2013-04-11 08:14:00
0205660,10205660,0205660 Total (Diversion),Monthly,5,2013,42.43,ACFT,K,Approved,2014-05-09 12:03:00
0205660,10205660,0205660 Total (Diversion),Monthly,4,2014,40.7,ACFT,K,Approved,2015-05-04 15:51:00
0205660,10205660,0205660 Total (Diversion),Monthly,4,2015,42.69,ACFT,K,Approved,2016-06-15 13:01:00
0205660,10205660,0205660 Total (Diversion),Monthly,5,2016,54.78,ACFT,K,Approved,2017-05-15 11:01:00
0205660,10205660,0205660 Total (Diversion),Monthly,6,2017,49.54,ACFT,K,Approved,2018-04-06 09:56:00
0205660,10205660,0205660 Total (Diversion),Monthly,3,2018,39.7,ACFT,K,Approved,2019-04-18 12:31:00
0205660,10205660,0205660 Total (Diversion),Monthly,2,2019,35.37,ACFT,K,Approved,2020-08-27 10:46:00
0205660,10205660,0205660 Total (Diversion),Monthly,12,2020,46.57,ACFT,K,Approved,2021-04-22 14:01:00
0205660,10205660,0205660 Total (Diversion),Monthly,12,2021,49.62,ACFT,K,Approved,2022-09-14 15:18:00
0205660,10205660,0205660 Total (Diversion),Monthly,12,2022,40.08,ACFT,K,Approved,2023-11-06 07:24:00
0205660,10205660,0205660 Total (Diversion),Monthly,12,2023,39.27,ACFT,K,Approved,2024-03-26 13:42:00
0205660,10205660,0205660 Total (Diversion),Monthly,12,2024,45.22,ACFT,K,Approved,2025-01-22 16:41:00
0205661,10205661,0205661 Total (Diversion),Monthly,6,2012,42.029,ACFT,U,Approved,2013-04-11 08:14:00
0205661,10205661,0205661 Total (Diversion),Monthly,5,2013,44.711,ACFT,K,Approved,2014-05-09 12:03:00
0205661,10205661,0205661 Total (Diversion),Monthly,4,2014,42.754,ACFT,K,Approved,2015-05-04 15:51:00
0205661,10205661,0205661 Total (Diversion),Monthly,5,2015,44.896,ACFT,K,Approved,2016-06-15 13:01:00
0205661,10205661,0205661 Total (Diversion),Monthly,5,2016,51.381,ACFT,K,Approved,2017-05-15 11:01:00
0205661,10205661,0205661 Total (Diversion),Monthly,5,2017,55.055,ACFT,K,Approved,2018-04-06 09:56:00
0205661,10205661,0205661 Total (Diversion),Monthly,3,2018,40.924,ACFT,K,Approved,2019-04-18 12:31:00
0205661,10205661,0205661 Total (Diversion),Monthly,3,2019,34.11,ACFT,K,Approved,2020-09-30 20:16:00
0205661,10205661,0205661 Total (Diversion),Monthly,12,2020,52.248,ACFT,K,Approved,2021-04-22 14:01:00
0205661,10205661,0205661 Total (Diversion),Monthly,12,2021,57.735,ACFT,K,Approved,2022-09-14 15:18:00
0205661,10205661,0205661 Total (Diversion),Monthly,12,2022,43.293,ACFT,K,Approved,2023-11-06 07:23:00
0205661,10205661,0205661 Total (Diversion),Monthly,12,2023,46.312,ACFT,K,Approved,2024-03-26 14:57:00
0205661,10205661,0205661 Total (Diversion),Monthly,12,2024,56.978,ACFT,K,Approved,2025-01-22 16:40:00
0205696,10205696,0205696 Total (Diversion),Monthly,5,2012,18.2472,ACFT,U,Approved,2013-04-11 08:14:00
0205696,10205696,0205696 Total (Diversion),Monthly,5,2013,12.6285,ACFT,K,Approved,2014-05-09 12:03:00
0205696,10205696,0205696 Total (Diversion),Monthly,3,2014,2.539,ACFT,K,Approved,2015-05-04 15:51:00
0205696,10205696,0205696 Total (Diversion),Monthly,4,2015,4.0045,ACFT,K,Approved,2016-06-15 13:01:00
0205696,10205696,0205696 Total (Diversion),Monthly,4,2016,13.6285,ACFT,K,Approved,2017-05-15 11:01:00
0205696,10205696,0205696 Total (Diversion),Monthly,3,2017,0.6215,ACFT,K,Approved,2018-04-06 09:56:00
0205696,10205696,0205696 Total (Diversion),Monthly,3,2018,26.574,ACFT,K,Approved,2019-04-18 12:31:00
0205696,10205696,0205696 Total (Diversion),Monthly,1,2019,0.001,ACFT,K,Approved,2020-08-27 10:46:00
0205696,10205696,0205696 Total (Diversion),Monthly,12,2020,2.13,ACFT,K,Approved,2021-04-22 14:01:00
0205696,10205696,0205696 Total (Diversion),Monthly,11,2021,6.288,ACFT,K,Approved,2022-09-14 15:18:00
0205696,10205696,0205696 Total (Diversion),Monthly,12,2022,0.0,ACFT,K,Approved,2023-11-06 07:31:00
0205696,10205696,0205696 Total (Diversion),Monthly,12,2023,0.001,ACFT,K,Approved,2024-03-26 15:27:00
0205696,10205696,0205696 Total (Diversion),Monthly,12,2024,0.0,ACFT,K,Approved,2025-01-22 16:35:00
0205961,10205961,0205961 Total (Diversion),Monthly,8,2012,225.377,ACFT,U,Approved,2013-04-11 08:14:00
0205961,10205961,0205961 Total (Diversion),Monthly,5,2013,195.52,ACFT,K,Approved,2014-05-09 12:03:00
0205961,10205961,0205961 Total (Diversion),Monthly,6,2017,199.079,ACFT,K,Approved,2018-04-06 09:56:00
0205961,10205961,0205961 Total (Diversion),Monthly,8,2018,246.031,ACFT,K,Approved,2019-04-18 12:31:00
0205961,10205961,0205961 Total (Diversion),Monthly,6,2019,137.03,ACFT,K,Approved,2020-09-30 20:16:00
0205961,10205961,0205961 Total (Diversion),Monthly,12,2020,211.493,ACFT,K,Approved,2021-04-22 14:01:00
0205961,10205961,0205961 Total (Diversion),Monthly,12,2021,122.19,ACFT,K,Approved,2022-09-14 15:18:00
0205961,10205961,0205961 Total (Diversion),Monthly,12,2022,26.686,ACFT,K,Approved,2023-11-06 07:33:00
0205961,10205961,0205961 Total (Diversion),Monthly,12,2023,69.141,ACFT,K,Approved,2024-03-26 14:40:00
0205961,10205961,0205961 Total (Diversion),Monthly,12,2024,152.758,ACFT,K,Approved,2025-01-22 16:37:00
0205996,10205996,0205996 Total (Diversion),Monthly,1,2012,10.105,ACFT,U,Approved,2013-04-11 08:14:00
0205996,10205996,0205996 Total (Diversion),Monthly,2,2014,0.063,ACFT,K,Approved,2015-05-04 15:51:00
0205996,10205996,0205996 Total (Diversion),Monthly,3,2015,3.513,ACFT,K,Approved,2016-06-15 13:01:00
0205996,10205996,0205996 Total (Diversion),Monthly,6,2016,22.1406,ACFT,K,Approved,2017-05-15 11:01:00
0205996,10205996,0205996 Total (Diversion),Monthly,3,2017,7.4678,ACFT,K,Approved,2018-04-06 09:56:00
0205996,10205996,0205996 Total (Diversion),Monthly,4,2018,44.8472,ACFT,K,Approved,2019-04-18 12:31:00
0205996,10205996,0205996 Total (Diversion),Monthly,1,2019,3.0414,ACFT,K,Approved,2020-08-27 10:46:00
0205996,10205996,0205996 Total (Diversion),Monthly,12,2020,46.6623,ACFT,K,Approved,2021-04-22 14:01:00
0205996,10205996,0205996 Total (Diversion),Monthly,12,2021,2.0599,ACFT,K,Approved,2022-09-14 15:18:00
0205996,10205996,0205996 Total (Diversion),Monthly,12,2022,0.002,ACFT,K,Approved,2023-11-06 07:31:00
0205996,10205996,0205996 Total (Diversion),Monthly,12,2023,0.0,ACFT,K,Approved,2024-03-26 14:51:00
0205996,10205996,0205996 Total (Diversion),Monthly,12,2024,0.0,ACFT,K,Approved,2025-01-22 16:40:00
0205997,10205997,0205997 Total (Diversion),Monthly,1,2015,0.009,ACFT,K,Approved,2016-06-15 13:01:00
0205997,10205997,0205997 Total (Diversion),Monthly,10,2020,0.0,ACFT,K,Approved,2021-04-22 14:01:00
0205997,10205997,0205997 Total (Diversion),Monthly,11,2021,0.0,ACFT,K,Approved,2022-09-14 15:18:00
0205997,10205997,0205997 Total (Diversion),Monthly,12,2022,0.0,ACFT,K,Approved,2023-11-06 07:33:00
0205997,10205997,0205997 Total (Diversion),Monthly,12,2023,0.0,ACFT,K,Approved,2024-03-26 15:24:00
0205997,10205997,0205997 Total (Diversion),Monthly,12,2024,0.0,ACFT,K,Approved,2025-01-23 11:10:00
0206113,10206113,0206113 Total (Diversion),Monthly,6,2012,130.2058,ACFT,U,Approved,2013-04-11 08:14:00
0206113,10206113,0206113 Total (Diversion),Monthly,1,2016,0.0904,ACFT,K,Approved,2017-05-15 11:01:00
0206113,10206113,0206113 Total (Diversion),Monthly,2,2017,256.0434,ACFT,K,Approved,2018-04-06 09:56:00
0206113,10206113,0206113 Total (Diversion),Monthly,3,2018,99.1634,ACFT,K,Approved,2019-04-18 12:31:00
0206113,10206113,0206113 Total (Diversion),Monthly,2,2019,13.6707,ACFT,K,Approved,2020-08-27 10:46:00
0206113,10206113,0206113 Total (Diversion),Monthly,12,2020,92.2557,ACFT,K,Approved,2021-04-22 14:01:00
0206113,10206113,0206113 Total (Diversion),Monthly,12,2021,114.358,ACFT,K,Approved,2022-09-14 15:18:00
0206113,10206113,0206113 Total (Diversion),Monthly,12,2022,212.071,ACFT,K,Approved,2023-11-06 07:22:00
0206113,10206113,0206113 Total (Diversion),Monthly,5,2023,3.758,ACFT,K,Approved,2024-03-26 12:01:00
0206113,10206113,0206113 Total (Diversion),Monthly,12,2024,50.7153,ACFT,K,Approved,2025-01-22 16:26:00
0206152,10206152,0206152 Total (Diversion),Monthly,1,2013,0.565,ACFT,K,Approved,2014-05-09 12:03:00
0206152,10206152,0206152 Total (Diversion),Monthly,1,2014,0.872,ACFT,K,Approved,2015-05-04 15:51:00
0206152,10206152,0206152 Total (Diversion),Monthly,1,2015,4.408,ACFT,K,Approved,2016-06-15 13:01:00
0206152,10206152,0206152 Total (Diversion),Monthly,4,2016,12.601,ACFT,k,Approved,2017-05-15 11:01:00
0206152,10206152,0206152 Total (Diversion),Monthly,2,2017,7.143,ACFT,k,Approved,2018-04-06 09:56:00
0206152,10206152,0206152 Total (Diversion),Monthly,3,2018,41.579,ACFT,k,Approved,2019-04-18 12:31:00
0206152,10206152,0206152 Total (Diversion),Monthly,12,2020,102.445,ACFT,K,Approved,2021-04-22 14:01:00
0206152,10206152,0206152 Total (Diversion),Monthly,10,2021,23.575,ACFT,K,Approved,2022-09-14 15:18:00
0206152,10206152,0206152 Total (Diversion),Monthly,12,2022,28.227,ACFT,K,Approved,2023-11-06 07:08:00
0206152,10206152,0206152 Total (Diversion),Monthly,12,2023,14.607,ACFT,K,Approved,2024-03-26 16:11:00
0206152,10206152,0206152 Total (Diversion),Monthly,12,2024,38.169,ACFT,K,Approved,2025-01-23 11:21:00
0206155,10206155,0206155 Total (Diversion),Monthly,1,2014,0.01,ACFT,K,Approved,2015-05-04 15:51:00
0206155,10206155,0206155 Total (Diversion),Monthly,1,2016,0.16,ACFT,k,Approved,2017-05-15 11:01:00
0206155,10206155,0206155 Total (Diversion),Monthly,2,2018,66.964,ACFT,*,Approved,2019-04-18 12:31:00
0206155,10206155,0206155 Total (Diversion),Monthly,24,2020,121.194,ACFT,K,Approved,2021-04-22 14:01:00
0206155,10206155,0206155 Total (Diversion),Monthly,24,2021,186.61,ACFT,K,Approved,2022-09-14 15:18:00
0206155,10206155,0206155 Total (Diversion),Monthly,24,2022,170.905,ACFT,K,Approved,2023-11-06 07:17:00
0206155,10206155,0206155 Total (Diversion),Monthly,24,2023,49.831,ACFT,K,Approved,2024-06-24 15:10:00
0206155,10206155,0206155 Total (Diversion),Monthly,24,2024,96.255,ACFT,K,Approved,2025-01-23 11:22:00
0206219,10206219,0206219 Total (Diversion),Monthly,5,2012,61.617,ACFT,U,Approved,2013-04-11 08:14:00
0206219,10206219,0206219 Total (Diversion),Monthly,3,2013,26.807,ACFT,K,Approved,2014-05-09 12:03:00
0206219,10206219,0206219 Total (Diversion),Monthly,2,2014,34.584,ACFT,K,Approved,2015-05-04 15:51:00
0206219,10206219,0206219 Total (Diversion),Monthly,3,2015,28.675,ACFT,K,Approved,2016-06-15 13:01:00
0206219,10206219,0206219 Total (Diversion),Monthly,5,2016,109.1009,ACFT,K,Approved,2017-05-15 11:01:00
0206219,10206219,0206219 Total (Diversion),Monthly,3,2017,12.6466,ACFT,K,Approved,2018-04-06 09:56:00
0206219,10206219,0206219 Total (Diversion),Monthly,4,2018,59.6561,ACFT,K,Approved,2019-04-18 12:31:00
0206219,10206219,0206219 Total (Diversion),Monthly,5,2019,28.2215,ACFT,K,Approved,2020-09-30 20:16:00
0206219,10206219,0206219 Total (Diversion),Monthly,12,2020,57.547,ACFT,K,Approved,2021-04-22 14:01:00
0206219,10206219,0206219 Total (Diversion),Monthly,12,2021,12.242,ACFT,K,Approved,2022-09-14 15:18:00
0206219,10206219,0206219 Total (Diversion),Monthly,12,2022,23.585,ACFT,K,Approved,2023-11-06 07:09:00
0206219,10206219,0206219 Total (Diversion),Monthly,12,2023,4.2023,ACFT,K,Approved,2024-03-26 13:26:00
0206219,10206219,0206219 Total (Diversion),Monthly,12,2024,9.4326,ACFT,K,Approved,2025-01-22 16:40:00
0206220,10206220,0206220 Total (Diversion),Monthly,4,2012,52.101,ACFT,U,Approved,2013-04-11 08:14:00
0206220,10206220,0206220 Total (Diversion),Monthly,1,2013,1.5,ACFT,K,Approved,2014-05-09 12:03:00
0206220,10206220,0206220 Total (Diversion),Monthly,1,2014,0.016,ACFT,K,Approved,2015-05-04 15:51:00
0206220,10206220,0206220 Total (Diversion),Monthly,4,2015,11.721,ACFT,K,Approved,2016-06-15 13:01:00
0206220,10206220,0206220 Total (Diversion),Monthly,2,2016,56.437,ACFT,K,Approved,2017-05-15 11:01:00
0206220,10206220,0206220 Total (Diversion),Monthly,4,2017,15.8332,ACFT,K,Approved,2018-04-06 09:56:00
0206220,10206220,0206220 Total (Diversion),Monthly,3,2018,41.758,ACFT,K,Approved,2019-04-18 12:31:00
0206220,10206220,0206220 Total (Diversion),Monthly,1,2019,0.22,ACFT,K,Approved,2020-08-27 10:46:00
0206220,10206220,0206220 Total (Diversion),Monthly,12,2020,10.51,ACFT,K,Approved,2021-04-22 14:01:00
0206220,10206220,0206220 Total (Diversion),Monthly,12,2021,0.0,ACFT,K,Approved,2022-09-14 15:18:00
0206220,10206220,0206220 Total (Diversion),Monthly,12,2022,41.808,ACFT,K,Approved,2023-11-06 07:13:00
0206220,10206220,0206220 Total (Diversion),Monthly,12,2023,0.2895,ACFT,K,Approved,2024-03-26 13:25:00
0206220,10206220,0206220 Total (Diversion),Monthly,12,2024,55.8596,ACFT,K,Approved,2025-01-22 16:40:00
0206221,10206221,0206221 Total (Diversion),Monthly,2,2012,13.0,ACFT,U,Approved,2013-04-11 08:14:00
0206221,10206221,0206221 Total (Diversion),Monthly,5,2015,76.897,ACFT,K,Approved,2016-06-15 13:01:00
0206221,10206221,0206221 Total (Diversion),Monthly,4,2016,42.8266,ACFT,K,Approved,2017-05-15 11:01:00
0206221,10206221,0206221 Total (Diversion),Monthly,3,2017,5.787,ACFT,K,Approved,2018-04-06 09:56:00
0206221,10206221,0206221 Total (Diversion),Monthly,3,2018,20.387,ACFT,K,Approved,2019-04-18 12:31:00
0206221,10206221,0206221 Total (Diversion),Monthly,5,2019,32.2758,ACFT,K,Approved,2020-08-27 10:46:00
0206221,10206221,0206221 Total (Diversion),Monthly,12,2020,39.664,ACFT,K,Approved,2021-04-22 14:01:00
0206221,10206221,0206221 Total (Diversion),Monthly,12,2021,1.882,ACFT,K,Approved,2022-09-14 15:18:00
0206221,10206221,0206221 Total (Diversion),Monthly,12,2022,24.378,ACFT,K,Approved,2023-11-06 07:16:00
0206221,10206221,0206221 Total (Diversion),Monthly,12,2023,0.056,ACFT,K,Approved,2024-06-24 15:12:00
0206221,10206221,0206221 Total (Diversion),Monthly,12,2024,52.78,ACFT,K,Approved,2025-01-22 16:40:00
0206614,10206614,0206614 Total (Diversion),Monthly,1,2017,0.2,ACFT,K,Approved,2018-04-06 09:56:00
0206614,10206614,0206614 Total (Diversion),Monthly,2,2018,22.475,ACFT,K,Approved,2019-04-18 12:31:00
0206614,10206614,0206614 Total (Diversion),Monthly,2,2019,7.921,ACFT,K,Approved,2020-08-27 10:46:00
0206614,10206614,0206614 Total (Diversion),Monthly,12,2020,0.0,ACFT,K,Approved,2021-04-22 14:01:00
0206614,10206614,0206614 Total (Diversion),Monthly,12,2021,1.578,ACFT,K,Approved,2022-09-14 15:18:00
0206614,10206614,0206614 Total (Diversion),Monthly,12,2022,10.202,ACFT,K,Approved,2023-11-06 07:33:00
0206614,10206614,0206614 Total (Diversion),Monthly,12,2023,2.934,ACFT,K,Approved,2024-06-24 15:10:00
0206614,10206614,0206614 Total (Diversion),Monthly,12,2024,0.0,ACFT,K,Approved,2025-01-22 16:38:00
0206637,10206637,0206637 Total (Diversion),Monthly,4,2012,76.39,ACFT,U,Approved,2013-04-11 08:14:00
0206637,10206637,0206637 Total (Diversion),Monthly,1,2015,0.1,ACFT,K,Approved,2016-06-15 13:01:00
0206637,10206637,0206637 Total (Diversion),Monthly,1,2016,1.0,ACFT,K,Approved,2017-05-15 11:01:00
0206637,10206637,0206637 Total (Diversion),Monthly,1,2017,0.12,ACFT,K,Approved,2018-04-06 09:56:00
0206637,10206637,0206637 Total (Diversion),Monthly,2,2018,87.75,ACFT,K,Approved,2019-04-18 12:31:00
0206637,10206637,0206637 Total (Diversion),Monthly,1,2019,0.09,ACFT,K,Approved,2020-09-30 20:16:00
0206637,10206637,0206637 Total (Diversion),Monthly,12,2020,75.06,ACFT,K,Approved,2021-04-22 14:01:00
0206637,10206637,0206637 Total (Diversion),Monthly,12,2021,1.5,ACFT,K,Approved,2022-09-14 15:18:00
0206637,10206637,0206637 Total (Diversion),Monthly,12,2022,29.5,ACFT,K,Approved,2023-11-06 07:26:00
0206637,10206637,0206637 Total (Diversion),Monthly,12,2023,4.66,ACFT,K,Approved,2024-03-26 13:51:00
0206637,10206637,0206637 Total (Diversion),Monthly,12,2024,6.06,ACFT,K,Approved,2025-01-22 16:39:00
0206643,10206643,0206643 Total (Diversion),Monthly,1,2012,12.05,ACFT,U,Approved,2013-04-11 08:14:00
0206643,10206643,0206643 Total (Diversion),Monthly,2,2016,0.5394,ACFT,K,Approved,2017-05-15 11:01:00
0206643,10206643,0206643 Total (Diversion),Monthly,12,2020,0.0,ACFT,K,Approved,2021-04-22 14:01:00
0206643,10206643,0206643 Total (Diversion),Monthly,12,2021,0.0,ACFT,K,Approved,2022-09-14 15:18:00
0206643,10206643,0206643 Total (Diversion),Monthly,12,2022,0.0,ACFT,K,Approved,2023-11-06 07:25:00
0206643,10206643,0206643 Total (Diversion),Monthly,12,2023,0.0,ACFT,K,Approved,2024-03-26 15:26:00
0206643,10206643,0206643 Total (Diversion),Monthly,12,2024,0.0,ACFT,K,Approved,2025-01-22 16:38:00
0206769,10206769,0206769 Total (Diversion),Monthly,1,2015,8.39,ACFT,*,Approved,2016-06-15 13:01:00
0206769,10206769,0206769 Total (Diversion),Monthly,2,2016,71.59,ACFT,K,Approved,2017-05-15 11:01:00
0206769,10206769,0206769 Total (Diversion),Monthly,2,2018,35.75,ACFT,*,Approved,2019-04-18 12:31:00
0206769,10206769,0206769 Total (Diversion),Monthly,12,2020,55.77,ACFT,K,Approved,2021-04-22 14:01:00
0206769,10206769,0206769 Total (Diversion),Monthly,11,2021,67.89,ACFT,K,Approved,2022-09-14 15:18:00
0206769,10206769,0206769 Total (Diversion),Monthly,12,2022,17.77,ACFT,K,Approved,2023-11-06 07:13:00
0206769,10206769,0206769 Total (Diversion),Monthly,12,2023,50.48,ACFT,K,Approved,2024-03-26 14:07:00
0206769,10206769,0206769 Total (Diversion),Monthly,12,2024,72.45,ACFT,K,Approved,2025-01-23 11:23:00
0206800,10206800,0206800 Total (Diversion),Monthly,1,2013,10.908,ACFT,K,Approved,2014-05-09 12:03:00
0206800,10206800,0206800 Total (Diversion),Monthly,4,2014,42.537,ACFT,K,Approved,2015-05-04 15:51:00
0206800,10206800,0206800 Total (Diversion),Monthly,8,2015,159.784,ACFT,K,Approved,2016-06-15 13:01:00
0206800,10206800,0206800 Total (Diversion),Monthly,7,2016,162.548,ACFT,k,Approved,2017-05-15 11:01:00
0206800,10206800,0206800 Total (Diversion),Monthly,8,2017,153.914,ACFT,k,Approved,2018-04-06 09:56:00
0206800,10206800,0206800 Total (Diversion),Monthly,6,2018,204.828,ACFT,k,Approved,2019-04-18 12:31:00
0206800,10206800,0206800 Total (Diversion),Monthly,12,2020,273.091,ACFT,K,Approved,2021-04-22 14:01:00
0206800,10206800,0206800 Total (Diversion),Monthly,12,2021,280.102,ACFT,K,Approved,2022-09-14 15:18:00
0206800,10206800,0206800 Total (Diversion),Monthly,12,2022,194.907,ACFT,K,Approved,2023-11-06 07:08:00
0206800,10206800,0206800 Total (Diversion),Monthly,12,2023,177.8538,ACFT,K,Approved,2024-03-26 16:22:00
0206800,10206800,0206800 Total (Diversion),Monthly,12,2024,231.4876,ACFT,K,Approved,2025-01-23 11:23:00
0207023,10207023,0207023 Total (Diversion),Monthly,12,2020,0.0,ACFT,K,Approved,2021-04-22 14:01:00
0207023,10207023,0207023 Total (Diversion),Monthly,12,2021,0.0,ACFT,K,Approved,2022-09-14 15:18:00
0207023,10207023,0207023 Total (Diversion),Monthly,12,2022,0.0,ACFT,K,Approved,2023-11-06 07:16:00
0207023,10207023,0207023 Total (Diversion),Monthly,12,2023,0.0,ACFT,K,Approved,2024-03-26 14:29:00
0207023,10207023,0207023 Total (Diversion),Monthly,12,2024,0.0,ACFT,K,Approved,2025-01-23 11:11:00
0207032,10207032,0207032 Total (Diversion),Monthly,12,2020,99.417,ACFT,K,Approved,2021-04-22 14:01:00
0207032,10207032,0207032 Total (Diversion),Monthly,12,2021,4.608,ACFT,K,Approved,2022-09-14 15:18:00
0207032,10207032,0207032 Total (Diversion),Monthly,12,2022,19.212,ACFT,K,Approved,2023-11-06 07:15:00
0207032,10207032,0207032 Total (Diversion),Monthly,12,2023,5.348,ACFT,K,Approved,2024-06-24 14:48:00
0207032,10207032,0207032 Total (Diversion),Monthly,12,2024,0.045,ACFT,K,Approved,2025-01-23 11:13:00
0207044,10207044,0207044 Total (Diversion),Monthly,12,2020,0.0,ACFT,K,Approved,2021-04-22 14:01:00
0207044,10207044,0207044 Total (Diversion),Monthly,12,2021,0.0,ACFT,K,Approved,2022-09-14 15:18:00
0207044,10207044,0207044 Total (Diversion),Monthly,12,2022,0.0,ACFT,K,Approved,2023-11-06 07:15:00
0207044,10207044,0207044 Total (Diversion),Monthly,12,2023,0.0,ACFT,K,Approved,2024-06-24 15:11:00
0207044,10207044,0207044 Total (Diversion),Monthly,12,2024,0.0,ACFT,K,Approved,2025-01-23 11:11:00
0207107,10207107,0207107 Total (Diversion),Monthly,3,2019,24.293,ACFT,K,Approved,2020-09-30 20:16:00
0207107,10207107,0207107 Total (Diversion),Monthly,12,2020,94.031,ACFT,K,Approved,2021-04-22 14:01:00
0207107,10207107,0207107 Total (Diversion),Monthly,12,2021,10.625,ACFT,K,Approved,2022-09-14 15:18:00
0207107,10207107,0207107 Total (Diversion),Monthly,12,2022,21.118,ACFT,K,Approved,2023-11-06 07:29:00
0207107,10207107,0207107 Total (Diversion),Monthly,12,2023,0.0,ACFT,K,Approved,2024-06-24 15:01:00
0207107,10207107,0207107 Total (Diversion),Monthly,12,2024,0.0,ACFT,K,Approved,2025-01-22 16:37:00
0207173,10207173,0207173 Total (Diversion),Monthly,8,2024,30.376,ACFT,K,Approved,2025-01-22 16:25:00
0207376,10207376,0207376 Total (Diversion),Monthly,4,2012,47.095,ACFT,U,Approved,2013-04-11 08:14:00
0207376,10207376,0207376 Total (Diversion),Monthly,2,2013,6.634,ACFT,K,Approved,2014-05-09 12:03:00
0207376,10207376,0207376 Total (Diversion),Monthly,2,2014,4.668,ACFT,K,Approved,2015-05-04 15:51:00
0207376,10207376,0207376 Total (Diversion),Monthly,2,2016,2.31,ACFT,K,Approved,2017-05-15 11:01:00
0207376,10207376,0207376 Total (Diversion),Monthly,1,2017,4.473,ACFT,K,Approved,2018-04-06 09:56:00
0207376,10207376,0207376 Total (Diversion),Monthly,2,2018,13.003,ACFT,K,Approved,2019-04-18 12:31:00
0207376,10207376,0207376 Total (Diversion),Monthly,3,2019,2.433,ACFT,K,Approved,2020-09-30 20:16:00
0207376,10207376,0207376 Total (Diversion),Monthly,12,2020,18.165,ACFT,K,Approved,2021-04-22 14:01:00
0207376,10207376,0207376 Total (Diversion),Monthly,12,2021,1.322,ACFT,K,Approved,2022-09-14 15:18:00
0207376,10207376,0207376 Total (Diversion),Monthly,12,2022,15.148,ACFT,K,Approved,2023-11-06 07:27:00
0207376,10207376,0207376 Total (Diversion),Monthly,12,2023,4.688,ACFT,K,Approved,2024-03-26 15:11:00
0207376,10207376,0207376 Total (Diversion),Monthly,12,2024,0.127,ACFT,K,Approved,2025-01-22 16:38:00
0207378,10207378,0207378 Total (Diversion),Monthly,2,2013,1.806,ACFT,K,Approved,2014-05-09 12:03:00
0207378,10207378,0207378 Total (Diversion),Monthly,3,2014,0.13,ACFT,K,Approved,2015-05-04 15:51:00
0207378,10207378,0207378 Total (Diversion),Monthly,7,2015,248.596,ACFT,K,Approved,2016-06-15 13:01:00
0207378,10207378,0207378 Total (Diversion),Monthly,6,2016,264.482,ACFT,k,Approved,2017-05-15 11:01:00
0207378,10207378,0207378 Total (Diversion),Monthly,9,2017,323.368,ACFT,k,Approved,2018-04-06 09:56:00
0207378,10207378,0207378 Total (Diversion),Monthly,6,2018,332.059,ACFT,k,Approved,2019-04-18 12:31:00
0207378,10207378,0207378 Total (Diversion),Monthly,12,2020,255.728,ACFT,K,Approved,2021-04-22 14:01:00
0207378,10207378,0207378 Total (Diversion),Monthly,12,2021,314.1952,ACFT,K,Approved,2022-09-14 15:18:00
0207378,10207378,0207378 Total (Diversion),Monthly,12,2022,126.2914,ACFT,K,Approved,2023-11-06 07:08:00
0207378,10207378,0207378 Total (Diversion),Monthly,12,2023,127.1066,ACFT,K,Approved,2024-03-26 14:46:00
0207378,10207378,0207378 Total (Diversion),Monthly,12,2024,8597.9461,ACFT,K,Approved,2025-01-23 11:23:00
0207380,10207380,0207380 Total (Diversion),Monthly,12,2020,461.148,ACFT,K,Approved,2021-04-22 14:01:00
0207380,10207380,0207380 Total (Diversion),Monthly,12,2021,482.561,ACFT,K,Approved,2022-09-14 15:18:00
0207380,10207380,0207380 Total (Diversion),Monthly,12,2022,258.796,ACFT,K,Approved,2023-11-06 11:13:00
0207380,10207380,0207380 Total (Diversion),Monthly,12,2023,331.763,ACFT,K,Approved,2024-03-26 15:13:00
0207380,10207380,0207380 Total (Diversion),Monthly,12,2024,398.821,ACFT,K,Approved,2025-01-23 11:24:00
0207382,10207382,0207382 Total (Diversion),Monthly,5,2013,167.602,ACFT,K,Approved,2014-05-09 12:03:00
0207382,10207382,0207382 Total (Diversion),Monthly,1,2021,0.0,ACFT,K,Approved,2022-09-14 15:18:00
0207382,10207382,0207382 Total (Diversion),Monthly,12,2022,55.263,ACFT,K,Approved,2023-11-06 07:18:00
0207382,10207382,0207382 Total (Diversion),Monthly,12,2023,111.771,ACFT,K,Approved,2024-03-26 13:38:00
0207382,10207382,0207382 Total (Diversion),Monthly,12,2024,129.914,ACFT,K,Approved,2025-01-23 11:23:00
0207599,10207599,0207599 Total (Diversion),Monthly,6,2016,92.034,ACFT,k,Approved,2017-05-15 11:01:00
0207599,10207599,0207599 Total (Diversion),Monthly,7,2017,87.805,ACFT,k,Approved,2018-04-06 09:56:00
0207599,10207599,0207599 Total (Diversion),Monthly,6,2018,88.912,ACFT,k,Approved,2019-04-18 12:31:00
0207599,10207599,0207599 Total (Diversion),Monthly,12,2020,56.175,ACFT,K,Approved,2021-04-22 14:01:00
0207599,10207599,0207599 Total (Diversion),Monthly,11,2021,95.556,ACFT,K,Approved,2022-09-14 15:18:00
0207599,10207599,0207599 Total (Diversion),Monthly,12,2022,82.922,ACFT,K,Approved,2023-11-06 07:08:00
0207599,10207599,0207599 Total (Diversion),Monthly,12,2023,72.849,ACFT,K,Approved,2024-03-26 15:20:00
0207599,10207599,0207599 Total (Diversion),Monthly,12,2024,104.659,ACFT,K,Approved,2025-01-23 11:23:00
0207743,10207743,0207743 Total (Diversion),Monthly,12,2022,0.0,ACFT,K,Approved,2023-11-07 08:47:00
0207743,10207743,0207743 Total (Diversion),Monthly,12,2023,1.733,ACFT,K,Approved,2024-06-24 15:02:00
0207743,10207743,0207743 Total (Diversion),Monthly,12,2024,0.0,ACFT,K,Approved,2025-01-22 16:41:00
0207744,10207744,0207744 Total (Diversion),Monthly,12,2022,0.0,ACFT,K,Approved,2023-11-06 07:18:00
0207744,10207744,0207744 Total (Diversion),Monthly,12,2023,0.0,ACFT,K,Approved,2024-06-24 15:02:00
0207744,10207744,0207744 Total (Diversion),Monthly,10,2024,0.0,ACFT,K,Approved,2025-01-22 16:41:00
0207757,10207757,0207757 Total (Diversion),Monthly,6,2012,98.605,ACFT,U,Approved,2013-04-11 08:14:00
0207757,10207757,0207757 Total (Diversion),Monthly,4,2013,106.128,ACFT,K,Approved,2014-05-09 12:03:00
0207757,10207757,0207757 Total (Diversion),Monthly,5,2014,54.827,ACFT,K,Approved,2015-05-04 15:51:00
0207757,10207757,0207757 Total (Diversion),Monthly,5,2015,81.871,ACFT,K,Approved,2016-06-15 13:01:00
0207757,10207757,0207757 Total (Diversion),Monthly,5,2016,56.648,ACFT,K,Approved,2017-05-15 11:01:00
0207757,10207757,0207757 Total (Diversion),Monthly,4,2017,67.288,ACFT,K,Approved,2018-04-06 09:56:00
0207757,10207757,0207757 Total (Diversion),Monthly,5,2018,73.518,ACFT,K,Approved,2019-04-18 12:31:00
0207757,10207757,0207757 Total (Diversion),Monthly,4,2019,70.16,ACFT,K,Approved,2020-08-27 10:46:00
0207757,10207757,0207757 Total (Diversion),Monthly,12,2020,64.058,ACFT,K,Approved,2021-04-22 14:01:00
0207757,10207757,0207757 Total (Diversion),Monthly,12,2021,64.682,ACFT,K,Approved,2022-09-14 15:18:00
0207757,10207757,0207757 Total (Diversion),Monthly,12,2022,70.605,ACFT,K,Approved,2023-11-06 07:11:00
0207757,10207757,0207757 Total (Diversion),Monthly,12,2023,38.49,ACFT,K,Approved,2024-03-26 16:01:00
0207757,10207757,0207757 Total (Diversion),Monthly,12,2024,110.25,ACFT,K,Approved,2025-01-22 16:35:00
0207938,10207938,0207938 Total (Diversion),Monthly,4,2012,1158.951,ACFT,U,Approved,2013-04-11 08:14:00
0207938,10207938,0207938 Total (Diversion),Monthly,5,2013,173.968,ACFT,K,Approved,2014-05-09 12:03:00
0207938,10207938,0207938 Total (Diversion),Monthly,4,2014,182.4,ACFT,K,Approved,2015-05-04 15:51:00
0207938,10207938,0207938 Total (Diversion),Monthly,7,2015,238.215,ACFT,K,Approved,2016-06-15 13:01:00
0207938,10207938,0207938 Total (Diversion),Monthly,3,2016,230.383,ACFT,K,Approved,2017-05-15 11:01:00
0207938,10207938,0207938 Total (Diversion),Monthly,9,2017,117.049,ACFT,K,Approved,2018-04-06 09:56:00
0207938,10207938,0207938 Total (Diversion),Monthly,2,2018,25.371,ACFT,K,Approved,2019-04-18 12:31:00
0207938,10207938,0207938 Total (Diversion),Monthly,2,2019,18.29,ACFT,K,Approved,2020-09-30 20:16:00
0207938,10207938,0207938 Total (Diversion),Monthly,3,2020,0.0,ACFT,K,Approved,2021-04-22 14:01:00
0207939,10207939,0207939 Total (Diversion),Monthly,5,2012,91.217,ACFT,U,Approved,2013-04-11 08:14:00
0207939,10207939,0207939 Total (Diversion),Monthly,2,2013,1.479,ACFT,K,Approved,2014-05-09 12:03:00
0207939,10207939,0207939 Total (Diversion),Monthly,2,2016,0.089,ACFT,K,Approved,2017-05-15 11:01:00
0207939,10207939,0207939 Total (Diversion),Monthly,1,2017,3.309,ACFT,K,Approved,2018-04-06 09:56:00
0207939,10207939,0207939 Total (Diversion),Monthly,1,2018,11.529,ACFT,K,Approved,2019-04-18 12:31:00
0207939,10207939,0207939 Total (Diversion),Monthly,1,2019,0.049,ACFT,K,Approved,2020-09-30 20:16:00
0207939,10207939,0207939 Total (Diversion),Monthly,12,2020,33.639,ACFT,K,Approved,2021-04-22 14:01:00
0207939,10207939,0207939 Total (Diversion),Monthly,12,2021,2.881,ACFT,K,Approved,2022-09-14 15:18:00
0207939,10207939,0207939 Total (Diversion),Monthly,12,2022,2.731,ACFT,K,Approved,2023-11-06 07:27:00
0207939,10207939,0207939 Total (Diversion),Monthly,12,2023,1.413,ACFT,K,Approved,2024-06-24 14:54:00
0207939,10207939,0207939 Total (Diversion),Monthly,12,2024,0.0,ACFT,K,Approved,2025-01-22 16:38:00
0208054,10208054,0208054 Total (Diversion),Monthly,12,2020,0.0,ACFT,K,Approved,2021-04-22 14:01:00
0208054,10208054,0208054 Total (Diversion),Monthly,12,2021,0.0,ACFT,K,Approved,2022-09-14 15:18:00
0208054,10208054,0208054 Total (Diversion),Monthly,12,2022,0.0,ACFT,K,Approved,2023-11-06 07:20:00
0208054,10208054,0208054 Total (Diversion),Monthly,12,2023,0.0,ACFT,K,Approved,2024-03-26 16:11:00
0208054,10208054,0208054 Total (Diversion),Monthly,12,2024,0.0,ACFT,K,Approved,2025-01-22 16:43:00
0208056,10208056,0208056 Total (Diversion),Monthly,1,2014,0.02,ACFT,K,Approved,2015-05-04 15:51:00
0208056,10208056,0208056 Total (Diversion),Monthly,4,2016,140.4467,ACFT,K,Approved,2017-05-15 11:01:00
0208056,10208056,0208056 Total (Diversion),Monthly,9,2017,223.3629,ACFT,K,Approved,2018-04-06 09:56:00
0208056,10208056,0208056 Total (Diversion),Monthly,7,2018,152.888,ACFT,K,Approved,2019-04-18 12:31:00
0208056,10208056,0208056 Total (Diversion),Monthly,12,2020,0.051,ACFT,K,Approved,2021-04-22 14:01:00
0208056,10208056,0208056 Total (Diversion),Monthly,12,2021,0.0,ACFT,K,Approved,2022-09-14 15:18:00
0208056,10208056,0208056 Total (Diversion),Monthly,12,2022,0.0,ACFT,K,Approved,2023-11-06 07:20:00
0208056,10208056,0208056 Total (Diversion),Monthly,12,2023,0.0,ACFT,K,Approved,2024-03-26 16:11:00
0208056,10208056,0208056 Total (Diversion),Monthly,12,2024,0.025,ACFT,K,Approved,2025-01-22 16:43:00
0208057,10208057,0208057 Total (Diversion),Monthly,7,2012,273.67,ACFT,U,Approved,2013-04-11 08:14:00
0208057,10208057,0208057 Total (Diversion),Monthly,5,2013,92.999,ACFT,K,Approved,2014-05-09 12:03:00
0208057,10208057,0208057 Total (Diversion),Monthly,7,2014,110.385,ACFT,K,Approved,2015-05-04 15:51:00
0208057,10208057,0208057 Total (Diversion),Monthly,6,2015,196.709,ACFT,K,Approved,2016-06-15 13:01:00
0208057,10208057,0208057 Total (Diversion),Monthly,8,2016,144.681,ACFT,K,Approved,2017-05-15 11:01:00
0208057,10208057,0208057 Total (Diversion),Monthly,6,2017,126.9692,ACFT,K,Approved,2018-04-06 09:56:00
0208057,10208057,0208057 Total (Diversion),Monthly,7,2018,181.602,ACFT,K,Approved,2019-04-18 12:31:00
0208057,10208057,0208057 Total (Diversion),Monthly,5,2019,150.634,ACFT,K,Approved,2020-09-30 20:16:00
0208057,10208057,0208057 Total (Diversion),Monthly,12,2020,158.2343,ACFT,K,Approved,2021-04-22 14:01:00
0208057,10208057,0208057 Total (Diversion),Monthly,12,2021,189.1569,ACFT,K,Approved,2022-09-14 15:18:00
0208057,10208057,0208057 Total (Diversion),Monthly,12,2022,182.2061,ACFT,K,Approved,2023-11-06 07:24:00
0208057,10208057,0208057 Total (Diversion),Monthly,12,2023,120.8631,ACFT,K,Approved,2024-03-26 16:02:00
0208057,10208057,0208057 Total (Diversion),Monthly,12,2024,200.0518,ACFT,K,Approved,2025-01-22 16:34:00
0208058,10208058,0208058 Total (Diversion),Monthly,1,2016,0.021,ACFT,K,Approved,2017-05-15 11:01:00
0208058,10208058,0208058 Total (Diversion),Monthly,5,2019,225.655,ACFT,K,Approved,2020-09-30 20:16:00
0208058,10208058,0208058 Total (Diversion),Monthly,12,2020,231.855,ACFT,K,Approved,2021-04-22 14:01:00
0208058,10208058,0208058 Total (Diversion),Monthly,12,2021,209.459,ACFT,K,Approved,2022-09-14 15:18:00
0208058,10208058,0208058 Total (Diversion),Monthly,12,2022,182.42,ACFT,K,Approved,2023-11-06 07:24:00
0208058,10208058,0208058 Total (Diversion),Monthly,12,2023,200.075,ACFT,K,Approved,2024-03-26 16:04:00
0208058,10208058,0208058 Total (Diversion),Monthly,12,2024,253.806,ACFT,K,Approved,2025-01-22 16:34:00
0208487,10208487,0208487 Total (Diversion),Monthly,12,2020,0.0,ACFT,K,Approved,2021-04-22 14:01:00
0208487,10208487,0208487 Total (Diversion),Monthly,11,2021,25.6119,ACFT,K,Approved,2022-09-14 15:18:00
0208487,10208487,0208487 Total (Diversion),Monthly,12,2022,64.0597,ACFT,K,Approved,2023-11-06 07:32:00
0208487,10208487,0208487 Total (Diversion),Monthly,12,2023,52.73,ACFT,K,Approved,2024-03-26 14:06:00
0208487,10208487,0208487 Total (Diversion),Monthly,12,2024,134.961,ACFT,K,Approved,2025-01-22 16:35:00
0208488,10208488,0208488 Total (Diversion),Monthly,6,2012,229.1924,ACFT,U,Approved,2013-04-11 08:14:00
0208488,10208488,0208488 Total (Diversion),Monthly,7,2013,215.605,ACFT,K,Approved,2014-05-09 12:03:00
0208488,10208488,0208488 Total (Diversion),Monthly,6,2014,387.179,ACFT,K,Approved,2015-05-04 15:51:00
0208488,10208488,0208488 Total (Diversion),Monthly,6,2015,350.804,ACFT,K,Approved,2016-06-15 13:01:00
0208488,10208488,0208488 Total (Diversion),Monthly,6,2016,372.412,ACFT,K,Approved,2017-05-15 11:01:00
0208488,10208488,0208488 Total (Diversion),Monthly,7,2017,442.871,ACFT,K,Approved,2018-04-06 09:56:00
0208488,10208488,0208488 Total (Diversion),Monthly,5,2018,174.533,ACFT,K,Approved,2019-04-18 12:31:00
0208488,10208488,0208488 Total (Diversion),Monthly,5,2019,38.343,ACFT,K,Approved,2020-08-27 10:46:00
0208488,10208488,0208488 Total (Diversion),Monthly,12,2020,600.02,ACFT,K,Approved,2021-04-22 14:01:00
0208488,10208488,0208488 Total (Diversion),Monthly,12,2021,600.801,ACFT,K,Approved,2022-09-14 15:18:00
0208488,10208488,0208488 Total (Diversion),Monthly,12,2022,365.607,ACFT,K,Approved,2023-11-06 11:38:00
0208488,10208488,0208488 Total (Diversion),Monthly,12,2023,270.11,ACFT,K,Approved,2024-03-26 15:16:00
0208488,10208488,0208488 Total (Diversion),Monthly,12,2024,413.175,ACFT,K,Approved,2025-01-22 16:35:00
0208528,10208528,0208528 Total (Diversion),Monthly,7,2012,188.747,ACFT,U,Approved,2013-04-11 08:14:00
0208528,10208528,0208528 Total (Diversion),Monthly,6,2013,116.11,ACFT,K,Approved,2014-05-09 12:03:00
0208528,10208528,0208528 Total (Diversion),Monthly,6,2014,89.11,ACFT,K,Approved,2015-05-04 15:51:00
0208528,10208528,0208528 Total (Diversion),Monthly,9,2015,81.619,ACFT,K,Approved,2016-06-15 13:01:00
0208528,10208528,0208528 Total (Diversion),Monthly,7,2016,7.179,ACFT,K,Approved,2017-05-15 11:01:00
0208528,10208528,0208528 Total (Diversion),Monthly,6,2017,49.602,ACFT,K,Approved,2018-04-06 09:56:00
0208528,10208528,0208528 Total (Diversion),Monthly,11,2018,99.951,ACFT,K,Approved,2019-04-18 12:31:00
0208528,10208528,0208528 Total (Diversion),Monthly,13,2019,76.581,ACFT,K,Approved,2020-09-30 20:16:00
0208528,10208528,0208528 Total (Diversion),Monthly,24,2020,115.543,ACFT,K,Approved,2021-04-22 14:01:00
0208528,10208528,0208528 Total (Diversion),Monthly,24,2021,115.527,ACFT,K,Approved,2022-09-14 15:18:00
0208528,10208528,0208528 Total (Diversion),Monthly,24,2022,77.65,ACFT,K,Approved,2023-11-06 07:29:00
0208528,10208528,0208528 Total (Diversion),Monthly,14,2023,24.3499,ACFT,K,Approved,2024-06-24 14:10:00
0208528,10208528,0208528 Total (Diversion),Monthly,24,2024,0.007,ACFT,K,Approved,2025-01-22 16:29:00
