wdid,waterClassNum,wcIdentifier,measInterval,measCount,dataMeasDate,dataValue,measUnits,obsCode,approvalStatus,modified
0205040,10205040,0205040 Total (Diversion),Monthly,6,2012,120.834,ACFT,U,Approved,2013-04-11 08:14:00
0205040,10205040,0205040 Total (Diversion),Monthly,3,2013,49.231,ACFT,K,Approved,2014-05-09 12:03:00
0205040,10205040,0205040 Total (Diversion),Monthly,6,2014,52.111,ACFT,K,Approved,2015-05-04 15:51:00
0205040,10205040,0205040 Total (Diversion),Monthly,4,2015,92.625,ACFT,K,Approved,2016-06-15 13:01:00
0205040,10205040,0205040 Total (Diversion),Monthly,6,2019,4.2896,ACFT,K,Approved,2020-09-30 20:16:00
0205040,10205040,0205040 Total (Diversion),Monthly,12,2020,0.8818,ACFT,K,Approved,2021-04-22 14:01:00
0205040,10205040,0205040 Total (Diversion),Monthly,12,2021,0.7647,ACFT,K,Approved,2022-09-14 15:18:00
0205040,10205040,0205040 Total (Diversion),Monthly,12,2022,0.9513,ACFT,K,Approved,2023-11-06 07:29:00
0205040,10205040,0205040 Total (Diversion),Monthly,12,2023,31.4175,ACFT,K,Approved,2024-06-24 15:02:00
0205040,10205040,0205040 Total (Diversion),Monthly,12,2024,1.3662,ACFT,K,Approved,2025-01-22 16:31:00
0205077,10205077,0205077 Total (Diversion),Monthly,12,2020,0.0,ACFT,K,Approved,2021-04-22 14:01:00
0205077,10205077,0205077 Total (Diversion),Monthly,12,2021,0.0,ACFT,K,Approved,2022-09-14 15:18:00
0205077,10205077,0205077 Total (Diversion),Monthly,8,2022,0.0,ACFT,K,Approved,2023-11-06 07:07:00
0205235,10205235,0205235 Total (Diversion),Monthly,1,2016,0.0691,ACFT,k,Approved,2017-05-15 11:01:00
0205235,10205235,0205235 Total (Diversion),Monthly,2,2017,2.3238,ACFT,k,Approved,2018-04-06 09:56:00
0205235,10205235,0205235 Total (Diversion),Monthly,4,2018,10.2292,ACFT,k,Approved,2019-04-18 12:31:00
0205235,10205235,0205235 Total (Diversion),Monthly,12,2020,23.424,ACFT,K,Approved,2021-04-22 14:01:00
0205235,10205235,0205235 Total (Diversion),Monthly,12,2021,19.025,ACFT,K,Approved,2022-09-14 15:18:00
0205235,10205235,0205235 Total (Diversion),Monthly,12,2022,24.926,ACFT,K,Approved,2023-11-06 07:07:00
0205235,10205235,0205235 Total (Diversion),Monthly,12,2023,21.693,ACFT,K,Approved,2024-03-26 14:51:00
0205235,10205235,0205235 Total (Diversion),Monthly,12,2024,48.942,ACFT,K,Approved,2025-01-23 11:22:00
0205657,10205657,0205657 Total (Diversion),Monthly,3,2012,20.047,ACFT,U,Approved,2013-04-11 08:14:00
0205657,10205657,0205657 Total (Diversion),Monthly,1,2015,3.882,ACFT,K,Approved,2016-06-15 13:01:00
0205657,10205657,0205657 Total (Diversion),Monthly,1,2016,0.051,ACFT,K,Approved,2017-05-15 11:01:00
0205657,10205657,0205657 Total (Diversion),Monthly,1,2017,6.855,ACFT,K,Approved,2018-04-06 09:56:00
0205657,10205657,0205657 Total (Diversion),Monthly,2,2018,4.826,ACFT,K,Approved,2019-04-18 12:31:00
0205657,10205657,0205657 Total (Diversion),Monthly,1,2019,9.492,ACFT,K,Approved,2020-08-27 10:46:00
0205657,10205657,0205657 Total (Diversion),Monthly,12,2020,38.275,ACFT,K,Approved,2021-04-22 14:01:00
0205657,10205657,0205657 Total (Diversion),Monthly,12,2021,8.535,ACFT,K,Approved,2022-09-14 15:18:00
0205657,10205657,0205657 Total (Diversion),Monthly,12,2022,12.934,ACFT,K,Approved,2023-11-06 07:19:00
0205657,10205657,0205657 Total (Diversion),Monthly,12,2023,29.609,ACFT,K,Approved,2024-03-26 14:57:00
0205657,10205657,0205657 Total (Diversion),Monthly,12,2024,84.271,ACFT,K,Approved,2025-01-22 16:30:00
0205827,10205827,0205827 Total (Diversion),Monthly,2,2014,21.7,ACFT,K,Approved,2015-05-04 15:51:00
0205827,10205827,0205827 Total (Diversion),Monthly,5,2015,71.16,ACFT,K,Approved,2016-06-15 13:01:00
0205827,10205827,0205827 Total (Diversion),Monthly,5,2016,81.1588,ACFT,k,Approved,2017-05-15 11:01:00
0205827,10205827,0205827 Total (Diversion),Monthly,5,2017,84.3015,ACFT,k,Approved,2018-04-06 09:56:00
0205827,10205827,0205827 Total (Diversion),Monthly,5,2018,102.2388,ACFT,k,Approved,2019-04-18 12:31:00
0205827,10205827,0205827 Total (Diversion),Monthly,12,2020,107.5111,ACFT,K,Approved,2021-04-22 14:01:00
0205827,10205827,0205827 Total (Diversion),Monthly,12,2021,76.8017,ACFT,K,Approved,2022-09-14 15:18:00
0205827,10205827,0205827 Total (Diversion),Monthly,12,2022,52.8711,ACFT,K,Approved,2023-10-25 15:46:00
0205827,10205827,0205827 Total (Diversion),Monthly,12,2023,57.2651,ACFT,K,Approved,2024-03-26 13:25:00
0205827,10205827,0205827 Total (Diversion),Monthly,12,2024,72.9702,ACFT,K,Approved,2025-01-23 11:22:00
0205828,10205828,0205828 Total (Diversion),Monthly,11,2020,0.0,ACFT,K,Approved,2021-04-22 14:01:00
0205828,10205828,0205828 Total (Diversion),Monthly,10,2021,0.0,ACFT,K,Approved,2022-09-14 15:18:00
0205828,10205828,0205828 Total (Diversion),Monthly,12,2022,0.0,ACFT,K,Approved,2023-11-07 08:42:00
0205828,10205828,0205828 Total (Diversion),Monthly,12,2023,0.0,ACFT,K,Approved,2024-03-26 13:53:00
0205828,10205828,0205828 Total (Diversion),Monthly,12,2024,0.0,ACFT,K,Approved,2025-01-23 11:10:00
0205921,10205921,0205921 Total (Diversion),Monthly,2,2012,9.719,ACFT,U,Approved,2013-04-11 08:14:00
0205921,10205921,0205921 Total (Diversion),Monthly,2,2013,4.775,ACFT,K,Approved,2014-05-09 12:03:00
0205921,10205921,0205921 Total (Diversion),Monthly,5,2014,15.103,ACFT,K,Approved,2015-05-04 15:51:00
0205921,10205921,0205921 Total (Diversion),Monthly,3,2015,10.921,ACFT,K,Approved,2016-06-15 13:01:00
0205921,10205921,0205921 Total (Diversion),Monthly,3,2016,28.7611,ACFT,K,Approved,2017-05-15 11:01:00
0205921,10205921,0205921 Total (Diversion),Monthly,3,2017,4.7327,ACFT,K,Approved,2018-04-06 09:56:00
0205921,10205921,0205921 Total (Diversion),Monthly,3,2018,44.3833,ACFT,K,Approved,2019-04-18 12:31:00
0205921,10205921,0205921 Total (Diversion),Monthly,3,2019,58.4076,ACFT,K,Approved,2020-09-30 20:16:00
0205921,10205921,0205921 Total (Diversion),Monthly,11,2020,40.976,ACFT,K,Approved,2021-04-22 14:01:00
0205921,10205921,0205921 Total (Diversion),Monthly,12,2021,0.001,ACFT,K,Approved,2022-09-14 15:18:00
0205921,10205921,0205921 Total (Diversion),Monthly,12,2022,40.333,ACFT,K,Approved,2023-11-06 07:31:00
0205921,10205921,0205921 Total (Diversion),Monthly,12,2023,0.051,ACFT,K,Approved,2024-03-26 15:03:00
0205921,10205921,0205921 Total (Diversion),Monthly,12,2024,101.603,ACFT,K,Approved,2025-01-22 16:40:00
0205925,10205925,0205925 Total (Diversion),Monthly,2,2012,34.16,ACFT,U,Approved,2013-04-11 08:14:00
0205925,10205925,0205925 Total (Diversion),Monthly,1,2014,7.98,ACFT,K,Approved,2015-05-04 15:51:00
0205925,10205925,0205925 Total (Diversion),Monthly,1,2015,0.1,ACFT,K,Approved,2016-06-15 13:01:00
0205925,10205925,0205925 Total (Diversion),Monthly,1,2016,0.05,ACFT,K,Approved,2017-05-15 11:01:00
0205925,10205925,0205925 Total (Diversion),Monthly,1,2017,6.0,ACFT,K,Approved,2018-04-06 09:56:00
0205925,10205925,0205925 Total (Diversion),Monthly,2,2019,14.11,ACFT,K,Approved,2020-08-27 10:46:00
0205925,10205925,0205925 Total (Diversion),Monthly,12,2020,0.0,ACFT,K,Approved,2021-04-22 14:01:00
0205925,10205925,0205925 Total (Diversion),Monthly,12,2021,0.0,ACFT,K,Approved,2022-09-14 15:18:00
0205925,10205925,0205925 Total (Diversion),Monthly,12,2022,36.0,ACFT,K,Approved,2023-11-06 07:31:00
0205925,10205925,0205925 Total (Diversion),Monthly,12,2023,13.328,ACFT,K,Approved,2024-03-26 13:31:00
0205925,10205925,0205925 Total (Diversion),Monthly,12,2024,0.001,ACFT,K,Approved,2025-01-22 16:41:00
0205926,10205926,0205926 Total (Diversion),Monthly,7,2012,92.274,ACFT,U,Approved,2013-04-11 08:14:00
0205926,10205926,0205926 Total (Diversion),Monthly,2,2013,33.482,ACFT,K,Approved,2014-05-09 12:03:00
0205926,10205926,0205926 Total (Diversion),Monthly,5,2014,55.228,ACFT,K,Approved,2015-05-04 15:51:00
0205926,10205926,0205926 Total (Diversion),Monthly,3,2015,69.557,ACFT,K,Approved,2016-06-15 13:01:00
0205926,10205926,0205926 Total (Diversion),Monthly,5,2016,79.1466,ACFT,K,Approved,2017-05-15 11:01:00
0205926,10205926,0205926 Total (Diversion),Monthly,4,2017,71.6806,ACFT,K,Approved,2018-04-06 09:56:00
0205926,10205926,0205926 Total (Diversion),Monthly,3,2018,48.9737,ACFT,K,Approved,2019-04-18 12:31:00
0205926,10205926,0205926 Total (Diversion),Monthly,2,2019,102.4295,ACFT,K,Approved,2020-09-30 20:16:00
0205926,10205926,0205926 Total (Diversion),Monthly,12,2020,72.2606,ACFT,K,Approved,2021-04-22 14:01:00
0205926,10205926,0205926 Total (Diversion),Monthly,12,2021,111.189,ACFT,K,Approved,2022-09-14 15:18:00
0205926,10205926,0205926 Total (Diversion),Monthly,12,2022,118.142,ACFT,K,Approved,2023-11-06 07:24:00
0205926,10205926,0205926 Total (Diversion),Monthly,12,2023,84.238,ACFT,K,Approved,2024-03-26 15:10:00
0205926,10205926,0205926 Total (Diversion),Monthly,12,2024,138.608,ACFT,K,Approved,2025-01-22 16:34:00
0205929,10205929,0205929 Total (Diversion),Monthly,7,2012,476.275,ACFT,U,Approved,2013-04-11 08:14:00
0205929,10205929,0205929 Total (Diversion),Monthly,2,2013,11.96,ACFT,K,Approved,2014-05-09 12:03:00
0205929,10205929,0205929 Total (Diversion),Monthly,5,2014,24.319,ACFT,K,Approved,2015-05-04 15:51:00
0205929,10205929,0205929 Total (Diversion),Monthly,2,2015,33.667,ACFT,K,Approved,2016-06-15 13:01:00
0205929,10205929,0205929 Total (Diversion),Monthly,5,2016,49.871,ACFT,K,Approved,2017-05-15 11:01:00
0205929,10205929,0205929 Total (Diversion),Monthly,6,2017,72.353,ACFT,K,Approved,2018-04-06 09:56:00
0205929,10205929,0205929 Total (Diversion),Monthly,3,2018,24.642,ACFT,K,Approved,2019-04-18 12:31:00
0205929,10205929,0205929 Total (Diversion),Monthly,4,2019,56.958,ACFT,K,Approved,2020-09-30 20:16:00
0205929,10205929,0205929 Total (Diversion),Monthly,12,2020,74.107,ACFT,K,Approved,2021-04-22 14:01:00
0205929,10205929,0205929 Total (Diversion),Monthly,12,2021,55.273,ACFT,K,Approved,2022-09-14 15:18:00
0205929,10205929,0205929 Total (Diversion),Monthly,12,2022,36.79,ACFT,K,Approved,2023-11-06 07:20:00
0205929,10205929,0205929 Total (Diversion),Monthly,12,2023,24.78,ACFT,K,Approved,2024-03-26 16:23:00
0205929,10205929,0205929 Total (Diversion),Monthly,12,2024,69.728,ACFT,K,Approved,2025-01-22 16:43:00
0205930,10205930,0205930 Total (Diversion),Monthly,3,2012,15.88,ACFT,U,Approved,2013-04-11 08:14:00
0205930,10205930,0205930 Total (Diversion),Monthly,2,2014,2.84,ACFT,K,Approved,2015-05-04 15:51:00
0205930,10205930,0205930 Total (Diversion),Monthly,1,2016,0.0936,ACFT,K,Approved,2017-05-15 11:01:00
0205930,10205930,0205930 Total (Diversion),Monthly,1,2018,0.8705,ACFT,*,Approved,2019-04-18 12:31:00
0205930,10205930,0205930 Total (Diversion),Monthly,12,2020,7.9962,ACFT,K,Approved,2021-04-22 14:01:00
0205930,10205930,0205930 Total (Diversion),Monthly,12,2021,0.0,ACFT,K,Approved,2022-09-14 15:18:00
0205930,10205930,0205930 Total (Diversion),Monthly,12,2022,0.0,ACFT,K,Approved,2023-11-06 07:19:00
0205930,10205930,0205930 Total (Diversion),Monthly,12,2023,0.0,ACFT,K,Approved,2024-03-26 13:29:00
0205930,10205930,0205930 Total (Diversion),Monthly,12,2024,0.06,ACFT,K,Approved,2025-01-22 16:40:00
0206023,10206023,0206023 Total (Diversion),Monthly,6,2012,33.483,ACFT,U,Approved,2013-04-11 08:14:00
0206023,10206023,0206023 Total (Diversion),Monthly,6,2013,6.392,ACFT,K,Approved,2014-05-09 12:03:00
0206023,10206023,0206023 Total (Diversion),Monthly,6,2014,10.386,ACFT,K,Approved,2015-05-04 15:51:00
0206023,10206023,0206023 Total (Diversion),Monthly,6,2015,9.761,ACFT,K,Approved,2016-06-15 13:01:00
0206023,10206023,0206023 Total (Diversion),Monthly,6,2016,8.121,ACFT,K,Approved,2017-05-15 11:01:00
0206023,10206023,0206023 Total (Diversion),Monthly,8,2017,5.5693,ACFT,K,Approved,2018-04-06 09:56:00
0206023,10206023,0206023 Total (Diversion),Monthly,7,2018,6.493,ACFT,K,Approved,2019-04-18 12:31:00
0206023,10206023,0206023 Total (Diversion),Monthly,7,2019,6.068,ACFT,K,Approved,2020-09-30 20:16:00
0206023,10206023,0206023 Total (Diversion),Monthly,12,2020,7.287,ACFT,K,Approved,2021-04-22 14:01:00
0206023,10206023,0206023 Total (Diversion),Monthly,12,2021,6.702,ACFT,K,Approved,2022-09-14 15:18:00
0206023,10206023,0206023 Total (Diversion),Monthly,12,2022,6.768,ACFT,K,Approved,2023-11-06 07:31:00
0206023,10206023,0206023 Total (Diversion),Monthly,12,2023,5.457,ACFT,K,Approved,2024-03-26 15:59:00
0206023,10206023,0206023 Total (Diversion),Monthly,12,2024,7.119,ACFT,K,Approved,2025-01-22 16:39:00
0206024,10206024,0206024 Total (Diversion),Monthly,12,2020,0.0,ACFT,K,Approved,2021-04-22 14:01:00
0206024,10206024,0206024 Total (Diversion),Monthly,12,2021,0.0,ACFT,K,Approved,2022-09-14 15:18:00
0206024,10206024,0206024 Total (Diversion),Monthly,12,2022,0.0,ACFT,K,Approved,2023-11-07 08:43:00
0206024,10206024,0206024 Total (Diversion),Monthly,12,2023,3.992,ACFT,K,Approved,2024-03-26 13:57:00
0206024,10206024,0206024 Total (Diversion),Monthly,12,2024,0.079,ACFT,K,Approved,2025-01-23 11:09:00
0206025,10206025,0206025 Total (Diversion),Monthly,1,2015,0.089,ACFT,K,Approved,2016-06-15 13:01:00
0206025,10206025,0206025 Total (Diversion),Monthly,1,2019,0.087,ACFT,K,Approved,2020-09-30 20:16:00
0206025,10206025,0206025 Total (Diversion),Monthly,12,2020,0.098,ACFT,K,Approved,2021-04-22 14:01:00
0206025,10206025,0206025 Total (Diversion),Monthly,12,2021,0.0,ACFT,K,Approved,2022-09-14 15:18:00
0206025,10206025,0206025 Total (Diversion),Monthly,12,2022,0.0,ACFT,K,Approved,2023-11-06 07:31:00
0206025,10206025,0206025 Total (Diversion),Monthly,12,2023,0.0,ACFT,K,Approved,2024-03-26 16:00:00
0206025,10206025,0206025 Total (Diversion),Monthly,12,2024,0.0,ACFT,K,Approved,2025-01-22 16:39:00
0206026,10206026,0206026 Total (Diversion),Monthly,1,2014,7.373,ACFT,K,Approved,2015-05-04 15:51:00
0206026,10206026,0206026 Total (Diversion),Monthly,3,2015,14.902,ACFT,K,Approved,2016-06-15 13:01:00
0206026,10206026,0206026 Total (Diversion),Monthly,1,2016,4.5685,ACFT,K,Approved,2017-05-15 11:01:00
0206026,10206026,0206026 Total (Diversion),Monthly,1,2017,0.0456,ACFT,K,Approved,2018-04-06 09:56:00
0206026,10206026,0206026 Total (Diversion),Monthly,1,2018,0.0328,ACFT,K,Approved,2019-04-18 12:31:00
0206026,10206026,0206026 Total (Diversion),Monthly,2,2019,0.1595,ACFT,K,Approved,2020-09-30 20:16:00
0206026,10206026,0206026 Total (Diversion),Monthly,12,2020,7.926,ACFT,K,Approved,2021-04-22 14:01:00
0206026,10206026,0206026 Total (Diversion),Monthly,12,2021,0.079,ACFT,K,Approved,2022-09-14 15:18:00
0206026,10206026,0206026 Total (Diversion),Monthly,12,2022,0.0,ACFT,K,Approved,2023-11-06 07:31:00
0206026,10206026,0206026 Total (Diversion),Monthly,12,2023,0.0,ACFT,K,Approved,2024-03-26 15:19:00
0206026,10206026,0206026 Total (Diversion),Monthly,12,2024,0.0,ACFT,K,Approved,2025-01-22 16:39:00
0206104,10206104,0206104 Total (Diversion),Monthly,1,2012,5.46,ACFT,U,Approved,2013-04-11 08:14:00
0206104,10206104,0206104 Total (Diversion),Monthly,2,2013,5.15,ACFT,K,Approved,2014-05-09 12:03:00
0206104,10206104,0206104 Total (Diversion),Monthly,3,2014,2.12,ACFT,K,Approved,2015-05-04 15:51:00
0206104,10206104,0206104 Total (Diversion),Monthly,3,2015,9.09,ACFT,K,Approved,2016-06-15 13:01:00
0206104,10206104,0206104 Total (Diversion),Monthly,2,2016,2.04,ACFT,K,Approved,2017-05-15 11:01:00
0206104,10206104,0206104 Total (Diversion),Monthly,3,2017,9.46,ACFT,K,Approved,2018-04-06 09:56:00
0206104,10206104,0206104 Total (Diversion),Monthly,2,2018,1.27,ACFT,K,Approved,2019-04-18 12:31:00
0206104,10206104,0206104 Total (Diversion),Monthly,1,2019,0.06,ACFT,K,Approved,2020-08-27 10:46:00
0206104,10206104,0206104 Total (Diversion),Monthly,12,2020,0.0,ACFT,K,Approved,2021-04-22 14:01:00
0206104,10206104,0206104 Total (Diversion),Monthly,12,2021,0.0,ACFT,K,Approved,2022-09-14 15:18:00
0206104,10206104,0206104 Total (Diversion),Monthly,12,2022,0.0,ACFT,K,Approved,2023-11-06 07:20:00
0206104,10206104,0206104 Total (Diversion),Monthly,12,2023,0.0,ACFT,K,Approved,2024-03-26 13:28:00
0206104,10206104,0206104 Total (Diversion),Monthly,12,2024,0.0,ACFT,K,Approved,2025-01-22 16:43:00
0206105,10206105,0206105 Total (Diversion),Daily,42,2012,202.0474,ACFT,K,Approved,2013-04-11 08:11:00
0206105,10206105,0206105 Total (Diversion),Monthly,1,2012,5.391,ACFT,U,Approved,2013-04-11 08:14:00
0206105,10206105,0206105 Total (Diversion),Daily,26,2013,106.4245,ACFT,K,Approved,2014-05-09 12:01:00
0206105,10206105,0206105 Total (Diversion),Monthly,2,2015,25.892,ACFT,K,Approved,2016-06-15 13:01:00
0206105,10206105,0206105 Total (Diversion),Monthly,4,2016,3.203,ACFT,K,Approved,2017-05-15 11:01:00
0206105,10206105,0206105 Total (Diversion),Daily,10,2018,38.7576,ACFT,K,Approved,2019-04-18 12:30:00
0206105,10206105,0206105 Total (Diversion),Daily,16,2019,138.845,ACFT,K,Approved,2020-08-10 07:30:00
0206105,10206105,0206105 Total (Diversion),Daily,31,2020,143.3277,ACFT,K,Approved,2021-04-22 14:01:00
0206105,10206105,0206105 Total (Diversion),Daily,63,2021,291.7292,ACFT,K,Approved,2022-09-14 15:17:00
0206105,10206105,0206105 Total (Diversion),Monthly,12,2021,0.0,ACFT,K,Approved,2022-09-14 15:18:00
0206105,10206105,0206105 Total (Diversion),Daily,63,2022,297.6387,ACFT,K,Approved,2023-04-11 08:52:00
0206105,10206105,0206105 Total (Diversion),Monthly,12,2022,0.0,ACFT,K,Approved,2023-11-06 07:20:00
0206105,10206105,0206105 Total (Diversion),Monthly,12,2023,58.778,ACFT,K,Approved,2024-03-26 15:00:00
0206105,10206105,0206105 Total (Diversion),Daily,365,2023,161.1582,ACFT,K,Approved,2024-01-18 11:00:00
0206105,10206105,0206105 Total (Diversion),Monthly,12,2024,9.971,ACFT,K,Approved,2025-01-22 16:43:00
0206105,10206105,0206105 Total (Diversion),Daily,366,2024,0.0,ACFT,K,Approved,2025-05-27 16:20:00
0206106,10206106,0206106 Total (Diversion),Monthly,3,2017,0.094,ACFT,k,Approved,2018-04-06 09:56:00
0206106,10206106,0206106 Total (Diversion),Monthly,1,2018,2.353,ACFT,k,Approved,2019-04-18 12:31:00
0206106,10206106,0206106 Total (Diversion),Monthly,12,2020,25.817,ACFT,K,Approved,2021-04-22 14:01:00
0206106,10206106,0206106 Total (Diversion),Monthly,12,2021,2.648,ACFT,K,Approved,2022-09-14 15:18:00
0206106,10206106,0206106 Total (Diversion),Monthly,12,2022,1.455,ACFT,K,Approved,2023-11-06 07:33:00
0206106,10206106,0206106 Total (Diversion),Monthly,12,2023,0.334,ACFT,K,Approved,2024-06-24 14:59:00
0206106,10206106,0206106 Total (Diversion),Monthly,12,2024,1.326,ACFT,K,Approved,2025-01-23 11:14:00
0206107,10206107,0206107 Total (Diversion),Monthly,2,2013,4.13,ACFT,K,Approved,2014-05-09 12:03:00
0206107,10206107,0206107 Total (Diversion),Monthly,3,2014,5.542,ACFT,K,Approved,2015-05-04 15:51:00
0206107,10206107,0206107 Total (Diversion),Monthly,4,2015,16.572,ACFT,K,Approved,2016-06-15 13:01:00
0206107,10206107,0206107 Total (Diversion),Monthly,4,2016,9.8423,ACFT,k,Approved,2017-05-15 11:01:00
0206107,10206107,0206107 Total (Diversion),Monthly,3,2017,19.1111,ACFT,k,Approved,2018-04-06 09:56:00
0206107,10206107,0206107 Total (Diversion),Monthly,3,2018,34.4847,ACFT,k,Approved,2019-04-18 12:31:00
0206107,10206107,0206107 Total (Diversion),Monthly,12,2020,2.095,ACFT,K,Approved,2021-04-22 14:01:00
0206107,10206107,0206107 Total (Diversion),Monthly,11,2021,1.468,ACFT,K,Approved,2022-09-14 15:18:00
0206107,10206107,0206107 Total (Diversion),Monthly,12,2022,0.627,ACFT,K,Approved,2023-11-06 07:31:00
0206107,10206107,0206107 Total (Diversion),Monthly,12,2023,0.986,ACFT,K,Approved,2024-03-26 13:03:00
0206107,10206107,0206107 Total (Diversion),Monthly,12,2024,3.061,ACFT,K,Approved,2025-01-23 11:16:00
0206108,10206108,0206108 Total (Diversion),Monthly,5,2012,23.19,ACFT,U,Approved,2013-04-11 08:14:00
0206108,10206108,0206108 Total (Diversion),Monthly,2,2013,4.0,ACFT,K,Approved,2014-05-09 12:03:00
0206108,10206108,0206108 Total (Diversion),Monthly,3,2014,5.79,ACFT,K,Approved,2015-05-04 15:51:00
0206108,10206108,0206108 Total (Diversion),Monthly,4,2015,12.64,ACFT,K,Approved,2016-06-15 13:01:00
0206108,10206108,0206108 Total (Diversion),Monthly,2,2016,1.26,ACFT,K,Approved,2017-05-15 11:01:00
0206108,10206108,0206108 Total (Diversion),Monthly,2,2017,8.92,ACFT,K,Approved,2018-04-06 09:56:00
0206108,10206108,0206108 Total (Diversion),Monthly,2,2018,2.07,ACFT,K,Approved,2019-04-18 12:31:00
0206108,10206108,0206108 Total (Diversion),Monthly,3,2019,1.42,ACFT,K,Approved,2020-08-27 10:46:00
0206108,10206108,0206108 Total (Diversion),Monthly,12,2020,5.19,ACFT,K,Approved,2021-04-22 14:01:00
0206108,10206108,0206108 Total (Diversion),Monthly,12,2021,0.73,ACFT,K,Approved,2022-09-14 15:18:00
0206108,10206108,0206108 Total (Diversion),Monthly,12,2022,0.85,ACFT,K,Approved,2023-11-06 07:26:00
0206108,10206108,0206108 Total (Diversion),Monthly,12,2023,0.5452,ACFT,K,Approved,2024-03-26 13:28:00
0206108,10206108,0206108 Total (Diversion),Monthly,12,2024,2.1136,ACFT,K,Approved,2025-01-22 16:38:00
0206406,10206406,0206406 Total (Diversion),Monthly,1,2015,30.52,ACFT,K,Approved,2016-06-15 13:01:00
0206406,10206406,0206406 Total (Diversion),Monthly,1,2016,12.45,ACFT,k,Approved,2017-05-15 11:01:00
0206406,10206406,0206406 Total (Diversion),Monthly,5,2017,63.74,ACFT,k,Approved,2018-04-06 09:56:00
0206406,10206406,0206406 Total (Diversion),Monthly,3,2018,140.6,ACFT,k,Approved,2019-04-18 12:31:00
0206406,10206406,0206406 Total (Diversion),Monthly,12,2020,133.08,ACFT,K,Approved,2021-04-22 14:01:00
0206406,10206406,0206406 Total (Diversion),Monthly,11,2021,124.32,ACFT,K,Approved,2022-09-14 15:18:00
0206406,10206406,0206406 Total (Diversion),Monthly,12,2022,173.35,ACFT,K,Approved,2023-11-06 11:13:00
0206406,10206406,0206406 Total (Diversion),Monthly,12,2023,134.3,ACFT,K,Approved,2024-03-26 14:05:00
0206406,10206406,0206406 Total (Diversion),Monthly,12,2024,137.74,ACFT,K,Approved,2025-01-23 11:23:00
0206480,10206480,0206480 Total (Diversion),Monthly,2,2013,49.123,ACFT,K,Approved,2014-05-09 12:03:00
0206480,10206480,0206480 Total (Diversion),Monthly,3,2014,55.768,ACFT,K,Approved,2015-05-04 15:51:00
0206480,10206480,0206480 Total (Diversion),Monthly,3,2015,124.023,ACFT,K,Approved,2016-06-15 13:01:00
0206480,10206480,0206480 Total (Diversion),Monthly,5,2016,112.291,ACFT,K,Approved,2017-05-15 11:01:00
0206480,10206480,0206480 Total (Diversion),Monthly,4,2017,86.938,ACFT,K,Approved,2018-04-06 09:56:00
0206480,10206480,0206480 Total (Diversion),Monthly,2,2018,62.1,ACFT,K,Approved,2019-04-18 12:31:00
0206480,10206480,0206480 Total (Diversion),Monthly,4,2019,88.479,ACFT,K,Approved,2020-08-27 10:46:00
0206480,10206480,0206480 Total (Diversion),Monthly,12,2020,66.407,ACFT,K,Approved,2021-04-22 14:01:00
0206480,10206480,0206480 Total (Diversion),Monthly,12,2021,0.0,ACFT,K,Approved,2022-09-14 15:18:00
0206480,10206480,0206480 Total (Diversion),Monthly,12,2022,9.702,ACFT,K,Approved,2023-11-06 07:19:00
0206480,10206480,0206480 Total (Diversion),Monthly,12,2023,0.0,ACFT,K,Approved,2024-03-26 14:56:00
0206480,10206480,0206480 Total (Diversion),Monthly,12,2024,37.798,ACFT,K,Approved,2025-01-22 16:43:00
0206485,10206485,0206485 Total (Diversion),Monthly,2,2019,2.491,ACFT,K,Approved,2020-08-27 10:46:00
0206485,10206485,0206485 Total (Diversion),Monthly,12,2020,9.331,ACFT,K,Approved,2021-04-22 14:01:00
0206485,10206485,0206485 Total (Diversion),Monthly,5,2021,0.0,ACFT,K,Approved,2022-09-14 15:18:00
0206636,10206636,0206636 Total (Diversion),Monthly,1,2015,6.542,ACFT,K,Approved,2016-06-15 13:01:00
0206636,10206636,0206636 Total (Diversion),Monthly,2,2016,4.64,ACFT,K,Approved,2017-05-15 11:01:00
0206636,10206636,0206636 Total (Diversion),Monthly,2,2018,4.484,ACFT,K,Approved,2019-04-18 12:31:00
0206636,10206636,0206636 Total (Diversion),Monthly,1,2019,8.094,ACFT,K,Approved,2020-08-27 10:46:00
0206636,10206636,0206636 Total (Diversion),Monthly,12,2020,0.04,ACFT,K,Approved,2021-04-22 14:01:00
0206636,10206636,0206636 Total (Diversion),Monthly,12,2021,0.092,ACFT,K,Approved,2022-09-14 15:18:00
0206636,10206636,0206636 Total (Diversion),Monthly,12,2022,0.0,ACFT,K,Approved,2023-11-06 07:32:00
0206636,10206636,0206636 Total (Diversion),Monthly,12,2023,0.0,ACFT,K,Approved,2024-03-26 13:27:00
0206636,10206636,0206636 Total (Diversion),Monthly,12,2024,0.0,ACFT,K,Approved,2025-01-22 16:35:00
0206687,10206687,0206687 Total (Diversion),Monthly,2,2013,5.276,ACFT,K,Approved,2014-05-09 12:03:00
0206687,10206687,0206687 Total (Diversion),Monthly,3,2014,12.92,ACFT,K,Approved,2015-05-04 15:51:00
0206687,10206687,0206687 Total (Diversion),Monthly,3,2015,38.604,ACFT,K,Approved,2016-06-15 13:01:00
0206687,10206687,0206687 Total (Diversion),Monthly,4,2016,28.354,ACFT,k,Approved,2017-05-15 11:01:00
0206687,10206687,0206687 Total (Diversion),Monthly,4,2017,25.451,ACFT,k,Approved,2018-04-06 09:56:00
0206687,10206687,0206687 Total (Diversion),Monthly,4,2018,59.538,ACFT,k,Approved,2019-04-18 12:31:00
0206687,10206687,0206687 Total (Diversion),Monthly,12,2020,73.178,ACFT,K,Approved,2021-04-22 14:01:00
0206687,10206687,0206687 Total (Diversion),Monthly,12,2021,60.039,ACFT,K,Approved,2022-09-14 15:18:00
0206687,10206687,0206687 Total (Diversion),Monthly,12,2022,48.637,ACFT,K,Approved,2023-11-06 07:31:00
0206687,10206687,0206687 Total (Diversion),Monthly,12,2023,87.827,ACFT,K,Approved,2024-03-26 14:54:00
0206687,10206687,0206687 Total (Diversion),Monthly,12,2024,52.326,ACFT,K,Approved,2025-01-23 11:22:00
0206688,10206688,0206688 Total (Diversion),Monthly,4,2012,24.993,ACFT,U,Approved,2013-04-11 08:14:00
0206688,10206688,0206688 Total (Diversion),Monthly,4,2013,16.67,ACFT,K,Approved,2014-05-09 12:03:00
0206688,10206688,0206688 Total (Diversion),Daily,46,2013,174.5365,ACFT,U,Approved,2014-05-09 12:01:00
0206688,10206688,0206688 Total (Diversion),Monthly,2,2014,46.897,ACFT,K,Approved,2015-05-04 15:51:00
0206688,10206688,0206688 Total (Diversion),Monthly,2,2015,28.772,ACFT,K,Approved,2016-06-15 13:01:00
0206688,10206688,0206688 Total (Diversion),Monthly,4,2016,21.032,ACFT,K,Approved,2017-05-15 11:01:00
0206688,10206688,0206688 Total (Diversion),Monthly,4,2017,48.857,ACFT,K,Approved,2018-04-06 09:56:00
0206688,10206688,0206688 Total (Diversion),Daily,9,2018,34.8699,ACFT,*,Approved,2019-04-18 12:30:00
0206688,10206688,0206688 Total (Diversion),Monthly,3,2018,33.251,ACFT,K,Approved,2019-04-18 12:31:00
0206688,10206688,0206688 Total (Diversion),Monthly,2,2019,6.589,ACFT,K,Approved,2020-09-30 20:16:00
0206688,10206688,0206688 Total (Diversion),Monthly,12,2020,11.892,ACFT,K,Approved,2021-04-22 14:01:00
0206688,10206688,0206688 Total (Diversion),Monthly,12,2021,24.249,ACFT,K,Approved,2022-09-14 15:18:00
0206688,10206688,0206688 Total (Diversion),Monthly,12,2022,37.293,ACFT,K,Approved,2023-11-06 07:20:00
0206688,10206688,0206688 Total (Diversion),Monthly,12,2023,6.44,ACFT,K,Approved,2024-03-26 15:03:00
0206688,10206688,0206688 Total (Diversion),Daily,365,2023,0.0,ACFT,R,Approved,2024-01-18 11:00:00
0206688,10206688,0206688 Total (Diversion),Daily,366,2024,0.0137,ACFT,R,Approved,2025-05-27 16:20:00
0206688,10206688,0206688 Total (Diversion),Monthly,12,2024,4.409,ACFT,K,Approved,2025-01-22 16:43:00
0206776,10206776,0206776 Total (Diversion),Monthly,3,2012,56.56,ACFT,U,Approved,2013-04-11 08:14:00
0206776,10206776,0206776 Total (Diversion),Monthly,1,2013,2.09,ACFT,K,Approved,2014-05-09 12:03:00
0206776,10206776,0206776 Total (Diversion),Monthly,2,2014,20.9,ACFT,K,Approved,2015-05-04 15:51:00
0206776,10206776,0206776 Total (Diversion),Monthly,3,2015,13.94,ACFT,K,Approved,2016-06-15 13:01:00
0206776,10206776,0206776 Total (Diversion),Monthly,2,2016,30.27,ACFT,K,Approved,2017-05-15 11:01:00
0206776,10206776,0206776 Total (Diversion),Monthly,3,2018,10.61,ACFT,*,Approved,2019-04-18 12:31:00
0206776,10206776,0206776 Total (Diversion),Monthly,3,2019,9.73,ACFT,K,Approved,2020-09-30 20:16:00
0206776,10206776,0206776 Total (Diversion),Monthly,12,2020,10.54,ACFT,K,Approved,2021-04-22 14:01:00
0206776,10206776,0206776 Total (Diversion),Monthly,12,2021,2.25,ACFT,K,Approved,2022-09-14 15:18:00
0206776,10206776,0206776 Total (Diversion),Monthly,12,2022,31.02,ACFT,K,Approved,2023-11-06 07:19:00
0206776,10206776,0206776 Total (Diversion),Monthly,12,2023,6.14,ACFT,K,Approved,2024-03-26 14:06:00
0206776,10206776,0206776 Total (Diversion),Monthly,12,2024,0.0,ACFT,K,Approved,2025-01-22 16:39:00
0206979,10206979,0206979 Total (Diversion),Monthly,1,2015,0.146,ACFT,U,Approved,2016-06-15 13:01:00
0206979,10206979,0206979 Total (Diversion),Monthly,1,2023,0.0563,ACFT,*,Approved,2024-01-18 11:00:00
0206979,10206979,0206979 Total (Diversion),Monthly,12,2024,0.0,ACFT,*,Approved,2025-05-27 16:20:00
0207096,10207096,0207096 Total (Diversion),Monthly,2,2018,18.948,ACFT,k,Approved,2019-04-18 12:31:00
0207096,10207096,0207096 Total (Diversion),Monthly,11,2020,0.0,ACFT,K,Approved,2021-04-22 14:01:00
0207096,10207096,0207096 Total (Diversion),Monthly,11,2021,0.0,ACFT,K,Approved,2022-09-14 15:18:00
0207096,10207096,0207096 Total (Diversion),Monthly,12,2022,0.0,ACFT,K,Approved,2023-11-06 07:17:00
0207096,10207096,0207096 Total (Diversion),Monthly,12,2023,0.0,ACFT,K,Approved,2024-06-24 15:00:00
0207096,10207096,0207096 Total (Diversion),Monthly,11,2024,0.0,ACFT,K,Approved,2025-01-23 11:09:00
0207097,10207097,0207097 Total (Diversion),Monthly,12,2020,0.0,ACFT,K,Approved,2021-04-22 14:01:00
0207097,10207097,0207097 Total (Diversion),Monthly,12,2021,0.0,ACFT,K,Approved,2022-09-14 15:18:00
0207097,10207097,0207097 Total (Diversion),Monthly,12,2022,0.0,ACFT,K,Approved,2023-11-06 07:17:00
0207097,10207097,0207097 Total (Diversion),Monthly,12,2023,0.0,ACFT,K,Approved,2024-06-24 14:50:00
0207097,10207097,0207097 Total (Diversion),Monthly,12,2024,0.0,ACFT,K,Approved,2025-01-23 11:10:00
0207098,10207098,0207098 Total (Diversion),Monthly,1,2014,0.154,ACFT,K,Approved,2015-05-04 15:51:00
0207098,10207098,0207098 Total (Diversion),Monthly,1,2015,0.064,ACFT,K,Approved,2016-06-15 13:01:00
0207098,10207098,0207098 Total (Diversion),Monthly,2,2016,1.929,ACFT,k,Approved,2017-05-15 11:01:00
0207098,10207098,0207098 Total (Diversion),Monthly,2,2017,0.472,ACFT,k,Approved,2018-04-06 09:56:00
0207098,10207098,0207098 Total (Diversion),Monthly,1,2018,0.299,ACFT,k,Approved,2019-04-18 12:31:00
0207098,10207098,0207098 Total (Diversion),Monthly,12,2020,7.803,ACFT,K,Approved,2021-04-22 14:01:00
0207098,10207098,0207098 Total (Diversion),Monthly,12,2021,0.484,ACFT,K,Approved,2022-09-14 15:18:00
0207098,10207098,0207098 Total (Diversion),Monthly,12,2022,126.205,ACFT,K,Approved,2023-11-06 07:14:00
0207098,10207098,0207098 Total (Diversion),Daily,49,2022,222.2296,ACFT,*,Approved,2023-04-11 08:52:00
0207098,10207098,0207098 Total (Diversion),Monthly,12,2023,128.623,ACFT,K,Approved,2024-03-26 15:17:00
0207098,10207098,0207098 Total (Diversion),Monthly,12,2024,0.407,ACFT,K,Approved,2025-01-23 11:14:00
0207168,10207168,0207168 Total (Diversion),Monthly,1,2012,9.549,ACFT,U,Approved,2013-04-11 08:14:00
0207168,10207168,0207168 Total (Diversion),Monthly,5,2015,34.965,ACFT,K,Approved,2016-06-15 13:01:00
0207168,10207168,0207168 Total (Diversion),Monthly,2,2016,0.002,ACFT,K,Approved,2017-05-15 11:01:00
0207168,10207168,0207168 Total (Diversion),Monthly,5,2017,68.795,ACFT,K,Approved,2018-04-06 09:56:00
0207168,10207168,0207168 Total (Diversion),Monthly,5,2018,78.979,ACFT,K,Approved,2019-04-18 12:31:00
0207168,10207168,0207168 Total (Diversion),Monthly,4,2019,101.182,ACFT,K,Approved,2020-09-30 20:16:00
0207168,10207168,0207168 Total (Diversion),Monthly,12,2020,214.661,ACFT,K,Approved,2021-04-22 14:01:00
0207168,10207168,0207168 Total (Diversion),Monthly,12,2021,126.476,ACFT,K,Approved,2022-09-14 15:18:00
0207168,10207168,0207168 Total (Diversion),Monthly,12,2022,50.665,ACFT,K,Approved,2023-11-06 07:31:00
0207168,10207168,0207168 Total (Diversion),Monthly,12,2023,4.553,ACFT,K,Approved,2024-03-26 16:03:00
0207168,10207168,0207168 Total (Diversion),Monthly,12,2024,119.739,ACFT,K,Approved,2025-01-22 16:42:00
0207169,10207169,0207169 Total (Diversion),Monthly,3,2015,5.684,ACFT,K,Approved,2016-06-15 13:01:00
0207169,10207169,0207169 Total (Diversion),Monthly,1,2016,2.4835,ACFT,K,Approved,2017-05-15 11:01:00
0207169,10207169,0207169 Total (Diversion),Monthly,3,2017,14.1612,ACFT,K,Approved,2018-04-06 09:56:00
0207169,10207169,0207169 Total (Diversion),Monthly,4,2018,55.4552,ACFT,K,Approved,2019-04-18 12:31:00
0207169,10207169,0207169 Total (Diversion),Monthly,5,2019,28.3999,ACFT,K,Approved,2020-09-30 20:16:00
0207169,10207169,0207169 Total (Diversion),Monthly,12,2020,41.946,ACFT,K,Approved,2021-04-22 14:01:00
0207169,10207169,0207169 Total (Diversion),Monthly,12,2021,13.659,ACFT,K,Approved,2022-09-14 15:18:00
0207169,10207169,0207169 Total (Diversion),Monthly,12,2022,54.9,ACFT,K,Approved,2023-11-06 07:31:00
0207169,10207169,0207169 Total (Diversion),Monthly,12,2023,49.761,ACFT,K,Approved,2024-03-26 16:01:00
0207169,10207169,0207169 Total (Diversion),Monthly,12,2024,70.144,ACFT,K,Approved,2025-01-22 16:43:00
0207223,10207223,0207223 Total (Diversion),Monthly,4,2012,3.02,ACFT,U,Approved,2013-04-11 08:14:00
0207223,10207223,0207223 Total (Diversion),Monthly,4,2013,2.55,ACFT,K,Approved,2014-05-09 12:03:00
0207223,10207223,0207223 Total (Diversion),Monthly,3,2014,1.73,ACFT,K,Approved,2015-05-04 15:51:00
0207223,10207223,0207223 Total (Diversion),Monthly,4,2015,1.65,ACFT,K,Approved,2016-06-15 13:01:00
0207223,10207223,0207223 Total (Diversion),Monthly,4,2016,1.2,ACFT,K,Approved,2017-05-15 11:01:00
0207223,10207223,0207223 Total (Diversion),Monthly,2,2017,3.3154,ACFT,K,Approved,2018-04-06 09:56:00
0207223,10207223,0207223 Total (Diversion),Monthly,1,2018,7.36,ACFT,K,Approved,2019-04-18 12:31:00
0207223,10207223,0207223 Total (Diversion),Monthly,2,2019,1.38,ACFT,K,Approved,2020-08-27 10:46:00
0207223,10207223,0207223 Total (Diversion),Monthly,12,2020,3.44,ACFT,K,Approved,2021-04-22 14:01:00
0207223,10207223,0207223 Total (Diversion),Monthly,12,2021,0.99,ACFT,K,Approved,2022-09-14 15:18:00
0207223,10207223,0207223 Total (Diversion),Monthly,12,2022,1.22,ACFT,K,Approved,2023-11-06 07:19:00
0207223,10207223,0207223 Total (Diversion),Monthly,12,2023,1.34,ACFT,K,Approved,2024-03-26 13:28:00
0207223,10207223,0207223 Total (Diversion),Monthly,12,2024,0.847,ACFT,K,Approved,2025-01-22 16:43:00
0207307,10207307,0207307 Total (Diversion),Monthly,12,2012,296.158,ACFT,U,Approved,2013-04-18 21:08:00
0207307,10207307,0207307 Total (Diversion),Monthly,11,2013,324.39,ACFT,U,Approved,2014-05-09 12:03:00
0207307,10207307,0207307 Total (Diversion),Monthly,12,2014,178.2772,ACFT,U,Approved,2015-05-04 15:51:00
0207307,10207307,0207307 Total (Diversion),Monthly,11,2015,388.273,ACFT,U,Approved,2016-06-15 13:01:00
0207307,10207307,0207307 Total (Diversion),Monthly,12,2016,378.54,ACFT,U,Approved,2017-05-15 11:01:00
0207307,10207307,0207307 Total (Diversion),Monthly,12,2017,346.11,ACFT,U,Approved,2018-04-06 09:56:00
0207307,10207307,0207307 Total (Diversion),Monthly,12,2018,231.84,ACFT,U,Approved,2019-04-18 12:31:00
0207307,10207307,0207307 Total (Diversion),Monthly,12,2019,192.51,ACFT,U,Approved,2020-08-10 07:31:00
0207307,10207307,0207307 Total (Diversion),Monthly,1,2020,1.51,ACFT,U,Approved,2021-04-22 14:01:00
0207307,10207307,0207307 Total (Diversion),Monthly,8,2021,162.214,ACFT,U,Approved,2022-09-14 15:18:00
0207307,10207307,0207307 Total (Diversion),Monthly,10,2022,109.3866,ACFT,U,Approved,2023-04-11 08:52:00
0207307,10207307,0207307 Total (Diversion),Monthly,12,2023,80.3786,ACFT,U,Approved,2024-03-27 15:12:00
0207307,10207307,0207307 Total (Diversion),Monthly,12,2024,90.3745,ACFT,K,Approved,2025-02-24 15:24:00
0207311,10207311,0207311 Total (Diversion),Monthly,5,2012,38.234,ACFT,U,Approved,2013-04-18 21:12:00
0207311,10207311,0207311 Total (Diversion),Monthly,2,2013,47.59,ACFT,U,Approved,2014-05-09 12:03:00
0207311,10207311,0207311 Total (Diversion),Monthly,3,2014,4.6322,ACFT,U,Approved,2015-05-04 15:51:00
0207311,10207311,0207311 Total (Diversion),Monthly,3,2015,33.247,ACFT,U,Approved,2016-06-15 13:01:00
0207311,10207311,0207311 Total (Diversion),Monthly,3,2016,32.61,ACFT,U,Approved,2017-05-15 11:01:00
0207311,10207311,0207311 Total (Diversion),Monthly,3,2017,19.28,ACFT,U,Approved,2018-04-06 09:56:00
0207311,10207311,0207311 Total (Diversion),Monthly,4,2018,35.51,ACFT,U,Approved,2019-04-18 12:31:00
0207311,10207311,0207311 Total (Diversion),Monthly,3,2019,6.39,ACFT,U,Approved,2020-08-10 07:31:00
0207311,10207311,0207311 Total (Diversion),Monthly,5,2021,72.408,ACFT,U,Approved,2022-09-14 15:18:00
0207311,10207311,0207311 Total (Diversion),Monthly,7,2022,55.995,ACFT,U,Approved,2023-04-11 08:52:00
0207311,10207311,0207311 Total (Diversion),Monthly,1,2023,1.854,ACFT,U,Approved,2024-03-27 15:12:00
0207311,10207311,0207311 Total (Diversion),Monthly,11,2024,0.062,ACFT,K,Approved,2025-02-24 15:24:00
0207312,10207312,0207312 Total (Diversion),Monthly,1,2012,0.48,ACFT,U,Approved,2013-04-18 21:14:00
0207313,10207313,0207313 Total (Diversion),Monthly,7,2012,9.512,ACFT,U,Approved,2013-04-18 21:15:00
0207317,10207317,0207317 Total (Diversion),Monthly,6,2020,0.645,ACFT,U,Approved,2021-04-22 14:01:00
0207317,10207317,0207317 Total (Diversion),Monthly,10,2024,0.0,ACFT,K,Approved,2025-02-24 15:01:00
0207318,10207318,0207318 Total (Diversion),Monthly,12,2012,1.361,ACFT,U,Approved,2013-04-18 21:16:00
0207318,10207318,0207318 Total (Diversion),Monthly,9,2014,0.7763,ACFT,U,Approved,2015-05-04 15:51:00
0207318,10207318,0207318 Total (Diversion),Monthly,12,2015,4.641,ACFT,U,Approved,2016-06-15 13:01:00
0207318,10207318,0207318 Total (Diversion),Monthly,12,2016,0.03,ACFT,U,Approved,2017-05-15 11:01:00
0207318,10207318,0207318 Total (Diversion),Monthly,11,2017,0.017,ACFT,U,Approved,2018-04-06 09:56:00
0207318,10207318,0207318 Total (Diversion),Monthly,11,2018,0.014,ACFT,U,Approved,2019-04-18 12:31:00
0207318,10207318,0207318 Total (Diversion),Monthly,8,2019,0.012,ACFT,U,Approved,2020-08-10 07:31:00
0207318,10207318,0207318 Total (Diversion),Monthly,5,2020,8.602,ACFT,U,Approved,2021-04-22 14:01:00
0207318,10207318,0207318 Total (Diversion),Monthly,12,2021,1.467,ACFT,U,Approved,2022-09-14 15:18:00
0207318,10207318,0207318 Total (Diversion),Monthly,12,2022,1.6081,ACFT,U,Approved,2023-04-11 08:52:00
0207318,10207318,0207318 Total (Diversion),Monthly,12,2023,2.1243,ACFT,U,Approved,2024-03-27 15:12:00
0207318,10207318,0207318 Total (Diversion),Monthly,12,2024,1.7768,ACFT,K,Approved,2025-02-24 15:24:00
0207319,10207319,0207319 Total (Diversion),Monthly,11,2012,57.166,ACFT,U,Approved,2013-04-18 21:17:00
0207319,10207319,0207319 Total (Diversion),Monthly,7,2013,49.84,ACFT,U,Approved,2014-05-09 12:03:00
0207319,10207319,0207319 Total (Diversion),Monthly,8,2015,47.895,ACFT,U,Approved,2016-06-15 13:01:00
0207319,10207319,0207319 Total (Diversion),Monthly,7,2016,31.02,ACFT,U,Approved,2017-05-15 11:01:00
0207319,10207319,0207319 Total (Diversion),Monthly,10,2017,13.32,ACFT,U,Approved,2018-04-06 09:56:00
0207319,10207319,0207319 Total (Diversion),Monthly,6,2018,5.48,ACFT,U,Approved,2019-04-18 12:31:00
0207319,10207319,0207319 Total (Diversion),Monthly,5,2019,29.73,ACFT,U,Approved,2020-08-10 07:31:00
0207319,10207319,0207319 Total (Diversion),Monthly,11,2021,187.584,ACFT,U,Approved,2022-09-14 15:18:00
0207319,10207319,0207319 Total (Diversion),Monthly,7,2022,64.515,ACFT,U,Approved,2023-04-11 08:52:00
0207319,10207319,0207319 Total (Diversion),Monthly,6,2023,5.8259,ACFT,U,Approved,2024-03-27 15:12:00
0207319,10207319,0207319 Total (Diversion),Monthly,12,2024,2.6235,ACFT,K,Approved,2025-02-24 15:24:00
0207320,10207320,0207320 Total (Diversion),Monthly,4,2012,0.268,ACFT,U,Approved,2013-04-18 21:19:00
0207320,10207320,0207320 Total (Diversion),Monthly,12,2024,0.0,ACFT,K,Approved,2025-02-24 15:01:00
0207321,10207321,0207321 Total (Diversion),Monthly,12,2012,162.409,ACFT,U,Approved,2013-04-18 21:20:00
0207321,10207321,0207321 Total (Diversion),Monthly,9,2013,113.52,ACFT,U,Approved,2014-05-09 12:03:00
0207321,10207321,0207321 Total (Diversion),Monthly,11,2014,72.5414,ACFT,U,Approved,2015-05-04 15:51:00
0207321,10207321,0207321 Total (Diversion),Monthly,9,2015,122.51,ACFT,U,Approved,2016-06-15 13:01:00
0207321,10207321,0207321 Total (Diversion),Monthly,7,2016,100.9,ACFT,U,Approved,2017-05-15 11:01:00
0207321,10207321,0207321 Total (Diversion),Monthly,12,2017,142.27,ACFT,U,Approved,2018-04-06 09:56:00
0207321,10207321,0207321 Total (Diversion),Monthly,12,2018,153.77,ACFT,U,Approved,2019-04-18 12:31:00
0207321,10207321,0207321 Total (Diversion),Monthly,12,2019,214.16,ACFT,U,Approved,2020-08-10 07:31:00
0207321,10207321,0207321 Total (Diversion),Monthly,12,2020,13.59,ACFT,U,Approved,2021-04-22 14:01:00
0207321,10207321,0207321 Total (Diversion),Monthly,12,2021,141.185,ACFT,U,Approved,2022-09-14 15:18:00
0207321,10207321,0207321 Total (Diversion),Monthly,12,2022,362.752,ACFT,U,Approved,2023-04-11 08:52:00
0207321,10207321,0207321 Total (Diversion),Monthly,12,2023,412.6219,ACFT,U,Approved,2024-03-27 15:12:00
0207321,10207321,0207321 Total (Diversion),Monthly,12,2024,394.4121,ACFT,K,Approved,2025-02-24 15:23:00
0207323,10207323,0207323 Total (Diversion),Monthly,2,2012,0.652,ACFT,U,Approved,2013-04-18 21:22:00
0207323,10207323,0207323 Total (Diversion),Monthly,10,2024,0.0,ACFT,K,Approved,2025-02-24 15:01:00
0207328,10207328,0207328 Total (Diversion),Monthly,12,2024,0.0,ACFT,K,Approved,2025-02-24 15:01:00
0207333,10207333,0207333 Total (Diversion),Monthly,2,2012,0.421,ACFT,U,Approved,2013-04-18 21:26:00
0207333,10207333,0207333 Total (Diversion),Monthly,12,2024,0.0,ACFT,K,Approved,2025-02-19 10:42:00
0207333,10207333,0207333 Total (Diversion),Monthly,1,2025,0.0709,ACFT,K,Provisional,2025-02-19 10:42:00
0207335,10207335,0207335 Total (Diversion),Monthly,2,2012,2.644,ACFT,U,Approved,2013-04-18 21:27:00
0207335,10207335,0207335 Total (Diversion),Monthly,12,2024,0.0,ACFT,K,Approved,2025-02-24 15:01:00
0207336,10207336,0207336 Total (Diversion),Monthly,12,2024,0.0,ACFT,K,Approved,2025-02-24 15:01:00
0207337,10207337,0207337 Total (Diversion),Monthly,12,2024,0.0,ACFT,K,Approved,2025-03-04 15:51:00
0207377,10207377,0207377 Total (Diversion),Monthly,2,2012,8.2278,ACFT,U,Approved,2013-04-11 08:14:00
0207377,10207377,0207377 Total (Diversion),Monthly,1,2013,7.789,ACFT,K,Approved,2014-05-09 12:03:00
0207377,10207377,0207377 Total (Diversion),Monthly,1,2015,0.002,ACFT,K,Approved,2016-06-15 13:01:00
0207377,10207377,0207377 Total (Diversion),Monthly,3,2017,2.773,ACFT,K,Approved,2018-04-06 09:56:00
0207377,10207377,0207377 Total (Diversion),Monthly,4,2018,56.866,ACFT,K,Approved,2019-04-18 12:31:00
0207377,10207377,0207377 Total (Diversion),Monthly,4,2019,11.791,ACFT,K,Approved,2020-08-27 10:46:00
0207377,10207377,0207377 Total (Diversion),Monthly,12,2020,49.511,ACFT,K,Approved,2021-04-22 14:01:00
0207377,10207377,0207377 Total (Diversion),Monthly,12,2021,8.204,ACFT,K,Approved,2022-09-14 15:18:00
0207377,10207377,0207377 Total (Diversion),Monthly,12,2022,12.241,ACFT,K,Approved,2023-11-06 07:11:00
0207377,10207377,0207377 Total (Diversion),Monthly,12,2023,0.224,ACFT,K,Approved,2024-03-26 15:18:00
0207377,10207377,0207377 Total (Diversion),Monthly,12,2024,1.951,ACFT,K,Approved,2025-01-22 16:35:00
0207726,10207726,0207726 Total (Diversion),Monthly,1,2012,0.241,ACFT,U,Approved,2013-04-11 08:14:00
0207726,10207726,0207726 Total (Diversion),Monthly,1,2013,0.036,ACFT,K,Approved,2014-05-09 12:03:00
0207726,10207726,0207726 Total (Diversion),Daily,63,2013,212.3454,ACFT,U,Approved,2014-05-09 12:01:00
0207726,10207726,0207726 Total (Diversion),Daily,10,2018,19.954,ACFT,U,Approved,2019-04-18 12:30:00
0207726,10207726,0207726 Total (Diversion),Monthly,12,2020,0.0,ACFT,K,Approved,2021-04-22 14:01:00
0207726,10207726,0207726 Total (Diversion),Monthly,12,2021,0.005,ACFT,K,Approved,2022-09-14 15:18:00
0207726,10207726,0207726 Total (Diversion),Monthly,12,2022,0.0,ACFT,K,Approved,2023-11-06 07:07:00
0207726,10207726,0207726 Total (Diversion),Monthly,12,2023,0.0,ACFT,K,Approved,2024-03-26 13:07:00
0207726,10207726,0207726 Total (Diversion),Daily,365,2023,0.0,ACFT,U,Approved,2024-01-18 11:00:00
0207726,10207726,0207726 Total (Diversion),Daily,366,2024,0.0069,ACFT,U,Approved,2025-05-27 16:20:00
0207726,10207726,0207726 Total (Diversion),Monthly,12,2024,0.002,ACFT,K,Approved,2025-01-22 16:27:00
0207758,10207758,0207758 Total (Diversion),Monthly,1,2012,0.13,ACFT,U,Approved,2013-04-11 08:14:00
0207758,10207758,0207758 Total (Diversion),Monthly,1,2014,0.14,ACFT,K,Approved,2015-05-04 15:51:00
0207758,10207758,0207758 Total (Diversion),Monthly,1,2015,0.1,ACFT,K,Approved,2016-06-15 13:01:00
0207758,10207758,0207758 Total (Diversion),Monthly,1,2017,0.03,ACFT,K,Approved,2018-04-06 09:56:00
0207758,10207758,0207758 Total (Diversion),Monthly,3,2018,17.6182,ACFT,K,Approved,2019-04-18 12:31:00
0207758,10207758,0207758 Total (Diversion),Monthly,12,2020,0.0,ACFT,K,Approved,2021-04-22 14:01:00
0207758,10207758,0207758 Total (Diversion),Monthly,12,2021,0.1239,ACFT,K,Approved,2022-09-14 15:18:00
0207758,10207758,0207758 Total (Diversion),Monthly,12,2022,0.0,ACFT,K,Approved,2023-11-06 07:11:00
0207758,10207758,0207758 Total (Diversion),Monthly,12,2023,0.0,ACFT,K,Approved,2024-03-26 13:40:00
0207758,10207758,0207758 Total (Diversion),Monthly,12,2024,0.0,ACFT,K,Approved,2025-01-22 16:41:00
0207968,10207968,0207968 Total (Diversion),Monthly,6,2012,19.75,ACFT,U,Approved,2013-04-11 08:14:00
0207968,10207968,0207968 Total (Diversion),Daily,63,2013,242.8691,ACFT,U,Approved,2014-05-09 12:01:00
0207968,10207968,0207968 Total (Diversion),Monthly,4,2013,24.58,ACFT,K,Approved,2014-05-09 12:03:00
0207968,10207968,0207968 Total (Diversion),Monthly,5,2014,53.39,ACFT,K,Approved,2015-05-04 15:51:00
0207968,10207968,0207968 Total (Diversion),Monthly,5,2016,15.44,ACFT,K,Approved,2017-05-15 11:01:00
0207968,10207968,0207968 Total (Diversion),Monthly,4,2017,29.36,ACFT,K,Approved,2018-04-06 09:56:00
0207968,10207968,0207968 Total (Diversion),Monthly,3,2018,51.25,ACFT,K,Approved,2019-04-18 12:31:00
0207968,10207968,0207968 Total (Diversion),Monthly,4,2019,11.38,ACFT,K,Approved,2020-09-30 20:16:00
0207968,10207968,0207968 Total (Diversion),Monthly,12,2020,101.12,ACFT,K,Approved,2021-04-22 14:01:00
0207968,10207968,0207968 Total (Diversion),Monthly,12,2021,75.75,ACFT,K,Approved,2022-09-14 15:18:00
0207968,10207968,0207968 Total (Diversion),Monthly,12,2022,12.01,ACFT,K,Approved,2023-11-06 07:31:00
0207968,10207968,0207968 Total (Diversion),Daily,335,2023,0.0,ACFT,U,Approved,2024-01-18 11:00:00
0207968,10207968,0207968 Total (Diversion),Monthly,12,2023,8.24,ACFT,K,Approved,2024-03-26 13:42:00
0207968,10207968,0207968 Total (Diversion),Daily,366,2024,0.0069,ACFT,U,Approved,2025-05-27 16:20:00
0207968,10207968,0207968 Total (Diversion),Monthly,12,2024,0.56,ACFT,K,Approved,2025-01-22 16:43:00
0207978,10207978,0207978 Total (Diversion),Monthly,4,2012,67.893,ACFT,U,Approved,2013-04-11 08:14:00
0207978,10207978,0207978 Total (Diversion),Monthly,2,2013,2.256,ACFT,K,Approved,2014-05-09 12:03:00
0207978,10207978,0207978 Total (Diversion),Monthly,2,2015,6.202,ACFT,K,Approved,2016-06-15 13:01:00
0207978,10207978,0207978 Total (Diversion),Monthly,1,2016,1.561,ACFT,K,Approved,2017-05-15 11:01:00
0207978,10207978,0207978 Total (Diversion),Monthly,1,2017,0.005,ACFT,K,Approved,2018-04-06 09:56:00
0207978,10207978,0207978 Total (Diversion),Monthly,3,2018,10.5287,ACFT,K,Approved,2019-04-18 12:31:00
0207978,10207978,0207978 Total (Diversion),Monthly,2,2019,9.432,ACFT,K,Approved,2020-08-27 10:46:00
0207978,10207978,0207978 Total (Diversion),Monthly,12,2020,100.364,ACFT,K,Approved,2021-04-22 14:01:00
0207978,10207978,0207978 Total (Diversion),Monthly,12,2021,8.935,ACFT,K,Approved,2022-09-14 15:18:00
0207978,10207978,0207978 Total (Diversion),Monthly,12,2022,9.223,ACFT,K,Approved,2023-11-06 07:32:00
0207978,10207978,0207978 Total (Diversion),Monthly,12,2023,32.57,ACFT,K,Approved,2024-03-26 13:26:00
0207978,10207978,0207978 Total (Diversion),Monthly,12,2024,64.088,ACFT,K,Approved,2025-01-22 16:38:00
0207979,10207979,0207979 Total (Diversion),Monthly,2,2012,5.295,ACFT,U,Approved,2013-04-11 08:14:00
0207979,10207979,0207979 Total (Diversion),Monthly,1,2015,0.095,ACFT,K,Approved,2016-06-15 13:01:00
0207979,10207979,0207979 Total (Diversion),Monthly,1,2017,0.0065,ACFT,K,Approved,2018-04-06 09:56:00
0207979,10207979,0207979 Total (Diversion),Monthly,2,2019,0.7481,ACFT,K,Approved,2020-08-27 10:46:00
0207979,10207979,0207979 Total (Diversion),Monthly,12,2020,18.936,ACFT,K,Approved,2021-04-22 14:01:00
0207979,10207979,0207979 Total (Diversion),Monthly,12,2021,51.643,ACFT,K,Approved,2022-09-14 15:18:00
0207979,10207979,0207979 Total (Diversion),Monthly,12,2022,55.746,ACFT,K,Approved,2023-11-06 07:31:00
0207979,10207979,0207979 Total (Diversion),Monthly,12,2023,13.273,ACFT,K,Approved,2024-03-26 13:27:00
0207979,10207979,0207979 Total (Diversion),Monthly,12,2024,25.9155,ACFT,K,Approved,2025-01-22 16:43:00
0208191,10208191,0208191 Total (Diversion),Monthly,3,2012,57.937,ACFT,U,Approved,2013-04-11 08:14:00
0208191,10208191,0208191 Total (Diversion),Monthly,1,2013,5.36,ACFT,K,Approved,2014-05-09 12:03:00
0208191,10208191,0208191 Total (Diversion),Monthly,1,2014,3.652,ACFT,K,Approved,2015-05-04 15:51:00
0208191,10208191,0208191 Total (Diversion),Monthly,3,2015,21.344,ACFT,K,Approved,2016-06-15 13:01:00
0208191,10208191,0208191 Total (Diversion),Monthly,2,2016,3.5711,ACFT,K,Approved,2017-05-15 11:01:00
0208191,10208191,0208191 Total (Diversion),Monthly,1,2017,8.8673,ACFT,K,Approved,2018-04-06 09:56:00
0208191,10208191,0208191 Total (Diversion),Monthly,3,2018,55.145,ACFT,K,Approved,2019-04-18 12:31:00
0208191,10208191,0208191 Total (Diversion),Monthly,4,2019,27.6023,ACFT,K,Approved,2020-09-30 20:16:00
0208191,10208191,0208191 Total (Diversion),Monthly,11,2020,142.024,ACFT,K,Approved,2021-04-22 14:01:00
0208191,10208191,0208191 Total (Diversion),Monthly,12,2021,27.013,ACFT,K,Approved,2022-09-14 15:18:00
0208191,10208191,0208191 Total (Diversion),Monthly,8,2022,0.0,ACFT,K,Approved,2023-11-06 07:07:00
0208192,10208192,0208192 Total (Diversion),Monthly,1,2012,17.749,ACFT,U,Approved,2013-04-11 08:14:00
0208192,10208192,0208192 Total (Diversion),Monthly,1,2013,4.302,ACFT,K,Approved,2014-05-09 12:03:00
0208192,10208192,0208192 Total (Diversion),Monthly,11,2020,0.0,ACFT,K,Approved,2021-04-22 14:01:00
0208192,10208192,0208192 Total (Diversion),Monthly,11,2021,0.0,ACFT,K,Approved,2022-09-14 15:18:00
0208192,10208192,0208192 Total (Diversion),Monthly,7,2022,0.0,ACFT,K,Approved,2023-11-06 07:07:00
0208198,10208198,0208198 Total (Diversion),Monthly,1,2018,0.001,ACFT,*,Approved,2019-04-18 12:31:00
0208367,10208367,0208367 Total (Diversion),Monthly,2,2017,0.085,ACFT,k,Approved,2018-04-06 09:56:00
0208367,10208367,0208367 Total (Diversion),Monthly,2,2018,63.01,ACFT,*,Approved,2019-04-18 12:31:00
0208367,10208367,0208367 Total (Diversion),Monthly,12,2020,133.887,ACFT,K,Approved,2021-04-22 14:01:00
0208367,10208367,0208367 Total (Diversion),Monthly,11,2021,24.408,ACFT,K,Approved,2022-09-14 15:18:00
0208367,10208367,0208367 Total (Diversion),Monthly,12,2022,54.095,ACFT,K,Approved,2023-11-06 07:08:00
0208367,10208367,0208367 Total (Diversion),Monthly,12,2023,4.057,ACFT,K,Approved,2024-03-26 16:12:00
0208367,10208367,0208367 Total (Diversion),Monthly,12,2024,25.53,ACFT,K,Approved,2025-01-23 11:19:00
0208449,10208449,0208449 Total (Diversion),Monthly,5,2012,31.212,ACFT,U,Approved,2013-04-11 08:14:00
0208449,10208449,0208449 Total (Diversion),Daily,45,2013,127.8443,ACFT,U,Approved,2014-05-09 12:01:00
0208449,10208449,0208449 Total (Diversion),Monthly,3,2013,2.755,ACFT,K,Approved,2014-05-09 12:03:00
0208449,10208449,0208449 Total (Diversion),Monthly,2,2014,3.297,ACFT,K,Approved,2015-05-04 15:51:00
0208449,10208449,0208449 Total (Diversion),Monthly,2,2016,0.669,ACFT,K,Approved,2017-05-15 11:01:00
0208449,10208449,0208449 Total (Diversion),Monthly,2,2017,5.178,ACFT,K,Approved,2018-04-06 09:56:00
0208449,10208449,0208449 Total (Diversion),Monthly,4,2018,1.929,ACFT,K,Approved,2019-04-18 12:31:00
0208449,10208449,0208449 Total (Diversion),Monthly,1,2019,0.231,ACFT,K,Approved,2020-09-30 20:16:00
0208449,10208449,0208449 Total (Diversion),Monthly,12,2020,1.557,ACFT,K,Approved,2021-04-22 14:01:00
0208449,10208449,0208449 Total (Diversion),Monthly,12,2021,0.243,ACFT,K,Approved,2022-09-14 15:18:00
0208449,10208449,0208449 Total (Diversion),Monthly,12,2022,16.837,ACFT,K,Approved,2023-11-06 07:29:00
0208449,10208449,0208449 Total (Diversion),Daily,365,2023,0.0,ACFT,U,Approved,2024-01-18 11:00:00
0208449,10208449,0208449 Total (Diversion),Monthly,12,2023,9.902,ACFT,K,Approved,2024-03-26 15:16:00
0208449,10208449,0208449 Total (Diversion),Monthly,12,2024,21.561,ACFT,K,Approved,2025-01-22 16:29:00
0208449,10208449,0208449 Total (Diversion),Daily,366,2024,0.0069,ACFT,U,Approved,2025-05-27 16:20:00
0208475,10208475,0208475 Total (Diversion),Monthly,7,2009,85.58,ACFT,*,Approved,2010-03-25 10:32:00
0208475,10208475,0208475 Total (Diversion),Annual,1,2010,93.14,ACFT,U,Approved,2011-04-07 11:11:00
0208475,10208475,0208475 Total (Diversion),Monthly,8,2012,128.01,ACFT,U,Approved,2013-04-11 08:14:00
0208475,10208475,0208475 Total (Diversion),Monthly,6,2013,85.038,ACFT,U,Approved,2014-05-09 12:03:00
0208475,10208475,0208475 Total (Diversion),Monthly,7,2014,148.86,ACFT,U,Approved,2015-05-04 15:51:00
0208475,10208475,0208475 Total (Diversion),Monthly,10,2015,97.17,ACFT,U,Approved,2016-06-15 13:01:00
0208475,10208475,0208475 Total (Diversion),Monthly,11,2016,90.88,ACFT,K,Approved,2017-05-15 11:01:00
0208475,10208475,0208475 Total (Diversion),Monthly,18,2017,102.7,ACFT,K,Approved,2018-04-06 09:56:00
0208475,10208475,0208475 Total (Diversion),Monthly,13,2018,109.1954,ACFT,K,Approved,2019-04-18 12:31:00
0208475,10208475,0208475 Total (Diversion),Monthly,5,2019,47.29,ACFT,K,Approved,2020-09-30 20:16:00
0208475,10208475,0208475 Total (Diversion),Monthly,24,2020,125.7548,ACFT,K,Approved,2021-04-22 14:01:00
0208475,10208475,0208475 Total (Diversion),Monthly,24,2021,129.8414,ACFT,K,Approved,2022-09-14 15:18:00
0208475,10208475,0208475 Total (Diversion),Monthly,24,2022,127.27,ACFT,K,Approved,2023-11-06 07:33:00
0208475,10208475,0208475 Total (Diversion),Monthly,24,2023,95.286,ACFT,K,Approved,2024-03-26 14:06:00
0208475,10208475,0208475 Total (Diversion),Monthly,24,2024,137.297,ACFT,K,Approved,2025-01-23 11:22:00
0208505,10208505,0208505 Total (Diversion),Monthly,5,2012,30.994,ACFT,U,Approved,2013-04-11 08:14:00
0208505,10208505,0208505 Total (Diversion),Monthly,3,2014,14.481,ACFT,K,Approved,2015-05-04 15:51:00
0208505,10208505,0208505 Total (Diversion),Monthly,4,2015,24.344,ACFT,K,Approved,2016-06-15 13:01:00
0208505,10208505,0208505 Total (Diversion),Monthly,3,2016,20.344,ACFT,K,Approved,2017-05-15 11:01:00
0208505,10208505,0208505 Total (Diversion),Monthly,3,2017,26.051,ACFT,K,Approved,2018-04-06 09:56:00
0208505,10208505,0208505 Total (Diversion),Monthly,2,2018,20.798,ACFT,K,Approved,2019-04-18 12:31:00
0208505,10208505,0208505 Total (Diversion),Monthly,3,2019,45.297,ACFT,K,Approved,2020-09-30 20:16:00
0208505,10208505,0208505 Total (Diversion),Monthly,12,2020,56.466,ACFT,K,Approved,2021-04-22 14:01:00
0208505,10208505,0208505 Total (Diversion),Monthly,12,2021,36.445,ACFT,K,Approved,2022-09-14 15:18:00
0208505,10208505,0208505 Total (Diversion),Monthly,12,2022,42.261,ACFT,K,Approved,2023-11-06 07:32:00
0208505,10208505,0208505 Total (Diversion),Daily,62,2022,270.0502,ACFT,*,Approved,2023-04-11 08:52:00
0208505,10208505,0208505 Total (Diversion),Monthly,12,2023,25.498,ACFT,K,Approved,2024-03-26 15:07:00
0208505,10208505,0208505 Total (Diversion),Monthly,12,2024,55.491,ACFT,K,Approved,2025-01-22 16:37:00
0208626,10208626,0208626 Total (Diversion),Monthly,1,2012,2.329,ACFT,U,Approved,2013-04-11 08:14:00
0208626,10208626,0208626 Total (Diversion),Monthly,5,2013,37.854,ACFT,K,Approved,2014-05-09 12:03:00
0208626,10208626,0208626 Total (Diversion),Monthly,3,2014,2.22,ACFT,K,Approved,2015-05-04 15:51:00
0208626,10208626,0208626 Total (Diversion),Monthly,4,2015,12.148,ACFT,K,Approved,2016-06-15 13:01:00
0208626,10208626,0208626 Total (Diversion),Monthly,4,2016,41.399,ACFT,K,Approved,2017-05-15 11:01:00
0208626,10208626,0208626 Total (Diversion),Monthly,4,2017,42.743,ACFT,K,Approved,2018-04-06 09:56:00
0208626,10208626,0208626 Total (Diversion),Monthly,3,2018,44.018,ACFT,K,Approved,2019-04-18 12:31:00
0208626,10208626,0208626 Total (Diversion),Monthly,2,2019,25.077,ACFT,K,Approved,2020-08-27 10:46:00
0208626,10208626,0208626 Total (Diversion),Monthly,12,2020,61.402,ACFT,K,Approved,2021-04-22 14:01:00
0208626,10208626,0208626 Total (Diversion),Monthly,12,2021,43.324,ACFT,K,Approved,2022-09-14 15:18:00
0208626,10208626,0208626 Total (Diversion),Monthly,12,2022,31.74,ACFT,K,Approved,2023-11-06 07:20:00
0208626,10208626,0208626 Total (Diversion),Monthly,12,2023,19.513,ACFT,K,Approved,2024-03-26 16:00:00
0208626,10208626,0208626 Total (Diversion),Monthly,12,2024,52.641,ACFT,K,Approved,2025-01-22 16:43:00
0208627,10208627,0208627 Total (Diversion),Monthly,12,2020,0.0,ACFT,K,Approved,2021-04-22 14:01:00
0208627,10208627,0208627 Total (Diversion),Monthly,12,2021,0.0,ACFT,K,Approved,2022-09-14 15:18:00
0208627,10208627,0208627 Total (Diversion),Monthly,12,2022,0.0,ACFT,K,Approved,2023-11-06 07:19:00
0208627,10208627,0208627 Total (Diversion),Monthly,12,2023,0.0,ACFT,K,Approved,2024-03-26 13:29:00
0208627,10208627,0208627 Total (Diversion),Monthly,12,2024,0.0,ACFT,K,Approved,2025-01-22 16:43:00
