wdid,waterClassNum,wcIdentifier,measInterval,measCount,dataMeasDate,dataValue,measUnits,obsCode,approvalStatus,modified
2505013,12505013,2505013 Total (Diversion),Annual,1,2009,168.17,ACFT,U,Approved,2010-06-29 16:42:00
2505013,12505013,2505013 Total (Diversion),Annual,1,2010,181.13,ACFT,U,Approved,2011-03-14 11:51:00
2505013,12505013,2505013 Total (Diversion),Annual,1,2011,276.61,ACFT,U,Approved,2012-06-01 17:59:00
2505013,12505013,2505013 Total (Diversion),Annual,1,2012,239.0,ACFT,K,Approved,2013-05-03 18:22:00
2505013,12505013,2505013 Total (Diversion),Annual,1,2013,201.57,ACFT,K,Approved,2014-04-04 08:51:00
2505013,12505013,2505013 Total (Diversion),Annual,1,2014,181.37,ACFT,K,Approved,2015-04-22 09:21:00
2505013,12505013,2505013 Total (Diversion),Annual,1,2015,126.18,ACFT,K,Approved,2016-04-08 15:31:00
2505013,12505013,2505013 Total (Diversion),Annual,1,2016,91.27,ACFT,K,Approved,2017-02-16 17:51:00
2505013,12505013,2505013 Total (Diversion),Annual,1,2017,190.39,ACFT,K,Approved,2018-05-16 15:31:00
2505013,12505013,2505013 Total (Diversion),Annual,1,2018,216.88,ACFT,K,Approved,2019-01-26 16:15:00
2505013,12505013,2505013 Total (Diversion),Annual,1,2019,25.46,ACFT,K,Approved,2020-03-31 14:45:00
2505013,12505013,2505013 Total (Diversion),Annual,1,2020,119.53,ACFT,K,Approved,2021-03-25 14:00:00
2505013,12505013,2505013 Total (Diversion),Annual,1,2021,0.0,ACFT,K,Approved,2022-03-23 11:00:00
2505013,12505013,2505013 Total (Diversion),Annual,1,2022,17.54,ACFT,K,Approved,2023-02-03 11:02:00
2505013,12505013,2505013 Total (Diversion),Annual,1,2023,203.6,ACFT,K,Approved,2024-01-02 14:07:00
2505013,12505013,2505013 Total (Diversion),Annual,1,2024,136.96,ACFT,K,Approved,2024-12-17 07:22:00
2505018,12505018,2505018 Total (Diversion),Annual,1,2009,149.36,ACFT,U,Approved,2011-02-25 09:32:00
2505018,12505018,2505018 Total (Diversion),Annual,1,2010,150.998,ACFT,U,Approved,2013-11-26 12:29:00
2505018,12505018,2505018 Total (Diversion),Annual,1,2011,243.053,ACFT,U,Approved,2013-11-25 19:28:00
2505018,12505018,2505018 Total (Diversion),Annual,1,2012,333.848,ACFT,K,Approved,2013-05-03 18:22:00
2505018,12505018,2505018 Total (Diversion),Annual,1,2013,257.688,ACFT,K,Approved,2014-04-04 08:51:00
2505018,12505018,2505018 Total (Diversion),Annual,1,2014,298.539,ACFT,K,Approved,2015-04-22 09:21:00
2505018,12505018,2505018 Total (Diversion),Annual,1,2015,141.132,ACFT,K,Approved,2016-04-08 15:31:00
2505018,12505018,2505018 Total (Diversion),Annual,1,2016,218.172,ACFT,K,Approved,2017-02-16 17:51:00
2505018,12505018,2505018 Total (Diversion),Annual,1,2017,206.95,ACFT,K,Approved,2018-05-16 15:31:00
2505018,12505018,2505018 Total (Diversion),Annual,1,2018,179.7103,ACFT,K,Approved,2019-05-17 16:16:00
2505018,12505018,2505018 Total (Diversion),Annual,1,2019,229.1452,ACFT,K,Approved,2020-03-31 14:45:00
2505018,12505018,2505018 Total (Diversion),Annual,1,2020,188.8452,ACFT,K,Approved,2021-03-25 14:00:00
2505018,12505018,2505018 Total (Diversion),Annual,1,2021,321.6751,ACFT,K,Approved,2022-03-23 11:00:00
2505018,12505018,2505018 Total (Diversion),Annual,1,2022,253.182,ACFT,K,Approved,2023-02-03 11:02:00
2505018,12505018,2505018 Total (Diversion),Annual,1,2023,286.107,ACFT,K,Approved,2024-01-02 16:10:00
2505018,12505018,2505018 Total (Diversion),Annual,1,2024,267.736,ACFT,K,Approved,2024-11-13 13:17:00
2505019,12505019,2505019 Total (Diversion),Annual,1,2009,193.84,ACFT,U,Approved,2011-03-29 13:10:00
2505019,12505019,2505019 Total (Diversion),Annual,1,2010,243.71,ACFT,U,Approved,2011-03-14 11:51:00
2505019,12505019,2505019 Total (Diversion),Annual,1,2011,255.827,ACFT,U,Approved,2013-11-25 19:28:00
2505019,12505019,2505019 Total (Diversion),Annual,1,2012,276.576,ACFT,K,Approved,2013-05-03 18:22:00
2505019,12505019,2505019 Total (Diversion),Annual,1,2013,207.633,ACFT,K,Approved,2014-04-04 08:51:00
2505019,12505019,2505019 Total (Diversion),Annual,1,2014,319.361,ACFT,K,Approved,2015-04-22 09:21:00
2505019,12505019,2505019 Total (Diversion),Annual,1,2015,240.108,ACFT,K,Approved,2016-04-08 15:31:00
2505019,12505019,2505019 Total (Diversion),Annual,1,2016,274.692,ACFT,K,Approved,2017-02-16 17:51:00
2505019,12505019,2505019 Total (Diversion),Annual,1,2017,317.246,ACFT,K,Approved,2018-05-16 15:31:00
2505019,12505019,2505019 Total (Diversion),Annual,1,2018,319.361,ACFT,K,Approved,2019-01-26 16:15:00
2505019,12505019,2505019 Total (Diversion),Annual,1,2019,518.483,ACFT,K,Approved,2020-03-31 14:45:00
2505019,12505019,2505019 Total (Diversion),Annual,1,2020,251.1301,ACFT,K,Approved,2021-03-25 14:00:00
2505019,12505019,2505019 Total (Diversion),Annual,1,2021,250.4304,ACFT,K,Approved,2022-03-23 11:00:00
2505019,12505019,2505019 Total (Diversion),Annual,1,2022,248.5608,ACFT,K,Approved,2023-02-03 11:05:00
2505019,12505019,2505019 Total (Diversion),Annual,1,2023,160.2947,ACFT,K,Approved,2024-01-03 08:31:00
2505019,12505019,2505019 Total (Diversion),Annual,1,2024,174.6243,ACFT,K,Approved,2024-11-13 13:17:00
2505030,12505030,2505030 Total (Diversion),Annual,1,2009,75.59,ACFT,U,Approved,2010-06-29 16:42:00
2505030,12505030,2505030 Total (Diversion),Annual,1,2010,87.788,ACFT,U,Approved,2013-11-26 12:30:00
2505030,12505030,2505030 Total (Diversion),Annual,1,2011,181.695,ACFT,U,Approved,2013-11-25 19:29:00
2505030,12505030,2505030 Total (Diversion),Annual,1,2012,176.961,ACFT,K,Approved,2013-05-03 18:22:00
2505030,12505030,2505030 Total (Diversion),Annual,1,2013,165.284,ACFT,K,Approved,2014-04-04 08:51:00
2505030,12505030,2505030 Total (Diversion),Annual,1,2014,149.136,ACFT,K,Approved,2015-04-22 09:21:00
2505030,12505030,2505030 Total (Diversion),Annual,1,2015,87.897,ACFT,K,Approved,2016-04-08 15:31:00
2505030,12505030,2505030 Total (Diversion),Annual,1,2016,157.785,ACFT,K,Approved,2017-02-16 17:51:00
2505030,12505030,2505030 Total (Diversion),Annual,1,2017,145.136,ACFT,K,Approved,2018-05-16 15:31:00
2505030,12505030,2505030 Total (Diversion),Annual,1,2018,176.834,ACFT,K,Approved,2019-01-26 16:15:00
2505030,12505030,2505030 Total (Diversion),Annual,1,2019,0.0,ACFT,K,Approved,2020-03-31 14:45:00
2505030,12505030,2505030 Total (Diversion),Annual,1,2020,24.032,ACFT,K,Approved,2021-03-25 14:00:00
2505030,12505030,2505030 Total (Diversion),Annual,1,2021,172.646,ACFT,K,Approved,2022-03-23 11:00:00
2505030,12505030,2505030 Total (Diversion),Annual,1,2022,0.101,ACFT,K,Approved,2023-02-03 11:01:00
2505030,12505030,2505030 Total (Diversion),Annual,1,2023,231.707,ACFT,K,Approved,2024-01-03 08:39:00
2505030,12505030,2505030 Total (Diversion),Annual,1,2024,142.222,ACFT,K,Approved,2024-11-25 16:17:00
2505034,12505034,2505034 Total (Diversion),Annual,1,2009,103.78,ACFT,U,Approved,2010-06-29 16:42:00
2505034,12505034,2505034 Total (Diversion),Annual,1,2010,121.47,ACFT,U,Approved,2011-03-14 11:51:00
2505034,12505034,2505034 Total (Diversion),Annual,1,2011,144.02,ACFT,U,Approved,2012-06-01 17:59:00
2505034,12505034,2505034 Total (Diversion),Annual,1,2012,130.91,ACFT,K,Approved,2013-05-03 18:22:00
2505034,12505034,2505034 Total (Diversion),Annual,1,2013,151.244,ACFT,K,Approved,2014-04-04 08:51:00
2505034,12505034,2505034 Total (Diversion),Annual,1,2014,159.724,ACFT,K,Approved,2015-04-22 09:21:00
2505034,12505034,2505034 Total (Diversion),Annual,1,2015,133.0,ACFT,K,Approved,2016-04-08 15:31:00
2505034,12505034,2505034 Total (Diversion),Annual,1,2016,164.952,ACFT,K,Approved,2017-02-16 17:51:00
2505034,12505034,2505034 Total (Diversion),Annual,1,2017,162.483,ACFT,K,Approved,2018-05-16 15:31:00
2505034,12505034,2505034 Total (Diversion),Annual,1,2018,159.601,ACFT,K,Approved,2019-05-17 16:16:00
2505034,12505034,2505034 Total (Diversion),Annual,1,2019,146.77,ACFT,K,Approved,2020-03-31 14:45:00
2505034,12505034,2505034 Total (Diversion),Annual,1,2020,109.166,ACFT,K,Approved,2021-03-25 14:00:00
2505034,12505034,2505034 Total (Diversion),Annual,1,2021,140.085,ACFT,K,Approved,2022-03-23 11:00:00
2505034,12505034,2505034 Total (Diversion),Annual,1,2022,54.476,ACFT,K,Approved,2023-02-03 11:05:00
2505034,12505034,2505034 Total (Diversion),Annual,1,2023,170.48,ACFT,K,Approved,2024-01-03 08:41:00
2505034,12505034,2505034 Total (Diversion),Annual,1,2024,32.305,ACFT,K,Approved,2024-11-25 16:17:00
2505063,12505063,2505063 Total (Diversion),Annual,1,2009,200.35,ACFT,U,Approved,2011-02-25 09:51:00
2505063,12505063,2505063 Total (Diversion),Annual,1,2010,223.926,ACFT,U,Approved,2013-11-26 12:32:00
2505063,12505063,2505063 Total (Diversion),Annual,1,2011,185.601,ACFT,U,Approved,2013-11-25 19:31:00
2505063,12505063,2505063 Total (Diversion),Annual,1,2012,287.063,ACFT,K,Approved,2013-05-03 18:22:00
2505063,12505063,2505063 Total (Diversion),Annual,1,2013,228.452,ACFT,K,Approved,2014-04-04 08:51:00
2505063,12505063,2505063 Total (Diversion),Annual,1,2014,194.308,ACFT,K,Approved,2015-04-22 09:21:00
2505063,12505063,2505063 Total (Diversion),Annual,1,2015,160.25,ACFT,K,Approved,2016-04-08 15:31:00
2505063,12505063,2505063 Total (Diversion),Annual,1,2016,200.399,ACFT,K,Approved,2017-02-16 17:51:00
2505063,12505063,2505063 Total (Diversion),Annual,1,2017,262.49,ACFT,K,Approved,2018-05-16 15:31:00
2505063,12505063,2505063 Total (Diversion),Annual,1,2018,210.304,ACFT,K,Approved,2019-05-17 16:30:00
2505063,12505063,2505063 Total (Diversion),Annual,1,2019,27.12,ACFT,K,Approved,2020-03-31 14:45:00
2505063,12505063,2505063 Total (Diversion),Annual,1,2020,46.923,ACFT,K,Approved,2021-03-25 14:00:00
2505063,12505063,2505063 Total (Diversion),Annual,1,2021,189.172,ACFT,K,Approved,2022-03-23 11:00:00
2505063,12505063,2505063 Total (Diversion),Annual,1,2022,104.696,ACFT,K,Approved,2023-02-03 11:02:00
2505063,12505063,2505063 Total (Diversion),Annual,1,2023,0.695,ACFT,K,Approved,2024-01-03 08:56:00
2505063,12505063,2505063 Total (Diversion),Annual,1,2024,0.0,ACFT,K,Approved,2024-11-13 13:17:00
2505079,12505079,2505079 Total (Diversion),Annual,1,2009,0.08,ACFT,U,Approved,2010-06-29 16:42:00
2505079,12505079,2505079 Total (Diversion),Annual,1,2010,94.651,ACFT,U,Approved,2013-11-26 12:40:00
2505079,12505079,2505079 Total (Diversion),Annual,1,2011,129.363,ACFT,U,Approved,2013-11-25 19:32:00
2505079,12505079,2505079 Total (Diversion),Annual,1,2012,210.72,ACFT,K,Approved,2013-05-03 18:22:00
2505079,12505079,2505079 Total (Diversion),Annual,1,2013,128.25,ACFT,K,Approved,2014-04-04 08:51:00
2505079,12505079,2505079 Total (Diversion),Annual,1,2014,166.649,ACFT,K,Approved,2015-04-22 09:21:00
2505079,12505079,2505079 Total (Diversion),Annual,1,2015,122.738,ACFT,K,Approved,2016-04-08 15:31:00
2505079,12505079,2505079 Total (Diversion),Annual,1,2016,101.251,ACFT,K,Approved,2017-02-16 17:51:00
2505079,12505079,2505079 Total (Diversion),Annual,1,2017,123.971,ACFT,K,Approved,2018-05-16 15:31:00
2505079,12505079,2505079 Total (Diversion),Annual,1,2018,93.798,ACFT,K,Approved,2019-05-17 16:30:00
2505079,12505079,2505079 Total (Diversion),Annual,1,2019,119.4383,ACFT,K,Approved,2020-03-31 14:45:00
2505079,12505079,2505079 Total (Diversion),Annual,1,2020,34.9239,ACFT,K,Approved,2021-03-25 14:00:00
2505079,12505079,2505079 Total (Diversion),Annual,1,2021,219.6986,ACFT,K,Approved,2022-03-23 11:00:00
2505079,12505079,2505079 Total (Diversion),Annual,1,2022,231.829,ACFT,K,Approved,2023-02-03 11:05:00
2505079,12505079,2505079 Total (Diversion),Annual,1,2023,177.7024,ACFT,K,Approved,2024-01-03 08:58:00
2505079,12505079,2505079 Total (Diversion),Annual,1,2024,80.6669,ACFT,K,Approved,2024-11-13 13:17:00
2505099,12505099,2505099 Total (Diversion),Annual,1,2009,0.0,ACFT,U,Approved,2010-06-29 16:42:00
2505099,12505099,2505099 Total (Diversion),Annual,1,2010,0.0,ACFT,U,Approved,2011-03-14 11:51:00
2505099,12505099,2505099 Total (Diversion),Annual,1,2011,0.0,ACFT,U,Approved,2012-06-01 17:59:00
2505099,12505099,2505099 Total (Diversion),Annual,1,2012,0.0,ACFT,K,Approved,2013-05-03 18:22:00
2505099,12505099,2505099 Total (Diversion),Annual,1,2013,0.0,ACFT,K,Approved,2014-04-04 08:51:00
2505099,12505099,2505099 Total (Diversion),Annual,1,2014,0.0,ACFT,K,Approved,2015-04-22 09:21:00
2505099,12505099,2505099 Total (Diversion),Annual,1,2015,0.0,ACFT,K,Approved,2016-04-08 15:31:00
2505099,12505099,2505099 Total (Diversion),Annual,1,2016,0.0,ACFT,K,Approved,2017-02-16 17:51:00
2505099,12505099,2505099 Total (Diversion),Annual,1,2017,0.0,ACFT,K,Approved,2018-05-16 15:31:00
2505099,12505099,2505099 Total (Diversion),Annual,1,2018,0.0,ACFT,K,Approved,2019-01-26 16:15:00
2505099,12505099,2505099 Total (Diversion),Annual,1,2019,0.0,ACFT,K,Approved,2020-03-31 14:45:00
2505099,12505099,2505099 Total (Diversion),Annual,1,2020,0.0,ACFT,K,Approved,2021-03-25 14:00:00
2505099,12505099,2505099 Total (Diversion),Annual,1,2021,0.0,ACFT,K,Approved,2022-03-23 11:00:00
2505099,12505099,2505099 Total (Diversion),Annual,1,2022,0.0,ACFT,K,Approved,2023-02-03 11:02:00
2505099,12505099,2505099 Total (Diversion),Annual,1,2023,0.0,ACFT,K,Approved,2023-10-19 08:15:00
2505099,12505099,2505099 Total (Diversion),Annual,1,2024,0.0,ACFT,K,Approved,2024-11-04 12:36:00
2505167,12505167,2505167 Total (Diversion),Annual,1,2011,9.7038,ACFT,K,Approved,2015-02-06 16:56:00
2505167,12505167,2505167 Total (Diversion),Annual,1,2012,200.9446,ACFT,K,Approved,2015-02-06 17:15:00
2505167,12505167,2505167 Total (Diversion),Annual,1,2013,342.4571,ACFT,K,Approved,2015-02-09 08:24:00
2505167,12505167,2505167 Total (Diversion),Annual,1,2014,426.3452,ACFT,K,Approved,2015-04-22 09:21:00
2505167,12505167,2505167 Total (Diversion),Annual,1,2015,427.5451,ACFT,K,Approved,2016-04-08 15:31:00
2505167,12505167,2505167 Total (Diversion),Annual,1,2016,410.5834,ACFT,K,Approved,2017-02-16 17:51:00
2505167,12505167,2505167 Total (Diversion),Annual,1,2017,449.3097,ACFT,K,Approved,2018-05-16 15:31:00
2505167,12505167,2505167 Total (Diversion),Annual,1,2018,121.9097,ACFT,K,Approved,2019-01-26 16:15:00
2505167,12505167,2505167 Total (Diversion),Annual,1,2019,452.4383,ACFT,K,Approved,2020-03-31 14:45:00
2505167,12505167,2505167 Total (Diversion),Annual,1,2020,492.4556,ACFT,K,Approved,2021-03-25 14:00:00
2505167,12505167,2505167 Total (Diversion),Annual,1,2021,497.0774,ACFT,K,Approved,2022-03-23 11:00:00
2505167,12505167,2505167 Total (Diversion),Annual,1,2022,472.8545,ACFT,K,Approved,2023-02-03 11:05:00
2505167,12505167,2505167 Total (Diversion),Annual,1,2023,493.7594,ACFT,K,Approved,2024-01-02 15:57:00
2505167,12505167,2505167 Total (Diversion),Annual,1,2024,395.8312,ACFT,K,Approved,2024-11-13 13:49:00
2505168,12505168,2505168 Total (Diversion),Annual,1,2011,8.731,ACFT,K,Approved,2015-02-06 16:57:00
2505168,12505168,2505168 Total (Diversion),Annual,1,2012,237.5503,ACFT,K,Approved,2015-02-06 17:12:00
2505168,12505168,2505168 Total (Diversion),Annual,1,2013,201.5768,ACFT,K,Approved,2015-02-09 08:23:00
2505168,12505168,2505168 Total (Diversion),Annual,1,2014,235.9514,ACFT,K,Approved,2015-04-22 09:21:00
2505168,12505168,2505168 Total (Diversion),Annual,1,2015,178.3821,ACFT,K,Approved,2016-04-08 15:31:00
2505168,12505168,2505168 Total (Diversion),Annual,1,2016,145.1308,ACFT,K,Approved,2017-02-16 17:51:00
2505168,12505168,2505168 Total (Diversion),Annual,1,2017,211.5998,ACFT,K,Approved,2018-05-16 15:31:00
2505168,12505168,2505168 Total (Diversion),Annual,1,2018,263.5959,ACFT,K,Approved,2019-01-26 16:15:00
2505168,12505168,2505168 Total (Diversion),Annual,1,2019,225.6491,ACFT,K,Approved,2020-03-31 14:45:00
2505168,12505168,2505168 Total (Diversion),Annual,1,2020,213.1772,ACFT,K,Approved,2021-03-25 14:00:00
2505168,12505168,2505168 Total (Diversion),Annual,1,2021,215.6753,ACFT,K,Approved,2022-03-23 11:00:00
2505168,12505168,2505168 Total (Diversion),Annual,1,2022,194.5552,ACFT,K,Approved,2023-02-03 11:05:00
2505168,12505168,2505168 Total (Diversion),Annual,1,2023,234.196,ACFT,K,Approved,2024-01-02 15:55:00
2505168,12505168,2505168 Total (Diversion),Annual,1,2024,124.8945,ACFT,K,Approved,2024-11-13 13:49:00
2505283,12505283,2505283 Total (Diversion),Annual,1,2009,57.52,ACFT,U,Approved,2010-06-29 16:42:00
2505283,12505283,2505283 Total (Diversion),Annual,1,2010,74.769,ACFT,U,Approved,2013-11-26 12:42:00
2505283,12505283,2505283 Total (Diversion),Annual,1,2011,136.944,ACFT,U,Approved,2013-11-25 19:33:00
2505283,12505283,2505283 Total (Diversion),Annual,1,2012,110.366,ACFT,K,Approved,2013-05-03 18:22:00
2505283,12505283,2505283 Total (Diversion),Annual,1,2013,123.626,ACFT,K,Approved,2014-04-04 08:51:00
2505283,12505283,2505283 Total (Diversion),Annual,1,2014,95.941,ACFT,K,Approved,2015-04-22 09:21:00
2505283,12505283,2505283 Total (Diversion),Annual,1,2015,97.567,ACFT,K,Approved,2016-04-08 15:31:00
2505283,12505283,2505283 Total (Diversion),Annual,1,2016,119.37,ACFT,K,Approved,2017-02-16 17:51:00
2505283,12505283,2505283 Total (Diversion),Annual,1,2017,149.076,ACFT,K,Approved,2018-05-16 15:31:00
2505283,12505283,2505283 Total (Diversion),Annual,1,2018,155.0437,ACFT,K,Approved,2019-01-26 16:15:00
2505283,12505283,2505283 Total (Diversion),Annual,1,2019,206.4966,ACFT,K,Approved,2020-03-31 14:45:00
2505283,12505283,2505283 Total (Diversion),Annual,1,2020,69.0718,ACFT,K,Approved,2021-03-25 14:00:00
2505283,12505283,2505283 Total (Diversion),Annual,1,2021,133.0387,ACFT,K,Approved,2022-03-23 11:00:00
2505283,12505283,2505283 Total (Diversion),Annual,2,2022,231.5561,ACFT,K,Approved,2023-02-03 11:05:00
2505283,12505283,2505283 Total (Diversion),Annual,2,2023,181.0768,ACFT,K,Approved,2024-01-02 15:39:00
2505283,12505283,2505283 Total (Diversion),Annual,2,2024,130.3968,ACFT,K,Approved,2024-12-02 11:58:00
2505400,12505400,2505400 Total (Diversion),Annual,1,2009,223.34,ACFT,U,Approved,2011-02-25 09:22:00
2505400,12505400,2505400 Total (Diversion),Annual,1,2010,247.358,ACFT,U,Approved,2013-11-25 23:50:00
2505400,12505400,2505400 Total (Diversion),Annual,1,2011,259.99,ACFT,U,Approved,2012-06-01 17:59:00
2505400,12505400,2505400 Total (Diversion),Annual,1,2012,451.593,ACFT,K,Approved,2013-05-03 18:22:00
2505400,12505400,2505400 Total (Diversion),Annual,1,2013,253.576,ACFT,K,Approved,2014-04-04 08:51:00
2505400,12505400,2505400 Total (Diversion),Annual,1,2014,383.93,ACFT,K,Approved,2015-04-22 09:21:00
2505400,12505400,2505400 Total (Diversion),Annual,1,2015,130.516,ACFT,K,Approved,2016-04-08 15:31:00
2505400,12505400,2505400 Total (Diversion),Annual,1,2016,230.743,ACFT,K,Approved,2017-02-16 17:51:00
2505400,12505400,2505400 Total (Diversion),Annual,1,2017,309.774,ACFT,K,Approved,2018-05-16 15:31:00
2505400,12505400,2505400 Total (Diversion),Annual,1,2018,341.709,ACFT,K,Approved,2019-05-17 16:31:00
2505400,12505400,2505400 Total (Diversion),Annual,1,2019,223.177,ACFT,K,Approved,2020-03-31 14:45:00
2505400,12505400,2505400 Total (Diversion),Annual,1,2020,339.2835,ACFT,K,Approved,2021-08-20 16:31:00
2505400,12505400,2505400 Total (Diversion),Annual,1,2021,331.6114,ACFT,K,Approved,2022-03-23 11:00:00
2505400,12505400,2505400 Total (Diversion),Annual,1,2022,259.0294,ACFT,K,Approved,2023-02-03 11:05:00
2505400,12505400,2505400 Total (Diversion),Annual,1,2023,191.9742,ACFT,K,Approved,2024-01-03 09:23:00
2505400,12505400,2505400 Total (Diversion),Annual,1,2024,129.3628,ACFT,K,Approved,2024-11-13 13:17:00
2505464,12505464,2505464 Total (Diversion),Annual,1,2009,244.12,ACFT,U,Approved,2011-02-25 09:21:00
2505464,12505464,2505464 Total (Diversion),Annual,1,2010,310.582,ACFT,,Approved,2013-11-26 12:44:00
2505464,12505464,2505464 Total (Diversion),Annual,1,2011,317.555,ACFT,U,Approved,2013-11-25 19:35:00
2505464,12505464,2505464 Total (Diversion),Annual,1,2012,339.902,ACFT,K,Approved,2013-05-03 18:22:00
2505464,12505464,2505464 Total (Diversion),Annual,1,2013,291.74,ACFT,K,Approved,2014-04-04 08:51:00
2505464,12505464,2505464 Total (Diversion),Annual,1,2014,274.924,ACFT,K,Approved,2015-04-22 09:21:00
2505464,12505464,2505464 Total (Diversion),Annual,1,2015,116.245,ACFT,K,Approved,2016-04-08 15:31:00
2505464,12505464,2505464 Total (Diversion),Annual,1,2016,273.756,ACFT,K,Approved,2017-02-16 17:51:00
2505464,12505464,2505464 Total (Diversion),Annual,1,2017,228.471,ACFT,K,Approved,2018-05-16 15:31:00
2505464,12505464,2505464 Total (Diversion),Annual,1,2018,228.196,ACFT,K,Approved,2019-05-17 16:31:00
2505464,12505464,2505464 Total (Diversion),Annual,1,2019,0.0,ACFT,K,Approved,2020-03-31 14:45:00
2505464,12505464,2505464 Total (Diversion),Annual,1,2020,358.7008,ACFT,K,Approved,2021-03-25 14:00:00
2505464,12505464,2505464 Total (Diversion),Annual,1,2021,176.6254,ACFT,K,Approved,2022-03-23 11:00:00
2505464,12505464,2505464 Total (Diversion),Annual,1,2022,0.0,ACFT,K,Approved,2023-02-03 11:05:00
2505464,12505464,2505464 Total (Diversion),Annual,1,2023,157.2538,ACFT,K,Approved,2024-01-03 09:28:00
2505464,12505464,2505464 Total (Diversion),Annual,1,2024,138.0999,ACFT,K,Approved,2024-11-13 13:49:00
2505465,12505465,2505465 Total (Diversion),Annual,1,2009,167.24,ACFT,U,Approved,2011-02-25 09:34:00
2505465,12505465,2505465 Total (Diversion),Annual,1,2010,134.409,ACFT,,Approved,2013-11-26 12:44:00
2505465,12505465,2505465 Total (Diversion),Annual,1,2011,156.327,ACFT,U,Approved,2013-11-25 19:36:00
2505465,12505465,2505465 Total (Diversion),Annual,1,2012,158.444,ACFT,K,Approved,2013-05-03 18:22:00
2505465,12505465,2505465 Total (Diversion),Annual,1,2013,150.919,ACFT,K,Approved,2014-04-04 08:51:00
2505465,12505465,2505465 Total (Diversion),Annual,1,2014,188.28,ACFT,K,Approved,2015-04-22 09:21:00
2505465,12505465,2505465 Total (Diversion),Annual,1,2015,107.933,ACFT,K,Approved,2016-04-08 15:31:00
2505465,12505465,2505465 Total (Diversion),Annual,1,2016,226.415,ACFT,K,Approved,2017-02-16 17:51:00
2505465,12505465,2505465 Total (Diversion),Annual,1,2017,235.401,ACFT,K,Approved,2018-05-16 15:31:00
2505465,12505465,2505465 Total (Diversion),Annual,1,2018,235.401,ACFT,K,Approved,2019-01-26 16:15:00
2505465,12505465,2505465 Total (Diversion),Annual,1,2019,121.125,ACFT,K,Approved,2020-03-31 14:45:00
2505465,12505465,2505465 Total (Diversion),Annual,1,2020,0.0,ACFT,K,Approved,2021-03-25 14:00:00
2505465,12505465,2505465 Total (Diversion),Annual,1,2021,5.853,ACFT,K,Approved,2022-03-23 11:00:00
2505465,12505465,2505465 Total (Diversion),Annual,1,2022,104.79,ACFT,K,Approved,2023-02-03 11:02:00
2505465,12505465,2505465 Total (Diversion),Annual,1,2023,0.0,ACFT,K,Approved,2024-01-02 16:09:00
2505465,12505465,2505465 Total (Diversion),Annual,1,2024,90.092,ACFT,K,Approved,2024-11-13 13:17:00
2505496,12505496,2505496 Total (Diversion),Annual,1,2009,198.43,ACFT,U,Approved,2010-06-29 16:42:00
2505496,12505496,2505496 Total (Diversion),Annual,1,2010,206.524,ACFT,,Approved,2013-11-26 12:44:00
2505496,12505496,2505496 Total (Diversion),Annual,1,2011,293.526,ACFT,U,Approved,2013-11-25 19:36:00
2505496,12505496,2505496 Total (Diversion),Annual,1,2012,168.651,ACFT,K,Approved,2013-05-03 18:22:00
2505496,12505496,2505496 Total (Diversion),Annual,1,2013,214.559,ACFT,K,Approved,2014-04-04 08:51:00
2505496,12505496,2505496 Total (Diversion),Annual,1,2014,210.451,ACFT,K,Approved,2015-04-22 09:21:00
2505496,12505496,2505496 Total (Diversion),Annual,1,2015,148.838,ACFT,K,Approved,2016-04-08 15:31:00
2505496,12505496,2505496 Total (Diversion),Annual,1,2016,174.873,ACFT,K,Approved,2018-01-26 12:15:00
2505496,12505496,2505496 Total (Diversion),Annual,1,2017,226.176,ACFT,K,Approved,2018-05-16 15:31:00
2505496,12505496,2505496 Total (Diversion),Annual,1,2018,188.748,ACFT,K,Approved,2019-05-17 16:31:00
2505496,12505496,2505496 Total (Diversion),Annual,1,2019,133.545,ACFT,K,Approved,2020-03-31 14:45:00
2505496,12505496,2505496 Total (Diversion),Annual,1,2020,183.105,ACFT,K,Approved,2021-03-25 14:00:00
2505496,12505496,2505496 Total (Diversion),Annual,1,2021,196.472,ACFT,K,Approved,2022-03-23 11:00:00
2505496,12505496,2505496 Total (Diversion),Annual,1,2022,0.0,ACFT,K,Approved,2023-02-03 11:02:00
2505496,12505496,2505496 Total (Diversion),Annual,1,2023,148.994,ACFT,K,Approved,2024-01-03 09:29:00
2505496,12505496,2505496 Total (Diversion),Annual,1,2024,162.463,ACFT,K,Approved,2024-11-13 13:17:00
2505499,12505499,2505499 Total (Diversion),Annual,1,2009,226.7,ACFT,U,Approved,2011-02-25 09:30:00
2505499,12505499,2505499 Total (Diversion),Annual,1,2010,142.706,ACFT,,Approved,2013-11-26 12:45:00
2505499,12505499,2505499 Total (Diversion),Annual,1,2011,142.838,ACFT,U,Approved,2013-11-25 19:36:00
2505499,12505499,2505499 Total (Diversion),Annual,1,2012,283.319,ACFT,K,Approved,2013-05-03 18:22:00
2505499,12505499,2505499 Total (Diversion),Annual,1,2013,232.927,ACFT,K,Approved,2014-04-04 08:51:00
2505499,12505499,2505499 Total (Diversion),Annual,1,2014,199.284,ACFT,K,Approved,2015-04-22 09:21:00
2505499,12505499,2505499 Total (Diversion),Annual,1,2015,205.783,ACFT,K,Approved,2016-04-08 15:31:00
2505499,12505499,2505499 Total (Diversion),Annual,1,2016,184.826,ACFT,K,Approved,2017-02-16 17:51:00
2505499,12505499,2505499 Total (Diversion),Annual,1,2017,125.5412,ACFT,K,Approved,2018-05-16 15:31:00
2505499,12505499,2505499 Total (Diversion),Annual,1,2018,232.927,ACFT,K,Approved,2019-01-26 16:15:00
2505499,12505499,2505499 Total (Diversion),Annual,1,2019,368.9599,ACFT,K,Approved,2020-03-31 14:45:00
2505499,12505499,2505499 Total (Diversion),Annual,1,2020,112.9565,ACFT,K,Approved,2021-03-25 14:00:00
2505499,12505499,2505499 Total (Diversion),Annual,1,2021,142.3551,ACFT,K,Approved,2022-03-23 11:00:00
2505499,12505499,2505499 Total (Diversion),Annual,1,2022,94.817,ACFT,K,Approved,2023-02-03 11:05:00
2505499,12505499,2505499 Total (Diversion),Annual,1,2023,257.1292,ACFT,K,Approved,2024-01-03 09:30:00
2505499,12505499,2505499 Total (Diversion),Annual,1,2024,207.1161,ACFT,K,Approved,2024-11-13 13:17:00
2505505,12505505,2505505 Total (Diversion),Annual,1,2009,66.61,ACFT,U,Approved,2010-06-29 16:42:00
2505505,12505505,2505505 Total (Diversion),Annual,1,2010,128.11,ACFT,,Approved,2011-03-14 11:51:00
2505505,12505505,2505505 Total (Diversion),Annual,1,2011,132.54,ACFT,U,Approved,2012-06-01 17:59:00
2505505,12505505,2505505 Total (Diversion),Annual,1,2012,143.965,ACFT,K,Approved,2013-05-03 18:22:00
2505505,12505505,2505505 Total (Diversion),Annual,1,2013,119.315,ACFT,K,Approved,2014-04-04 08:51:00
2505505,12505505,2505505 Total (Diversion),Annual,1,2014,108.115,ACFT,K,Approved,2015-04-22 09:21:00
2505505,12505505,2505505 Total (Diversion),Annual,1,2015,90.35,ACFT,K,Approved,2016-04-08 15:31:00
2505505,12505505,2505505 Total (Diversion),Annual,1,2016,117.415,ACFT,K,Approved,2017-02-16 17:51:00
2505505,12505505,2505505 Total (Diversion),Annual,1,2017,131.89,ACFT,K,Approved,2018-05-16 15:31:00
2505505,12505505,2505505 Total (Diversion),Annual,1,2018,105.125,ACFT,K,Approved,2019-01-26 16:15:00
2505505,12505505,2505505 Total (Diversion),Annual,1,2019,112.285,ACFT,K,Approved,2020-03-31 14:45:00
2505505,12505505,2505505 Total (Diversion),Annual,1,2020,117.845,ACFT,K,Approved,2021-03-25 14:00:00
2505505,12505505,2505505 Total (Diversion),Annual,1,2021,135.195,ACFT,K,Approved,2022-03-23 11:00:00
2505505,12505505,2505505 Total (Diversion),Annual,1,2022,84.13,ACFT,K,Approved,2023-02-03 11:03:00
2505505,12505505,2505505 Total (Diversion),Annual,1,2023,123.365,ACFT,K,Approved,2024-01-03 09:32:00
2505505,12505505,2505505 Total (Diversion),Annual,1,2024,81.589,ACFT,K,Approved,2024-12-09 14:33:00
2505511,12505511,2505511 Total (Diversion),Annual,1,2009,333.34,ACFT,U,Approved,2010-06-29 16:42:00
2505511,12505511,2505511 Total (Diversion),Annual,1,2010,362.226,ACFT,,Approved,2013-11-26 12:45:00
2505511,12505511,2505511 Total (Diversion),Annual,1,2011,238.929,ACFT,U,Approved,2013-11-25 19:37:00
2505511,12505511,2505511 Total (Diversion),Annual,1,2012,218.554,ACFT,K,Approved,2013-05-03 18:22:00
2505511,12505511,2505511 Total (Diversion),Annual,1,2013,0.0,ACFT,K,Approved,2018-02-05 11:15:00
2505511,12505511,2505511 Total (Diversion),Annual,1,2014,626.214,ACFT,K,Approved,2018-02-14 13:40:00
2505511,12505511,2505511 Total (Diversion),Annual,1,2015,14.709,ACFT,K,Approved,2016-04-08 15:31:00
2505511,12505511,2505511 Total (Diversion),Annual,1,2016,0.0,ACFT,K,Approved,2017-02-16 17:51:00
2505511,12505511,2505511 Total (Diversion),Annual,1,2017,0.0,ACFT,K,Approved,2018-05-16 15:31:00
2505511,12505511,2505511 Total (Diversion),Annual,1,2018,0.0,ACFT,K,Approved,2019-01-26 16:15:00
2505511,12505511,2505511 Total (Diversion),Annual,1,2019,0.001,ACFT,K,Approved,2020-03-31 14:45:00
2505511,12505511,2505511 Total (Diversion),Annual,1,2020,0.0,ACFT,K,Approved,2021-03-25 14:00:00
2505511,12505511,2505511 Total (Diversion),Annual,1,2021,0.0,ACFT,K,Approved,2022-03-23 11:00:00
2505511,12505511,2505511 Total (Diversion),Annual,1,2022,0.0,ACFT,K,Approved,2023-02-03 11:02:00
2505511,12505511,2505511 Total (Diversion),Annual,1,2023,0.0,ACFT,K,Approved,2024-01-02 15:35:00
2505511,12505511,2505511 Total (Diversion),Annual,1,2024,0.0,ACFT,K,Approved,2024-11-19 14:08:00
2505537,12505537,2505537 Total (Diversion),Annual,1,2010,0.1704,ACFT,,Approved,2013-11-26 12:46:00
2505537,12505537,2505537 Total (Diversion),Annual,1,2011,0.3716,ACFT,U,Approved,2013-11-25 19:37:00
2505537,12505537,2505537 Total (Diversion),Annual,1,2012,57.653,ACFT,K,Approved,2018-02-14 15:40:00
2505537,12505537,2505537 Total (Diversion),Annual,1,2013,0.0,ACFT,K,Approved,2014-04-04 08:51:00
2505537,12505537,2505537 Total (Diversion),Annual,1,2014,0.0,ACFT,K,Approved,2015-04-22 09:21:00
2505537,12505537,2505537 Total (Diversion),Annual,1,2015,0.0,ACFT,K,Approved,2016-04-08 15:31:00
2505537,12505537,2505537 Total (Diversion),Annual,1,2016,0.0,ACFT,K,Approved,2017-02-16 17:51:00
2505537,12505537,2505537 Total (Diversion),Annual,1,2017,0.0,ACFT,K,Approved,2018-05-16 15:31:00
2505537,12505537,2505537 Total (Diversion),Annual,1,2018,0.0,ACFT,K,Approved,2019-01-26 16:15:00
2505537,12505537,2505537 Total (Diversion),Annual,1,2019,0.0,ACFT,K,Approved,2020-03-31 14:45:00
2505537,12505537,2505537 Total (Diversion),Annual,1,2020,0.0,ACFT,K,Approved,2021-03-25 14:00:00
2505537,12505537,2505537 Total (Diversion),Annual,1,2021,0.0,ACFT,K,Approved,2022-03-23 11:00:00
2505537,12505537,2505537 Total (Diversion),Annual,1,2022,0.0,ACFT,K,Approved,2023-02-03 11:05:00
2505537,12505537,2505537 Total (Diversion),Annual,1,2023,0.0,ACFT,K,Approved,2024-01-02 15:35:00
2505537,12505537,2505537 Total (Diversion),Annual,1,2024,0.0,ACFT,K,Approved,2024-11-19 14:08:00
2605433,12605433,2605433 Total (Diversion),Annual,1,2012,0.013,ACFT,K,Approved,2015-02-06 17:12:00
2605433,12605433,2605433 Total (Diversion),Annual,1,2014,0.009,ACFT,K,Approved,2015-04-22 09:30:00
2605433,12605433,2605433 Total (Diversion),Annual,1,2015,0.0,ACFT,K,Approved,2018-01-30 12:00:00
2605433,12605433,2605433 Total (Diversion),Annual,1,2016,0.0,ACFT,K,Approved,2017-02-16 17:52:00
2605433,12605433,2605433 Total (Diversion),Annual,1,2017,0.0,ACFT,K,Approved,2018-05-16 15:32:00
2605947,12605947,2605947 Total (Diversion),Annual,1,2009,101.4,ACFT,U,Approved,2010-06-29 17:41:00
2605947,12605947,2605947 Total (Diversion),Annual,1,2010,0.0,ACFT,U,Approved,2011-03-14 12:11:00
2605947,12605947,2605947 Total (Diversion),Annual,1,2011,213.4,ACFT,U,Approved,2012-06-01 18:00:00
2605947,12605947,2605947 Total (Diversion),Annual,1,2012,215.77,ACFT,K,Approved,2013-05-06 08:33:00
2605947,12605947,2605947 Total (Diversion),Annual,1,2013,181.97,ACFT,K,Approved,2014-04-02 16:31:00
2605947,12605947,2605947 Total (Diversion),Annual,1,2014,241.16,ACFT,K,Approved,2015-04-22 09:30:00
2605947,12605947,2605947 Total (Diversion),Annual,1,2015,174.95,ACFT,K,Approved,2016-04-08 15:32:00
2605947,12605947,2605947 Total (Diversion),Annual,1,2016,277.53,ACFT,K,Approved,2017-02-16 17:52:00
2605947,12605947,2605947 Total (Diversion),Annual,1,2017,205.75,ACFT,K,Approved,2018-05-16 15:32:00
2605947,12605947,2605947 Total (Diversion),Annual,1,2018,230.57,ACFT,K,Approved,2019-05-17 16:32:00
2605947,12605947,2605947 Total (Diversion),Annual,1,2019,171.93,ACFT,K,Approved,2020-03-31 15:00:00
2605947,12605947,2605947 Total (Diversion),Annual,1,2020,181.86,ACFT,K,Approved,2021-03-25 14:16:00
2605947,12605947,2605947 Total (Diversion),Annual,1,2021,255.11,ACFT,K,Approved,2022-03-23 09:00:00
2605947,12605947,2605947 Total (Diversion),Annual,1,2022,149.5,ACFT,K,Approved,2023-02-03 11:03:00
2605947,12605947,2605947 Total (Diversion),Annual,1,2023,201.75,ACFT,K,Approved,2024-01-02 16:07:00
2605947,12605947,2605947 Total (Diversion),Annual,1,2024,283.8,ACFT,K,Approved,2024-11-13 13:17:00
2605948,12605948,2605948 Total (Diversion),Annual,1,2009,100.33,ACFT,U,Approved,2010-06-29 17:41:00
2605948,12605948,2605948 Total (Diversion),Annual,1,2010,0.0,ACFT,U,Approved,2011-03-14 12:11:00
2605948,12605948,2605948 Total (Diversion),Annual,1,2011,211.05,ACFT,U,Approved,2012-06-01 18:00:00
2605948,12605948,2605948 Total (Diversion),Annual,1,2012,179.81,ACFT,K,Approved,2013-05-06 08:33:00
2605948,12605948,2605948 Total (Diversion),Annual,1,2013,176.95,ACFT,K,Approved,2014-04-02 16:31:00
2605948,12605948,2605948 Total (Diversion),Annual,1,2014,223.59,ACFT,K,Approved,2015-04-22 09:30:00
2605948,12605948,2605948 Total (Diversion),Annual,1,2015,168.72,ACFT,K,Approved,2016-04-08 15:32:00
2605948,12605948,2605948 Total (Diversion),Annual,1,2016,213.49,ACFT,K,Approved,2017-02-16 17:52:00
2605948,12605948,2605948 Total (Diversion),Annual,1,2017,281.66,ACFT,K,Approved,2018-05-16 15:32:00
2605948,12605948,2605948 Total (Diversion),Annual,1,2018,215.46,ACFT,K,Approved,2019-05-17 16:45:00
2605948,12605948,2605948 Total (Diversion),Annual,1,2019,172.4,ACFT,K,Approved,2020-03-31 15:00:00
2605948,12605948,2605948 Total (Diversion),Annual,1,2020,194.04,ACFT,K,Approved,2021-03-25 14:16:00
2605948,12605948,2605948 Total (Diversion),Annual,1,2021,285.78,ACFT,K,Approved,2022-03-23 09:00:00
2605948,12605948,2605948 Total (Diversion),Annual,1,2022,130.26,ACFT,K,Approved,2023-02-03 11:03:00
2605948,12605948,2605948 Total (Diversion),Annual,1,2023,136.18,ACFT,K,Approved,2024-01-02 16:08:00
2605948,12605948,2605948 Total (Diversion),Annual,1,2024,154.9,ACFT,K,Approved,2024-11-13 13:17:00
