wdid,waterClassNum,wcIdentifier,measInterval,measCount,dataMeasDate,dataValue,measUnits,obsCode,approvalStatus,modified
2005121,12005121,2005121 Total (Diversion),Annual,1,2009,67.94,ACFT,U,Approved,2010-06-29 16:23:00
2005121,12005121,2005121 Total (Diversion),Annual,1,2010,59.28,ACFT,U,Approved,2011-06-20 17:12:00
2005121,12005121,2005121 Total (Diversion),Annual,1,2011,91.09,ACFT,U,Approved,2012-07-06 07:51:00
2005121,12005121,2005121 Total (Diversion),Annual,1,2012,73.28,ACFT,K,Approved,2013-05-03 15:13:00
2005121,12005121,2005121 Total (Diversion),Annual,1,2013,0.0,ACFT,K,Approved,2014-04-04 13:52:00
2005121,12005121,2005121 Total (Diversion),Annual,1,2014,13.06,ACFT,K,Approved,2015-06-01 17:12:00
2005121,12005121,2005121 Total (Diversion),Annual,1,2015,0.0,ACFT,K,Approved,2016-05-30 14:30:00
2005121,12005121,2005121 Total (Diversion),Annual,1,2016,26.32,ACFT,K,Approved,2018-01-03 15:56:00
2005121,12005121,2005121 Total (Diversion),Annual,1,2017,3.7,ACFT,K,Approved,2018-05-25 09:41:00
2005121,12005121,2005121 Total (Diversion),Annual,1,2018,10.215,ACFT,K,Approved,2019-04-04 16:17:00
2005121,12005121,2005121 Total (Diversion),Annual,1,2019,0.0,ACFT,K,Approved,2020-04-01 21:05:00
2005121,12005121,2005121 Total (Diversion),Annual,1,2020,0.0,ACFT,K,Approved,2021-03-26 10:46:00
2005121,12005121,2005121 Total (Diversion),Annual,1,2021,0.0,ACFT,K,Approved,2022-03-30 09:30:00
2005121,12005121,2005121 Total (Diversion),Annual,1,2022,0.0,ACFT,K,Approved,2023-09-05 15:15:00
2005121,12005121,2005121 Total (Diversion),Annual,1,2023,0.0,ACFT,K,Approved,2024-01-11 13:18:00
2005121,12005121,2005121 Total (Diversion),Annual,1,2024,0.0,ACFT,K,Approved,2024-11-13 09:56:00
2005193,12005193,2005193 Total (Diversion),Annual,1,2009,108.25,ACFT,U,Approved,2019-06-21 11:30:00
2005193,12005193,2005193 Total (Diversion),Annual,1,2010,114.74,ACFT,U,Approved,2019-06-21 11:30:00
2005193,12005193,2005193 Total (Diversion),Annual,1,2011,122.525,ACFT,U,Approved,2019-06-21 11:30:00
2005193,12005193,2005193 Total (Diversion),Annual,1,2012,114.675,ACFT,K,Approved,2019-06-21 11:30:00
2005193,12005193,2005193 Total (Diversion),Annual,1,2013,101.025,ACFT,K,Approved,2019-06-21 11:30:00
2005193,12005193,2005193 Total (Diversion),Annual,1,2014,97.715,ACFT,K,Approved,2019-06-21 11:30:00
2005193,12005193,2005193 Total (Diversion),Annual,1,2015,84.97,ACFT,K,Approved,2019-06-21 11:30:00
2005193,12005193,2005193 Total (Diversion),Annual,1,2016,97.83,ACFT,K,Approved,2019-06-21 11:30:00
2005193,12005193,2005193 Total (Diversion),Annual,1,2017,79.92,ACFT,K,Approved,2019-06-21 11:30:00
2005193,12005193,2005193 Total (Diversion),Annual,1,2018,101.465,ACFT,K,Approved,2019-06-21 11:30:00
2005193,12005193,2005193 Total (Diversion),Annual,1,2019,79.69,ACFT,K,Approved,2020-04-01 21:05:00
2005193,12005193,2005193 Total (Diversion),Annual,1,2020,95.645,ACFT,K,Approved,2021-03-26 10:46:00
2005193,12005193,2005193 Total (Diversion),Annual,1,2021,82.44,ACFT,K,Approved,2022-03-30 09:30:00
2005193,12005193,2005193 Total (Diversion),Annual,1,2022,27.42,ACFT,K,Approved,2023-02-03 11:03:00
2005193,12005193,2005193 Total (Diversion),Annual,1,2023,90.775,ACFT,K,Approved,2024-01-16 11:12:00
2005193,12005193,2005193 Total (Diversion),Annual,1,2024,45.95,ACFT,K,Approved,2024-11-07 14:30:00
2006453,12006453,2006453 Total (Diversion),Annual,1,2009,109.26,ACFT,U,Approved,2010-06-29 16:23:00
2006453,12006453,2006453 Total (Diversion),Annual,1,2010,149.51,ACFT,U,Approved,2011-06-20 17:12:00
2006453,12006453,2006453 Total (Diversion),Annual,1,2011,202.68,ACFT,U,Approved,2012-07-06 07:51:00
2006453,12006453,2006453 Total (Diversion),Annual,1,2012,121.34,ACFT,K,Approved,2013-05-03 15:13:00
2006453,12006453,2006453 Total (Diversion),Annual,1,2013,88.69,ACFT,K,Approved,2014-04-04 13:52:00
2006453,12006453,2006453 Total (Diversion),Annual,1,2014,124.04,ACFT,K,Approved,2015-06-01 17:12:00
2006453,12006453,2006453 Total (Diversion),Annual,1,2015,78.77,ACFT,K,Approved,2016-05-30 14:30:00
2006453,12006453,2006453 Total (Diversion),Annual,1,2016,98.81,ACFT,K,Approved,2018-01-03 15:56:00
2006453,12006453,2006453 Total (Diversion),Annual,1,2017,118.52,ACFT,K,Approved,2018-05-25 09:41:00
2006453,12006453,2006453 Total (Diversion),Annual,1,2018,108.11,ACFT,K,Approved,2019-05-02 11:01:00
2006453,12006453,2006453 Total (Diversion),Annual,1,2019,82.38,ACFT,K,Approved,2020-04-01 21:05:00
2006453,12006453,2006453 Total (Diversion),Annual,1,2020,132.67,ACFT,K,Approved,2021-03-26 10:46:00
2006453,12006453,2006453 Total (Diversion),Annual,1,2021,89.17,ACFT,K,Approved,2022-03-30 09:30:00
2006453,12006453,2006453 Total (Diversion),Annual,1,2022,25.05,ACFT,K,Approved,2023-02-03 11:03:00
2006453,12006453,2006453 Total (Diversion),Annual,1,2023,132.67,ACFT,K,Approved,2024-02-08 13:28:00
2006453,12006453,2006453 Total (Diversion),Annual,1,2024,31.62,ACFT,K,Approved,2024-11-22 13:25:00
2006468,12006468,2006468 Total (Diversion),Annual,1,2009,118.3,ACFT,U,Approved,2010-06-29 16:23:00
2006468,12006468,2006468 Total (Diversion),Annual,1,2010,151.8,ACFT,U,Approved,2011-06-20 17:12:00
2006468,12006468,2006468 Total (Diversion),Annual,1,2011,206.1,ACFT,U,Approved,2012-07-06 07:51:00
2006468,12006468,2006468 Total (Diversion),Annual,1,2012,196.79,ACFT,K,Approved,2013-05-03 15:13:00
2006468,12006468,2006468 Total (Diversion),Annual,1,2013,193.19,ACFT,K,Approved,2014-04-04 13:52:00
2006468,12006468,2006468 Total (Diversion),Annual,1,2014,122.98,ACFT,K,Approved,2015-06-01 17:12:00
2006468,12006468,2006468 Total (Diversion),Annual,1,2015,139.93,ACFT,K,Approved,2016-05-30 14:30:00
2006468,12006468,2006468 Total (Diversion),Annual,1,2016,141.07,ACFT,K,Approved,2018-01-03 15:56:00
2006468,12006468,2006468 Total (Diversion),Annual,1,2017,121.06,ACFT,K,Approved,2018-05-25 09:41:00
2006468,12006468,2006468 Total (Diversion),Annual,1,2018,159.79,ACFT,K,Approved,2019-04-04 16:17:00
2006468,12006468,2006468 Total (Diversion),Annual,1,2019,192.22,ACFT,K,Approved,2020-04-01 21:05:00
2006468,12006468,2006468 Total (Diversion),Annual,1,2020,175.54,ACFT,K,Approved,2021-03-26 10:46:00
2006468,12006468,2006468 Total (Diversion),Annual,1,2021,208.36,ACFT,K,Approved,2022-03-30 09:30:00
2006468,12006468,2006468 Total (Diversion),Annual,1,2022,193.13,ACFT,K,Approved,2023-02-03 11:03:00
2006468,12006468,2006468 Total (Diversion),Annual,1,2023,240.64,ACFT,K,Approved,2024-01-12 08:53:00
2006468,12006468,2006468 Total (Diversion),Annual,1,2024,198.66,ACFT,K,Approved,2024-12-03 16:26:00
2006560,12006560,2006560 Total (Diversion),Annual,1,2009,74.88,ACFT,U,Approved,2010-06-29 16:23:00
2006560,12006560,2006560 Total (Diversion),Annual,1,2010,87.425,ACFT,U,Approved,2013-11-25 21:40:00
2006560,12006560,2006560 Total (Diversion),Annual,1,2011,91.105,ACFT,U,Approved,2013-11-25 15:05:00
2006560,12006560,2006560 Total (Diversion),Annual,1,2012,84.35,ACFT,K,Approved,2013-05-03 15:13:00
2006560,12006560,2006560 Total (Diversion),Annual,1,2013,83.06,ACFT,K,Approved,2014-04-04 13:52:00
2006560,12006560,2006560 Total (Diversion),Annual,1,2014,79.87,ACFT,K,Approved,2015-06-01 17:12:00
2006560,12006560,2006560 Total (Diversion),Annual,1,2015,68.27,ACFT,K,Approved,2016-05-30 14:30:00
2006560,12006560,2006560 Total (Diversion),Annual,1,2016,82.45,ACFT,K,Approved,2018-01-03 15:56:00
2006560,12006560,2006560 Total (Diversion),Annual,1,2017,71.86,ACFT,K,Approved,2018-05-25 09:41:00
2006560,12006560,2006560 Total (Diversion),Annual,1,2018,71.865,ACFT,K,Approved,2019-04-04 16:17:00
2006560,12006560,2006560 Total (Diversion),Annual,1,2019,84.2,ACFT,K,Approved,2020-04-01 21:05:00
2006560,12006560,2006560 Total (Diversion),Annual,1,2020,89.705,ACFT,K,Approved,2021-03-26 10:46:00
2006560,12006560,2006560 Total (Diversion),Annual,1,2021,75.12,ACFT,K,Approved,2022-03-30 09:30:00
2006560,12006560,2006560 Total (Diversion),Annual,1,2022,87.045,ACFT,K,Approved,2023-02-03 11:01:00
2006560,12006560,2006560 Total (Diversion),Annual,1,2023,98.03,ACFT,K,Approved,2024-01-16 12:09:00
2006560,12006560,2006560 Total (Diversion),Annual,1,2024,72.605,ACFT,K,Approved,2024-11-13 09:50:00
2008574,12008574,2008574 Total (Diversion),Annual,1,2009,110.12,ACFT,U,Approved,2010-06-29 16:23:00
2008574,12008574,2008574 Total (Diversion),Annual,1,2010,132.025,ACFT,U,Approved,2013-11-25 22:00:00
2008574,12008574,2008574 Total (Diversion),Annual,1,2011,126.9825,ACFT,U,Approved,2013-11-25 15:48:00
2008574,12008574,2008574 Total (Diversion),Annual,1,2012,107.204,ACFT,K,Approved,2013-05-03 15:13:00
2008574,12008574,2008574 Total (Diversion),Annual,1,2013,94.1525,ACFT,K,Approved,2014-04-04 13:52:00
2008574,12008574,2008574 Total (Diversion),Annual,1,2014,109.986,ACFT,K,Approved,2015-06-01 17:12:00
2008574,12008574,2008574 Total (Diversion),Annual,1,2015,89.6285,ACFT,K,Approved,2016-05-30 14:30:00
2008574,12008574,2008574 Total (Diversion),Annual,1,2016,101.18,ACFT,K,Approved,2018-01-03 15:56:00
2008574,12008574,2008574 Total (Diversion),Annual,1,2017,64.907,ACFT,K,Approved,2018-05-25 09:41:00
2008574,12008574,2008574 Total (Diversion),Annual,1,2018,112.264,ACFT,K,Approved,2019-04-04 16:17:00
2008574,12008574,2008574 Total (Diversion),Annual,1,2019,66.7675,ACFT,K,Approved,2020-04-01 21:05:00
2008574,12008574,2008574 Total (Diversion),Annual,1,2020,94.6585,ACFT,K,Approved,2021-03-26 10:46:00
2008574,12008574,2008574 Total (Diversion),Annual,1,2021,38.6385,ACFT,K,Approved,2022-03-30 09:30:00
2008574,12008574,2008574 Total (Diversion),Annual,1,2022,99.9225,ACFT,K,Approved,2023-02-03 11:02:00
2008574,12008574,2008574 Total (Diversion),Annual,1,2023,103.495,ACFT,K,Approved,2024-01-16 12:08:00
2008574,12008574,2008574 Total (Diversion),Annual,1,2024,105.02,ACFT,K,Approved,2024-11-07 09:55:00
2008621,12008621,2008621 Total (Diversion),Annual,1,2009,61.23,ACFT,U,Approved,2010-06-29 16:23:00
2008621,12008621,2008621 Total (Diversion),Annual,1,2010,101.4175,ACFT,U,Approved,2013-11-25 22:01:00
2008621,12008621,2008621 Total (Diversion),Annual,1,2011,117.23,ACFT,U,Approved,2012-07-06 07:51:00
2008621,12008621,2008621 Total (Diversion),Annual,1,2012,81.5145,ACFT,K,Approved,2013-05-03 15:13:00
2008621,12008621,2008621 Total (Diversion),Annual,1,2013,95.376,ACFT,K,Approved,2014-04-04 13:52:00
2008621,12008621,2008621 Total (Diversion),Annual,1,2014,72.484,ACFT,K,Approved,2015-06-01 17:12:00
2008621,12008621,2008621 Total (Diversion),Annual,1,2015,75.584,ACFT,K,Approved,2016-05-30 14:30:00
2008621,12008621,2008621 Total (Diversion),Annual,1,2016,90.6425,ACFT,K,Approved,2018-01-03 15:56:00
2008621,12008621,2008621 Total (Diversion),Annual,1,2017,85.6985,ACFT,K,Approved,2018-05-25 09:41:00
2008621,12008621,2008621 Total (Diversion),Annual,1,2018,100.553,ACFT,K,Approved,2019-04-04 16:17:00
2008621,12008621,2008621 Total (Diversion),Annual,1,2019,81.62,ACFT,K,Approved,2020-04-01 21:05:00
2008621,12008621,2008621 Total (Diversion),Annual,1,2020,89.1055,ACFT,K,Approved,2021-03-26 10:46:00
2008621,12008621,2008621 Total (Diversion),Annual,1,2021,98.8275,ACFT,K,Approved,2022-03-30 09:30:00
2008621,12008621,2008621 Total (Diversion),Annual,1,2022,90.4615,ACFT,K,Approved,2023-02-03 11:01:00
2008621,12008621,2008621 Total (Diversion),Annual,1,2023,79.6025,ACFT,K,Approved,2024-01-16 12:11:00
2008621,12008621,2008621 Total (Diversion),Annual,1,2024,80.9015,ACFT,K,Approved,2024-11-13 09:52:00
2008636,12008636,2008636 Total (Diversion),Annual,1,2011,7.84,ACFT,K,Approved,2015-02-06 17:01:00
2008636,12008636,2008636 Total (Diversion),Annual,1,2012,218.27,ACFT,K,Approved,2015-02-06 17:15:00
2008636,12008636,2008636 Total (Diversion),Annual,1,2013,187.25,ACFT,K,Approved,2015-02-09 08:21:00
2008636,12008636,2008636 Total (Diversion),Annual,1,2014,113.65,ACFT,K,Approved,2015-06-01 17:12:00
2008636,12008636,2008636 Total (Diversion),Annual,1,2015,0.8,ACFT,K,Approved,2016-05-30 14:30:00
2008636,12008636,2008636 Total (Diversion),Annual,1,2016,1.57,ACFT,K,Approved,2018-01-03 15:56:00
2008636,12008636,2008636 Total (Diversion),Annual,1,2017,0.52,ACFT,K,Approved,2018-05-25 09:41:00
2008636,12008636,2008636 Total (Diversion),Annual,1,2018,513.96,ACFT,K,Approved,2019-04-04 16:17:00
2008636,12008636,2008636 Total (Diversion),Annual,1,2019,1.36,ACFT,K,Approved,2020-04-01 21:05:00
2008636,12008636,2008636 Total (Diversion),Annual,1,2020,139.22,ACFT,K,Approved,2021-03-26 10:46:00
2008636,12008636,2008636 Total (Diversion),Annual,1,2021,7.41,ACFT,K,Approved,2022-03-30 09:30:00
2008636,12008636,2008636 Total (Diversion),Annual,1,2022,0.67,ACFT,K,Approved,2023-02-03 11:01:00
2008636,12008636,2008636 Total (Diversion),Annual,1,2023,9.72,ACFT,K,Approved,2024-01-29 09:02:00
2008636,12008636,2008636 Total (Diversion),Annual,1,2024,9.52,ACFT,K,Approved,2024-11-27 09:14:00
2008770,12008770,2008770 Total (Diversion),Annual,1,2009,0.0,ACFT,U,Approved,2010-06-29 16:23:00
2008770,12008770,2008770 Total (Diversion),Annual,1,2010,0.0,ACFT,U,Approved,2011-06-20 17:12:00
2008770,12008770,2008770 Total (Diversion),Annual,1,2011,0.081,ACFT,U,Approved,2013-11-25 15:58:00
2008770,12008770,2008770 Total (Diversion),Annual,1,2012,1.975,ACFT,K,Approved,2013-05-03 15:13:00
2008770,12008770,2008770 Total (Diversion),Annual,1,2013,0.0,ACFT,K,Approved,2014-04-04 13:52:00
2008770,12008770,2008770 Total (Diversion),Annual,1,2014,0.0,ACFT,K,Approved,2015-06-01 17:12:00
2008770,12008770,2008770 Total (Diversion),Annual,1,2015,0.0,ACFT,K,Approved,2016-05-30 14:30:00
2008770,12008770,2008770 Total (Diversion),Annual,1,2016,0.005,ACFT,K,Approved,2018-01-03 15:56:00
2008772,12008772,2008772 Total (Diversion),Annual,1,2009,138.85,ACFT,U,Approved,2010-06-29 16:23:00
2008772,12008772,2008772 Total (Diversion),Annual,1,2010,91.66,ACFT,U,Approved,2011-06-20 17:12:00
2008772,12008772,2008772 Total (Diversion),Annual,1,2011,163.44,ACFT,U,Approved,2012-07-06 07:51:00
2008772,12008772,2008772 Total (Diversion),Annual,1,2012,91.98,ACFT,K,Approved,2013-05-03 15:13:00
2008772,12008772,2008772 Total (Diversion),Annual,1,2013,0.0,ACFT,K,Approved,2014-04-04 13:52:00
2008772,12008772,2008772 Total (Diversion),Annual,1,2014,24.17,ACFT,K,Approved,2015-06-01 17:12:00
2008772,12008772,2008772 Total (Diversion),Annual,1,2015,0.0,ACFT,K,Approved,2016-05-30 14:30:00
2008772,12008772,2008772 Total (Diversion),Annual,1,2016,38.359,ACFT,K,Approved,2018-01-03 15:56:00
2008772,12008772,2008772 Total (Diversion),Annual,1,2017,38.672,ACFT,K,Approved,2018-05-25 09:41:00
2008772,12008772,2008772 Total (Diversion),Annual,1,2018,10.925,ACFT,K,Approved,2019-04-04 16:17:00
2008772,12008772,2008772 Total (Diversion),Annual,1,2019,0.0,ACFT,K,Approved,2020-04-01 21:05:00
2008772,12008772,2008772 Total (Diversion),Annual,1,2020,0.0,ACFT,K,Approved,2021-03-26 10:46:00
2008772,12008772,2008772 Total (Diversion),Annual,1,2021,0.0,ACFT,K,Approved,2022-03-30 09:30:00
2008772,12008772,2008772 Total (Diversion),Annual,1,2022,0.0,ACFT,K,Approved,2023-02-03 11:02:00
2008772,12008772,2008772 Total (Diversion),Annual,1,2023,0.0,ACFT,K,Approved,2024-01-16 12:16:00
2008772,12008772,2008772 Total (Diversion),Annual,1,2024,0.0,ACFT,K,Approved,2024-11-13 09:53:00
2009125,12009125,2009125 Total (Diversion),Annual,1,2019,0.051,ACFT,K,Approved,2020-04-01 21:05:00
2009125,12009125,2009125 Total (Diversion),Annual,1,2020,0.0,ACFT,K,Approved,2021-03-26 10:46:00
2009125,12009125,2009125 Total (Diversion),Annual,1,2021,0.0,ACFT,K,Approved,2022-03-30 09:30:00
2009125,12009125,2009125 Total (Diversion),Annual,1,2022,0.0,ACFT,K,Approved,2023-02-03 11:04:00
2009125,12009125,2009125 Total (Diversion),Annual,1,2023,0.325,ACFT,K,Approved,2024-01-29 13:01:00
2009125,12009125,2009125 Total (Diversion),Annual,1,2024,0.0,ACFT,K,Approved,2024-11-15 15:02:00
2009310,12009310,2009310 Total (Diversion),Annual,1,2009,96.25,ACFT,U,Approved,2010-06-29 16:23:00
2009310,12009310,2009310 Total (Diversion),Annual,1,2010,160.665,ACFT,U,Approved,2013-11-25 22:23:00
2009310,12009310,2009310 Total (Diversion),Annual,1,2011,113.33,ACFT,U,Approved,2012-07-06 07:51:00
2009310,12009310,2009310 Total (Diversion),Annual,1,2012,119.355,ACFT,K,Approved,2013-05-03 15:13:00
2009310,12009310,2009310 Total (Diversion),Annual,1,2013,96.74,ACFT,K,Approved,2014-04-04 13:52:00
2009310,12009310,2009310 Total (Diversion),Annual,1,2014,108.17,ACFT,K,Approved,2015-06-01 17:12:00
2009310,12009310,2009310 Total (Diversion),Annual,1,2015,83.82,ACFT,K,Approved,2016-05-30 14:30:00
2009310,12009310,2009310 Total (Diversion),Annual,1,2016,124.3,ACFT,K,Approved,2018-01-03 15:56:00
2009310,12009310,2009310 Total (Diversion),Annual,1,2017,70.09,ACFT,K,Approved,2018-05-25 09:41:00
2009310,12009310,2009310 Total (Diversion),Annual,1,2018,119.32,ACFT,K,Approved,2019-04-04 16:17:00
2009310,12009310,2009310 Total (Diversion),Annual,1,2019,96.52,ACFT,K,Approved,2020-04-01 21:05:00
2009310,12009310,2009310 Total (Diversion),Annual,1,2020,100.435,ACFT,K,Approved,2021-03-26 10:46:00
2009310,12009310,2009310 Total (Diversion),Annual,1,2021,93.703,ACFT,K,Approved,2022-03-30 09:30:00
2009310,12009310,2009310 Total (Diversion),Annual,1,2022,101.9475,ACFT,K,Approved,2023-02-03 11:04:00
2009310,12009310,2009310 Total (Diversion),Annual,1,2023,113.848,ACFT,K,Approved,2024-01-17 16:00:00
2009310,12009310,2009310 Total (Diversion),Annual,1,2024,85.331,ACFT,K,Approved,2024-10-24 09:32:00
2009865,12009865,2009865 Total (Diversion),Annual,1,2009,0.0,ACFT,U,Approved,2010-06-29 16:23:00
2009865,12009865,2009865 Total (Diversion),Annual,1,2010,0.15,ACFT,U,Approved,2011-06-20 17:12:00
2009865,12009865,2009865 Total (Diversion),Annual,1,2011,3.86,ACFT,U,Approved,2012-07-06 07:51:00
2009865,12009865,2009865 Total (Diversion),Annual,1,2012,1.99,ACFT,K,Approved,2013-05-03 15:13:00
2009865,12009865,2009865 Total (Diversion),Annual,1,2013,2.11,ACFT,K,Approved,2014-04-04 13:52:00
2009865,12009865,2009865 Total (Diversion),Annual,1,2014,4.62,ACFT,K,Approved,2015-06-01 17:12:00
2009865,12009865,2009865 Total (Diversion),Annual,1,2015,6.94,ACFT,K,Approved,2016-05-30 14:30:00
2009865,12009865,2009865 Total (Diversion),Annual,1,2016,5.35,ACFT,K,Approved,2018-01-03 15:56:00
2009865,12009865,2009865 Total (Diversion),Annual,1,2017,2.63,ACFT,K,Approved,2018-05-25 09:41:00
2009865,12009865,2009865 Total (Diversion),Annual,1,2018,2.73,ACFT,K,Approved,2019-04-04 16:17:00
2009865,12009865,2009865 Total (Diversion),Annual,1,2019,0.77,ACFT,K,Approved,2020-04-01 21:05:00
2009865,12009865,2009865 Total (Diversion),Annual,1,2020,1.14,ACFT,K,Approved,2021-03-26 10:46:00
2009865,12009865,2009865 Total (Diversion),Annual,1,2021,0.16,ACFT,K,Approved,2022-03-30 09:30:00
2009865,12009865,2009865 Total (Diversion),Annual,1,2022,0.04,ACFT,K,Approved,2023-02-03 11:03:00
2009865,12009865,2009865 Total (Diversion),Annual,1,2023,0.82,ACFT,K,Approved,2024-01-17 13:19:00
2009865,12009865,2009865 Total (Diversion),Annual,1,2024,0.27,ACFT,K,Approved,2024-11-15 11:49:00
2010236,12010236,2010236 Total (Diversion),Annual,1,2009,31.05,ACFT,U,Approved,2010-06-29 16:23:00
2010236,12010236,2010236 Total (Diversion),Annual,1,2010,53.58,ACFT,U,Approved,2011-06-20 17:12:00
2010236,12010236,2010236 Total (Diversion),Annual,1,2011,97.4,ACFT,U,Approved,2012-07-06 07:51:00
2010236,12010236,2010236 Total (Diversion),Annual,1,2012,89.37,ACFT,K,Approved,2013-05-03 15:13:00
2010236,12010236,2010236 Total (Diversion),Annual,1,2013,93.69,ACFT,K,Approved,2014-04-04 13:52:00
2010236,12010236,2010236 Total (Diversion),Annual,1,2014,129.54,ACFT,K,Approved,2015-06-01 17:12:00
2010236,12010236,2010236 Total (Diversion),Annual,1,2015,91.16,ACFT,K,Approved,2016-05-30 14:30:00
2010236,12010236,2010236 Total (Diversion),Annual,1,2016,115.27,ACFT,K,Approved,2018-01-03 15:56:00
2010236,12010236,2010236 Total (Diversion),Annual,1,2017,70.14,ACFT,K,Approved,2018-05-25 09:41:00
2010236,12010236,2010236 Total (Diversion),Annual,1,2018,31.73,ACFT,K,Approved,2019-05-08 16:01:00
2010236,12010236,2010236 Total (Diversion),Annual,1,2019,89.81,ACFT,K,Approved,2020-04-01 21:05:00
2010236,12010236,2010236 Total (Diversion),Annual,1,2020,109.05,ACFT,K,Approved,2021-03-26 10:46:00
2010236,12010236,2010236 Total (Diversion),Annual,1,2021,124.69,ACFT,K,Approved,2022-03-30 09:30:00
2010236,12010236,2010236 Total (Diversion),Annual,1,2022,83.24,ACFT,K,Approved,2023-02-03 11:03:00
2010236,12010236,2010236 Total (Diversion),Annual,1,2023,109.84,ACFT,K,Approved,2024-01-12 18:28:00
2010236,12010236,2010236 Total (Diversion),Annual,1,2024,46.28,ACFT,K,Approved,2024-11-22 13:24:00
2010237,12010237,2010237 Total (Diversion),Annual,1,2009,0.02,ACFT,U,Approved,2010-06-29 16:23:00
2010237,12010237,2010237 Total (Diversion),Annual,1,2010,0.0,ACFT,U,Approved,2011-06-20 17:12:00
2010237,12010237,2010237 Total (Diversion),Annual,1,2011,43.127,ACFT,U,Approved,2013-11-25 16:42:00
2010237,12010237,2010237 Total (Diversion),Annual,1,2012,98.108,ACFT,K,Approved,2013-05-03 15:13:00
2010237,12010237,2010237 Total (Diversion),Annual,1,2013,103.031,ACFT,K,Approved,2014-04-04 13:52:00
2010237,12010237,2010237 Total (Diversion),Annual,1,2014,163.97,ACFT,K,Approved,2015-06-01 17:12:00
2010237,12010237,2010237 Total (Diversion),Annual,1,2015,104.068,ACFT,K,Approved,2016-05-30 14:30:00
2010237,12010237,2010237 Total (Diversion),Annual,1,2016,146.336,ACFT,K,Approved,2018-01-03 15:56:00
2010237,12010237,2010237 Total (Diversion),Annual,1,2017,175.577,ACFT,K,Approved,2018-05-25 09:41:00
2010237,12010237,2010237 Total (Diversion),Annual,1,2018,159.895,ACFT,K,Approved,2019-05-08 16:01:00
2010237,12010237,2010237 Total (Diversion),Annual,1,2019,126.634,ACFT,K,Approved,2020-04-01 21:05:00
2010237,12010237,2010237 Total (Diversion),Annual,1,2020,200.687,ACFT,K,Approved,2021-03-26 10:46:00
2010237,12010237,2010237 Total (Diversion),Annual,1,2021,181.166,ACFT,K,Approved,2022-03-30 09:30:00
2010237,12010237,2010237 Total (Diversion),Annual,1,2022,134.695,ACFT,K,Approved,2023-02-03 11:04:00
2010237,12010237,2010237 Total (Diversion),Annual,1,2023,171.173,ACFT,K,Approved,2024-01-12 18:51:00
2010237,12010237,2010237 Total (Diversion),Annual,1,2024,129.753,ACFT,K,Approved,2024-11-22 13:25:00
2010400,12010400,2010400 Total (Diversion),Annual,1,2009,289.01,ACFT,U,Approved,2010-06-29 16:23:00
2010400,12010400,2010400 Total (Diversion),Annual,1,2010,244.99,ACFT,U,Approved,2011-06-20 17:12:00
2010400,12010400,2010400 Total (Diversion),Annual,1,2011,195.99,ACFT,U,Approved,2012-07-06 07:51:00
2010400,12010400,2010400 Total (Diversion),Annual,1,2012,184.66,ACFT,K,Approved,2013-05-03 15:13:00
2010400,12010400,2010400 Total (Diversion),Annual,1,2013,196.38,ACFT,K,Approved,2014-04-04 13:52:00
2010400,12010400,2010400 Total (Diversion),Annual,1,2014,183.85,ACFT,K,Approved,2015-06-01 17:12:00
2010400,12010400,2010400 Total (Diversion),Annual,1,2015,71.76,ACFT,K,Approved,2016-05-30 14:30:00
2010400,12010400,2010400 Total (Diversion),Annual,1,2016,184.65,ACFT,K,Approved,2018-01-03 15:56:00
2010400,12010400,2010400 Total (Diversion),Annual,1,2017,142.03,ACFT,K,Approved,2018-05-25 09:41:00
2010400,12010400,2010400 Total (Diversion),Annual,1,2018,188.46,ACFT,K,Approved,2019-04-04 16:17:00
2010400,12010400,2010400 Total (Diversion),Annual,1,2019,201.62,ACFT,K,Approved,2020-04-01 21:05:00
2010400,12010400,2010400 Total (Diversion),Annual,1,2020,303.2,ACFT,K,Approved,2021-03-26 10:46:00
2010400,12010400,2010400 Total (Diversion),Annual,1,2021,48.33,ACFT,K,Approved,2022-03-30 09:30:00
2010400,12010400,2010400 Total (Diversion),Annual,1,2022,159.13,ACFT,K,Approved,2023-02-03 11:05:00
2010400,12010400,2010400 Total (Diversion),Annual,1,2023,149.73,ACFT,K,Approved,2024-01-11 10:41:00
2010400,12010400,2010400 Total (Diversion),Annual,1,2024,117.87,ACFT,K,Approved,2024-12-03 16:26:00
2010402,12010402,2010402 Total (Diversion),Annual,1,2009,0.0,ACFT,U,Approved,2010-06-29 16:23:00
2010402,12010402,2010402 Total (Diversion),Annual,1,2010,0.0,ACFT,U,Approved,2011-06-20 17:12:00
2010402,12010402,2010402 Total (Diversion),Annual,1,2011,0.0,ACFT,U,Approved,2012-07-06 07:51:00
2010402,12010402,2010402 Total (Diversion),Annual,1,2012,46.4,ACFT,K,Approved,2013-05-03 15:13:00
2010402,12010402,2010402 Total (Diversion),Annual,1,2013,40.1,ACFT,K,Approved,2014-04-04 13:52:00
2010402,12010402,2010402 Total (Diversion),Annual,1,2014,121.4,ACFT,K,Approved,2015-06-01 17:12:00
2010402,12010402,2010402 Total (Diversion),Annual,1,2015,58.1,ACFT,K,Approved,2016-05-30 14:30:00
2010402,12010402,2010402 Total (Diversion),Annual,1,2016,11.6,ACFT,K,Approved,2018-01-03 15:56:00
2010402,12010402,2010402 Total (Diversion),Annual,1,2017,32.0,ACFT,K,Approved,2018-05-25 09:41:00
2010402,12010402,2010402 Total (Diversion),Annual,1,2018,0.0,ACFT,K,Approved,2019-04-04 16:17:00
2010402,12010402,2010402 Total (Diversion),Annual,1,2019,30.0,ACFT,K,Approved,2020-04-01 21:05:00
2010402,12010402,2010402 Total (Diversion),Annual,1,2020,2.4,ACFT,K,Approved,2021-03-26 10:46:00
2010402,12010402,2010402 Total (Diversion),Annual,1,2021,75.63,ACFT,K,Approved,2022-03-30 09:30:00
2010402,12010402,2010402 Total (Diversion),Annual,1,2022,72.27,ACFT,K,Approved,2023-02-03 11:05:00
2010402,12010402,2010402 Total (Diversion),Annual,1,2023,65.25,ACFT,K,Approved,2024-01-11 10:46:00
2010402,12010402,2010402 Total (Diversion),Annual,1,2024,3.9,ACFT,K,Approved,2024-12-03 16:25:00
2010405,12010405,2010405 Total (Diversion),Annual,1,2009,108.25,ACFT,U,Approved,2010-06-29 16:23:00
2010405,12010405,2010405 Total (Diversion),Annual,1,2010,114.74,ACFT,U,Approved,2011-06-20 17:12:00
2010405,12010405,2010405 Total (Diversion),Annual,1,2011,122.525,ACFT,U,Approved,2013-11-25 16:44:00
2010405,12010405,2010405 Total (Diversion),Annual,1,2012,114.675,ACFT,K,Approved,2013-05-03 15:13:00
2010405,12010405,2010405 Total (Diversion),Annual,1,2013,101.025,ACFT,K,Approved,2014-04-04 13:52:00
2010405,12010405,2010405 Total (Diversion),Annual,1,2014,97.715,ACFT,K,Approved,2015-06-01 17:12:00
2010405,12010405,2010405 Total (Diversion),Annual,1,2015,84.97,ACFT,K,Approved,2016-05-30 14:30:00
2010405,12010405,2010405 Total (Diversion),Annual,1,2016,97.83,ACFT,K,Approved,2018-01-03 15:56:00
2010405,12010405,2010405 Total (Diversion),Annual,1,2017,79.92,ACFT,K,Approved,2018-05-25 09:41:00
2010405,12010405,2010405 Total (Diversion),Annual,1,2018,101.465,ACFT,K,Approved,2019-04-04 16:17:00
2010405,12010405,2010405 Total (Diversion),Annual,1,2019,79.69,ACFT,K,Approved,2020-04-01 21:05:00
2010405,12010405,2010405 Total (Diversion),Annual,1,2020,95.645,ACFT,K,Approved,2021-03-26 10:46:00
2010405,12010405,2010405 Total (Diversion),Annual,1,2021,82.44,ACFT,K,Approved,2022-03-30 09:30:00
2010405,12010405,2010405 Total (Diversion),Annual,1,2022,27.42,ACFT,K,Approved,2023-02-03 11:03:00
2010405,12010405,2010405 Total (Diversion),Annual,1,2023,90.775,ACFT,K,Approved,2024-01-16 11:12:00
2010405,12010405,2010405 Total (Diversion),Annual,1,2024,45.95,ACFT,K,Approved,2024-11-07 14:30:00
2010962,12010962,2010962 Total (Diversion),Annual,1,2009,0.16,ACFT,U,Approved,2010-06-29 16:23:00
2010962,12010962,2010962 Total (Diversion),Annual,1,2010,0.9831,ACFT,U,Approved,2013-11-25 22:39:00
2010962,12010962,2010962 Total (Diversion),Annual,1,2011,1.1295,ACFT,U,Approved,2013-11-25 16:52:00
2010962,12010962,2010962 Total (Diversion),Annual,1,2012,1.0685,ACFT,K,Approved,2013-05-03 15:13:00
2010962,12010962,2010962 Total (Diversion),Annual,1,2013,1.0537,ACFT,K,Approved,2014-04-04 13:52:00
2010962,12010962,2010962 Total (Diversion),Annual,1,2014,1.0355,ACFT,K,Approved,2015-06-01 17:12:00
2010962,12010962,2010962 Total (Diversion),Annual,1,2015,0.9716,ACFT,K,Approved,2016-05-30 14:30:00
2010962,12010962,2010962 Total (Diversion),Annual,1,2016,1.0616,ACFT,K,Approved,2018-01-03 15:56:00
2010962,12010962,2010962 Total (Diversion),Annual,1,2017,1.7377,ACFT,K,Approved,2018-05-25 09:41:00
2010962,12010962,2010962 Total (Diversion),Annual,1,2018,0.9468,ACFT,K,Approved,2019-04-04 16:17:00
2010962,12010962,2010962 Total (Diversion),Annual,1,2019,0.9241,ACFT,K,Approved,2020-04-01 21:05:00
2010962,12010962,2010962 Total (Diversion),Annual,1,2020,1.129,ACFT,K,Approved,2021-03-26 10:46:00
2010962,12010962,2010962 Total (Diversion),Annual,1,2021,1.3661,ACFT,K,Approved,2022-03-30 09:30:00
2010962,12010962,2010962 Total (Diversion),Annual,1,2022,1.9752,ACFT,K,Approved,2023-02-03 11:05:00
2010962,12010962,2010962 Total (Diversion),Annual,1,2023,0.3925,ACFT,K,Approved,2024-01-31 13:42:00
2010962,12010962,2010962 Total (Diversion),Annual,1,2024,0.371,ACFT,K,Approved,2024-10-29 14:01:00
2010963,12010963,2010963 Total (Diversion),Annual,1,2010,2.4431,ACFT,U,Approved,2013-11-25 22:39:00
2010963,12010963,2010963 Total (Diversion),Annual,1,2011,2.4303,ACFT,U,Approved,2013-11-25 16:52:00
2010963,12010963,2010963 Total (Diversion),Annual,1,2012,2.0973,ACFT,K,Approved,2013-05-03 15:13:00
2010963,12010963,2010963 Total (Diversion),Annual,1,2013,1.8622,ACFT,K,Approved,2014-04-04 13:52:00
2010963,12010963,2010963 Total (Diversion),Annual,1,2014,3.0303,ACFT,K,Approved,2015-06-01 17:12:00
2010963,12010963,2010963 Total (Diversion),Annual,1,2015,3.3377,ACFT,K,Approved,2016-05-30 14:30:00
2010963,12010963,2010963 Total (Diversion),Annual,1,2016,3.93,ACFT,K,Approved,2018-01-03 15:56:00
2010963,12010963,2010963 Total (Diversion),Annual,1,2017,4.3342,ACFT,K,Approved,2018-05-25 09:41:00
2010963,12010963,2010963 Total (Diversion),Annual,1,2018,3.9975,ACFT,K,Approved,2019-04-04 16:17:00
2010963,12010963,2010963 Total (Diversion),Annual,1,2019,3.4537,ACFT,K,Approved,2020-04-01 21:05:00
2010963,12010963,2010963 Total (Diversion),Annual,1,2020,4.5739,ACFT,K,Approved,2021-03-26 10:46:00
2010963,12010963,2010963 Total (Diversion),Annual,1,2021,3.706,ACFT,K,Approved,2022-03-30 09:30:00
2010963,12010963,2010963 Total (Diversion),Annual,1,2022,5.9723,ACFT,K,Approved,2023-02-03 11:05:00
2010963,12010963,2010963 Total (Diversion),Annual,1,2023,5.97,ACFT,K,Approved,2024-02-01 15:25:00
2010963,12010963,2010963 Total (Diversion),Annual,1,2024,4.4969,ACFT,K,Approved,2024-10-24 09:34:00
2011301,12011301,2011301 Total (Diversion),Annual,1,2015,0.036,ACFT,K,Approved,2016-05-30 14:30:00
2011301,12011301,2011301 Total (Diversion),Annual,1,2016,0.0,ACFT,K,Approved,2018-01-03 15:56:00
2011301,12011301,2011301 Total (Diversion),Annual,1,2017,0.0,ACFT,K,Approved,2018-05-25 09:41:00
2011301,12011301,2011301 Total (Diversion),Annual,1,2018,0.997,ACFT,K,Approved,2019-04-04 16:17:00
2011301,12011301,2011301 Total (Diversion),Annual,1,2019,0.0,ACFT,K,Approved,2020-04-01 21:05:00
2011301,12011301,2011301 Total (Diversion),Annual,1,2020,0.05,ACFT,K,Approved,2021-03-26 10:46:00
2011301,12011301,2011301 Total (Diversion),Annual,1,2021,0.0,ACFT,K,Approved,2022-03-30 09:30:00
2011301,12011301,2011301 Total (Diversion),Annual,1,2022,0.0,ACFT,K,Approved,2023-02-03 11:04:00
2011301,12011301,2011301 Total (Diversion),Annual,1,2023,0.0,ACFT,K,Approved,2024-02-06 13:06:00
2011301,12011301,2011301 Total (Diversion),Annual,1,2024,0.0726,ACFT,K,Approved,2024-11-27 09:13:00
2011913,12011913,2011913 Total (Diversion),Annual,1,2009,317.5,ACFT,U,Approved,2010-06-29 16:23:00
2011913,12011913,2011913 Total (Diversion),Annual,1,2010,290.1,ACFT,U,Approved,2011-06-20 17:12:00
2011913,12011913,2011913 Total (Diversion),Annual,1,2011,279.31,ACFT,U,Approved,2012-07-06 07:51:00
2011913,12011913,2011913 Total (Diversion),Annual,1,2012,390.62,ACFT,K,Approved,2013-05-03 15:13:00
2011913,12011913,2011913 Total (Diversion),Annual,1,2013,305.1,ACFT,K,Approved,2014-04-04 13:52:00
2011913,12011913,2011913 Total (Diversion),Annual,1,2014,308.46,ACFT,K,Approved,2015-06-01 17:12:00
2011913,12011913,2011913 Total (Diversion),Annual,1,2015,263.09,ACFT,K,Approved,2016-05-30 14:30:00
2011913,12011913,2011913 Total (Diversion),Annual,1,2016,206.73,ACFT,K,Approved,2018-01-03 15:56:00
2011913,12011913,2011913 Total (Diversion),Annual,1,2017,193.8,ACFT,K,Approved,2018-05-25 09:41:00
2011913,12011913,2011913 Total (Diversion),Annual,1,2018,308.46,ACFT,K,Approved,2019-04-04 16:17:00
2011913,12011913,2011913 Total (Diversion),Annual,1,2019,131.994,ACFT,K,Approved,2020-04-01 21:05:00
2011913,12011913,2011913 Total (Diversion),Annual,1,2020,275.148,ACFT,K,Approved,2021-03-26 10:46:00
2011913,12011913,2011913 Total (Diversion),Annual,1,2021,275.53,ACFT,K,Approved,2022-03-30 09:30:00
2011913,12011913,2011913 Total (Diversion),Annual,1,2022,259.069,ACFT,K,Approved,2023-02-03 11:04:00
2011913,12011913,2011913 Total (Diversion),Annual,1,2023,300.0818,ACFT,K,Approved,2024-01-17 12:56:00
2011913,12011913,2011913 Total (Diversion),Annual,1,2024,197.443,ACFT,K,Approved,2024-11-19 11:02:00
2012608,12012608,2012608 Total (Diversion),Annual,1,2009,0.0,ACFT,U,Approved,2010-06-29 16:23:00
2012608,12012608,2012608 Total (Diversion),Annual,1,2010,0.0,ACFT,U,Approved,2011-06-20 17:12:00
2012608,12012608,2012608 Total (Diversion),Annual,1,2011,0.129,ACFT,U,Approved,2013-11-25 17:11:00
2012608,12012608,2012608 Total (Diversion),Annual,1,2012,0.0,ACFT,K,Approved,2013-05-03 15:13:00
2012608,12012608,2012608 Total (Diversion),Annual,1,2013,0.0,ACFT,K,Approved,2014-04-04 13:52:00
2012608,12012608,2012608 Total (Diversion),Annual,1,2014,0.18,ACFT,K,Approved,2015-06-01 17:12:00
2012608,12012608,2012608 Total (Diversion),Annual,1,2015,0.0,ACFT,K,Approved,2016-05-30 14:30:00
2012608,12012608,2012608 Total (Diversion),Annual,1,2016,0.0,ACFT,K,Approved,2018-01-03 15:56:00
2012608,12012608,2012608 Total (Diversion),Annual,1,2017,0.0,ACFT,K,Approved,2018-05-25 09:41:00
2012608,12012608,2012608 Total (Diversion),Annual,1,2018,0.0,ACFT,K,Approved,2019-04-04 16:17:00
2012609,12012609,2012609 Total (Diversion),Annual,1,2009,57.28,ACFT,U,Approved,2010-06-29 16:23:00
2012609,12012609,2012609 Total (Diversion),Annual,1,2010,78.305,ACFT,U,Approved,2013-11-25 22:55:00
2012609,12012609,2012609 Total (Diversion),Annual,1,2011,106.63,ACFT,U,Approved,2012-07-06 07:51:00
2012609,12012609,2012609 Total (Diversion),Annual,1,2012,91.46,ACFT,K,Approved,2013-05-03 15:13:00
2012609,12012609,2012609 Total (Diversion),Annual,1,2013,97.05,ACFT,K,Approved,2014-04-04 13:52:00
2012609,12012609,2012609 Total (Diversion),Annual,1,2014,78.565,ACFT,K,Approved,2015-06-01 17:12:00
2012609,12012609,2012609 Total (Diversion),Annual,1,2015,78.51,ACFT,K,Approved,2016-05-30 14:30:00
2012609,12012609,2012609 Total (Diversion),Annual,1,2016,70.435,ACFT,K,Approved,2018-01-03 15:56:00
2012609,12012609,2012609 Total (Diversion),Annual,1,2017,88.425,ACFT,K,Approved,2018-05-25 09:41:00
2012609,12012609,2012609 Total (Diversion),Annual,1,2018,100.935,ACFT,K,Approved,2019-04-04 16:17:00
2012609,12012609,2012609 Total (Diversion),Annual,1,2019,93.075,ACFT,K,Approved,2020-04-01 21:05:00
2012609,12012609,2012609 Total (Diversion),Annual,1,2020,120.08,ACFT,K,Approved,2021-03-26 10:46:00
2012609,12012609,2012609 Total (Diversion),Annual,1,2021,108.33,ACFT,K,Approved,2022-03-30 09:30:00
2012609,12012609,2012609 Total (Diversion),Annual,1,2022,100.475,ACFT,K,Approved,2023-02-03 11:04:00
2012609,12012609,2012609 Total (Diversion),Annual,1,2023,97.075,ACFT,K,Approved,2024-01-16 12:14:00
2012609,12012609,2012609 Total (Diversion),Annual,1,2024,92.45,ACFT,K,Approved,2024-11-13 09:54:00
2012611,12012611,2012611 Total (Diversion),Annual,1,2009,57.28,ACFT,U,Approved,2010-06-29 16:23:00
2012611,12012611,2012611 Total (Diversion),Annual,1,2010,78.305,ACFT,U,Approved,2013-11-25 22:55:00
2012611,12012611,2012611 Total (Diversion),Annual,1,2011,106.63,ACFT,U,Approved,2012-07-06 07:51:00
2012611,12012611,2012611 Total (Diversion),Annual,1,2012,91.46,ACFT,K,Approved,2013-05-03 15:13:00
2012611,12012611,2012611 Total (Diversion),Annual,1,2013,97.05,ACFT,K,Approved,2014-04-04 13:52:00
2012611,12012611,2012611 Total (Diversion),Annual,1,2014,78.565,ACFT,K,Approved,2015-06-01 17:12:00
2012611,12012611,2012611 Total (Diversion),Annual,1,2015,78.51,ACFT,K,Approved,2016-05-30 14:30:00
2012611,12012611,2012611 Total (Diversion),Annual,1,2016,70.435,ACFT,K,Approved,2018-01-03 15:56:00
2012611,12012611,2012611 Total (Diversion),Annual,1,2017,88.425,ACFT,K,Approved,2018-05-25 09:41:00
2012611,12012611,2012611 Total (Diversion),Annual,1,2018,100.935,ACFT,K,Approved,2019-04-04 16:17:00
2012611,12012611,2012611 Total (Diversion),Annual,1,2019,93.075,ACFT,K,Approved,2020-04-01 21:05:00
2012611,12012611,2012611 Total (Diversion),Annual,1,2020,120.08,ACFT,K,Approved,2021-03-26 10:46:00
2012611,12012611,2012611 Total (Diversion),Annual,1,2021,108.33,ACFT,K,Approved,2022-03-30 09:30:00
2012611,12012611,2012611 Total (Diversion),Annual,1,2022,100.475,ACFT,K,Approved,2023-02-03 11:04:00
2012611,12012611,2012611 Total (Diversion),Annual,1,2023,97.075,ACFT,K,Approved,2024-01-16 12:14:00
2012611,12012611,2012611 Total (Diversion),Annual,1,2024,92.45,ACFT,K,Approved,2024-11-13 09:54:00
2013859,12013859,2013859 Total (Diversion),Annual,1,2009,122.25,ACFT,U,Approved,2010-06-29 16:23:00
2013859,12013859,2013859 Total (Diversion),Annual,1,2010,202.28,ACFT,U,Approved,2011-06-20 17:12:00
2013859,12013859,2013859 Total (Diversion),Annual,1,2011,199.17,ACFT,U,Approved,2012-07-06 07:51:00
2013859,12013859,2013859 Total (Diversion),Annual,1,2012,174.1,ACFT,K,Approved,2013-05-03 15:13:00
2013859,12013859,2013859 Total (Diversion),Annual,1,2013,178.26,ACFT,K,Approved,2014-04-04 13:52:00
2013859,12013859,2013859 Total (Diversion),Annual,1,2014,157.97,ACFT,K,Approved,2015-06-01 17:12:00
2013859,12013859,2013859 Total (Diversion),Annual,1,2015,133.95,ACFT,K,Approved,2016-05-30 14:30:00
2013859,12013859,2013859 Total (Diversion),Annual,1,2016,137.54,ACFT,K,Approved,2018-01-03 15:56:00
2013859,12013859,2013859 Total (Diversion),Annual,1,2017,149.25,ACFT,K,Approved,2018-05-25 09:41:00
2013859,12013859,2013859 Total (Diversion),Annual,1,2018,181.01,ACFT,K,Approved,2019-04-04 16:17:00
2013859,12013859,2013859 Total (Diversion),Annual,1,2019,161.76,ACFT,K,Approved,2020-04-01 21:05:00
2013859,12013859,2013859 Total (Diversion),Annual,1,2020,212.68,ACFT,K,Approved,2021-03-26 10:46:00
2013859,12013859,2013859 Total (Diversion),Annual,1,2021,207.03,ACFT,K,Approved,2022-03-30 09:30:00
2013859,12013859,2013859 Total (Diversion),Annual,1,2022,188.69,ACFT,K,Approved,2023-02-03 11:01:00
2013859,12013859,2013859 Total (Diversion),Annual,1,2023,203.45,ACFT,K,Approved,2024-01-16 12:13:00
2013859,12013859,2013859 Total (Diversion),Annual,1,2024,171.57,ACFT,K,Approved,2024-11-13 09:49:00
2013879,12013879,2013879 Total (Diversion),Annual,1,2009,61.43,ACFT,U,Approved,2010-06-29 16:23:00
2013879,12013879,2013879 Total (Diversion),Annual,1,2010,66.25,ACFT,U,Approved,2011-06-20 17:12:00
2013879,12013879,2013879 Total (Diversion),Annual,1,2011,81.73,ACFT,U,Approved,2012-07-06 07:51:00
2013879,12013879,2013879 Total (Diversion),Annual,1,2012,67.947,ACFT,K,Approved,2013-05-03 15:13:00
2013879,12013879,2013879 Total (Diversion),Annual,1,2013,63.7197,ACFT,K,Approved,2014-04-04 13:52:00
2013879,12013879,2013879 Total (Diversion),Annual,1,2014,58.6773,ACFT,K,Approved,2015-06-01 17:12:00
2013879,12013879,2013879 Total (Diversion),Annual,1,2015,58.4991,ACFT,K,Approved,2016-05-30 14:30:00
2013879,12013879,2013879 Total (Diversion),Annual,1,2016,60.4593,ACFT,K,Approved,2018-01-03 15:56:00
2013879,12013879,2013879 Total (Diversion),Annual,1,2017,66.8382,ACFT,K,Approved,2018-05-25 09:41:00
2013879,12013879,2013879 Total (Diversion),Annual,1,2018,64.1289,ACFT,K,Approved,2019-04-04 16:17:00
2013879,12013879,2013879 Total (Diversion),Annual,1,2019,65.0595,ACFT,K,Approved,2020-04-01 21:05:00
2013879,12013879,2013879 Total (Diversion),Annual,1,2020,68.541,ACFT,K,Approved,2021-03-26 10:46:00
2013879,12013879,2013879 Total (Diversion),Annual,1,2021,21.4962,ACFT,K,Approved,2022-03-30 09:30:00
2013879,12013879,2013879 Total (Diversion),Annual,1,2022,63.7956,ACFT,K,Approved,2023-02-03 11:03:00
2013879,12013879,2013879 Total (Diversion),Annual,1,2023,49.7805,ACFT,K,Approved,2024-01-16 11:15:00
2013879,12013879,2013879 Total (Diversion),Annual,1,2024,22.1265,ACFT,K,Approved,2024-11-07 16:12:00
2013880,12013880,2013880 Total (Diversion),Annual,1,2009,61.43,ACFT,U,Approved,2010-06-29 16:23:00
2013880,12013880,2013880 Total (Diversion),Annual,1,2010,66.25,ACFT,U,Approved,2011-06-20 17:12:00
2013880,12013880,2013880 Total (Diversion),Annual,1,2011,81.73,ACFT,U,Approved,2012-07-06 07:51:00
2013880,12013880,2013880 Total (Diversion),Annual,1,2012,67.947,ACFT,K,Approved,2013-05-03 15:13:00
2013880,12013880,2013880 Total (Diversion),Annual,1,2013,63.7197,ACFT,K,Approved,2014-04-04 13:52:00
2013880,12013880,2013880 Total (Diversion),Annual,1,2014,58.6773,ACFT,K,Approved,2015-06-01 17:12:00
2013880,12013880,2013880 Total (Diversion),Annual,1,2015,58.4991,ACFT,K,Approved,2016-05-30 14:30:00
2013880,12013880,2013880 Total (Diversion),Annual,1,2016,60.4593,ACFT,K,Approved,2018-01-03 15:56:00
2013880,12013880,2013880 Total (Diversion),Annual,1,2017,66.8382,ACFT,K,Approved,2018-05-25 09:41:00
2013880,12013880,2013880 Total (Diversion),Annual,1,2018,64.1289,ACFT,K,Approved,2019-04-04 16:17:00
2013880,12013880,2013880 Total (Diversion),Annual,1,2019,65.0595,ACFT,K,Approved,2020-04-01 21:05:00
2013880,12013880,2013880 Total (Diversion),Annual,1,2020,68.541,ACFT,K,Approved,2021-03-26 10:46:00
2013880,12013880,2013880 Total (Diversion),Annual,1,2021,21.4962,ACFT,K,Approved,2022-03-30 09:30:00
2013880,12013880,2013880 Total (Diversion),Annual,1,2022,63.7956,ACFT,K,Approved,2023-02-03 11:03:00
2013880,12013880,2013880 Total (Diversion),Annual,1,2023,49.7805,ACFT,K,Approved,2024-01-16 11:15:00
2013880,12013880,2013880 Total (Diversion),Annual,1,2024,22.1265,ACFT,K,Approved,2024-11-07 16:12:00
2013881,12013881,2013881 Total (Diversion),Annual,1,2009,61.43,ACFT,U,Approved,2010-06-29 16:23:00
2013881,12013881,2013881 Total (Diversion),Annual,1,2010,66.25,ACFT,U,Approved,2011-06-20 17:12:00
2013881,12013881,2013881 Total (Diversion),Annual,1,2011,81.73,ACFT,U,Approved,2012-07-06 07:51:00
2013881,12013881,2013881 Total (Diversion),Annual,1,2012,70.006,ACFT,K,Approved,2013-05-03 15:13:00
2013881,12013881,2013881 Total (Diversion),Annual,1,2013,65.6516,ACFT,K,Approved,2014-04-04 13:52:00
2013881,12013881,2013881 Total (Diversion),Annual,1,2014,60.4554,ACFT,K,Approved,2015-06-01 17:12:00
2013881,12013881,2013881 Total (Diversion),Annual,1,2015,60.2988,ACFT,K,Approved,2016-05-30 14:30:00
2013881,12013881,2013881 Total (Diversion),Annual,1,2016,62.3114,ACFT,K,Approved,2018-01-03 15:56:00
2013881,12013881,2013881 Total (Diversion),Annual,1,2017,68.8636,ACFT,K,Approved,2018-05-25 09:41:00
2013881,12013881,2013881 Total (Diversion),Annual,1,2018,66.0772,ACFT,K,Approved,2019-04-04 16:17:00
2013881,12013881,2013881 Total (Diversion),Annual,1,2019,67.035,ACFT,K,Approved,2020-04-01 21:05:00
2013881,12013881,2013881 Total (Diversion),Annual,1,2020,70.6271,ACFT,K,Approved,2021-03-26 10:46:00
2013881,12013881,2013881 Total (Diversion),Annual,1,2021,22.1476,ACFT,K,Approved,2022-03-30 09:30:00
2013881,12013881,2013881 Total (Diversion),Annual,1,2022,65.7288,ACFT,K,Approved,2023-02-03 11:05:00
2013881,12013881,2013881 Total (Diversion),Annual,1,2023,51.2922,ACFT,K,Approved,2024-01-16 11:16:00
2013881,12013881,2013881 Total (Diversion),Annual,1,2024,22.8088,ACFT,K,Approved,2024-11-07 16:12:00
2013882,12013882,2013882 Total (Diversion),Annual,1,2009,99.39,ACFT,U,Approved,2010-06-29 16:23:00
2013882,12013882,2013882 Total (Diversion),Annual,1,2010,118.585,ACFT,U,Approved,2013-11-26 11:40:00
2013882,12013882,2013882 Total (Diversion),Annual,1,2011,129.275,ACFT,U,Approved,2013-11-25 18:21:00
2013882,12013882,2013882 Total (Diversion),Annual,1,2012,126.585,ACFT,K,Approved,2013-05-03 15:13:00
2013882,12013882,2013882 Total (Diversion),Annual,1,2013,120.07,ACFT,K,Approved,2014-04-04 13:52:00
2013882,12013882,2013882 Total (Diversion),Annual,1,2014,108.99,ACFT,K,Approved,2015-06-01 17:12:00
2013882,12013882,2013882 Total (Diversion),Annual,1,2015,106.035,ACFT,K,Approved,2016-05-30 14:30:00
2013882,12013882,2013882 Total (Diversion),Annual,1,2016,108.45,ACFT,K,Approved,2018-01-03 15:56:00
2013882,12013882,2013882 Total (Diversion),Annual,1,2017,64.195,ACFT,K,Approved,2018-05-25 09:41:00
2013882,12013882,2013882 Total (Diversion),Annual,1,2018,100.445,ACFT,K,Approved,2019-04-04 16:17:00
2013882,12013882,2013882 Total (Diversion),Annual,1,2019,75.235,ACFT,K,Approved,2020-04-01 21:05:00
2013882,12013882,2013882 Total (Diversion),Annual,1,2020,36.825,ACFT,K,Approved,2021-03-26 10:46:00
2013882,12013882,2013882 Total (Diversion),Annual,1,2021,76.445,ACFT,K,Approved,2022-03-30 09:30:00
2013882,12013882,2013882 Total (Diversion),Annual,1,2022,87.765,ACFT,K,Approved,2023-02-03 11:03:00
2013882,12013882,2013882 Total (Diversion),Annual,1,2023,87.62,ACFT,K,Approved,2024-01-16 11:13:00
2013882,12013882,2013882 Total (Diversion),Annual,1,2024,53.42,ACFT,K,Approved,2024-11-07 14:30:00
2014003,12014003,2014003 Total (Diversion),Annual,1,2009,200.28,ACFT,U,Approved,2010-06-29 16:23:00
2014003,12014003,2014003 Total (Diversion),Annual,1,2010,258.3,ACFT,U,Approved,2011-06-20 17:12:00
2014003,12014003,2014003 Total (Diversion),Annual,1,2011,307.45,ACFT,U,Approved,2012-07-06 07:51:00
2014003,12014003,2014003 Total (Diversion),Annual,1,2012,310.27,ACFT,K,Approved,2013-05-03 15:13:00
2014003,12014003,2014003 Total (Diversion),Annual,1,2013,241.29,ACFT,K,Approved,2014-04-04 13:52:00
2014003,12014003,2014003 Total (Diversion),Annual,1,2014,290.46,ACFT,K,Approved,2015-06-01 17:12:00
2014003,12014003,2014003 Total (Diversion),Annual,1,2015,246.87,ACFT,K,Approved,2016-05-30 14:30:00
2014003,12014003,2014003 Total (Diversion),Annual,1,2016,206.99,ACFT,K,Approved,2018-01-03 15:56:00
2014003,12014003,2014003 Total (Diversion),Annual,1,2017,232.85,ACFT,K,Approved,2018-05-25 09:41:00
2014003,12014003,2014003 Total (Diversion),Annual,1,2018,242.4,ACFT,K,Approved,2019-04-04 16:17:00
2014003,12014003,2014003 Total (Diversion),Annual,1,2019,230.68,ACFT,K,Approved,2020-04-01 21:05:00
2014003,12014003,2014003 Total (Diversion),Annual,1,2020,243.36,ACFT,K,Approved,2021-03-26 10:46:00
2014003,12014003,2014003 Total (Diversion),Annual,1,2021,254.36,ACFT,K,Approved,2022-03-30 09:30:00
2014003,12014003,2014003 Total (Diversion),Annual,1,2022,245.13,ACFT,K,Approved,2023-02-03 11:03:00
2014003,12014003,2014003 Total (Diversion),Annual,1,2023,293.59,ACFT,K,Approved,2024-01-17 13:06:00
2014003,12014003,2014003 Total (Diversion),Annual,1,2024,240.07,ACFT,K,Approved,2024-11-15 11:48:00
2014005,12014005,2014005 Total (Diversion),Annual,1,2009,85.05,ACFT,U,Approved,2010-06-29 16:23:00
2014005,12014005,2014005 Total (Diversion),Annual,1,2010,130.78,ACFT,U,Approved,2011-06-20 17:12:00
2014005,12014005,2014005 Total (Diversion),Annual,1,2011,180.7,ACFT,U,Approved,2012-07-06 07:51:00
2014005,12014005,2014005 Total (Diversion),Annual,1,2012,161.91,ACFT,K,Approved,2013-05-03 15:13:00
2014005,12014005,2014005 Total (Diversion),Annual,1,2013,129.09,ACFT,K,Approved,2014-04-04 13:52:00
2014005,12014005,2014005 Total (Diversion),Annual,1,2014,139.41,ACFT,K,Approved,2015-06-01 17:12:00
2014005,12014005,2014005 Total (Diversion),Annual,1,2015,75.59,ACFT,K,Approved,2016-05-30 14:30:00
2014005,12014005,2014005 Total (Diversion),Annual,1,2016,67.85,ACFT,K,Approved,2018-01-03 15:56:00
2014005,12014005,2014005 Total (Diversion),Annual,1,2017,88.86,ACFT,K,Approved,2018-05-25 09:41:00
2014005,12014005,2014005 Total (Diversion),Annual,1,2018,76.66,ACFT,K,Approved,2019-04-04 16:17:00
2014005,12014005,2014005 Total (Diversion),Annual,1,2019,88.08,ACFT,K,Approved,2020-04-01 21:05:00
2014005,12014005,2014005 Total (Diversion),Annual,1,2020,107.1,ACFT,K,Approved,2021-03-26 10:46:00
2014005,12014005,2014005 Total (Diversion),Annual,1,2021,97.82,ACFT,K,Approved,2022-03-30 09:30:00
2014005,12014005,2014005 Total (Diversion),Annual,1,2022,87.98,ACFT,K,Approved,2023-02-03 11:03:00
2014005,12014005,2014005 Total (Diversion),Annual,1,2023,104.18,ACFT,K,Approved,2024-01-11 09:06:00
2014005,12014005,2014005 Total (Diversion),Annual,1,2024,82.16,ACFT,K,Approved,2024-12-09 09:41:00
2014031,12014031,2014031 Total (Diversion),Annual,1,2009,1.18,ACFT,U,Approved,2010-06-29 16:23:00
2014031,12014031,2014031 Total (Diversion),Annual,1,2010,1.19,ACFT,U,Approved,2011-06-20 17:12:00
2014031,12014031,2014031 Total (Diversion),Annual,1,2011,1.16,ACFT,U,Approved,2012-07-06 07:51:00
2014031,12014031,2014031 Total (Diversion),Annual,1,2012,2.42,ACFT,K,Approved,2013-05-03 15:13:00
2014031,12014031,2014031 Total (Diversion),Annual,1,2013,1.15,ACFT,K,Approved,2014-04-04 13:52:00
2014031,12014031,2014031 Total (Diversion),Annual,1,2014,2.19,ACFT,K,Approved,2015-06-01 17:12:00
2014031,12014031,2014031 Total (Diversion),Annual,1,2015,2.01,ACFT,K,Approved,2016-05-30 14:30:00
2014031,12014031,2014031 Total (Diversion),Annual,1,2016,1.77,ACFT,K,Approved,2018-01-03 15:56:00
2014031,12014031,2014031 Total (Diversion),Annual,1,2017,3.92,ACFT,K,Approved,2018-05-25 09:41:00
2014031,12014031,2014031 Total (Diversion),Annual,1,2018,4.83,ACFT,K,Approved,2019-04-04 16:17:00
2014031,12014031,2014031 Total (Diversion),Annual,1,2019,1.88,ACFT,K,Approved,2020-04-01 21:05:00
2014031,12014031,2014031 Total (Diversion),Annual,1,2020,1.88,ACFT,K,Approved,2021-03-26 10:46:00
2014031,12014031,2014031 Total (Diversion),Annual,1,2021,2.118,ACFT,K,Approved,2022-03-30 09:30:00
2014031,12014031,2014031 Total (Diversion),Annual,1,2022,1.242,ACFT,K,Approved,2023-02-03 11:01:00
2014031,12014031,2014031 Total (Diversion),Annual,1,2023,0.0,ACFT,K,Approved,2023-10-20 13:13:00
2014032,12014032,2014032 Total (Diversion),Annual,1,2009,0.01,ACFT,U,Approved,2010-06-29 16:23:00
2014032,12014032,2014032 Total (Diversion),Annual,1,2010,46.26,ACFT,U,Approved,2011-06-20 17:12:00
2014032,12014032,2014032 Total (Diversion),Annual,1,2011,87.0,ACFT,U,Approved,2012-07-06 07:51:00
2014032,12014032,2014032 Total (Diversion),Annual,1,2012,96.36,ACFT,K,Approved,2013-05-03 15:13:00
2014032,12014032,2014032 Total (Diversion),Annual,1,2013,92.72,ACFT,K,Approved,2014-04-04 13:52:00
2014032,12014032,2014032 Total (Diversion),Annual,1,2014,174.99,ACFT,K,Approved,2015-06-01 17:12:00
2014032,12014032,2014032 Total (Diversion),Annual,1,2015,153.36,ACFT,K,Approved,2016-05-30 14:30:00
2014032,12014032,2014032 Total (Diversion),Annual,1,2016,134.62,ACFT,K,Approved,2018-01-03 15:56:00
2014032,12014032,2014032 Total (Diversion),Annual,1,2017,134.49,ACFT,K,Approved,2018-05-25 09:41:00
2014032,12014032,2014032 Total (Diversion),Annual,1,2018,135.9,ACFT,K,Approved,2019-04-04 16:17:00
2014032,12014032,2014032 Total (Diversion),Annual,1,2019,177.06,ACFT,K,Approved,2020-04-01 21:05:00
2014032,12014032,2014032 Total (Diversion),Annual,1,2020,106.41,ACFT,K,Approved,2021-03-26 10:46:00
2014032,12014032,2014032 Total (Diversion),Annual,1,2021,151.39,ACFT,K,Approved,2022-03-30 09:30:00
2014032,12014032,2014032 Total (Diversion),Annual,1,2022,99.04,ACFT,K,Approved,2023-02-03 11:03:00
2014032,12014032,2014032 Total (Diversion),Annual,1,2023,213.77,ACFT,K,Approved,2024-01-16 13:36:00
2014032,12014032,2014032 Total (Diversion),Annual,1,2024,95.93,ACFT,K,Approved,2024-11-20 13:41:00
2014033,12014033,2014033 Total (Diversion),Annual,1,2009,93.98,ACFT,U,Approved,2010-06-29 16:23:00
2014033,12014033,2014033 Total (Diversion),Annual,1,2010,62.29,ACFT,U,Approved,2011-06-20 17:12:00
2014033,12014033,2014033 Total (Diversion),Annual,1,2011,153.155,ACFT,U,Approved,2013-11-25 18:28:00
2014033,12014033,2014033 Total (Diversion),Annual,1,2012,83.455,ACFT,K,Approved,2018-02-14 13:06:00
2014033,12014033,2014033 Total (Diversion),Annual,1,2013,86.185,ACFT,K,Approved,2014-04-04 13:52:00
2014033,12014033,2014033 Total (Diversion),Annual,1,2014,110.755,ACFT,K,Approved,2015-06-01 17:12:00
2014033,12014033,2014033 Total (Diversion),Annual,1,2015,87.32,ACFT,K,Approved,2016-05-30 14:30:00
2014033,12014033,2014033 Total (Diversion),Annual,1,2016,93.19,ACFT,K,Approved,2018-01-03 15:56:00
2014033,12014033,2014033 Total (Diversion),Annual,1,2017,98.17,ACFT,K,Approved,2018-05-25 09:41:00
2014033,12014033,2014033 Total (Diversion),Annual,1,2018,109.52,ACFT,K,Approved,2019-05-08 16:30:00
2014033,12014033,2014033 Total (Diversion),Annual,1,2019,77.565,ACFT,K,Approved,2020-04-01 21:05:00
2014033,12014033,2014033 Total (Diversion),Annual,1,2020,134.495,ACFT,K,Approved,2021-03-26 10:46:00
2014033,12014033,2014033 Total (Diversion),Annual,1,2021,71.865,ACFT,K,Approved,2022-03-30 09:30:00
2014033,12014033,2014033 Total (Diversion),Annual,1,2022,47.75,ACFT,K,Approved,2023-05-05 11:46:00
2014033,12014033,2014033 Total (Diversion),Annual,1,2023,112.32,ACFT,K,Approved,2024-01-16 11:14:00
2014033,12014033,2014033 Total (Diversion),Annual,1,2024,49.55,ACFT,K,Approved,2025-09-30 09:03:00
2014034,12014034,2014034 Total (Diversion),Annual,1,2009,99.39,ACFT,U,Approved,2010-06-29 16:23:00
2014034,12014034,2014034 Total (Diversion),Annual,1,2010,118.585,ACFT,U,Approved,2013-11-26 11:44:00
2014034,12014034,2014034 Total (Diversion),Annual,1,2011,129.275,ACFT,U,Approved,2013-11-25 18:28:00
2014034,12014034,2014034 Total (Diversion),Annual,1,2012,126.585,ACFT,K,Approved,2013-05-03 15:13:00
2014034,12014034,2014034 Total (Diversion),Annual,1,2013,120.07,ACFT,K,Approved,2014-04-04 13:52:00
2014034,12014034,2014034 Total (Diversion),Annual,1,2014,108.99,ACFT,K,Approved,2015-06-01 17:12:00
2014034,12014034,2014034 Total (Diversion),Annual,1,2015,106.035,ACFT,K,Approved,2016-05-30 14:30:00
2014034,12014034,2014034 Total (Diversion),Annual,1,2016,108.45,ACFT,K,Approved,2018-01-03 15:56:00
2014034,12014034,2014034 Total (Diversion),Annual,1,2017,64.195,ACFT,K,Approved,2018-05-25 09:41:00
2014034,12014034,2014034 Total (Diversion),Annual,1,2018,100.445,ACFT,K,Approved,2019-04-04 16:17:00
2014034,12014034,2014034 Total (Diversion),Annual,1,2019,75.235,ACFT,K,Approved,2020-04-01 21:05:00
2014034,12014034,2014034 Total (Diversion),Annual,1,2020,36.825,ACFT,K,Approved,2021-03-26 10:46:00
2014034,12014034,2014034 Total (Diversion),Annual,1,2021,76.445,ACFT,K,Approved,2022-03-30 09:30:00
2014034,12014034,2014034 Total (Diversion),Annual,1,2022,87.765,ACFT,K,Approved,2023-02-03 11:03:00
2014034,12014034,2014034 Total (Diversion),Annual,1,2023,87.62,ACFT,K,Approved,2024-01-16 11:13:00
2014034,12014034,2014034 Total (Diversion),Annual,1,2024,53.42,ACFT,K,Approved,2024-11-07 14:30:00
2014583,12014583,2014583 Total (Diversion),Annual,1,2023,0.0,ACFT,K,Approved,2024-01-11 09:20:00
2014583,12014583,2014583 Total (Diversion),Annual,1,2024,0.1902,ACFT,K,Approved,2024-12-09 09:15:00
2014618,12014618,2014618 Total (Diversion),Annual,1,2021,0.002,ACFT,K,Approved,2024-10-11 14:41:00
2014618,12014618,2014618 Total (Diversion),Annual,1,2022,0.0208,ACFT,K,Approved,2023-02-03 11:05:00
2014618,12014618,2014618 Total (Diversion),Annual,1,2023,0.0209,ACFT,K,Approved,2023-11-27 09:19:00
2014618,12014618,2014618 Total (Diversion),Annual,1,2024,0.0318,ACFT,K,Approved,2024-11-12 13:37:00
