wdid,waterClassNum,wcIdentifier,measInterval,measCount,dataMeasDate,dataValue,measUnits,obsCode,approvalStatus,modified
2005007,12005007,2005007 Total (Diversion),Annual,1,2009,11.29,ACFT,U,Approved,2010-06-29 16:23:00
2005007,12005007,2005007 Total (Diversion),Annual,1,2010,14.8,ACFT,U,Approved,2011-06-20 17:12:00
2005007,12005007,2005007 Total (Diversion),Annual,1,2011,5.04,ACFT,U,Approved,2012-07-06 07:51:00
2005007,12005007,2005007 Total (Diversion),Annual,1,2012,0.15,ACFT,K,Approved,2013-05-03 15:13:00
2005007,12005007,2005007 Total (Diversion),Annual,1,2013,0.42,ACFT,K,Approved,2014-04-04 13:52:00
2005007,12005007,2005007 Total (Diversion),Annual,1,2014,0.0,ACFT,K,Approved,2015-06-01 17:12:00
2005007,12005007,2005007 Total (Diversion),Annual,1,2015,0.03,ACFT,K,Approved,2016-05-30 14:30:00
2005007,12005007,2005007 Total (Diversion),Annual,1,2016,0.0,ACFT,K,Approved,2018-01-03 15:56:00
2005007,12005007,2005007 Total (Diversion),Annual,1,2017,0.08,ACFT,K,Approved,2018-05-25 09:41:00
2005007,12005007,2005007 Total (Diversion),Annual,1,2018,0.0,ACFT,K,Approved,2019-04-04 16:17:00
2005007,12005007,2005007 Total (Diversion),Annual,1,2019,0.03,ACFT,K,Approved,2020-04-01 21:05:00
2005007,12005007,2005007 Total (Diversion),Annual,1,2020,0.02,ACFT,K,Approved,2021-03-26 10:46:00
2005007,12005007,2005007 Total (Diversion),Annual,1,2021,0.0,ACFT,K,Approved,2022-03-30 09:30:00
2005007,12005007,2005007 Total (Diversion),Annual,1,2022,0.0,ACFT,K,Approved,2023-02-03 11:01:00
2005007,12005007,2005007 Total (Diversion),Annual,2,2023,0.02,ACFT,K,Approved,2024-05-15 16:19:00
2005007,12005007,2005007 Total (Diversion),Annual,1,2024,0.0,ACFT,K,Approved,2024-10-24 09:34:00
2005050,12005050,2005050 Total (Diversion),Annual,1,2009,82.57,ACFT,U,Approved,2010-06-29 16:23:00
2005050,12005050,2005050 Total (Diversion),Annual,1,2010,101.785,ACFT,U,Approved,2013-11-25 20:50:00
2005050,12005050,2005050 Total (Diversion),Annual,1,2011,114.135,ACFT,U,Approved,2013-11-25 13:23:00
2005050,12005050,2005050 Total (Diversion),Annual,1,2012,47.655,ACFT,K,Approved,2013-05-03 15:13:00
2005050,12005050,2005050 Total (Diversion),Annual,1,2013,60.025,ACFT,K,Approved,2014-04-04 13:52:00
2005050,12005050,2005050 Total (Diversion),Annual,1,2014,52.53,ACFT,K,Approved,2015-06-01 17:12:00
2005050,12005050,2005050 Total (Diversion),Annual,1,2015,56.835,ACFT,K,Approved,2016-05-30 14:30:00
2005050,12005050,2005050 Total (Diversion),Annual,1,2016,82.495,ACFT,K,Approved,2018-01-03 15:56:00
2005050,12005050,2005050 Total (Diversion),Annual,1,2017,83.925,ACFT,K,Approved,2018-05-25 09:41:00
2005050,12005050,2005050 Total (Diversion),Annual,1,2018,67.42,ACFT,K,Approved,2019-04-04 16:17:00
2005050,12005050,2005050 Total (Diversion),Annual,1,2019,48.175,ACFT,K,Approved,2020-04-01 21:05:00
2005050,12005050,2005050 Total (Diversion),Annual,1,2020,63.625,ACFT,K,Approved,2021-03-26 10:46:00
2005050,12005050,2005050 Total (Diversion),Annual,1,2021,92.115,ACFT,K,Approved,2022-03-30 09:30:00
2005050,12005050,2005050 Total (Diversion),Annual,1,2022,92.67,ACFT,K,Approved,2023-02-03 11:01:00
2005050,12005050,2005050 Total (Diversion),Annual,1,2023,119.945,ACFT,K,Approved,2024-01-12 18:31:00
2005050,12005050,2005050 Total (Diversion),Annual,1,2024,70.76,ACFT,K,Approved,2024-12-05 10:01:00
2005052,12005052,2005052 Total (Diversion),Annual,1,2009,82.57,ACFT,U,Approved,2010-06-29 16:23:00
2005052,12005052,2005052 Total (Diversion),Annual,1,2010,101.785,ACFT,U,Approved,2013-11-25 20:50:00
2005052,12005052,2005052 Total (Diversion),Annual,1,2011,114.135,ACFT,U,Approved,2013-11-25 13:23:00
2005052,12005052,2005052 Total (Diversion),Annual,1,2012,47.655,ACFT,K,Approved,2013-05-03 15:13:00
2005052,12005052,2005052 Total (Diversion),Annual,1,2013,60.025,ACFT,K,Approved,2014-04-04 13:52:00
2005052,12005052,2005052 Total (Diversion),Annual,1,2014,52.53,ACFT,K,Approved,2015-06-01 17:12:00
2005052,12005052,2005052 Total (Diversion),Annual,1,2015,56.835,ACFT,K,Approved,2016-05-30 14:30:00
2005052,12005052,2005052 Total (Diversion),Annual,1,2016,82.495,ACFT,K,Approved,2018-01-03 15:56:00
2005052,12005052,2005052 Total (Diversion),Annual,1,2017,83.925,ACFT,K,Approved,2018-05-25 09:41:00
2005052,12005052,2005052 Total (Diversion),Annual,1,2018,67.42,ACFT,K,Approved,2019-04-04 16:17:00
2005052,12005052,2005052 Total (Diversion),Annual,1,2019,48.175,ACFT,K,Approved,2020-04-01 21:05:00
2005052,12005052,2005052 Total (Diversion),Annual,1,2020,63.625,ACFT,K,Approved,2021-03-26 10:46:00
2005052,12005052,2005052 Total (Diversion),Annual,1,2021,92.115,ACFT,K,Approved,2022-03-30 09:30:00
2005052,12005052,2005052 Total (Diversion),Annual,1,2022,92.67,ACFT,K,Approved,2023-02-03 11:01:00
2005052,12005052,2005052 Total (Diversion),Annual,1,2023,119.945,ACFT,K,Approved,2024-01-12 18:31:00
2005052,12005052,2005052 Total (Diversion),Annual,1,2024,70.76,ACFT,K,Approved,2024-12-05 10:01:00
2005138,12005138,2005138 Total (Diversion),Annual,1,2009,91.65,ACFT,U,Approved,2010-06-29 16:23:00
2005138,12005138,2005138 Total (Diversion),Annual,1,2010,114.385,ACFT,U,Approved,2013-11-25 20:53:00
2005138,12005138,2005138 Total (Diversion),Annual,1,2011,110.495,ACFT,U,Approved,2013-11-25 13:34:00
2005138,12005138,2005138 Total (Diversion),Annual,1,2012,29.72,ACFT,K,Approved,2013-05-03 15:13:00
2005138,12005138,2005138 Total (Diversion),Annual,1,2013,96.655,ACFT,K,Approved,2014-04-04 13:52:00
2005138,12005138,2005138 Total (Diversion),Annual,1,2014,93.07,ACFT,K,Approved,2015-06-01 17:12:00
2005138,12005138,2005138 Total (Diversion),Annual,1,2015,64.485,ACFT,K,Approved,2016-05-30 14:30:00
2005138,12005138,2005138 Total (Diversion),Annual,1,2016,71.185,ACFT,K,Approved,2018-01-03 15:56:00
2005138,12005138,2005138 Total (Diversion),Annual,1,2017,60.745,ACFT,K,Approved,2018-05-25 09:41:00
2005138,12005138,2005138 Total (Diversion),Annual,1,2018,77.38,ACFT,K,Approved,2019-04-04 16:17:00
2005138,12005138,2005138 Total (Diversion),Annual,1,2019,65.76,ACFT,K,Approved,2020-04-01 21:05:00
2005138,12005138,2005138 Total (Diversion),Annual,1,2020,72.87,ACFT,K,Approved,2021-03-26 10:46:00
2005138,12005138,2005138 Total (Diversion),Annual,1,2021,71.375,ACFT,K,Approved,2022-03-30 09:30:00
2005138,12005138,2005138 Total (Diversion),Annual,1,2022,70.625,ACFT,K,Approved,2023-02-03 11:03:00
2005138,12005138,2005138 Total (Diversion),Annual,1,2023,74.69,ACFT,K,Approved,2024-01-12 17:32:00
2005138,12005138,2005138 Total (Diversion),Annual,1,2024,58.935,ACFT,K,Approved,2024-11-21 11:05:00
2005177,12005177,2005177 Total (Diversion),Annual,1,2009,60.79,ACFT,U,Approved,2010-06-29 16:23:00
2005177,12005177,2005177 Total (Diversion),Annual,1,2010,131.385,ACFT,U,Approved,2013-11-25 20:54:00
2005177,12005177,2005177 Total (Diversion),Annual,1,2011,120.685,ACFT,U,Approved,2013-11-25 13:36:00
2005177,12005177,2005177 Total (Diversion),Annual,1,2012,41.115,ACFT,K,Approved,2013-05-03 15:13:00
2005177,12005177,2005177 Total (Diversion),Annual,1,2013,72.45,ACFT,K,Approved,2014-04-04 13:52:00
2005177,12005177,2005177 Total (Diversion),Annual,1,2014,94.45,ACFT,K,Approved,2015-06-01 17:12:00
2005177,12005177,2005177 Total (Diversion),Annual,1,2015,92.42,ACFT,K,Approved,2016-05-30 14:30:00
2005177,12005177,2005177 Total (Diversion),Annual,1,2016,97.775,ACFT,K,Approved,2018-01-03 15:56:00
2005177,12005177,2005177 Total (Diversion),Annual,1,2017,73.48,ACFT,K,Approved,2018-05-25 09:41:00
2005177,12005177,2005177 Total (Diversion),Annual,1,2018,116.275,ACFT,K,Approved,2019-04-04 16:17:00
2005177,12005177,2005177 Total (Diversion),Annual,1,2019,85.04,ACFT,K,Approved,2020-04-01 21:05:00
2005177,12005177,2005177 Total (Diversion),Annual,1,2020,93.495,ACFT,K,Approved,2021-03-26 10:46:00
2005177,12005177,2005177 Total (Diversion),Annual,1,2021,89.135,ACFT,K,Approved,2022-03-30 09:30:00
2005177,12005177,2005177 Total (Diversion),Annual,1,2022,105.955,ACFT,K,Approved,2023-02-03 11:04:00
2005177,12005177,2005177 Total (Diversion),Annual,1,2023,88.075,ACFT,K,Approved,2024-01-17 15:25:00
2005177,12005177,2005177 Total (Diversion),Annual,1,2024,62.115,ACFT,K,Approved,2024-12-02 11:49:00
2005178,12005178,2005178 Total (Diversion),Annual,1,2009,92.0,ACFT,U,Approved,2010-06-29 16:23:00
2005178,12005178,2005178 Total (Diversion),Annual,1,2010,100.9,ACFT,U,Approved,2011-06-20 17:12:00
2005178,12005178,2005178 Total (Diversion),Annual,1,2011,53.03,ACFT,U,Approved,2012-07-06 07:51:00
2005178,12005178,2005178 Total (Diversion),Annual,1,2012,100.26,ACFT,K,Approved,2013-05-03 15:13:00
2005178,12005178,2005178 Total (Diversion),Annual,1,2013,63.205,ACFT,K,Approved,2014-04-04 13:52:00
2005178,12005178,2005178 Total (Diversion),Annual,1,2014,60.605,ACFT,K,Approved,2015-06-01 17:12:00
2005178,12005178,2005178 Total (Diversion),Annual,1,2015,67.275,ACFT,K,Approved,2016-05-30 14:30:00
2005178,12005178,2005178 Total (Diversion),Annual,1,2016,98.94,ACFT,K,Approved,2018-01-03 15:56:00
2005178,12005178,2005178 Total (Diversion),Annual,1,2017,65.59,ACFT,K,Approved,2018-05-25 09:41:00
2005178,12005178,2005178 Total (Diversion),Annual,1,2018,83.14,ACFT,K,Approved,2019-04-04 16:17:00
2005178,12005178,2005178 Total (Diversion),Annual,1,2019,69.2,ACFT,K,Approved,2020-04-01 21:05:00
2005178,12005178,2005178 Total (Diversion),Annual,1,2020,102.41,ACFT,K,Approved,2021-03-26 10:46:00
2005178,12005178,2005178 Total (Diversion),Annual,1,2021,70.195,ACFT,K,Approved,2022-03-30 09:30:00
2005178,12005178,2005178 Total (Diversion),Annual,1,2022,67.4,ACFT,K,Approved,2023-02-03 11:02:00
2005178,12005178,2005178 Total (Diversion),Annual,1,2023,74.895,ACFT,K,Approved,2024-01-12 17:39:00
2005178,12005178,2005178 Total (Diversion),Annual,1,2024,69.365,ACFT,K,Approved,2024-11-21 11:05:00
2005334,12005334,2005334 Total (Diversion),Annual,1,2009,79.27,ACFT,U,Approved,2010-06-29 16:23:00
2005334,12005334,2005334 Total (Diversion),Annual,1,2010,100.795,ACFT,U,Approved,2013-11-25 20:56:00
2005334,12005334,2005334 Total (Diversion),Annual,1,2011,109.63,ACFT,U,Approved,2012-07-06 07:51:00
2005334,12005334,2005334 Total (Diversion),Annual,1,2012,46.58,ACFT,K,Approved,2013-05-03 15:13:00
2005334,12005334,2005334 Total (Diversion),Annual,1,2013,47.53,ACFT,K,Approved,2014-04-04 13:52:00
2005334,12005334,2005334 Total (Diversion),Annual,1,2014,53.6,ACFT,K,Approved,2015-06-01 17:12:00
2005334,12005334,2005334 Total (Diversion),Annual,1,2015,52.08,ACFT,K,Approved,2016-05-30 14:30:00
2005334,12005334,2005334 Total (Diversion),Annual,1,2016,75.11,ACFT,K,Approved,2018-01-03 15:56:00
2005334,12005334,2005334 Total (Diversion),Annual,1,2017,82.95,ACFT,K,Approved,2018-05-25 09:41:00
2005334,12005334,2005334 Total (Diversion),Annual,1,2018,65.095,ACFT,K,Approved,2019-04-04 16:17:00
2005334,12005334,2005334 Total (Diversion),Annual,1,2019,45.145,ACFT,K,Approved,2020-04-01 21:05:00
2005334,12005334,2005334 Total (Diversion),Annual,1,2020,69.69,ACFT,K,Approved,2021-03-26 10:46:00
2005334,12005334,2005334 Total (Diversion),Annual,1,2021,82.125,ACFT,K,Approved,2022-03-30 09:30:00
2005334,12005334,2005334 Total (Diversion),Annual,1,2022,118.125,ACFT,K,Approved,2023-02-03 11:01:00
2005334,12005334,2005334 Total (Diversion),Annual,1,2023,109.63,ACFT,K,Approved,2024-04-19 09:25:00
2005334,12005334,2005334 Total (Diversion),Annual,1,2024,75.115,ACFT,K,Approved,2024-12-05 10:01:00
2005334,12005334,2005334 Total (Diversion),Annual,1,2025,5.08,ACFT,K,Provisional,2025-05-27 15:53:00
2005407,12005407,2005407 Total (Diversion),Annual,1,2009,100.08,ACFT,U,Approved,2010-06-29 16:23:00
2005407,12005407,2005407 Total (Diversion),Annual,1,2010,94.89,ACFT,U,Approved,2011-06-20 17:12:00
2005407,12005407,2005407 Total (Diversion),Annual,1,2011,112.84,ACFT,U,Approved,2012-07-06 07:51:00
2005407,12005407,2005407 Total (Diversion),Annual,1,2012,97.8,ACFT,K,Approved,2013-05-03 15:13:00
2005407,12005407,2005407 Total (Diversion),Annual,1,2013,101.15,ACFT,K,Approved,2014-04-04 13:52:00
2005407,12005407,2005407 Total (Diversion),Annual,1,2014,203.543,ACFT,K,Approved,2015-06-01 17:12:00
2005407,12005407,2005407 Total (Diversion),Annual,1,2015,162.407,ACFT,K,Approved,2016-05-30 14:30:00
2005407,12005407,2005407 Total (Diversion),Annual,1,2016,202.525,ACFT,K,Approved,2018-01-03 15:56:00
2005407,12005407,2005407 Total (Diversion),Annual,1,2017,228.837,ACFT,K,Approved,2018-05-25 09:41:00
2005407,12005407,2005407 Total (Diversion),Annual,1,2018,246.264,ACFT,K,Approved,2019-04-04 16:17:00
2005407,12005407,2005407 Total (Diversion),Annual,1,2019,170.553,ACFT,K,Approved,2020-04-01 21:05:00
2005407,12005407,2005407 Total (Diversion),Annual,1,2020,196.197,ACFT,K,Approved,2021-03-26 10:46:00
2005407,12005407,2005407 Total (Diversion),Annual,1,2021,144.131,ACFT,K,Approved,2022-03-30 09:30:00
2005407,12005407,2005407 Total (Diversion),Annual,1,2022,131.768,ACFT,K,Approved,2023-02-03 11:04:00
2005407,12005407,2005407 Total (Diversion),Annual,1,2023,140.593,ACFT,K,Approved,2024-01-16 11:18:00
2005407,12005407,2005407 Total (Diversion),Annual,1,2024,126.816,ACFT,K,Approved,2024-11-04 13:28:00
2005575,12005575,2005575 Total (Diversion),Annual,1,2018,81.416,ACFT,K,Approved,2019-04-04 16:17:00
2005575,12005575,2005575 Total (Diversion),Annual,1,2019,93.653,ACFT,K,Approved,2020-04-01 21:05:00
2005575,12005575,2005575 Total (Diversion),Annual,1,2020,96.559,ACFT,K,Approved,2021-03-26 10:46:00
2005575,12005575,2005575 Total (Diversion),Annual,1,2021,155.66,ACFT,K,Approved,2022-03-30 09:30:00
2005575,12005575,2005575 Total (Diversion),Annual,1,2022,132.7167,ACFT,K,Approved,2023-02-03 11:04:00
2005575,12005575,2005575 Total (Diversion),Annual,1,2023,131.4461,ACFT,K,Approved,2024-01-17 13:35:00
2005575,12005575,2005575 Total (Diversion),Annual,1,2024,114.504,ACFT,K,Approved,2024-10-30 13:07:00
2005614,12005614,2005614 Total (Diversion),Annual,1,2009,106.58,ACFT,U,Approved,2010-06-29 16:23:00
2005614,12005614,2005614 Total (Diversion),Annual,1,2010,128.35,ACFT,U,Approved,2011-06-20 17:12:00
2005614,12005614,2005614 Total (Diversion),Annual,1,2011,122.11,ACFT,U,Approved,2012-07-06 07:51:00
2005614,12005614,2005614 Total (Diversion),Annual,1,2012,97.39,ACFT,K,Approved,2013-05-03 15:13:00
2005614,12005614,2005614 Total (Diversion),Annual,1,2013,104.06,ACFT,K,Approved,2014-04-04 13:52:00
2005614,12005614,2005614 Total (Diversion),Annual,1,2014,78.28,ACFT,K,Approved,2015-06-01 17:12:00
2005614,12005614,2005614 Total (Diversion),Annual,1,2015,85.88,ACFT,K,Approved,2016-05-30 14:30:00
2005614,12005614,2005614 Total (Diversion),Annual,1,2016,85.27,ACFT,K,Approved,2018-01-03 15:56:00
2005614,12005614,2005614 Total (Diversion),Annual,1,2017,97.605,ACFT,K,Approved,2018-05-25 09:41:00
2005614,12005614,2005614 Total (Diversion),Annual,1,2018,106.56,ACFT,K,Approved,2019-04-04 16:17:00
2005614,12005614,2005614 Total (Diversion),Annual,1,2019,105.16,ACFT,K,Approved,2020-04-01 21:05:00
2005614,12005614,2005614 Total (Diversion),Annual,1,2020,123.43,ACFT,K,Approved,2021-03-26 10:46:00
2005614,12005614,2005614 Total (Diversion),Annual,1,2021,108.45,ACFT,K,Approved,2022-03-30 09:30:00
2005614,12005614,2005614 Total (Diversion),Annual,1,2022,100.67,ACFT,K,Approved,2023-02-03 11:01:00
2005614,12005614,2005614 Total (Diversion),Annual,1,2023,110.585,ACFT,K,Approved,2024-01-16 10:29:00
2005614,12005614,2005614 Total (Diversion),Annual,1,2024,69.99,ACFT,K,Approved,2024-10-24 09:34:00
2005784,12005784,2005784 Total (Diversion),Annual,1,2009,87.63,ACFT,U,Approved,2010-06-29 16:23:00
2005784,12005784,2005784 Total (Diversion),Annual,1,2010,149.81,ACFT,U,Approved,2011-06-20 17:12:00
2005784,12005784,2005784 Total (Diversion),Annual,1,2011,112.165,ACFT,U,Approved,2013-11-25 14:13:00
2005784,12005784,2005784 Total (Diversion),Annual,1,2012,122.76,ACFT,K,Approved,2013-05-03 15:13:00
2005784,12005784,2005784 Total (Diversion),Annual,1,2013,97.055,ACFT,K,Approved,2014-04-04 13:52:00
2005784,12005784,2005784 Total (Diversion),Annual,1,2014,116.665,ACFT,K,Approved,2015-06-01 17:12:00
2005784,12005784,2005784 Total (Diversion),Annual,1,2015,80.695,ACFT,K,Approved,2016-05-30 14:30:00
2005784,12005784,2005784 Total (Diversion),Annual,1,2016,122.225,ACFT,K,Approved,2018-01-03 15:56:00
2005784,12005784,2005784 Total (Diversion),Annual,1,2017,103.06,ACFT,K,Approved,2018-05-25 09:41:00
2005784,12005784,2005784 Total (Diversion),Annual,1,2018,75.13,ACFT,K,Approved,2019-04-04 16:17:00
2005784,12005784,2005784 Total (Diversion),Annual,1,2019,93.21,ACFT,K,Approved,2020-04-01 21:05:00
2005784,12005784,2005784 Total (Diversion),Annual,1,2020,102.32,ACFT,K,Approved,2021-03-26 10:46:00
2005784,12005784,2005784 Total (Diversion),Annual,1,2021,67.49,ACFT,K,Approved,2022-03-30 09:30:00
2005784,12005784,2005784 Total (Diversion),Annual,1,2022,65.205,ACFT,K,Approved,2023-02-03 11:02:00
2005784,12005784,2005784 Total (Diversion),Annual,1,2023,67.26,ACFT,K,Approved,2024-01-11 13:58:00
2005784,12005784,2005784 Total (Diversion),Annual,1,2024,53.525,ACFT,K,Approved,2024-12-02 11:58:00
2005828,12005828,2005828 Total (Diversion),Annual,1,2009,231.61,ACFT,U,Approved,2010-06-29 16:23:00
2005828,12005828,2005828 Total (Diversion),Annual,1,2010,228.69,ACFT,U,Approved,2011-06-20 17:12:00
2005828,12005828,2005828 Total (Diversion),Annual,1,2011,245.03,ACFT,U,Approved,2012-07-06 07:51:00
2005828,12005828,2005828 Total (Diversion),Annual,1,2012,224.31,ACFT,K,Approved,2013-05-03 15:13:00
2005828,12005828,2005828 Total (Diversion),Annual,1,2013,194.18,ACFT,K,Approved,2014-04-04 13:52:00
2005828,12005828,2005828 Total (Diversion),Annual,1,2014,190.03,ACFT,K,Approved,2015-06-01 17:12:00
2005828,12005828,2005828 Total (Diversion),Annual,1,2015,190.66,ACFT,K,Approved,2016-05-30 14:30:00
2005828,12005828,2005828 Total (Diversion),Annual,1,2016,181.4,ACFT,K,Approved,2018-01-03 15:56:00
2005828,12005828,2005828 Total (Diversion),Annual,1,2017,256.97,ACFT,K,Approved,2018-05-25 09:41:00
2005828,12005828,2005828 Total (Diversion),Annual,1,2018,248.7,ACFT,K,Approved,2019-04-04 16:17:00
2005828,12005828,2005828 Total (Diversion),Annual,1,2019,210.78,ACFT,K,Approved,2020-04-01 21:05:00
2005828,12005828,2005828 Total (Diversion),Annual,1,2020,318.04,ACFT,K,Approved,2021-03-26 10:46:00
2005828,12005828,2005828 Total (Diversion),Annual,1,2021,217.84,ACFT,K,Approved,2022-03-30 09:30:00
2005828,12005828,2005828 Total (Diversion),Annual,1,2022,191.12,ACFT,K,Approved,2023-02-03 11:01:00
2005828,12005828,2005828 Total (Diversion),Annual,1,2023,216.88,ACFT,K,Approved,2024-01-11 17:03:00
2005828,12005828,2005828 Total (Diversion),Annual,1,2024,134.77,ACFT,K,Approved,2024-12-09 09:41:00
2006427,12006427,2006427 Total (Diversion),Annual,1,2009,92.0,ACFT,U,Approved,2010-06-29 16:23:00
2006427,12006427,2006427 Total (Diversion),Annual,1,2010,100.9,ACFT,U,Approved,2011-06-20 17:12:00
2006427,12006427,2006427 Total (Diversion),Annual,1,2011,53.03,ACFT,U,Approved,2012-07-06 07:51:00
2006427,12006427,2006427 Total (Diversion),Annual,1,2012,100.26,ACFT,K,Approved,2013-05-03 15:13:00
2006427,12006427,2006427 Total (Diversion),Annual,1,2013,63.205,ACFT,K,Approved,2014-04-04 13:52:00
2006427,12006427,2006427 Total (Diversion),Annual,1,2014,60.605,ACFT,K,Approved,2015-06-01 17:12:00
2006427,12006427,2006427 Total (Diversion),Annual,1,2015,67.275,ACFT,K,Approved,2016-05-30 14:30:00
2006427,12006427,2006427 Total (Diversion),Annual,1,2016,98.94,ACFT,K,Approved,2018-01-03 15:56:00
2006427,12006427,2006427 Total (Diversion),Annual,1,2017,65.59,ACFT,K,Approved,2018-05-25 09:41:00
2006427,12006427,2006427 Total (Diversion),Annual,1,2018,83.14,ACFT,K,Approved,2019-04-04 16:17:00
2006427,12006427,2006427 Total (Diversion),Annual,1,2019,69.2,ACFT,K,Approved,2020-04-01 21:05:00
2006427,12006427,2006427 Total (Diversion),Annual,1,2020,102.41,ACFT,K,Approved,2021-03-26 10:46:00
2006427,12006427,2006427 Total (Diversion),Annual,1,2021,70.195,ACFT,K,Approved,2022-03-30 09:30:00
2006427,12006427,2006427 Total (Diversion),Annual,1,2022,67.4,ACFT,K,Approved,2023-02-03 11:02:00
2006427,12006427,2006427 Total (Diversion),Annual,1,2023,74.895,ACFT,K,Approved,2024-01-12 17:39:00
2006427,12006427,2006427 Total (Diversion),Annual,1,2024,69.365,ACFT,K,Approved,2024-11-21 11:05:00
2006428,12006428,2006428 Total (Diversion),Annual,1,2009,101.87,ACFT,U,Approved,2010-06-29 16:23:00
2006428,12006428,2006428 Total (Diversion),Annual,1,2010,182.52,ACFT,U,Approved,2011-06-20 17:12:00
2006428,12006428,2006428 Total (Diversion),Annual,1,2011,137.095,ACFT,U,Approved,2013-11-25 14:54:00
2006428,12006428,2006428 Total (Diversion),Annual,1,2012,48.495,ACFT,K,Approved,2013-05-03 15:13:00
2006428,12006428,2006428 Total (Diversion),Annual,1,2013,113.53,ACFT,K,Approved,2014-04-04 13:52:00
2006428,12006428,2006428 Total (Diversion),Annual,1,2014,98.245,ACFT,K,Approved,2015-06-01 17:12:00
2006428,12006428,2006428 Total (Diversion),Annual,1,2015,89.68,ACFT,K,Approved,2016-05-30 14:30:00
2006428,12006428,2006428 Total (Diversion),Annual,1,2016,110.38,ACFT,K,Approved,2018-01-03 15:56:00
2006428,12006428,2006428 Total (Diversion),Annual,1,2017,92.72,ACFT,K,Approved,2018-05-25 09:41:00
2006428,12006428,2006428 Total (Diversion),Annual,1,2018,66.32,ACFT,K,Approved,2019-04-04 16:17:00
2006428,12006428,2006428 Total (Diversion),Annual,1,2019,104.135,ACFT,K,Approved,2020-04-01 21:05:00
2006428,12006428,2006428 Total (Diversion),Annual,1,2020,44.51,ACFT,K,Approved,2021-03-26 10:46:00
2006428,12006428,2006428 Total (Diversion),Annual,1,2021,111.365,ACFT,K,Approved,2022-03-30 09:30:00
2006428,12006428,2006428 Total (Diversion),Annual,1,2022,31.815,ACFT,K,Approved,2023-02-03 11:02:00
2006428,12006428,2006428 Total (Diversion),Annual,1,2023,106.51,ACFT,K,Approved,2024-01-12 17:41:00
2006428,12006428,2006428 Total (Diversion),Annual,1,2024,36.365,ACFT,K,Approved,2024-11-21 11:05:00
2006429,12006429,2006429 Total (Diversion),Annual,1,2009,91.65,ACFT,U,Approved,2010-06-29 16:23:00
2006429,12006429,2006429 Total (Diversion),Annual,1,2010,114.385,ACFT,U,Approved,2013-11-25 21:36:00
2006429,12006429,2006429 Total (Diversion),Annual,1,2011,110.495,ACFT,U,Approved,2013-11-25 14:55:00
2006429,12006429,2006429 Total (Diversion),Annual,1,2012,29.72,ACFT,K,Approved,2013-05-03 15:13:00
2006429,12006429,2006429 Total (Diversion),Annual,1,2013,96.655,ACFT,K,Approved,2014-04-04 13:52:00
2006429,12006429,2006429 Total (Diversion),Annual,1,2014,93.07,ACFT,K,Approved,2015-06-01 17:12:00
2006429,12006429,2006429 Total (Diversion),Annual,1,2015,64.485,ACFT,K,Approved,2016-05-30 14:30:00
2006429,12006429,2006429 Total (Diversion),Annual,1,2016,71.185,ACFT,K,Approved,2018-01-03 15:56:00
2006429,12006429,2006429 Total (Diversion),Annual,1,2017,60.745,ACFT,K,Approved,2018-05-25 09:41:00
2006429,12006429,2006429 Total (Diversion),Annual,1,2018,77.38,ACFT,K,Approved,2019-04-04 16:17:00
2006429,12006429,2006429 Total (Diversion),Annual,1,2019,65.76,ACFT,K,Approved,2020-04-01 21:05:00
2006429,12006429,2006429 Total (Diversion),Annual,1,2020,72.87,ACFT,K,Approved,2021-03-26 10:46:00
2006429,12006429,2006429 Total (Diversion),Annual,1,2021,71.375,ACFT,K,Approved,2022-03-30 09:30:00
2006429,12006429,2006429 Total (Diversion),Annual,1,2022,70.625,ACFT,K,Approved,2023-02-03 11:03:00
2006429,12006429,2006429 Total (Diversion),Annual,1,2023,74.69,ACFT,K,Approved,2024-01-12 17:32:00
2006429,12006429,2006429 Total (Diversion),Annual,1,2024,58.935,ACFT,K,Approved,2024-11-21 11:05:00
2006613,12006613,2006613 Total (Diversion),Annual,1,2009,108.85,ACFT,U,Approved,2010-06-29 16:23:00
2006613,12006613,2006613 Total (Diversion),Annual,1,2010,133.0,ACFT,U,Approved,2011-06-20 17:12:00
2006613,12006613,2006613 Total (Diversion),Annual,1,2011,135.395,ACFT,U,Approved,2013-11-25 15:08:00
2006613,12006613,2006613 Total (Diversion),Annual,1,2012,130.77,ACFT,K,Approved,2013-05-03 15:13:00
2006613,12006613,2006613 Total (Diversion),Annual,1,2013,120.4,ACFT,K,Approved,2014-04-04 13:52:00
2006613,12006613,2006613 Total (Diversion),Annual,1,2014,113.26,ACFT,K,Approved,2015-06-01 17:12:00
2006613,12006613,2006613 Total (Diversion),Annual,1,2015,0.0,ACFT,K,Approved,2016-05-30 14:30:00
2006615,12006615,2006615 Total (Diversion),Annual,1,2009,108.85,ACFT,U,Approved,2010-06-29 16:23:00
2006615,12006615,2006615 Total (Diversion),Annual,1,2010,133.0,ACFT,U,Approved,2011-06-20 17:12:00
2006615,12006615,2006615 Total (Diversion),Annual,1,2011,135.395,ACFT,U,Approved,2013-11-25 15:09:00
2006615,12006615,2006615 Total (Diversion),Annual,1,2012,130.77,ACFT,K,Approved,2013-05-03 15:13:00
2006615,12006615,2006615 Total (Diversion),Annual,1,2013,120.4,ACFT,K,Approved,2014-04-04 13:52:00
2006615,12006615,2006615 Total (Diversion),Annual,1,2014,113.26,ACFT,K,Approved,2015-06-01 17:12:00
2006615,12006615,2006615 Total (Diversion),Annual,1,2015,96.04,ACFT,K,Approved,2016-05-30 14:30:00
2006615,12006615,2006615 Total (Diversion),Annual,1,2016,96.185,ACFT,K,Approved,2018-01-03 15:56:00
2006615,12006615,2006615 Total (Diversion),Annual,1,2017,87.81,ACFT,K,Approved,2018-05-25 09:41:00
2006615,12006615,2006615 Total (Diversion),Annual,1,2018,91.775,ACFT,K,Approved,2019-04-04 16:17:00
2006615,12006615,2006615 Total (Diversion),Annual,1,2019,81.87,ACFT,K,Approved,2020-04-01 21:05:00
2006615,12006615,2006615 Total (Diversion),Annual,1,2020,89.375,ACFT,K,Approved,2021-03-26 10:46:00
2006615,12006615,2006615 Total (Diversion),Annual,1,2021,93.29,ACFT,K,Approved,2022-03-30 09:30:00
2006615,12006615,2006615 Total (Diversion),Annual,1,2022,88.285,ACFT,K,Approved,2023-02-03 11:02:00
2006615,12006615,2006615 Total (Diversion),Annual,1,2023,101.505,ACFT,K,Approved,2024-01-16 10:58:00
2006615,12006615,2006615 Total (Diversion),Annual,1,2024,65.19,ACFT,K,Approved,2024-10-24 09:34:00
2008003,12008003,2008003 Total (Diversion),Annual,1,2009,201.81,ACFT,U,Approved,2010-06-29 16:23:00
2008003,12008003,2008003 Total (Diversion),Annual,1,2010,232.47,ACFT,U,Approved,2011-06-20 17:12:00
2008003,12008003,2008003 Total (Diversion),Annual,1,2011,260.63,ACFT,U,Approved,2012-07-06 07:51:00
2008003,12008003,2008003 Total (Diversion),Annual,1,2012,120.245,ACFT,K,Approved,2013-05-03 15:13:00
2008003,12008003,2008003 Total (Diversion),Annual,1,2013,109.375,ACFT,K,Approved,2014-04-04 13:52:00
2008003,12008003,2008003 Total (Diversion),Annual,1,2014,99.94,ACFT,K,Approved,2015-06-01 17:12:00
2008003,12008003,2008003 Total (Diversion),Annual,1,2015,101.59,ACFT,K,Approved,2016-05-30 14:30:00
2008003,12008003,2008003 Total (Diversion),Annual,1,2016,73.34,ACFT,K,Approved,2018-01-03 15:56:00
2008003,12008003,2008003 Total (Diversion),Annual,1,2017,76.95,ACFT,K,Approved,2018-05-25 09:41:00
2008003,12008003,2008003 Total (Diversion),Annual,1,2018,108.01,ACFT,K,Approved,2019-04-04 16:17:00
2008003,12008003,2008003 Total (Diversion),Annual,1,2019,109.13,ACFT,K,Approved,2020-04-01 21:05:00
2008003,12008003,2008003 Total (Diversion),Annual,1,2020,89.045,ACFT,K,Approved,2021-03-26 10:46:00
2008003,12008003,2008003 Total (Diversion),Annual,1,2021,113.695,ACFT,K,Approved,2022-03-30 09:30:00
2008003,12008003,2008003 Total (Diversion),Annual,1,2022,99.545,ACFT,K,Approved,2023-02-03 11:03:00
2008003,12008003,2008003 Total (Diversion),Annual,1,2023,125.565,ACFT,K,Approved,2024-01-16 10:55:00
2008003,12008003,2008003 Total (Diversion),Annual,1,2024,90.425,ACFT,K,Approved,2024-10-24 09:34:00
2008308,12008308,2008308 Total (Diversion),Annual,1,2009,87.63,ACFT,U,Approved,2010-06-29 16:23:00
2008308,12008308,2008308 Total (Diversion),Annual,1,2010,149.81,ACFT,U,Approved,2011-06-20 17:12:00
2008308,12008308,2008308 Total (Diversion),Annual,1,2011,112.165,ACFT,U,Approved,2013-11-25 15:33:00
2008308,12008308,2008308 Total (Diversion),Annual,1,2012,122.76,ACFT,K,Approved,2013-05-03 15:13:00
2008308,12008308,2008308 Total (Diversion),Annual,1,2013,97.055,ACFT,K,Approved,2014-04-04 13:52:00
2008308,12008308,2008308 Total (Diversion),Annual,1,2014,116.665,ACFT,K,Approved,2015-06-01 17:12:00
2008308,12008308,2008308 Total (Diversion),Annual,1,2015,80.695,ACFT,K,Approved,2016-05-30 14:30:00
2008308,12008308,2008308 Total (Diversion),Annual,1,2016,122.225,ACFT,K,Approved,2018-01-03 15:56:00
2008308,12008308,2008308 Total (Diversion),Annual,1,2017,103.06,ACFT,K,Approved,2018-05-25 09:41:00
2008308,12008308,2008308 Total (Diversion),Annual,1,2018,75.13,ACFT,K,Approved,2019-04-04 16:17:00
2008308,12008308,2008308 Total (Diversion),Annual,1,2019,93.21,ACFT,K,Approved,2020-04-01 21:05:00
2008308,12008308,2008308 Total (Diversion),Annual,1,2020,102.32,ACFT,K,Approved,2021-03-26 10:46:00
2008308,12008308,2008308 Total (Diversion),Annual,1,2021,67.49,ACFT,K,Approved,2022-03-30 09:30:00
2008308,12008308,2008308 Total (Diversion),Annual,1,2022,65.205,ACFT,K,Approved,2023-02-03 11:02:00
2008308,12008308,2008308 Total (Diversion),Annual,1,2023,67.26,ACFT,K,Approved,2024-01-11 13:58:00
2008308,12008308,2008308 Total (Diversion),Annual,1,2024,53.525,ACFT,K,Approved,2024-12-02 11:58:00
2008344,12008344,2008344 Total (Diversion),Annual,1,2021,93.175,ACFT,K,Approved,2022-03-30 09:30:00
2008344,12008344,2008344 Total (Diversion),Annual,1,2022,91.225,ACFT,K,Approved,2023-02-03 11:03:00
2008344,12008344,2008344 Total (Diversion),Annual,1,2023,96.97,ACFT,K,Approved,2024-01-12 18:01:00
2008344,12008344,2008344 Total (Diversion),Annual,1,2024,72.61,ACFT,K,Approved,2024-11-25 09:49:00
2008348,12008348,2008348 Total (Diversion),Annual,1,2009,80.8,ACFT,U,Approved,2010-06-29 16:23:00
2008348,12008348,2008348 Total (Diversion),Annual,1,2010,94.855,ACFT,U,Approved,2013-11-25 21:54:00
2008348,12008348,2008348 Total (Diversion),Annual,1,2011,95.695,ACFT,U,Approved,2013-11-25 15:35:00
2008348,12008348,2008348 Total (Diversion),Annual,1,2012,89.24,ACFT,K,Approved,2013-05-03 15:13:00
2008348,12008348,2008348 Total (Diversion),Annual,1,2013,65.5,ACFT,K,Approved,2014-04-04 13:52:00
2008348,12008348,2008348 Total (Diversion),Annual,1,2014,74.615,ACFT,K,Approved,2015-06-01 17:12:00
2008348,12008348,2008348 Total (Diversion),Annual,1,2015,71.32,ACFT,K,Approved,2016-05-30 14:30:00
2008348,12008348,2008348 Total (Diversion),Annual,1,2016,99.625,ACFT,K,Approved,2018-01-03 15:56:00
2008348,12008348,2008348 Total (Diversion),Annual,1,2017,88.83,ACFT,K,Approved,2018-05-25 09:41:00
2008348,12008348,2008348 Total (Diversion),Annual,1,2018,128.875,ACFT,K,Approved,2019-04-04 16:17:00
2008348,12008348,2008348 Total (Diversion),Annual,1,2019,92.095,ACFT,K,Approved,2020-04-01 21:05:00
2008348,12008348,2008348 Total (Diversion),Annual,1,2020,46.855,ACFT,K,Approved,2021-03-26 10:46:00
2008348,12008348,2008348 Total (Diversion),Annual,1,2021,85.59,ACFT,K,Approved,2022-03-30 09:30:00
2008348,12008348,2008348 Total (Diversion),Annual,1,2022,93.25,ACFT,K,Approved,2023-02-03 11:03:00
2008348,12008348,2008348 Total (Diversion),Annual,1,2023,94.445,ACFT,K,Approved,2024-01-12 17:48:00
2008348,12008348,2008348 Total (Diversion),Annual,1,2024,82.03,ACFT,K,Approved,2024-11-25 09:49:00
2008349,12008349,2008349 Total (Diversion),Annual,1,2020,0.381,ACFT,K,Approved,2021-03-26 10:46:00
2008349,12008349,2008349 Total (Diversion),Annual,1,2021,0.0996,ACFT,K,Approved,2022-03-30 09:30:00
2008349,12008349,2008349 Total (Diversion),Annual,1,2022,0.1973,ACFT,K,Approved,2023-02-03 11:04:00
2008349,12008349,2008349 Total (Diversion),Annual,1,2023,0.3517,ACFT,K,Approved,2024-01-12 17:59:00
2008349,12008349,2008349 Total (Diversion),Annual,1,2024,0.3432,ACFT,K,Approved,2024-11-25 09:49:00
2008567,12008567,2008567 Total (Diversion),Annual,1,2009,0.78,ACFT,U,Approved,2010-06-29 16:23:00
2008567,12008567,2008567 Total (Diversion),Annual,1,2010,0.0,ACFT,U,Approved,2011-06-20 17:12:00
2008567,12008567,2008567 Total (Diversion),Annual,1,2011,0.0,ACFT,U,Approved,2012-07-06 07:51:00
2008567,12008567,2008567 Total (Diversion),Annual,1,2012,0.0,ACFT,K,Approved,2013-05-03 15:13:00
2008567,12008567,2008567 Total (Diversion),Annual,1,2013,0.0,ACFT,K,Approved,2014-04-04 13:52:00
2008567,12008567,2008567 Total (Diversion),Annual,1,2014,0.0,ACFT,K,Approved,2015-06-01 17:12:00
2008567,12008567,2008567 Total (Diversion),Annual,1,2015,0.0,ACFT,K,Approved,2016-05-30 14:30:00
2008567,12008567,2008567 Total (Diversion),Annual,1,2016,0.0,ACFT,K,Approved,2018-01-03 15:56:00
2008567,12008567,2008567 Total (Diversion),Annual,1,2017,0.0,ACFT,K,Approved,2018-05-25 09:41:00
2008567,12008567,2008567 Total (Diversion),Annual,1,2018,0.0,ACFT,K,Approved,2019-04-04 16:17:00
2008567,12008567,2008567 Total (Diversion),Annual,1,2019,0.0,ACFT,K,Approved,2020-04-01 21:05:00
2008567,12008567,2008567 Total (Diversion),Annual,1,2020,0.0,ACFT,K,Approved,2021-03-26 10:46:00
2008567,12008567,2008567 Total (Diversion),Annual,1,2021,0.0,ACFT,K,Approved,2022-03-30 09:30:00
2008567,12008567,2008567 Total (Diversion),Annual,1,2022,0.0,ACFT,K,Approved,2023-02-03 11:02:00
2008567,12008567,2008567 Total (Diversion),Annual,1,2023,0.0,ACFT,K,Approved,2024-01-12 18:33:00
2008567,12008567,2008567 Total (Diversion),Annual,1,2024,0.0,ACFT,K,Approved,2024-11-19 14:08:00
2008880,12008880,2008880 Total (Diversion),Annual,1,2023,0.0231,ACFT,K,Approved,2024-01-12 18:04:00
2008880,12008880,2008880 Total (Diversion),Annual,1,2024,0.0182,ACFT,K,Approved,2024-11-22 13:25:00
2009237,12009237,2009237 Total (Diversion),Annual,1,2009,78.45,ACFT,U,Approved,2010-06-29 16:23:00
2009237,12009237,2009237 Total (Diversion),Annual,1,2010,52.63,ACFT,U,Approved,2011-06-20 17:12:00
2009237,12009237,2009237 Total (Diversion),Annual,1,2011,106.765,ACFT,U,Approved,2013-11-25 16:22:00
2009237,12009237,2009237 Total (Diversion),Annual,1,2012,42.945,ACFT,K,Approved,2013-05-03 15:13:00
2009237,12009237,2009237 Total (Diversion),Annual,1,2013,44.99,ACFT,K,Approved,2014-04-04 13:52:00
2009237,12009237,2009237 Total (Diversion),Annual,1,2014,47.905,ACFT,K,Approved,2015-06-01 17:12:00
2009237,12009237,2009237 Total (Diversion),Annual,1,2015,55.735,ACFT,K,Approved,2016-05-30 14:30:00
2009237,12009237,2009237 Total (Diversion),Annual,1,2016,78.805,ACFT,K,Approved,2018-01-03 15:56:00
2009237,12009237,2009237 Total (Diversion),Annual,1,2017,82.335,ACFT,K,Approved,2018-05-25 09:41:00
2009237,12009237,2009237 Total (Diversion),Annual,1,2018,69.495,ACFT,K,Approved,2019-04-04 16:17:00
2009237,12009237,2009237 Total (Diversion),Annual,1,2019,46.01,ACFT,K,Approved,2020-04-01 21:05:00
2009237,12009237,2009237 Total (Diversion),Annual,1,2020,66.78,ACFT,K,Approved,2021-03-26 10:46:00
2009237,12009237,2009237 Total (Diversion),Annual,1,2021,84.76,ACFT,K,Approved,2022-03-30 09:30:00
2009237,12009237,2009237 Total (Diversion),Annual,1,2022,90.105,ACFT,K,Approved,2023-02-03 11:01:00
2009237,12009237,2009237 Total (Diversion),Annual,1,2023,102.875,ACFT,K,Approved,2024-01-12 18:18:00
2009237,12009237,2009237 Total (Diversion),Annual,1,2024,71.52,ACFT,K,Approved,2024-12-05 10:01:00
2009243,12009243,2009243 Total (Diversion),Annual,1,2009,0.77,ACFT,U,Approved,2010-06-29 16:23:00
2009243,12009243,2009243 Total (Diversion),Annual,1,2010,0.138,ACFT,U,Approved,2013-11-25 22:21:00
2009243,12009243,2009243 Total (Diversion),Annual,1,2011,0.012,ACFT,U,Approved,2013-11-25 16:23:00
2009243,12009243,2009243 Total (Diversion),Annual,1,2012,0.0,ACFT,K,Approved,2013-05-03 15:13:00
2009243,12009243,2009243 Total (Diversion),Annual,1,2013,0.007,ACFT,K,Approved,2014-04-04 13:52:00
2009243,12009243,2009243 Total (Diversion),Annual,1,2014,0.0,ACFT,K,Approved,2015-06-01 17:12:00
2009243,12009243,2009243 Total (Diversion),Annual,1,2015,0.295,ACFT,K,Approved,2016-05-30 14:30:00
2009243,12009243,2009243 Total (Diversion),Annual,1,2016,0.0,ACFT,K,Approved,2018-01-03 15:56:00
2009243,12009243,2009243 Total (Diversion),Annual,1,2017,0.0,ACFT,K,Approved,2018-05-25 09:41:00
2009243,12009243,2009243 Total (Diversion),Annual,1,2018,0.001,ACFT,K,Approved,2019-04-04 16:17:00
2009243,12009243,2009243 Total (Diversion),Annual,1,2019,0.0,ACFT,K,Approved,2020-04-01 21:05:00
2009243,12009243,2009243 Total (Diversion),Annual,1,2020,0.0,ACFT,K,Approved,2021-03-26 10:46:00
2009243,12009243,2009243 Total (Diversion),Annual,1,2021,0.0,ACFT,K,Approved,2022-03-30 09:30:00
2009243,12009243,2009243 Total (Diversion),Annual,1,2022,0.0,ACFT,K,Approved,2023-02-03 11:01:00
2009243,12009243,2009243 Total (Diversion),Annual,1,2023,0.0,ACFT,K,Approved,2024-01-12 17:47:00
2009243,12009243,2009243 Total (Diversion),Annual,1,2024,0.0,ACFT,K,Approved,2024-11-19 14:08:00
2009305,12009305,2009305 Total (Diversion),Annual,1,2009,99.77,ACFT,U,Approved,2010-06-29 16:23:00
2009305,12009305,2009305 Total (Diversion),Annual,1,2010,119.165,ACFT,U,Approved,2013-11-25 22:22:00
2009305,12009305,2009305 Total (Diversion),Annual,1,2011,137.495,ACFT,U,Approved,2013-11-25 16:26:00
2009305,12009305,2009305 Total (Diversion),Annual,1,2012,153.235,ACFT,K,Approved,2013-05-03 15:13:00
2009305,12009305,2009305 Total (Diversion),Annual,1,2013,110.165,ACFT,K,Approved,2014-04-04 13:52:00
2009305,12009305,2009305 Total (Diversion),Annual,1,2014,101.73,ACFT,K,Approved,2015-06-01 17:12:00
2009305,12009305,2009305 Total (Diversion),Annual,1,2015,94.835,ACFT,K,Approved,2016-05-30 14:30:00
2009305,12009305,2009305 Total (Diversion),Annual,1,2016,93.94,ACFT,K,Approved,2018-01-03 15:56:00
2009305,12009305,2009305 Total (Diversion),Annual,1,2017,105.625,ACFT,K,Approved,2018-05-25 09:41:00
2009305,12009305,2009305 Total (Diversion),Annual,1,2018,109.285,ACFT,K,Approved,2019-04-04 16:17:00
2009305,12009305,2009305 Total (Diversion),Annual,1,2019,50.765,ACFT,K,Approved,2020-04-01 21:05:00
2009305,12009305,2009305 Total (Diversion),Annual,1,2020,34.15,ACFT,K,Approved,2021-03-26 10:46:00
2009305,12009305,2009305 Total (Diversion),Annual,1,2021,116.295,ACFT,K,Approved,2022-03-30 09:30:00
2009305,12009305,2009305 Total (Diversion),Annual,1,2022,45.04,ACFT,K,Approved,2023-02-03 11:01:00
2009305,12009305,2009305 Total (Diversion),Annual,1,2023,126.41,ACFT,K,Approved,2024-01-11 16:45:00
2009305,12009305,2009305 Total (Diversion),Annual,1,2024,31.06,ACFT,K,Approved,2024-12-10 09:11:00
2009306,12009306,2009306 Total (Diversion),Annual,1,2009,97.98,ACFT,U,Approved,2010-06-29 16:23:00
2009306,12009306,2009306 Total (Diversion),Annual,1,2010,128.475,ACFT,U,Approved,2013-11-25 22:23:00
2009306,12009306,2009306 Total (Diversion),Annual,1,2011,120.585,ACFT,U,Approved,2013-11-25 16:26:00
2009306,12009306,2009306 Total (Diversion),Annual,1,2012,113.005,ACFT,K,Approved,2013-05-03 15:13:00
2009306,12009306,2009306 Total (Diversion),Annual,1,2013,107.76,ACFT,K,Approved,2014-04-04 13:52:00
2009306,12009306,2009306 Total (Diversion),Annual,1,2014,105.715,ACFT,K,Approved,2015-06-01 17:12:00
2009306,12009306,2009306 Total (Diversion),Annual,1,2015,87.525,ACFT,K,Approved,2016-05-30 14:30:00
2009306,12009306,2009306 Total (Diversion),Annual,1,2016,114.655,ACFT,K,Approved,2018-01-03 15:56:00
2009306,12009306,2009306 Total (Diversion),Annual,1,2017,90.485,ACFT,K,Approved,2018-05-25 09:41:00
2009306,12009306,2009306 Total (Diversion),Annual,1,2018,59.385,ACFT,K,Approved,2019-04-04 16:17:00
2009306,12009306,2009306 Total (Diversion),Annual,1,2019,33.46,ACFT,K,Approved,2020-04-01 21:05:00
2009306,12009306,2009306 Total (Diversion),Annual,1,2020,117.375,ACFT,K,Approved,2021-03-26 10:46:00
2009306,12009306,2009306 Total (Diversion),Annual,1,2021,24.805,ACFT,K,Approved,2022-03-30 09:30:00
2009306,12009306,2009306 Total (Diversion),Annual,1,2022,110.3,ACFT,K,Approved,2023-02-03 11:03:00
2009306,12009306,2009306 Total (Diversion),Annual,1,2023,36.175,ACFT,K,Approved,2024-01-12 11:18:00
2009306,12009306,2009306 Total (Diversion),Annual,1,2024,97.67,ACFT,K,Approved,2024-12-10 09:11:00
2009451,12009451,2009451 Total (Diversion),Annual,1,2010,1.3902,ACFT,U,Approved,2013-11-25 22:25:00
2009451,12009451,2009451 Total (Diversion),Annual,1,2011,2.3628,ACFT,U,Approved,2013-11-25 16:30:00
2009451,12009451,2009451 Total (Diversion),Annual,1,2012,0.0936,ACFT,K,Approved,2013-05-03 15:13:00
2009452,12009452,2009452 Total (Diversion),Annual,1,2009,92.49,ACFT,U,Approved,2010-06-29 16:23:00
2009452,12009452,2009452 Total (Diversion),Annual,1,2010,138.72,ACFT,U,Approved,2011-06-20 17:12:00
2009452,12009452,2009452 Total (Diversion),Annual,1,2011,118.75,ACFT,U,Approved,2012-07-06 07:51:00
2009452,12009452,2009452 Total (Diversion),Annual,1,2012,98.82,ACFT,K,Approved,2013-05-03 15:13:00
2009452,12009452,2009452 Total (Diversion),Annual,1,2013,92.14,ACFT,K,Approved,2014-04-04 13:52:00
2009452,12009452,2009452 Total (Diversion),Annual,1,2014,100.785,ACFT,K,Approved,2015-06-01 17:12:00
2009452,12009452,2009452 Total (Diversion),Annual,1,2015,78.67,ACFT,K,Approved,2016-05-30 14:30:00
2009452,12009452,2009452 Total (Diversion),Annual,1,2016,92.57,ACFT,K,Approved,2018-01-03 15:56:00
2009452,12009452,2009452 Total (Diversion),Annual,1,2017,98.195,ACFT,K,Approved,2018-05-25 09:41:00
2009452,12009452,2009452 Total (Diversion),Annual,1,2018,102.87,ACFT,K,Approved,2019-04-04 16:17:00
2009452,12009452,2009452 Total (Diversion),Annual,1,2019,84.84,ACFT,K,Approved,2020-04-01 21:05:00
2009452,12009452,2009452 Total (Diversion),Annual,1,2020,118.945,ACFT,K,Approved,2021-03-26 10:46:00
2009452,12009452,2009452 Total (Diversion),Annual,1,2021,71.5215,ACFT,K,Approved,2022-03-30 09:30:00
2009452,12009452,2009452 Total (Diversion),Annual,1,2022,120.2635,ACFT,K,Approved,2023-02-03 11:01:00
2009452,12009452,2009452 Total (Diversion),Annual,1,2023,113.451,ACFT,K,Approved,2024-01-12 15:48:00
2009452,12009452,2009452 Total (Diversion),Annual,1,2024,77.578,ACFT,K,Approved,2024-12-02 12:20:00
2009573,12009573,2009573 Total (Diversion),Annual,1,2013,93.545,ACFT,K,Approved,2014-04-24 11:01:00
2009573,12009573,2009573 Total (Diversion),Annual,1,2014,101.765,ACFT,K,Approved,2015-08-17 15:40:00
2009573,12009573,2009573 Total (Diversion),Annual,1,2015,94.085,ACFT,K,Approved,2016-05-30 14:30:00
2009573,12009573,2009573 Total (Diversion),Annual,1,2016,107.28,ACFT,K,Approved,2018-01-03 15:56:00
2009573,12009573,2009573 Total (Diversion),Annual,1,2017,91.29,ACFT,K,Approved,2018-05-25 09:41:00
2009573,12009573,2009573 Total (Diversion),Annual,1,2018,83.59,ACFT,K,Approved,2019-04-04 16:17:00
2009573,12009573,2009573 Total (Diversion),Annual,1,2019,83.445,ACFT,K,Approved,2020-04-01 21:05:00
2009573,12009573,2009573 Total (Diversion),Annual,1,2020,106.245,ACFT,K,Approved,2021-03-26 10:46:00
2009573,12009573,2009573 Total (Diversion),Annual,1,2021,95.735,ACFT,K,Approved,2022-03-30 09:30:00
2009573,12009573,2009573 Total (Diversion),Annual,1,2022,105.555,ACFT,K,Approved,2023-02-03 11:05:00
2009573,12009573,2009573 Total (Diversion),Annual,1,2023,130.6595,ACFT,K,Approved,2024-01-17 12:52:00
2009573,12009573,2009573 Total (Diversion),Annual,1,2024,87.4665,ACFT,K,Approved,2024-11-19 11:02:00
2009577,12009577,2009577 Total (Diversion),Annual,1,2009,202.2,ACFT,U,Approved,2010-06-29 16:23:00
2009577,12009577,2009577 Total (Diversion),Annual,1,2010,221.48,ACFT,U,Approved,2011-06-20 17:12:00
2009577,12009577,2009577 Total (Diversion),Annual,1,2011,257.13,ACFT,U,Approved,2012-07-06 07:51:00
2009577,12009577,2009577 Total (Diversion),Annual,1,2012,60.1,ACFT,K,Approved,2013-05-03 15:13:00
2009577,12009577,2009577 Total (Diversion),Annual,1,2013,171.47,ACFT,K,Approved,2014-04-04 13:52:00
2009577,12009577,2009577 Total (Diversion),Annual,1,2014,79.66,ACFT,K,Approved,2015-06-01 17:12:00
2009577,12009577,2009577 Total (Diversion),Annual,1,2015,135.82,ACFT,K,Approved,2016-05-30 14:30:00
2009577,12009577,2009577 Total (Diversion),Annual,1,2016,135.54,ACFT,K,Approved,2018-01-03 15:56:00
2009577,12009577,2009577 Total (Diversion),Annual,1,2017,142.17,ACFT,K,Approved,2018-05-25 09:41:00
2009577,12009577,2009577 Total (Diversion),Annual,1,2018,164.51,ACFT,K,Approved,2019-04-04 16:17:00
2009577,12009577,2009577 Total (Diversion),Annual,1,2019,141.09,ACFT,K,Approved,2020-04-01 21:05:00
2009577,12009577,2009577 Total (Diversion),Annual,1,2020,77.1,ACFT,K,Approved,2021-03-26 10:46:00
2009577,12009577,2009577 Total (Diversion),Annual,1,2021,163.06,ACFT,K,Approved,2022-03-30 09:30:00
2009577,12009577,2009577 Total (Diversion),Annual,1,2022,146.963,ACFT,K,Approved,2023-09-12 14:23:00
2009577,12009577,2009577 Total (Diversion),Annual,1,2023,165.156,ACFT,K,Approved,2024-01-17 12:54:00
2009577,12009577,2009577 Total (Diversion),Annual,1,2024,130.708,ACFT,K,Approved,2024-11-19 11:02:00
2009741,12009741,2009741 Total (Diversion),Annual,1,2009,100.905,ACFT,K,Approved,2015-02-06 16:06:00
2009741,12009741,2009741 Total (Diversion),Annual,1,2010,116.235,ACFT,K,Approved,2015-02-06 16:14:00
2009741,12009741,2009741 Total (Diversion),Annual,1,2011,130.315,ACFT,K,Approved,2015-02-06 16:56:00
2009741,12009741,2009741 Total (Diversion),Annual,1,2012,120.245,ACFT,K,Approved,2013-05-03 15:13:00
2009741,12009741,2009741 Total (Diversion),Annual,1,2013,109.375,ACFT,K,Approved,2014-04-04 13:52:00
2009741,12009741,2009741 Total (Diversion),Annual,1,2014,99.94,ACFT,K,Approved,2015-06-01 17:12:00
2009741,12009741,2009741 Total (Diversion),Annual,1,2015,101.59,ACFT,K,Approved,2016-05-30 14:30:00
2009741,12009741,2009741 Total (Diversion),Annual,1,2016,73.34,ACFT,K,Approved,2018-01-03 15:56:00
2009741,12009741,2009741 Total (Diversion),Annual,1,2017,76.95,ACFT,K,Approved,2018-05-25 09:41:00
2009741,12009741,2009741 Total (Diversion),Annual,1,2018,108.01,ACFT,K,Approved,2019-04-04 16:17:00
2009741,12009741,2009741 Total (Diversion),Annual,1,2019,109.13,ACFT,K,Approved,2020-04-01 21:05:00
2009741,12009741,2009741 Total (Diversion),Annual,1,2020,89.045,ACFT,K,Approved,2021-03-26 10:46:00
2009741,12009741,2009741 Total (Diversion),Annual,1,2021,113.695,ACFT,K,Approved,2022-03-30 09:30:00
2009741,12009741,2009741 Total (Diversion),Annual,1,2022,99.545,ACFT,K,Approved,2023-02-03 11:03:00
2009741,12009741,2009741 Total (Diversion),Annual,1,2023,125.565,ACFT,K,Approved,2024-01-16 10:55:00
2009741,12009741,2009741 Total (Diversion),Annual,1,2024,90.425,ACFT,K,Approved,2024-10-24 09:34:00
2010007,12010007,2010007 Total (Diversion),Annual,1,2009,106.58,ACFT,U,Approved,2010-06-29 16:23:00
2010007,12010007,2010007 Total (Diversion),Annual,1,2010,128.35,ACFT,U,Approved,2011-06-20 17:12:00
2010007,12010007,2010007 Total (Diversion),Annual,1,2011,122.11,ACFT,U,Approved,2012-07-06 07:51:00
2010007,12010007,2010007 Total (Diversion),Annual,1,2012,97.39,ACFT,K,Approved,2013-05-03 15:13:00
2010007,12010007,2010007 Total (Diversion),Annual,1,2013,104.06,ACFT,K,Approved,2014-04-04 13:52:00
2010007,12010007,2010007 Total (Diversion),Annual,1,2014,78.28,ACFT,K,Approved,2015-06-01 17:12:00
2010007,12010007,2010007 Total (Diversion),Annual,1,2015,85.88,ACFT,K,Approved,2016-05-30 14:30:00
2010007,12010007,2010007 Total (Diversion),Annual,1,2016,85.27,ACFT,K,Approved,2018-01-03 15:56:00
2010007,12010007,2010007 Total (Diversion),Annual,1,2017,97.605,ACFT,K,Approved,2018-05-25 09:41:00
2010007,12010007,2010007 Total (Diversion),Annual,1,2018,106.56,ACFT,K,Approved,2019-04-04 16:17:00
2010007,12010007,2010007 Total (Diversion),Annual,1,2019,105.16,ACFT,K,Approved,2020-04-01 21:05:00
2010007,12010007,2010007 Total (Diversion),Annual,1,2020,123.43,ACFT,K,Approved,2021-03-26 10:46:00
2010007,12010007,2010007 Total (Diversion),Annual,1,2021,108.45,ACFT,K,Approved,2022-03-30 09:30:00
2010007,12010007,2010007 Total (Diversion),Annual,1,2022,100.67,ACFT,K,Approved,2023-02-03 11:01:00
2010007,12010007,2010007 Total (Diversion),Annual,1,2023,110.585,ACFT,K,Approved,2024-01-16 10:29:00
2010007,12010007,2010007 Total (Diversion),Annual,1,2024,69.99,ACFT,K,Approved,2024-10-24 09:34:00
2010008,12010008,2010008 Total (Diversion),Annual,1,2009,23.55,ACFT,U,Approved,2010-06-29 16:23:00
2010008,12010008,2010008 Total (Diversion),Annual,1,2010,29.29,ACFT,U,Approved,2011-06-20 17:12:00
2010008,12010008,2010008 Total (Diversion),Annual,1,2011,26.51,ACFT,U,Approved,2012-07-06 07:51:00
2010008,12010008,2010008 Total (Diversion),Annual,1,2012,19.0,ACFT,K,Approved,2013-05-03 15:13:00
2010008,12010008,2010008 Total (Diversion),Annual,1,2013,17.53,ACFT,K,Approved,2014-04-04 13:52:00
2010008,12010008,2010008 Total (Diversion),Annual,1,2014,11.59,ACFT,K,Approved,2015-06-01 17:12:00
2010008,12010008,2010008 Total (Diversion),Annual,1,2015,96.04,ACFT,K,Approved,2016-05-30 14:30:00
2010008,12010008,2010008 Total (Diversion),Annual,1,2016,96.185,ACFT,K,Approved,2018-01-03 15:56:00
2010008,12010008,2010008 Total (Diversion),Annual,1,2017,87.81,ACFT,K,Approved,2018-05-25 09:41:00
2010008,12010008,2010008 Total (Diversion),Annual,1,2018,91.775,ACFT,K,Approved,2019-04-04 16:17:00
2010008,12010008,2010008 Total (Diversion),Annual,1,2019,81.87,ACFT,K,Approved,2020-04-01 21:05:00
2010008,12010008,2010008 Total (Diversion),Annual,1,2020,89.375,ACFT,K,Approved,2021-03-26 10:46:00
2010008,12010008,2010008 Total (Diversion),Annual,1,2021,93.29,ACFT,K,Approved,2022-03-30 09:30:00
2010008,12010008,2010008 Total (Diversion),Annual,1,2022,88.285,ACFT,K,Approved,2023-02-03 11:02:00
2010008,12010008,2010008 Total (Diversion),Annual,1,2023,101.505,ACFT,K,Approved,2024-01-16 10:58:00
2010008,12010008,2010008 Total (Diversion),Annual,1,2024,65.19,ACFT,K,Approved,2024-10-24 09:34:00
2011455,12011455,2011455 Total (Diversion),Annual,1,2009,0.01,ACFT,U,Approved,2010-06-29 16:23:00
2011455,12011455,2011455 Total (Diversion),Annual,1,2010,0.0,ACFT,U,Approved,2011-06-20 17:12:00
2011455,12011455,2011455 Total (Diversion),Annual,1,2011,0.02,ACFT,U,Approved,2012-07-06 07:51:00
2011455,12011455,2011455 Total (Diversion),Annual,1,2012,0.34,ACFT,K,Approved,2018-02-12 15:05:00
2011455,12011455,2011455 Total (Diversion),Annual,1,2013,0.0,ACFT,K,Approved,2014-04-04 13:52:00
2011455,12011455,2011455 Total (Diversion),Annual,1,2014,0.0,ACFT,K,Approved,2018-02-13 15:31:00
2011455,12011455,2011455 Total (Diversion),Annual,1,2015,0.0,ACFT,K,Approved,2016-05-30 14:30:00
2011455,12011455,2011455 Total (Diversion),Annual,1,2016,0.2,ACFT,K,Approved,2018-01-03 15:56:00
2011455,12011455,2011455 Total (Diversion),Annual,1,2017,0.0,ACFT,K,Approved,2018-05-25 09:41:00
2011455,12011455,2011455 Total (Diversion),Annual,1,2018,0.0,ACFT,K,Approved,2019-04-04 16:17:00
2011455,12011455,2011455 Total (Diversion),Annual,1,2019,0.0,ACFT,K,Approved,2020-04-01 21:05:00
2011455,12011455,2011455 Total (Diversion),Annual,1,2020,0.15,ACFT,K,Approved,2021-03-26 10:46:00
2011455,12011455,2011455 Total (Diversion),Annual,1,2021,0.0,ACFT,K,Approved,2022-03-30 09:30:00
2011455,12011455,2011455 Total (Diversion),Annual,1,2022,0.0,ACFT,K,Approved,2023-02-03 11:03:00
2011455,12011455,2011455 Total (Diversion),Annual,1,2023,0.0,ACFT,K,Approved,2024-01-16 17:23:00
2011455,12011455,2011455 Total (Diversion),Annual,1,2024,122.36,ACFT,K,Approved,2024-12-04 08:27:00
2013445,12013445,2013445 Total (Diversion),Annual,1,2009,1.46,ACFT,U,Approved,2010-06-29 16:23:00
2013445,12013445,2013445 Total (Diversion),Annual,1,2010,1.06,ACFT,U,Approved,2011-06-20 17:12:00
2013445,12013445,2013445 Total (Diversion),Annual,1,2011,2.12,ACFT,U,Approved,2012-07-06 07:51:00
2013445,12013445,2013445 Total (Diversion),Annual,1,2012,11.262,ACFT,K,Approved,2018-02-14 10:30:00
2013445,12013445,2013445 Total (Diversion),Annual,1,2013,1.262,ACFT,K,Approved,2014-04-04 13:52:00
2013445,12013445,2013445 Total (Diversion),Annual,1,2014,0.6,ACFT,K,Approved,2015-06-01 17:12:00
2013445,12013445,2013445 Total (Diversion),Annual,1,2015,0.545,ACFT,K,Approved,2016-05-30 14:30:00
2013445,12013445,2013445 Total (Diversion),Annual,1,2016,0.402,ACFT,K,Approved,2018-01-03 15:56:00
2013445,12013445,2013445 Total (Diversion),Annual,1,2017,0.2372,ACFT,K,Approved,2018-05-25 09:41:00
2013445,12013445,2013445 Total (Diversion),Annual,1,2018,0.1254,ACFT,K,Approved,2019-04-04 16:17:00
2013445,12013445,2013445 Total (Diversion),Annual,1,2019,0.0,ACFT,K,Approved,2020-04-01 21:05:00
2013445,12013445,2013445 Total (Diversion),Annual,1,2020,0.0,ACFT,K,Approved,2021-03-26 10:46:00
2013445,12013445,2013445 Total (Diversion),Annual,1,2021,0.0293,ACFT,K,Approved,2022-03-30 09:30:00
2013445,12013445,2013445 Total (Diversion),Annual,1,2022,0.0,ACFT,K,Approved,2025-06-06 09:08:00
2013445,12013445,2013445 Total (Diversion),Annual,1,2023,0.0,ACFT,K,Approved,2024-01-16 08:38:00
2013445,12013445,2013445 Total (Diversion),Annual,1,2024,0.0,ACFT,K,Approved,2025-06-06 09:07:00
2013464,12013464,2013464 Total (Diversion),Annual,1,2009,174.96,ACFT,U,Approved,2010-06-29 16:23:00
2013464,12013464,2013464 Total (Diversion),Annual,1,2010,180.94,ACFT,U,Approved,2011-06-20 17:12:00
2013464,12013464,2013464 Total (Diversion),Annual,1,2011,175.55,ACFT,U,Approved,2012-07-06 07:51:00
2013464,12013464,2013464 Total (Diversion),Annual,1,2012,136.58,ACFT,K,Approved,2013-05-03 15:13:00
2013464,12013464,2013464 Total (Diversion),Annual,1,2013,137.08,ACFT,K,Approved,2014-04-04 13:52:00
2013464,12013464,2013464 Total (Diversion),Annual,1,2014,123.8,ACFT,K,Approved,2015-06-01 17:12:00
2013464,12013464,2013464 Total (Diversion),Annual,1,2015,1.18,ACFT,K,Approved,2016-05-30 14:30:00
2013464,12013464,2013464 Total (Diversion),Annual,1,2016,0.0,ACFT,K,Approved,2018-01-03 15:56:00
2013464,12013464,2013464 Total (Diversion),Annual,1,2017,0.0,ACFT,K,Approved,2018-05-25 09:41:00
2013464,12013464,2013464 Total (Diversion),Annual,1,2018,0.0,ACFT,K,Approved,2019-04-04 16:17:00
2013464,12013464,2013464 Total (Diversion),Annual,1,2019,0.0,ACFT,K,Approved,2020-04-01 21:05:00
2013464,12013464,2013464 Total (Diversion),Annual,1,2021,0.0,ACFT,K,Approved,2022-03-30 09:30:00
2013464,12013464,2013464 Total (Diversion),Annual,1,2022,0.0,ACFT,K,Approved,2023-02-03 11:03:00
2013464,12013464,2013464 Total (Diversion),Annual,1,2023,0.0,ACFT,K,Approved,2024-01-11 11:15:00
2013464,12013464,2013464 Total (Diversion),Annual,1,2024,0.0,ACFT,K,Approved,2024-11-19 14:08:00
2013817,12013817,2013817 Total (Diversion),Annual,1,2009,60.79,ACFT,U,Approved,2010-06-29 16:23:00
2013817,12013817,2013817 Total (Diversion),Annual,1,2010,131.385,ACFT,U,Approved,2013-11-26 11:38:00
2013817,12013817,2013817 Total (Diversion),Annual,1,2011,120.685,ACFT,U,Approved,2013-11-25 18:18:00
2013817,12013817,2013817 Total (Diversion),Annual,1,2012,41.115,ACFT,K,Approved,2013-05-03 15:13:00
2013817,12013817,2013817 Total (Diversion),Annual,1,2013,72.45,ACFT,K,Approved,2014-04-04 13:52:00
2013817,12013817,2013817 Total (Diversion),Annual,1,2014,94.45,ACFT,K,Approved,2015-06-01 17:12:00
2013817,12013817,2013817 Total (Diversion),Annual,1,2015,92.42,ACFT,K,Approved,2016-05-30 14:30:00
2013817,12013817,2013817 Total (Diversion),Annual,1,2016,97.775,ACFT,K,Approved,2018-01-03 15:56:00
2013817,12013817,2013817 Total (Diversion),Annual,1,2017,73.48,ACFT,K,Approved,2018-05-25 09:41:00
2013817,12013817,2013817 Total (Diversion),Annual,1,2018,116.275,ACFT,K,Approved,2019-04-04 16:17:00
2013817,12013817,2013817 Total (Diversion),Annual,1,2019,85.04,ACFT,K,Approved,2020-04-01 21:05:00
2013817,12013817,2013817 Total (Diversion),Annual,1,2020,93.495,ACFT,K,Approved,2021-03-26 10:46:00
2013817,12013817,2013817 Total (Diversion),Annual,1,2021,89.135,ACFT,K,Approved,2022-03-30 09:30:00
2013817,12013817,2013817 Total (Diversion),Annual,1,2022,105.955,ACFT,K,Approved,2023-02-03 11:04:00
2013817,12013817,2013817 Total (Diversion),Annual,1,2023,88.075,ACFT,K,Approved,2024-01-17 15:25:00
2013817,12013817,2013817 Total (Diversion),Annual,1,2024,62.115,ACFT,K,Approved,2024-12-02 11:49:00
2013907,12013907,2013907 Total (Diversion),Annual,1,2009,48.48,ACFT,U,Approved,2010-06-29 16:23:00
2013907,12013907,2013907 Total (Diversion),Annual,1,2010,253.37,ACFT,U,Approved,2011-06-20 17:12:00
2013907,12013907,2013907 Total (Diversion),Annual,1,2011,234.53,ACFT,U,Approved,2012-07-06 07:51:00
2013907,12013907,2013907 Total (Diversion),Annual,1,2012,198.12,ACFT,K,Approved,2013-05-03 15:13:00
2013907,12013907,2013907 Total (Diversion),Annual,1,2013,169.16,ACFT,K,Approved,2014-04-04 13:52:00
2013907,12013907,2013907 Total (Diversion),Annual,1,2014,199.22,ACFT,K,Approved,2015-06-01 17:12:00
2013907,12013907,2013907 Total (Diversion),Annual,1,2015,148.285,ACFT,K,Approved,2016-05-30 14:30:00
2013907,12013907,2013907 Total (Diversion),Annual,1,2016,172.076,ACFT,K,Approved,2018-01-03 15:56:00
2013907,12013907,2013907 Total (Diversion),Annual,1,2017,184.178,ACFT,K,Approved,2018-05-25 09:41:00
2013907,12013907,2013907 Total (Diversion),Annual,1,2018,180.562,ACFT,K,Approved,2019-04-04 16:17:00
2013907,12013907,2013907 Total (Diversion),Annual,1,2019,167.192,ACFT,K,Approved,2020-04-01 21:05:00
2013907,12013907,2013907 Total (Diversion),Annual,1,2020,188.744,ACFT,K,Approved,2021-03-26 10:46:00
2013907,12013907,2013907 Total (Diversion),Annual,1,2021,165.735,ACFT,K,Approved,2022-03-30 09:30:00
2013907,12013907,2013907 Total (Diversion),Annual,1,2022,182.061,ACFT,K,Approved,2023-02-03 11:04:00
2013907,12013907,2013907 Total (Diversion),Annual,1,2023,191.271,ACFT,K,Approved,2024-01-12 17:56:00
2013907,12013907,2013907 Total (Diversion),Annual,1,2024,161.24,ACFT,K,Approved,2024-11-12 13:37:00
2014148,12014148,2014148 Total (Diversion),Annual,1,2009,79.27,ACFT,U,Approved,2010-06-29 16:23:00
2014148,12014148,2014148 Total (Diversion),Annual,1,2010,100.795,ACFT,U,Approved,2013-11-25 23:23:00
2014148,12014148,2014148 Total (Diversion),Annual,1,2011,109.63,ACFT,U,Approved,2012-07-06 07:51:00
2014148,12014148,2014148 Total (Diversion),Annual,1,2012,46.58,ACFT,K,Approved,2013-05-03 15:13:00
2014148,12014148,2014148 Total (Diversion),Annual,1,2013,47.53,ACFT,K,Approved,2014-04-04 13:52:00
2014148,12014148,2014148 Total (Diversion),Annual,1,2014,53.6,ACFT,K,Approved,2015-06-01 17:12:00
2014148,12014148,2014148 Total (Diversion),Annual,1,2015,52.08,ACFT,K,Approved,2016-05-30 14:30:00
2014148,12014148,2014148 Total (Diversion),Annual,1,2016,75.11,ACFT,K,Approved,2018-01-03 15:56:00
2014148,12014148,2014148 Total (Diversion),Annual,1,2017,82.95,ACFT,K,Approved,2018-05-25 09:41:00
2014148,12014148,2014148 Total (Diversion),Annual,1,2018,65.095,ACFT,K,Approved,2019-04-04 16:17:00
2014148,12014148,2014148 Total (Diversion),Annual,1,2019,45.145,ACFT,K,Approved,2020-04-01 21:05:00
2014148,12014148,2014148 Total (Diversion),Annual,1,2020,69.69,ACFT,K,Approved,2021-03-26 10:46:00
2014148,12014148,2014148 Total (Diversion),Annual,1,2021,82.125,ACFT,K,Approved,2022-03-30 09:30:00
2014148,12014148,2014148 Total (Diversion),Annual,1,2022,118.125,ACFT,K,Approved,2023-02-03 11:01:00
2014148,12014148,2014148 Total (Diversion),Annual,1,2023,109.63,ACFT,K,Approved,2024-04-19 09:25:00
2014148,12014148,2014148 Total (Diversion),Annual,1,2024,75.115,ACFT,K,Approved,2024-12-05 10:01:00
2014148,12014148,2014148 Total (Diversion),Annual,1,2025,5.08,ACFT,K,Provisional,2025-05-27 15:53:00
2014150,12014150,2014150 Total (Diversion),Annual,1,2009,198.07,ACFT,U,Approved,2010-06-29 16:23:00
2014150,12014150,2014150 Total (Diversion),Annual,1,2010,221.8,ACFT,U,Approved,2011-06-20 17:12:00
2014150,12014150,2014150 Total (Diversion),Annual,1,2011,252.29,ACFT,U,Approved,2012-07-06 07:51:00
2014150,12014150,2014150 Total (Diversion),Annual,1,2012,181.73,ACFT,K,Approved,2013-05-03 15:13:00
2014150,12014150,2014150 Total (Diversion),Annual,1,2013,93.545,ACFT,K,Approved,2014-04-04 13:52:00
2014150,12014150,2014150 Total (Diversion),Annual,1,2014,101.765,ACFT,K,Approved,2015-06-01 17:12:00
2014150,12014150,2014150 Total (Diversion),Annual,1,2015,94.085,ACFT,K,Approved,2016-05-30 14:30:00
2014150,12014150,2014150 Total (Diversion),Annual,1,2016,107.28,ACFT,K,Approved,2018-01-03 15:56:00
2014150,12014150,2014150 Total (Diversion),Annual,1,2017,91.29,ACFT,K,Approved,2018-05-25 09:41:00
2014150,12014150,2014150 Total (Diversion),Annual,1,2018,83.59,ACFT,K,Approved,2019-04-04 16:17:00
2014150,12014150,2014150 Total (Diversion),Annual,1,2019,83.445,ACFT,K,Approved,2020-04-01 21:05:00
2014150,12014150,2014150 Total (Diversion),Annual,1,2020,106.245,ACFT,K,Approved,2021-03-26 10:46:00
2014150,12014150,2014150 Total (Diversion),Annual,1,2021,95.735,ACFT,K,Approved,2022-03-30 09:30:00
2014150,12014150,2014150 Total (Diversion),Annual,1,2022,105.555,ACFT,K,Approved,2023-02-03 11:05:00
2014150,12014150,2014150 Total (Diversion),Annual,1,2023,130.6595,ACFT,K,Approved,2024-01-17 12:52:00
2014150,12014150,2014150 Total (Diversion),Annual,1,2024,87.4665,ACFT,K,Approved,2024-11-19 11:02:00
2014151,12014151,2014151 Total (Diversion),Annual,1,2009,212.3,ACFT,U,Approved,2010-06-29 16:23:00
2014151,12014151,2014151 Total (Diversion),Annual,1,2010,262.2,ACFT,U,Approved,2011-06-20 17:12:00
2014151,12014151,2014151 Total (Diversion),Annual,1,2011,295.1,ACFT,U,Approved,2012-07-06 07:51:00
2014151,12014151,2014151 Total (Diversion),Annual,1,2012,278.87,ACFT,K,Approved,2013-05-03 15:13:00
2014151,12014151,2014151 Total (Diversion),Annual,1,2013,264.78,ACFT,K,Approved,2014-04-04 13:52:00
2014151,12014151,2014151 Total (Diversion),Annual,1,2014,260.13,ACFT,K,Approved,2015-06-01 17:12:00
2014151,12014151,2014151 Total (Diversion),Annual,1,2015,232.77,ACFT,K,Approved,2016-05-30 14:30:00
2014151,12014151,2014151 Total (Diversion),Annual,1,2016,229.46,ACFT,K,Approved,2018-01-03 15:56:00
2014151,12014151,2014151 Total (Diversion),Annual,1,2017,244.17,ACFT,K,Approved,2019-02-08 09:00:00
2014151,12014151,2014151 Total (Diversion),Annual,1,2018,253.6,ACFT,K,Approved,2019-04-04 16:17:00
2014151,12014151,2014151 Total (Diversion),Annual,1,2019,132.64,ACFT,K,Approved,2020-04-01 21:05:00
2014151,12014151,2014151 Total (Diversion),Annual,1,2020,118.3,ACFT,K,Approved,2021-03-26 10:46:00
2014151,12014151,2014151 Total (Diversion),Annual,1,2021,289.98,ACFT,K,Approved,2022-03-30 09:30:00
2014151,12014151,2014151 Total (Diversion),Annual,1,2022,276.59,ACFT,K,Approved,2023-02-03 11:01:00
2014151,12014151,2014151 Total (Diversion),Annual,1,2023,390.14,ACFT,K,Approved,2024-01-16 17:25:00
2014151,12014151,2014151 Total (Diversion),Annual,1,2024,163.92,ACFT,K,Approved,2024-12-04 08:27:00
2014152,12014152,2014152 Total (Diversion),Annual,1,2009,80.8,ACFT,U,Approved,2010-06-29 16:23:00
2014152,12014152,2014152 Total (Diversion),Annual,1,2010,94.855,ACFT,U,Approved,2013-11-26 11:51:00
2014152,12014152,2014152 Total (Diversion),Annual,1,2011,95.695,ACFT,U,Approved,2013-11-25 18:38:00
2014152,12014152,2014152 Total (Diversion),Annual,1,2012,89.24,ACFT,K,Approved,2013-05-03 15:13:00
2014152,12014152,2014152 Total (Diversion),Annual,1,2013,65.5,ACFT,K,Approved,2014-04-04 13:52:00
2014152,12014152,2014152 Total (Diversion),Annual,1,2014,74.615,ACFT,K,Approved,2015-06-01 17:12:00
2014152,12014152,2014152 Total (Diversion),Annual,1,2015,71.32,ACFT,K,Approved,2016-05-30 14:30:00
2014152,12014152,2014152 Total (Diversion),Annual,1,2016,99.625,ACFT,K,Approved,2018-01-03 15:56:00
2014152,12014152,2014152 Total (Diversion),Annual,1,2017,88.83,ACFT,K,Approved,2018-05-25 09:41:00
2014152,12014152,2014152 Total (Diversion),Annual,1,2018,128.875,ACFT,K,Approved,2019-04-04 16:17:00
2014152,12014152,2014152 Total (Diversion),Annual,1,2019,92.095,ACFT,K,Approved,2020-04-01 21:05:00
2014152,12014152,2014152 Total (Diversion),Annual,1,2020,46.855,ACFT,K,Approved,2021-03-26 10:46:00
2014152,12014152,2014152 Total (Diversion),Annual,1,2021,85.59,ACFT,K,Approved,2022-03-30 09:30:00
2014152,12014152,2014152 Total (Diversion),Annual,1,2022,93.25,ACFT,K,Approved,2023-02-03 11:03:00
2014152,12014152,2014152 Total (Diversion),Annual,1,2023,94.445,ACFT,K,Approved,2024-01-12 17:48:00
2014152,12014152,2014152 Total (Diversion),Annual,1,2024,82.03,ACFT,K,Approved,2024-11-25 09:49:00
2014163,12014163,2014163 Total (Diversion),Annual,1,2009,221.49,ACFT,U,Approved,2010-06-29 16:23:00
2014163,12014163,2014163 Total (Diversion),Annual,1,2010,203.03,ACFT,U,Approved,2011-06-20 17:12:00
2014163,12014163,2014163 Total (Diversion),Annual,1,2011,207.56,ACFT,U,Approved,2012-07-06 07:51:00
2014163,12014163,2014163 Total (Diversion),Annual,1,2012,197.82,ACFT,K,Approved,2013-05-03 15:13:00
2014163,12014163,2014163 Total (Diversion),Annual,1,2013,176.82,ACFT,K,Approved,2014-04-04 13:52:00
2014163,12014163,2014163 Total (Diversion),Annual,1,2014,221.49,ACFT,K,Approved,2015-06-01 17:12:00
2014163,12014163,2014163 Total (Diversion),Annual,1,2015,177.31,ACFT,K,Approved,2016-05-30 14:30:00
2014163,12014163,2014163 Total (Diversion),Annual,1,2016,199.01,ACFT,K,Approved,2018-01-03 15:56:00
2014163,12014163,2014163 Total (Diversion),Annual,1,2017,184.32,ACFT,K,Approved,2018-05-25 09:41:00
2014163,12014163,2014163 Total (Diversion),Annual,1,2018,172.04,ACFT,K,Approved,2019-04-04 16:17:00
2014163,12014163,2014163 Total (Diversion),Annual,1,2019,106.05,ACFT,K,Approved,2020-04-01 21:05:00
2014163,12014163,2014163 Total (Diversion),Annual,1,2020,160.07,ACFT,K,Approved,2021-03-26 10:46:00
2014163,12014163,2014163 Total (Diversion),Annual,1,2021,93.175,ACFT,K,Approved,2022-03-30 09:30:00
2014163,12014163,2014163 Total (Diversion),Annual,1,2022,91.225,ACFT,K,Approved,2023-02-03 11:03:00
2014163,12014163,2014163 Total (Diversion),Annual,1,2023,96.97,ACFT,K,Approved,2024-01-12 18:01:00
2014163,12014163,2014163 Total (Diversion),Annual,1,2024,72.61,ACFT,K,Approved,2024-11-25 09:49:00
2014561,12014561,2014561 Total (Diversion),Annual,1,2022,0.1181,ACFT,K,Approved,2023-02-03 11:05:00
2014561,12014561,2014561 Total (Diversion),Annual,1,2023,1.5568,ACFT,K,Approved,2024-01-11 17:23:00
2014561,12014561,2014561 Total (Diversion),Annual,1,2024,0.31,ACFT,K,Approved,2024-12-10 09:08:00
