wdid,waterClassNum,wcIdentifier,measInterval,measCount,dataMeasDate,dataValue,measUnits,obsCode,approvalStatus,modified
2205015,12205015,2205015 Total (Diversion),Annual,1,1992,0.62,ACFT,,Approved,2010-12-16 16:30:00
2205015,12205015,2205015 Total (Diversion),Annual,1,1993,619.0,ACFT,,Approved,2010-12-16 16:30:00
2205015,12205015,2205015 Total (Diversion),Annual,1,1994,0.36,ACFT,,Approved,2010-12-16 16:30:00
2205015,12205015,2205015 Total (Diversion),Monthly,12,1995,73.22,ACFT,,Approved,2010-12-16 16:30:00
2205015,12205015,2205015 Total (Diversion),Monthly,12,1996,50.4,ACFT,,Approved,2010-12-16 16:30:00
2205015,12205015,2205015 Total (Diversion),Monthly,12,1997,841.2,ACFT,,Approved,2010-12-16 16:30:00
2205015,12205015,2205015 Total (Diversion),Monthly,12,1998,474.38,ACFT,,Approved,2010-12-16 16:30:00
2205015,12205015,2205015 Total (Diversion),Monthly,12,1999,508.0,ACFT,*,Approved,2010-12-16 16:30:00
2205015,12205015,2205015 Total (Diversion),Monthly,12,2000,223.83,ACFT,*,Approved,2010-12-16 16:30:00
2205015,12205015,2205015 Total (Diversion),Annual,1,2001,73.6,ACFT,*,Approved,2010-12-16 16:30:00
2205015,12205015,2205015 Total (Diversion),Monthly,12,2002,596.9,ACFT,*,Approved,2010-12-16 16:30:00
2205015,12205015,2205015 Total (Diversion),Monthly,12,2003,166.5,ACFT,U,Approved,2010-12-16 16:30:00
2205015,12205015,2205015 Total (Diversion),Monthly,12,2004,152.311,ACFT,U,Approved,2010-12-16 16:30:00
2205015,12205015,2205015 Total (Diversion),Monthly,12,2005,91.066,ACFT,U,Approved,2010-12-16 16:30:00
2205015,12205015,2205015 Total (Diversion),Monthly,12,2006,64.209,ACFT,U,Approved,2010-12-16 16:30:00
2205015,12205015,2205015 Total (Diversion),Monthly,12,2007,59.378,ACFT,U,Approved,2010-12-16 16:30:00
2205015,12205015,2205015 Total (Diversion),Annual,1,2008,82.994,ACFT,U,Approved,2010-12-16 16:30:00
2205015,12205015,2205015 Total (Diversion),Annual,1,2009,62.3166,ACFT,K,Approved,2017-06-26 19:41:00
2205015,12205015,2205015 Total (Diversion),Annual,1,2010,68.587,ACFT,K,Approved,2017-06-26 22:20:00
2205015,12205015,2205015 Total (Diversion),Annual,1,2011,76.935,ACFT,K,Approved,2017-06-26 17:26:00
2205015,12205015,2205015 Total (Diversion),Annual,1,2012,70.403,ACFT,K,Approved,2013-05-06 08:03:00
2205015,12205015,2205015 Total (Diversion),Annual,1,2013,74.719,ACFT,K,Approved,2014-04-04 08:31:00
2205015,12205015,2205015 Total (Diversion),Annual,1,2014,71.258,ACFT,K,Approved,2015-04-22 10:20:00
2205015,12205015,2205015 Total (Diversion),Annual,1,2015,63.668,ACFT,K,Approved,2016-05-30 13:21:00
2205015,12205015,2205015 Total (Diversion),Annual,1,2016,66.478,ACFT,K,Approved,2018-01-03 16:55:00
2205015,12205015,2205015 Total (Diversion),Annual,1,2017,62.334,ACFT,K,Approved,2018-05-25 10:00:00
2205015,12205015,2205015 Total (Diversion),Annual,1,2018,73.779,ACFT,K,Approved,2019-05-21 17:30:00
2205015,12205015,2205015 Total (Diversion),Annual,1,2019,63.631,ACFT,K,Approved,2020-04-01 21:30:00
2205015,12205015,2205015 Total (Diversion),Annual,1,2020,90.951,ACFT,K,Approved,2021-03-26 09:31:00
2205015,12205015,2205015 Total (Diversion),Annual,1,2021,94.943,ACFT,K,Approved,2022-03-23 10:46:00
2205015,12205015,2205015 Total (Diversion),Annual,1,2022,90.5612,ACFT,K,Approved,2023-04-03 12:03:00
2205015,12205015,2205015 Total (Diversion),Annual,1,2023,67.1602,ACFT,K,Approved,2024-01-08 11:39:00
2205015,12205015,2205015 Total (Diversion),Annual,1,2024,90.95,ACFT,K,Approved,2025-01-30 10:01:00
2205019,12205019,2205019 Total (Diversion),Annual,1,2009,64.78,ACFT,U,Approved,2010-06-29 16:31:00
2205019,12205019,2205019 Total (Diversion),Annual,1,2010,110.0,ACFT,U,Approved,2011-04-13 17:02:00
2205019,12205019,2205019 Total (Diversion),Annual,1,2011,208.2,ACFT,U,Approved,2012-05-04 16:30:00
2205019,12205019,2205019 Total (Diversion),Annual,1,2012,330.47,ACFT,K,Approved,2013-05-06 08:03:00
2205019,12205019,2205019 Total (Diversion),Annual,1,2013,254.42,ACFT,K,Approved,2015-06-01 16:20:00
2205019,12205019,2205019 Total (Diversion),Annual,1,2014,254.42,ACFT,K,Approved,2015-06-01 16:21:00
2205019,12205019,2205019 Total (Diversion),Annual,1,2015,181.72,ACFT,K,Approved,2016-05-30 13:21:00
2205019,12205019,2205019 Total (Diversion),Annual,1,2016,171.97,ACFT,K,Approved,2018-01-03 16:55:00
2205019,12205019,2205019 Total (Diversion),Annual,1,2017,133.51,ACFT,K,Approved,2018-05-25 10:00:00
2205019,12205019,2205019 Total (Diversion),Annual,1,2018,246.03,ACFT,K,Approved,2019-05-21 17:30:00
2205019,12205019,2205019 Total (Diversion),Annual,1,2019,60.17,ACFT,K,Approved,2020-04-01 21:30:00
2205019,12205019,2205019 Total (Diversion),Annual,1,2020,240.77,ACFT,K,Approved,2021-03-26 09:31:00
2205019,12205019,2205019 Total (Diversion),Annual,1,2021,172.88,ACFT,K,Approved,2022-03-23 10:46:00
2205019,12205019,2205019 Total (Diversion),Annual,1,2022,225.5,ACFT,K,Approved,2023-02-03 11:03:00
2205019,12205019,2205019 Total (Diversion),Annual,1,2023,169.43,ACFT,K,Approved,2024-01-09 07:38:00
2205019,12205019,2205019 Total (Diversion),Annual,1,2024,102.55,ACFT,K,Approved,2024-11-14 15:20:00
2205021,12205021,2205021 Total (Diversion),Annual,1,2009,1.43,ACFT,U,Approved,2010-06-29 16:31:00
2205021,12205021,2205021 Total (Diversion),Annual,1,2010,18.07,ACFT,U,Approved,2011-04-13 17:02:00
2205021,12205021,2205021 Total (Diversion),Annual,1,2011,71.38,ACFT,U,Approved,2012-05-04 16:30:00
2205021,12205021,2205021 Total (Diversion),Annual,1,2012,286.62,ACFT,K,Approved,2013-05-06 08:03:00
2205021,12205021,2205021 Total (Diversion),Annual,1,2013,211.33,ACFT,K,Approved,2014-04-04 08:31:00
2205021,12205021,2205021 Total (Diversion),Annual,1,2014,47.04,ACFT,K,Approved,2015-04-22 10:20:00
2205021,12205021,2205021 Total (Diversion),Annual,1,2015,212.01,ACFT,K,Approved,2016-05-30 13:21:00
2205021,12205021,2205021 Total (Diversion),Annual,1,2016,128.19,ACFT,K,Approved,2018-01-03 16:55:00
2205021,12205021,2205021 Total (Diversion),Annual,1,2017,83.46,ACFT,K,Approved,2018-05-25 10:00:00
2205021,12205021,2205021 Total (Diversion),Annual,1,2018,207.21,ACFT,K,Approved,2019-05-21 17:30:00
2205021,12205021,2205021 Total (Diversion),Annual,1,2019,25.92,ACFT,K,Approved,2020-04-01 21:30:00
2205021,12205021,2205021 Total (Diversion),Annual,1,2020,293.66,ACFT,K,Approved,2021-03-26 09:31:00
2205021,12205021,2205021 Total (Diversion),Annual,1,2021,131.59,ACFT,K,Approved,2022-03-23 10:46:00
2205021,12205021,2205021 Total (Diversion),Annual,1,2022,143.12,ACFT,K,Approved,2023-02-03 11:03:00
2205021,12205021,2205021 Total (Diversion),Annual,1,2023,216.61,ACFT,K,Approved,2024-01-09 07:39:00
2205021,12205021,2205021 Total (Diversion),Annual,1,2024,77.55,ACFT,K,Approved,2024-11-14 15:20:00
2205051,12205051,2205051 Total (Diversion),Annual,1,2009,0.37,ACFT,U,Approved,2010-06-29 16:31:00
2205051,12205051,2205051 Total (Diversion),Annual,1,2010,0.001,ACFT,U,Approved,2013-11-26 12:15:00
2205051,12205051,2205051 Total (Diversion),Annual,1,2011,1.665,ACFT,U,Approved,2013-11-25 19:11:00
2205051,12205051,2205051 Total (Diversion),Annual,1,2012,1.261,ACFT,K,Approved,2013-05-06 08:03:00
2205051,12205051,2205051 Total (Diversion),Annual,1,2013,0.0,ACFT,K,Approved,2014-04-04 08:31:00
2205051,12205051,2205051 Total (Diversion),Annual,1,2014,0.945,ACFT,K,Approved,2015-04-22 10:20:00
2205051,12205051,2205051 Total (Diversion),Annual,1,2015,0.198,ACFT,K,Approved,2016-05-30 13:21:00
2205051,12205051,2205051 Total (Diversion),Annual,1,2016,0.001,ACFT,K,Approved,2018-01-03 16:55:00
2205051,12205051,2205051 Total (Diversion),Annual,1,2017,0.541,ACFT,K,Approved,2018-05-25 10:00:00
2205051,12205051,2205051 Total (Diversion),Annual,1,2018,19.567,ACFT,K,Approved,2019-05-21 17:30:00
2205051,12205051,2205051 Total (Diversion),Annual,1,2019,0.0,ACFT,K,Approved,2020-04-01 21:30:00
2205051,12205051,2205051 Total (Diversion),Annual,1,2020,46.092,ACFT,K,Approved,2021-03-26 09:31:00
2205051,12205051,2205051 Total (Diversion),Annual,1,2021,18.334,ACFT,K,Approved,2022-03-23 10:46:00
2205051,12205051,2205051 Total (Diversion),Annual,1,2022,0.0,ACFT,K,Approved,2023-02-03 11:01:00
2205051,12205051,2205051 Total (Diversion),Annual,1,2023,0.0,ACFT,K,Approved,2024-01-09 07:44:00
2205051,12205051,2205051 Total (Diversion),Annual,1,2024,0.0,ACFT,K,Approved,2024-11-06 16:08:00
2205167,12205167,2205167 Total (Diversion),Annual,1,2009,0.0,ACFT,U,Approved,2010-06-29 16:31:00
2205167,12205167,2205167 Total (Diversion),Annual,1,2010,0.0,ACFT,U,Approved,2011-04-13 17:02:00
2205167,12205167,2205167 Total (Diversion),Annual,1,2011,262.03,ACFT,U,Approved,2012-05-04 16:30:00
2205167,12205167,2205167 Total (Diversion),Annual,1,2012,394.69,ACFT,K,Approved,2013-05-06 08:03:00
2205167,12205167,2205167 Total (Diversion),Annual,1,2013,603.96,ACFT,K,Approved,2014-04-04 08:31:00
2205167,12205167,2205167 Total (Diversion),Annual,1,2014,249.77,ACFT,K,Approved,2015-04-22 10:20:00
2205167,12205167,2205167 Total (Diversion),Annual,1,2015,292.51,ACFT,K,Approved,2016-05-30 13:21:00
2205167,12205167,2205167 Total (Diversion),Annual,1,2016,86.0,ACFT,K,Approved,2018-01-03 16:55:00
2205167,12205167,2205167 Total (Diversion),Annual,1,2017,0.37,ACFT,K,Approved,2018-05-25 10:00:00
2205167,12205167,2205167 Total (Diversion),Annual,1,2018,431.76,ACFT,K,Approved,2019-05-21 17:30:00
2205167,12205167,2205167 Total (Diversion),Annual,1,2019,0.0,ACFT,K,Approved,2020-04-01 21:30:00
2205167,12205167,2205167 Total (Diversion),Annual,1,2020,459.29,ACFT,K,Approved,2021-03-26 09:31:00
2205167,12205167,2205167 Total (Diversion),Annual,1,2021,225.87,ACFT,K,Approved,2022-03-23 10:46:00
2205167,12205167,2205167 Total (Diversion),Annual,1,2022,182.25,ACFT,K,Approved,2023-02-03 11:03:00
2205167,12205167,2205167 Total (Diversion),Annual,1,2023,178.14,ACFT,K,Approved,2024-01-10 13:50:00
2205167,12205167,2205167 Total (Diversion),Annual,1,2024,0.0,ACFT,K,Approved,2024-11-14 15:20:00
2205175,12205175,2205175 Total (Diversion),Annual,1,2009,6.99,ACFT,U,Approved,2010-06-29 16:31:00
2205175,12205175,2205175 Total (Diversion),Annual,1,2010,68.33,ACFT,U,Approved,2011-04-13 17:02:00
2205175,12205175,2205175 Total (Diversion),Annual,1,2011,68.33,ACFT,U,Approved,2012-05-04 16:30:00
2205175,12205175,2205175 Total (Diversion),Annual,1,2012,459.69,ACFT,K,Approved,2013-05-06 08:03:00
2205175,12205175,2205175 Total (Diversion),Annual,1,2013,204.41,ACFT,K,Approved,2014-04-04 08:31:00
2205175,12205175,2205175 Total (Diversion),Annual,1,2014,190.36,ACFT,K,Approved,2015-04-22 10:20:00
2205175,12205175,2205175 Total (Diversion),Annual,1,2015,204.41,ACFT,K,Approved,2016-05-30 13:21:00
2205175,12205175,2205175 Total (Diversion),Annual,1,2016,204.41,ACFT,K,Approved,2018-01-03 16:55:00
2205175,12205175,2205175 Total (Diversion),Annual,1,2017,0.02,ACFT,K,Approved,2018-05-25 10:00:00
2205175,12205175,2205175 Total (Diversion),Annual,1,2018,222.71,ACFT,K,Approved,2019-05-21 17:30:00
2205175,12205175,2205175 Total (Diversion),Annual,1,2019,11.88,ACFT,K,Approved,2020-04-01 21:30:00
2205175,12205175,2205175 Total (Diversion),Annual,1,2020,152.84,ACFT,K,Approved,2021-09-20 09:45:00
2205175,12205175,2205175 Total (Diversion),Annual,1,2021,14.66,ACFT,K,Approved,2022-03-23 10:46:00
2205175,12205175,2205175 Total (Diversion),Annual,1,2022,222.71,ACFT,K,Approved,2023-03-08 11:06:00
2205175,12205175,2205175 Total (Diversion),Annual,1,2023,0.0,ACFT,K,Approved,2024-02-06 13:29:00
2205175,12205175,2205175 Total (Diversion),Annual,1,2024,0.0,ACFT,K,Approved,2024-11-18 13:14:00
2205176,12205176,2205176 Total (Diversion),Annual,1,2009,159.8,ACFT,U,Approved,2010-06-29 16:31:00
2205176,12205176,2205176 Total (Diversion),Annual,1,2010,286.508,ACFT,U,Approved,2013-11-25 23:39:00
2205176,12205176,2205176 Total (Diversion),Annual,1,2011,306.04,ACFT,U,Approved,2012-05-04 16:30:00
2205176,12205176,2205176 Total (Diversion),Annual,1,2012,261.096,ACFT,K,Approved,2013-05-06 08:03:00
2205176,12205176,2205176 Total (Diversion),Annual,1,2013,255.972,ACFT,K,Approved,2014-04-04 08:31:00
2205176,12205176,2205176 Total (Diversion),Annual,1,2014,160.367,ACFT,K,Approved,2015-04-22 10:20:00
2205176,12205176,2205176 Total (Diversion),Annual,1,2015,296.104,ACFT,K,Approved,2016-05-30 13:21:00
2205176,12205176,2205176 Total (Diversion),Annual,1,2016,223.947,ACFT,K,Approved,2018-02-12 13:06:00
2205176,12205176,2205176 Total (Diversion),Annual,1,2017,214.593,ACFT,K,Approved,2018-05-25 10:00:00
2205176,12205176,2205176 Total (Diversion),Annual,1,2018,215.137,ACFT,K,Approved,2019-05-21 17:30:00
2205176,12205176,2205176 Total (Diversion),Annual,1,2019,180.884,ACFT,K,Approved,2020-04-01 21:30:00
2205176,12205176,2205176 Total (Diversion),Annual,1,2020,295.625,ACFT,K,Approved,2021-03-26 09:31:00
2205176,12205176,2205176 Total (Diversion),Annual,1,2021,224.902,ACFT,K,Approved,2022-03-23 10:46:00
2205176,12205176,2205176 Total (Diversion),Annual,1,2022,242.5,ACFT,K,Approved,2023-02-03 11:02:00
2205176,12205176,2205176 Total (Diversion),Annual,1,2023,252.738,ACFT,K,Approved,2024-01-10 13:53:00
2205176,12205176,2205176 Total (Diversion),Annual,1,2024,229.792,ACFT,K,Approved,2024-11-25 09:49:00
2205183,12205183,2205183 Total (Diversion),Annual,1,2009,0.6,ACFT,U,Approved,2010-06-29 16:31:00
2205183,12205183,2205183 Total (Diversion),Annual,1,2010,70.71,ACFT,U,Approved,2011-04-13 17:02:00
2205183,12205183,2205183 Total (Diversion),Annual,1,2011,198.12,ACFT,U,Approved,2012-05-04 16:30:00
2205183,12205183,2205183 Total (Diversion),Annual,1,2012,178.75,ACFT,K,Approved,2013-05-06 08:03:00
2205183,12205183,2205183 Total (Diversion),Annual,1,2013,116.95,ACFT,K,Approved,2014-04-04 08:31:00
2205183,12205183,2205183 Total (Diversion),Annual,1,2014,0.0,ACFT,K,Approved,2015-04-22 10:20:00
2205183,12205183,2205183 Total (Diversion),Annual,1,2015,70.38,ACFT,K,Approved,2016-05-30 13:21:00
2205183,12205183,2205183 Total (Diversion),Annual,1,2016,16.38,ACFT,K,Approved,2018-01-03 16:55:00
2205183,12205183,2205183 Total (Diversion),Annual,1,2017,29.96,ACFT,K,Approved,2018-05-25 10:00:00
2205183,12205183,2205183 Total (Diversion),Annual,1,2018,30.0,ACFT,K,Approved,2019-05-21 17:30:00
2205183,12205183,2205183 Total (Diversion),Annual,1,2019,30.0,ACFT,K,Approved,2020-04-01 21:30:00
2205183,12205183,2205183 Total (Diversion),Annual,1,2020,95.19,ACFT,K,Approved,2021-03-26 09:31:00
2205183,12205183,2205183 Total (Diversion),Annual,1,2021,71.39,ACFT,K,Approved,2022-03-23 10:46:00
2205183,12205183,2205183 Total (Diversion),Annual,1,2022,69.78,ACFT,K,Approved,2023-02-03 11:03:00
2205183,12205183,2205183 Total (Diversion),Annual,1,2023,66.35,ACFT,K,Approved,2024-02-07 10:12:00
2205183,12205183,2205183 Total (Diversion),Annual,1,2024,58.836,ACFT,K,Approved,2025-01-08 08:32:00
2205188,12205188,2205188 Total (Diversion),Annual,1,2009,205.68,ACFT,U,Approved,2010-06-29 16:31:00
2205188,12205188,2205188 Total (Diversion),Annual,1,2010,226.783,ACFT,U,Approved,2013-11-26 12:17:00
2205188,12205188,2205188 Total (Diversion),Annual,1,2011,419.393,ACFT,U,Approved,2013-11-25 19:13:00
2205188,12205188,2205188 Total (Diversion),Annual,1,2012,523.448,ACFT,K,Approved,2013-05-06 08:03:00
2205188,12205188,2205188 Total (Diversion),Annual,1,2013,228.36,ACFT,K,Approved,2014-04-04 08:31:00
2205188,12205188,2205188 Total (Diversion),Annual,1,2014,271.564,ACFT,K,Approved,2015-04-22 10:20:00
2205188,12205188,2205188 Total (Diversion),Annual,1,2015,217.365,ACFT,K,Approved,2016-05-30 13:21:00
2205188,12205188,2205188 Total (Diversion),Annual,1,2016,228.352,ACFT,K,Approved,2018-02-12 13:06:00
2205188,12205188,2205188 Total (Diversion),Annual,1,2017,126.119,ACFT,K,Approved,2018-05-25 10:00:00
2205188,12205188,2205188 Total (Diversion),Annual,1,2018,300.919,ACFT,K,Approved,2019-05-21 17:30:00
2205188,12205188,2205188 Total (Diversion),Annual,1,2019,215.589,ACFT,K,Approved,2020-04-01 21:30:00
2205188,12205188,2205188 Total (Diversion),Annual,1,2020,224.7837,ACFT,K,Approved,2021-03-26 09:31:00
2205188,12205188,2205188 Total (Diversion),Annual,1,2021,149.8047,ACFT,K,Approved,2022-03-23 10:46:00
2205188,12205188,2205188 Total (Diversion),Annual,1,2022,196.1769,ACFT,K,Approved,2023-02-03 11:01:00
2205188,12205188,2205188 Total (Diversion),Annual,1,2023,163.0015,ACFT,K,Approved,2024-01-10 14:02:00
2205188,12205188,2205188 Total (Diversion),Annual,1,2024,181.8951,ACFT,K,Approved,2024-11-25 09:49:00
2205242,12205242,2205242 Total (Diversion),Annual,1,2009,233.69,ACFT,U,Approved,2010-06-29 16:31:00
2205242,12205242,2205242 Total (Diversion),Annual,1,2010,180.49,ACFT,U,Approved,2011-04-13 17:02:00
2205242,12205242,2205242 Total (Diversion),Annual,1,2011,296.12,ACFT,U,Approved,2012-05-04 16:30:00
2205242,12205242,2205242 Total (Diversion),Annual,1,2012,213.69,ACFT,K,Approved,2013-05-06 08:03:00
2205242,12205242,2205242 Total (Diversion),Annual,1,2013,238.32,ACFT,K,Approved,2014-04-04 08:31:00
2205242,12205242,2205242 Total (Diversion),Annual,1,2014,268.71,ACFT,K,Approved,2015-04-22 10:20:00
2205242,12205242,2205242 Total (Diversion),Annual,1,2015,184.0,ACFT,K,Approved,2016-05-30 13:21:00
2205242,12205242,2205242 Total (Diversion),Annual,1,2016,208.37,ACFT,K,Approved,2018-01-03 16:55:00
2205242,12205242,2205242 Total (Diversion),Annual,1,2017,121.17,ACFT,K,Approved,2018-05-25 10:00:00
2205242,12205242,2205242 Total (Diversion),Annual,1,2018,243.61,ACFT,K,Approved,2019-05-21 17:30:00
2205242,12205242,2205242 Total (Diversion),Annual,1,2019,93.86,ACFT,K,Approved,2020-04-01 21:30:00
2205242,12205242,2205242 Total (Diversion),Annual,1,2020,283.31,ACFT,K,Approved,2021-03-26 09:31:00
2205242,12205242,2205242 Total (Diversion),Annual,1,2021,81.25,ACFT,K,Approved,2022-03-23 10:46:00
2205242,12205242,2205242 Total (Diversion),Annual,1,2022,167.7,ACFT,K,Approved,2023-02-03 11:01:00
2205242,12205242,2205242 Total (Diversion),Annual,1,2023,78.78,ACFT,K,Approved,2024-02-06 13:30:00
2205242,12205242,2205242 Total (Diversion),Annual,1,2024,48.05,ACFT,K,Approved,2024-11-14 15:20:00
2205261,12205261,2205261 Total (Diversion),Annual,1,2009,3.65,ACFT,U,Approved,2010-06-29 16:31:00
2205261,12205261,2205261 Total (Diversion),Annual,1,2010,41.46,ACFT,U,Approved,2011-04-13 17:02:00
2205261,12205261,2205261 Total (Diversion),Annual,1,2011,84.62,ACFT,U,Approved,2012-05-04 16:30:00
2205261,12205261,2205261 Total (Diversion),Annual,1,2012,164.97,ACFT,K,Approved,2013-05-06 08:03:00
2205261,12205261,2205261 Total (Diversion),Annual,1,2013,181.26,ACFT,K,Approved,2014-04-04 08:31:00
2205261,12205261,2205261 Total (Diversion),Annual,1,2014,165.51,ACFT,K,Approved,2015-04-22 10:20:00
2205261,12205261,2205261 Total (Diversion),Annual,1,2015,111.46,ACFT,K,Approved,2016-05-30 13:21:00
2205261,12205261,2205261 Total (Diversion),Annual,1,2016,102.54,ACFT,K,Approved,2018-01-03 16:55:00
2205261,12205261,2205261 Total (Diversion),Annual,1,2017,45.94,ACFT,K,Approved,2018-05-25 10:00:00
2205261,12205261,2205261 Total (Diversion),Annual,1,2018,123.06,ACFT,K,Approved,2019-05-21 17:30:00
2205261,12205261,2205261 Total (Diversion),Annual,1,2019,123.06,ACFT,K,Approved,2020-04-01 21:30:00
2205261,12205261,2205261 Total (Diversion),Annual,1,2020,106.66,ACFT,K,Approved,2021-03-26 09:31:00
2205261,12205261,2205261 Total (Diversion),Annual,1,2021,65.63,ACFT,K,Approved,2022-03-23 10:46:00
2205261,12205261,2205261 Total (Diversion),Annual,1,2022,84.34,ACFT,K,Approved,2023-02-03 11:03:00
2205261,12205261,2205261 Total (Diversion),Annual,1,2023,126.29,ACFT,K,Approved,2024-01-10 14:15:00
2205261,12205261,2205261 Total (Diversion),Annual,1,2024,19.13,ACFT,K,Approved,2024-11-26 10:55:00
2206064,12206064,2206064 Total (Diversion),Annual,1,2009,212.47,ACFT,U,Approved,2010-06-29 16:31:00
2206064,12206064,2206064 Total (Diversion),Annual,1,2010,0.0,ACFT,U,Approved,2011-04-13 17:02:00
2206064,12206064,2206064 Total (Diversion),Annual,1,2011,68.05,ACFT,U,Approved,2012-05-04 16:30:00
2206064,12206064,2206064 Total (Diversion),Annual,1,2012,859.25,ACFT,K,Approved,2013-05-06 08:03:00
2206064,12206064,2206064 Total (Diversion),Annual,1,2013,254.75,ACFT,K,Approved,2014-04-04 08:31:00
2206064,12206064,2206064 Total (Diversion),Annual,1,2014,309.16,ACFT,K,Approved,2015-04-22 10:20:00
2206064,12206064,2206064 Total (Diversion),Annual,1,2015,235.99,ACFT,K,Approved,2016-05-30 13:21:00
2206064,12206064,2206064 Total (Diversion),Annual,1,2016,309.16,ACFT,K,Approved,2018-01-03 16:55:00
2206064,12206064,2206064 Total (Diversion),Annual,1,2017,441.22,ACFT,K,Approved,2018-05-25 10:00:00
2206064,12206064,2206064 Total (Diversion),Annual,1,2018,274.92,ACFT,K,Approved,2019-05-21 17:30:00
2206064,12206064,2206064 Total (Diversion),Annual,1,2019,216.84,ACFT,K,Approved,2020-04-01 21:30:00
2206064,12206064,2206064 Total (Diversion),Annual,1,2020,247.38,ACFT,K,Approved,2021-03-26 09:31:00
2206064,12206064,2206064 Total (Diversion),Annual,1,2021,8.49,ACFT,K,Approved,2022-03-23 10:46:00
2206064,12206064,2206064 Total (Diversion),Annual,1,2022,104.66,ACFT,K,Approved,2023-02-03 11:01:00
2206064,12206064,2206064 Total (Diversion),Annual,1,2023,33.7,ACFT,K,Approved,2024-01-11 08:33:00
2206064,12206064,2206064 Total (Diversion),Annual,1,2024,0.0,ACFT,K,Approved,2024-11-14 13:30:00
2206067,12206067,2206067 Total (Diversion),Annual,1,2025,0.0,ACFT,K,Provisional,2025-06-27 10:27:00
2206096,12206096,2206096 Total (Diversion),Annual,1,2009,0.0,ACFT,U,Approved,2010-06-29 16:31:00
2206096,12206096,2206096 Total (Diversion),Annual,1,2010,134.565,ACFT,U,Approved,2013-11-26 12:20:00
2206096,12206096,2206096 Total (Diversion),Annual,1,2011,134.643,ACFT,U,Approved,2013-11-25 19:18:00
2206096,12206096,2206096 Total (Diversion),Annual,1,2012,185.172,ACFT,K,Approved,2013-05-06 08:03:00
2206096,12206096,2206096 Total (Diversion),Annual,1,2013,393.696,ACFT,K,Approved,2014-04-04 08:31:00
2206096,12206096,2206096 Total (Diversion),Annual,1,2014,251.45,ACFT,K,Approved,2015-04-22 10:20:00
2206096,12206096,2206096 Total (Diversion),Annual,1,2015,178.598,ACFT,K,Approved,2016-05-30 13:21:00
2206096,12206096,2206096 Total (Diversion),Annual,1,2016,137.898,ACFT,K,Approved,2018-01-03 16:55:00
2206096,12206096,2206096 Total (Diversion),Annual,1,2017,168.8903,ACFT,K,Approved,2018-05-25 10:00:00
2206096,12206096,2206096 Total (Diversion),Annual,1,2018,144.3028,ACFT,K,Approved,2019-05-21 17:30:00
2206096,12206096,2206096 Total (Diversion),Annual,1,2019,72.6078,ACFT,K,Approved,2020-04-01 21:30:00
2206096,12206096,2206096 Total (Diversion),Annual,1,2020,363.7799,ACFT,K,Approved,2021-03-26 09:31:00
2206096,12206096,2206096 Total (Diversion),Annual,1,2021,234.702,ACFT,K,Approved,2022-03-23 10:46:00
2206096,12206096,2206096 Total (Diversion),Annual,1,2022,278.811,ACFT,K,Approved,2023-02-03 11:01:00
2206096,12206096,2206096 Total (Diversion),Annual,1,2023,84.564,ACFT,K,Approved,2024-01-11 09:15:00
2206096,12206096,2206096 Total (Diversion),Annual,1,2024,185.327,ACFT,K,Approved,2024-11-25 09:50:00
2206107,12206107,2206107 Total (Diversion),Annual,1,2009,332.09,ACFT,U,Approved,2020-12-04 11:30:00
2206107,12206107,2206107 Total (Diversion),Annual,1,2010,349.5701,ACFT,U,Approved,2020-12-04 11:30:00
2206107,12206107,2206107 Total (Diversion),Annual,1,2011,330.4099,ACFT,U,Approved,2013-11-25 19:18:00
2206107,12206107,2206107 Total (Diversion),Annual,1,2012,277.88,ACFT,K,Approved,2013-05-06 08:03:00
2206107,12206107,2206107 Total (Diversion),Annual,1,2013,266.93,ACFT,K,Approved,2014-04-04 08:31:00
2206107,12206107,2206107 Total (Diversion),Annual,1,2014,238.12,ACFT,K,Approved,2015-04-22 10:20:00
2206107,12206107,2206107 Total (Diversion),Annual,1,2015,160.05,ACFT,K,Approved,2016-05-30 13:21:00
2206107,12206107,2206107 Total (Diversion),Annual,1,2016,143.65,ACFT,K,Approved,2018-01-03 16:55:00
2206107,12206107,2206107 Total (Diversion),Annual,1,2017,130.99,ACFT,K,Approved,2018-05-25 10:00:00
2206107,12206107,2206107 Total (Diversion),Annual,1,2018,244.75,ACFT,K,Approved,2019-05-21 17:30:00
2206107,12206107,2206107 Total (Diversion),Annual,1,2019,133.51,ACFT,K,Approved,2020-04-01 21:30:00
2206107,12206107,2206107 Total (Diversion),Annual,1,2020,281.81,ACFT,K,Approved,2021-03-26 09:31:00
2206107,12206107,2206107 Total (Diversion),Annual,1,2021,55.85,ACFT,K,Approved,2022-03-23 10:46:00
2206107,12206107,2206107 Total (Diversion),Annual,1,2022,86.96,ACFT,K,Approved,2023-02-03 11:01:00
2206107,12206107,2206107 Total (Diversion),Annual,1,2023,166.48,ACFT,K,Approved,2024-01-11 09:17:00
2206107,12206107,2206107 Total (Diversion),Annual,1,2024,129.94,ACFT,K,Approved,2024-11-14 15:20:00
2206108,12206108,2206108 Total (Diversion),Annual,1,2009,0.0,ACFT,U,Approved,2010-06-29 16:31:00
2206108,12206108,2206108 Total (Diversion),Annual,1,2010,0.0,ACFT,U,Approved,2011-04-13 17:02:00
2206108,12206108,2206108 Total (Diversion),Annual,1,2011,235.775,ACFT,U,Approved,2013-11-25 19:18:00
2206108,12206108,2206108 Total (Diversion),Annual,1,2012,330.184,ACFT,K,Approved,2013-05-06 08:03:00
2206108,12206108,2206108 Total (Diversion),Annual,1,2013,316.438,ACFT,K,Approved,2014-04-04 08:31:00
2206108,12206108,2206108 Total (Diversion),Annual,1,2014,232.429,ACFT,K,Approved,2015-04-22 10:20:00
2206108,12206108,2206108 Total (Diversion),Annual,1,2015,194.611,ACFT,K,Approved,2016-05-30 13:21:00
2206108,12206108,2206108 Total (Diversion),Annual,1,2016,193.442,ACFT,K,Approved,2018-01-03 16:55:00
2206108,12206108,2206108 Total (Diversion),Annual,1,2017,60.661,ACFT,K,Approved,2018-05-25 10:00:00
2206108,12206108,2206108 Total (Diversion),Annual,1,2018,409.267,ACFT,K,Approved,2019-05-21 17:30:00
2206108,12206108,2206108 Total (Diversion),Annual,1,2019,84.806,ACFT,K,Approved,2020-04-01 21:30:00
2206108,12206108,2206108 Total (Diversion),Annual,1,2020,170.693,ACFT,K,Approved,2021-03-26 09:31:00
2206108,12206108,2206108 Total (Diversion),Annual,1,2021,182.751,ACFT,K,Approved,2022-03-23 10:46:00
2206108,12206108,2206108 Total (Diversion),Annual,1,2022,0.0,ACFT,K,Approved,2023-02-03 11:05:00
2206108,12206108,2206108 Total (Diversion),Annual,1,2023,192.011,ACFT,K,Approved,2024-01-11 09:24:00
2206108,12206108,2206108 Total (Diversion),Annual,1,2024,41.946,ACFT,K,Approved,2024-11-25 14:22:00
