wdid,waterClassNum,wcIdentifier,measInterval,measCount,dataMeasDate,dataValue,measUnits,obsCode,approvalStatus,modified
6705474,16705474,6705474 Total (Diversion),Monthly,12,1999,0.0,ACFT,U,Approved,2004-06-07 14:10:00
6705474,16705474,6705474 Total (Diversion),Monthly,12,2000,0.0,ACFT,U,Approved,2004-06-07 14:10:00
6705474,16705474,6705474 Total (Diversion),Monthly,12,2001,0.0,ACFT,U,Approved,2004-06-07 14:10:00
6705474,16705474,6705474 Total (Diversion),Monthly,12,2002,0.0,ACFT,U,Approved,2004-06-07 14:10:00
6705474,16705474,6705474 Total (Diversion),Monthly,12,2003,0.0,ACFT,U,Approved,2004-04-29 08:23:00
6705474,16705474,6705474 Total (Diversion),Annual,1,2004,0.0,ACFT,U,Approved,2005-03-29 07:57:00
6705474,16705474,6705474 Total (Diversion),Annual,1,2005,0.0,ACFT,U,Approved,2006-03-31 17:12:00
6705474,16705474,6705474 Total (Diversion),Monthly,12,2006,0.0,ACFT,U,Approved,2008-04-04 11:11:00
6705474,16705474,6705474 Total (Diversion),Annual,1,2008,0.0,ACFT,U,Approved,2009-06-30 16:25:00
6705474,16705474,6705474 Total (Diversion),Annual,1,2009,0.0,ACFT,U,Approved,2010-07-03 18:42:00
6705474,16705474,6705474 Total (Diversion),Annual,1,2010,0.0,ACFT,U,Approved,2011-05-27 16:41:00
6705474,16705474,6705474 Total (Diversion),Annual,1,2011,0.0,ACFT,U,Approved,2012-06-01 17:54:00
6705474,16705474,6705474 Total (Diversion),Annual,1,2012,0.0,ACFT,*,Approved,2013-04-02 14:51:00
6705474,16705474,6705474 Total (Diversion),Annual,1,2013,0.0,ACFT,*,Approved,2014-04-21 10:21:00
6705474,16705474,6705474 Total (Diversion),Annual,1,2014,0.0,ACFT,U,Approved,2015-04-03 13:30:00
6705474,16705474,6705474 Total (Diversion),Annual,1,2015,0.0,ACFT,*,Approved,2016-02-25 15:31:00
6705474,16705474,6705474 Total (Diversion),Annual,1,2016,0.0,ACFT,*,Approved,2017-03-10 11:51:00
6705474,16705474,6705474 Total (Diversion),Annual,1,2017,0.0,ACFT,*,Approved,2018-03-09 15:01:00
6705474,16705474,6705474 Total (Diversion),Annual,1,2018,0.0,ACFT,*,Approved,2019-03-19 09:40:00
6705474,16705474,6705474 Total (Diversion),Annual,1,2019,0.0,ACFT,K,Approved,2020-06-16 17:01:00
6705474,16705474,6705474 Total (Diversion),Annual,1,2020,0.0,ACFT,*,Approved,2021-05-05 10:30:00
6705474,16705474,6705474 Total (Diversion),Annual,1,2021,0.0,ACFT,*,Approved,2022-06-25 07:45:00
6705494,16705494,6705494 Total (Diversion),Monthly,12,1999,0.0,ACFT,U,Approved,2004-06-07 14:10:00
6705494,16705494,6705494 Total (Diversion),Monthly,12,2000,113.924,ACFT,U,Approved,2004-06-07 14:10:00
6705494,16705494,6705494 Total (Diversion),Monthly,12,2001,171.381,ACFT,U,Approved,2004-06-07 14:10:00
6705494,16705494,6705494 Total (Diversion),Monthly,12,2002,215.363,ACFT,U,Approved,2004-06-07 14:10:00
6705494,16705494,6705494 Total (Diversion),Monthly,12,2003,24.841,ACFT,U,Approved,2004-04-29 08:23:00
6705494,16705494,6705494 Total (Diversion),Monthly,12,2004,13.63,ACFT,U,Approved,2005-03-29 07:57:00
6705494,16705494,6705494 Total (Diversion),Monthly,12,2005,70.52,ACFT,U,Approved,2006-03-31 17:12:00
6705494,16705494,6705494 Total (Diversion),Monthly,12,2006,54.1,ACFT,U,Approved,2008-04-04 11:11:00
6705494,16705494,6705494 Total (Diversion),Monthly,12,2007,31.86,ACFT,U,Approved,2008-07-15 15:41:00
6705494,16705494,6705494 Total (Diversion),Monthly,12,2008,238.75,ACFT,U,Approved,2009-06-30 16:25:00
6705494,16705494,6705494 Total (Diversion),Monthly,12,2009,158.85,ACFT,U,Approved,2010-07-03 18:42:00
6705494,16705494,6705494 Total (Diversion),Monthly,12,2010,68.67,ACFT,U,Approved,2011-05-27 16:41:00
6705494,16705494,6705494 Total (Diversion),Monthly,12,2011,151.52,ACFT,U,Approved,2012-06-01 17:54:00
6705494,16705494,6705494 Total (Diversion),Monthly,12,2012,194.86,ACFT,*,Approved,2013-04-02 14:51:00
6705494,16705494,6705494 Total (Diversion),Annual,1,2013,0.0,ACFT,*,Approved,2014-04-21 10:21:00
6705494,16705494,6705494 Total (Diversion),Monthly,12,2014,18.82,ACFT,U,Approved,2015-04-03 13:30:00
6705494,16705494,6705494 Total (Diversion),Monthly,12,2015,67.94,ACFT,*,Approved,2016-02-25 15:31:00
6705494,16705494,6705494 Total (Diversion),Annual,1,2016,0.0,ACFT,*,Approved,2017-03-10 11:51:00
6705494,16705494,6705494 Total (Diversion),Monthly,12,2017,0.15,ACFT,*,Approved,2018-03-09 15:01:00
6705494,16705494,6705494 Total (Diversion),Annual,1,2018,0.0,ACFT,*,Approved,2019-03-19 09:40:00
6705494,16705494,6705494 Total (Diversion),Monthly,12,2019,33.403,ACFT,K,Approved,2020-06-16 17:01:00
6705494,16705494,6705494 Total (Diversion),Monthly,12,2020,0.0,ACFT,*,Approved,2021-05-05 10:30:00
6705494,16705494,6705494 Total (Diversion),Annual,1,2021,0.0,ACFT,*,Approved,2022-06-25 07:45:00
6705494,16705494,6705494 Total (Diversion),Monthly,12,2022,0.023,ACFT,K,Approved,2022-11-09 12:31:00
6705494,16705494,6705494 Total (Diversion),Monthly,12,2023,0.0,ACFT,K,Approved,2023-11-13 09:27:00
6705494,16705494,6705494 Total (Diversion),Monthly,12,2024,0.0,ACFT,K,Approved,2024-11-08 09:47:00
6705494,16705494,6705494 Total (Diversion),Monthly,10,2025,0.0,ACFT,K,Provisional,2025-09-08 09:50:00
6705496,16705496,6705496 Total (Diversion),Annual,1,2008,0.0,ACFT,U,Approved,2009-06-30 16:25:00
6705496,16705496,6705496 Total (Diversion),Annual,1,2009,0.0,ACFT,U,Approved,2010-07-03 18:42:00
6705496,16705496,6705496 Total (Diversion),Annual,1,2010,0.0,ACFT,U,Approved,2011-05-27 16:41:00
6705496,16705496,6705496 Total (Diversion),Annual,1,2011,0.0,ACFT,U,Approved,2012-06-01 17:54:00
6705496,16705496,6705496 Total (Diversion),Annual,1,2012,0.0,ACFT,*,Approved,2013-04-02 14:51:00
6705496,16705496,6705496 Total (Diversion),Annual,1,2013,0.0,ACFT,*,Approved,2014-04-21 10:21:00
6705496,16705496,6705496 Total (Diversion),Annual,1,2014,0.0,ACFT,U,Approved,2015-04-03 13:30:00
6705496,16705496,6705496 Total (Diversion),Annual,1,2015,0.0,ACFT,*,Approved,2016-02-25 15:31:00
6705496,16705496,6705496 Total (Diversion),Annual,1,2016,0.0,ACFT,*,Approved,2017-03-10 11:51:00
6705496,16705496,6705496 Total (Diversion),Annual,1,2017,0.0,ACFT,*,Approved,2018-03-09 15:01:00
6705496,16705496,6705496 Total (Diversion),Annual,1,2018,0.0,ACFT,*,Approved,2019-03-19 09:40:00
6705496,16705496,6705496 Total (Diversion),Monthly,12,2019,48.1742,ACFT,K,Approved,2020-06-16 17:01:00
6705496,16705496,6705496 Total (Diversion),Monthly,12,2020,66.816,ACFT,*,Approved,2021-05-05 10:30:00
6705496,16705496,6705496 Total (Diversion),Monthly,12,2021,50.197,ACFT,*,Approved,2022-06-25 07:45:00
6705496,16705496,6705496 Total (Diversion),Monthly,12,2022,110.9182,ACFT,K,Approved,2022-11-08 08:02:00
6705496,16705496,6705496 Total (Diversion),Monthly,12,2023,72.5476,ACFT,K,Approved,2023-11-06 07:37:00
6705496,16705496,6705496 Total (Diversion),Monthly,12,2024,134.2687,ACFT,K,Approved,2024-11-14 10:30:00
6705496,16705496,6705496 Total (Diversion),Monthly,10,2025,93.2849,ACFT,K,Provisional,2025-09-09 15:09:00
6705499,16705499,6705499 Total (Diversion),Monthly,10,1999,0.0,ACFT,U,Approved,2004-06-07 14:10:00
6705499,16705499,6705499 Total (Diversion),Monthly,12,2000,0.0,ACFT,U,Approved,2004-06-07 14:10:00
6705499,16705499,6705499 Total (Diversion),Monthly,12,2001,0.0,ACFT,U,Approved,2004-06-07 14:10:00
6705499,16705499,6705499 Total (Diversion),Monthly,12,2002,0.0,ACFT,U,Approved,2004-06-07 14:10:00
6705499,16705499,6705499 Total (Diversion),Monthly,12,2003,0.0,ACFT,U,Approved,2004-04-29 08:23:00
6705499,16705499,6705499 Total (Diversion),Annual,1,2004,0.0,ACFT,U,Approved,2005-03-29 07:57:00
6705499,16705499,6705499 Total (Diversion),Annual,1,2005,0.0,ACFT,U,Approved,2006-03-31 17:12:00
6705499,16705499,6705499 Total (Diversion),Annual,1,2008,0.0,ACFT,U,Approved,2009-06-30 16:25:00
6705499,16705499,6705499 Total (Diversion),Annual,1,2009,0.0,ACFT,U,Approved,2010-07-03 18:42:00
6705499,16705499,6705499 Total (Diversion),Annual,1,2010,0.0,ACFT,U,Approved,2011-05-27 16:41:00
6705499,16705499,6705499 Total (Diversion),Annual,1,2011,0.0,ACFT,U,Approved,2012-06-01 17:54:00
6705499,16705499,6705499 Total (Diversion),Annual,1,2012,0.0,ACFT,*,Approved,2013-04-02 14:51:00
6705499,16705499,6705499 Total (Diversion),Annual,1,2013,0.0,ACFT,*,Approved,2014-04-21 10:21:00
6705499,16705499,6705499 Total (Diversion),Annual,1,2014,0.0,ACFT,U,Approved,2015-04-03 13:30:00
6705499,16705499,6705499 Total (Diversion),Annual,1,2015,0.0,ACFT,*,Approved,2016-02-25 15:31:00
6705499,16705499,6705499 Total (Diversion),Annual,1,2016,0.0,ACFT,*,Approved,2017-03-10 11:51:00
6705499,16705499,6705499 Total (Diversion),Annual,1,2017,0.0,ACFT,*,Approved,2018-03-09 15:01:00
6705499,16705499,6705499 Total (Diversion),Annual,1,2018,0.0,ACFT,*,Approved,2019-03-19 09:40:00
6705499,16705499,6705499 Total (Diversion),Annual,1,2019,0.0,ACFT,K,Approved,2020-06-16 17:01:00
6705499,16705499,6705499 Total (Diversion),Annual,1,2020,0.0,ACFT,*,Approved,2021-05-05 10:30:00
6705499,16705499,6705499 Total (Diversion),Annual,1,2021,0.0,ACFT,*,Approved,2022-06-25 07:45:00
6705533,16705533,6705533 Total (Diversion),Monthly,12,1999,56.11,ACFT,U,Approved,2004-06-07 14:10:00
6705533,16705533,6705533 Total (Diversion),Monthly,3,2000,0.0,ACFT,U,Approved,2004-06-07 14:10:00
6705533,16705533,6705533 Total (Diversion),Annual,1,2010,915.97,ACFT,U,Approved,2021-03-06 23:07:00
6705533,16705533,6705533 Total (Diversion),Annual,1,2011,984.95,ACFT,U,Approved,2021-03-06 03:45:00
6705533,16705533,6705533 Total (Diversion),Annual,1,2012,334.65,ACFT,*,Approved,2013-04-02 14:51:00
6705533,16705533,6705533 Total (Diversion),Annual,1,2015,294.0,ACFT,U,Approved,2021-03-06 01:38:00
6705533,16705533,6705533 Total (Diversion),Monthly,12,2017,30.45,ACFT,*,Approved,2018-03-09 15:01:00
6705533,16705533,6705533 Total (Diversion),Annual,1,2018,0.0,ACFT,*,Approved,2019-03-19 09:40:00
6705533,16705533,6705533 Total (Diversion),Monthly,12,2019,20.147,ACFT,K,Approved,2020-06-16 17:01:00
6705533,16705533,6705533 Total (Diversion),Annual,1,2020,76.296,ACFT,*,Approved,2021-05-05 10:30:00
6705533,16705533,6705533 Total (Diversion),Annual,1,2021,0.0,ACFT,*,Approved,2022-06-25 07:45:00
6705533,16705533,6705533 Total (Diversion),Monthly,12,2022,0.063,ACFT,K,Approved,2022-11-10 10:22:00
6705533,16705533,6705533 Total (Diversion),Monthly,1,2023,54.402,ACFT,K,Approved,2024-01-31 15:28:00
6705567,16705567,6705567 Total (Diversion),Monthly,12,2007,4.5,ACFT,U,Approved,2008-07-15 15:41:00
6705567,16705567,6705567 Total (Diversion),Monthly,12,2008,4.69,ACFT,U,Approved,2009-06-30 16:25:00
6705567,16705567,6705567 Total (Diversion),Monthly,12,2009,5.74,ACFT,U,Approved,2010-07-03 18:42:00
6705567,16705567,6705567 Total (Diversion),Monthly,12,2010,6.7,ACFT,U,Approved,2011-05-27 16:41:00
6705567,16705567,6705567 Total (Diversion),Monthly,12,2011,6.87,ACFT,U,Approved,2012-06-01 17:54:00
6705567,16705567,6705567 Total (Diversion),Monthly,12,2012,7.44,ACFT,U,Approved,2021-03-06 01:39:00
6705567,16705567,6705567 Total (Diversion),Monthly,12,2013,4.32,ACFT,*,Approved,2014-04-21 10:21:00
6705567,16705567,6705567 Total (Diversion),Monthly,12,2014,3.67,ACFT,U,Approved,2015-04-03 13:30:00
6705567,16705567,6705567 Total (Diversion),Monthly,12,2015,3.48,ACFT,*,Approved,2016-02-25 15:31:00
6705567,16705567,6705567 Total (Diversion),Monthly,12,2016,2.39,ACFT,*,Approved,2017-03-10 11:51:00
6705567,16705567,6705567 Total (Diversion),Monthly,12,2017,6.52,ACFT,*,Approved,2018-03-09 15:01:00
6705567,16705567,6705567 Total (Diversion),Monthly,12,2018,21.87,ACFT,*,Approved,2019-03-19 09:40:00
6705567,16705567,6705567 Total (Diversion),Monthly,12,2019,2.9871,ACFT,K,Approved,2020-06-16 17:01:00
6705567,16705567,6705567 Total (Diversion),Monthly,12,2020,2.111,ACFT,*,Approved,2021-05-05 10:30:00
6705567,16705567,6705567 Total (Diversion),Monthly,12,2021,1.866,ACFT,*,Approved,2022-06-25 07:45:00
6705567,16705567,6705567 Total (Diversion),Monthly,12,2022,1.6307,ACFT,K,Approved,2022-11-14 10:18:00
6705567,16705567,6705567 Total (Diversion),Monthly,12,2023,3.9083,ACFT,K,Approved,2023-11-13 09:57:00
6705567,16705567,6705567 Total (Diversion),Monthly,12,2024,3.0103,ACFT,K,Approved,2024-11-14 09:56:00
6705567,16705567,6705567 Total (Diversion),Monthly,10,2025,1.3046,ACFT,K,Provisional,2025-09-08 10:02:00
6705571,16705571,6705571 Total (Diversion),Monthly,12,1999,33.96,ACFT,U,Approved,2004-06-07 14:10:00
6705571,16705571,6705571 Total (Diversion),Monthly,12,2000,56.435,ACFT,U,Approved,2004-06-07 14:10:00
6705571,16705571,6705571 Total (Diversion),Monthly,12,2001,36.666,ACFT,U,Approved,2004-06-07 14:10:00
6705571,16705571,6705571 Total (Diversion),Monthly,12,2010,23.46,ACFT,U,Approved,2011-05-27 16:41:00
6705571,16705571,6705571 Total (Diversion),Monthly,12,2011,64.25,ACFT,U,Approved,2012-06-01 17:54:00
6705571,16705571,6705571 Total (Diversion),Monthly,12,2012,36.02,ACFT,*,Approved,2013-04-02 14:51:00
6705571,16705571,6705571 Total (Diversion),Monthly,12,2013,27.14,ACFT,*,Approved,2014-04-21 10:21:00
6705571,16705571,6705571 Total (Diversion),Monthly,12,2014,32.38,ACFT,U,Approved,2015-04-03 13:30:00
6705571,16705571,6705571 Total (Diversion),Monthly,12,2015,25.6,ACFT,*,Approved,2016-02-25 15:31:00
6705571,16705571,6705571 Total (Diversion),Monthly,12,2017,31.56,ACFT,*,Approved,2018-03-09 15:01:00
6705571,16705571,6705571 Total (Diversion),Monthly,12,2018,27.94,ACFT,*,Approved,2019-03-19 09:40:00
6705571,16705571,6705571 Total (Diversion),Monthly,12,2020,31.3978,ACFT,*,Approved,2021-05-05 10:30:00
6705571,16705571,6705571 Total (Diversion),Annual,1,2021,396.0,ACFT,*,Approved,2022-06-25 07:45:00
6705571,16705571,6705571 Total (Diversion),Monthly,2,2022,1.3841,ACFT,K,Approved,2022-04-11 10:25:00
6705572,16705572,6705572 Total (Diversion),Monthly,12,1999,52.947,ACFT,U,Approved,2004-06-07 14:10:00
6705572,16705572,6705572 Total (Diversion),Monthly,12,2000,92.515,ACFT,U,Approved,2004-06-07 14:10:00
6705572,16705572,6705572 Total (Diversion),Monthly,12,2001,71.802,ACFT,U,Approved,2004-06-07 14:10:00
6705572,16705572,6705572 Total (Diversion),Monthly,12,2010,24.1,ACFT,U,Approved,2011-05-27 16:41:00
6705572,16705572,6705572 Total (Diversion),Monthly,12,2011,15.52,ACFT,U,Approved,2012-06-01 17:54:00
6705572,16705572,6705572 Total (Diversion),Monthly,12,2012,37.18,ACFT,*,Approved,2013-04-02 14:51:00
6705572,16705572,6705572 Total (Diversion),Monthly,12,2013,32.3,ACFT,*,Approved,2014-04-21 10:21:00
6705572,16705572,6705572 Total (Diversion),Monthly,12,2014,31.67,ACFT,U,Approved,2015-04-03 13:30:00
6705572,16705572,6705572 Total (Diversion),Monthly,12,2015,32.1988,ACFT,U,Approved,2021-03-06 01:39:00
6705572,16705572,6705572 Total (Diversion),Monthly,12,2017,33.89,ACFT,*,Approved,2018-03-09 15:01:00
6705572,16705572,6705572 Total (Diversion),Monthly,12,2018,19.92,ACFT,*,Approved,2019-03-19 09:40:00
6705572,16705572,6705572 Total (Diversion),Monthly,12,2020,41.4178,ACFT,*,Approved,2021-05-05 10:30:00
6705572,16705572,6705572 Total (Diversion),Annual,1,2021,343.7185,ACFT,*,Approved,2022-06-25 07:45:00
6705572,16705572,6705572 Total (Diversion),Monthly,3,2022,176.4518,ACFT,K,Approved,2022-04-11 10:25:00
6705573,16705573,6705573 Total (Diversion),Monthly,12,1999,75.623,ACFT,U,Approved,2004-06-07 14:10:00
6705573,16705573,6705573 Total (Diversion),Monthly,12,2000,79.419,ACFT,U,Approved,2004-06-07 14:10:00
6705573,16705573,6705573 Total (Diversion),Monthly,12,2001,105.75,ACFT,U,Approved,2004-06-07 14:10:00
6705573,16705573,6705573 Total (Diversion),Monthly,12,2010,68.135,ACFT,U,Approved,2011-05-27 16:41:00
6705573,16705573,6705573 Total (Diversion),Monthly,12,2011,64.24,ACFT,U,Approved,2012-06-01 17:54:00
6705573,16705573,6705573 Total (Diversion),Monthly,12,2012,66.64,ACFT,*,Approved,2013-04-02 14:51:00
6705573,16705573,6705573 Total (Diversion),Monthly,12,2013,69.01,ACFT,*,Approved,2014-04-21 10:21:00
6705573,16705573,6705573 Total (Diversion),Monthly,12,2014,61.58,ACFT,U,Approved,2015-04-03 13:30:00
6705573,16705573,6705573 Total (Diversion),Annual,1,2015,0.0,ACFT,*,Approved,2016-02-25 15:31:00
6705573,16705573,6705573 Total (Diversion),Monthly,12,2017,59.06,ACFT,*,Approved,2018-03-09 15:01:00
6705573,16705573,6705573 Total (Diversion),Monthly,12,2018,56.59,ACFT,*,Approved,2019-03-19 09:40:00
6705573,16705573,6705573 Total (Diversion),Monthly,12,2020,61.9767,ACFT,*,Approved,2021-05-05 10:30:00
6705573,16705573,6705573 Total (Diversion),Annual,1,2021,41.8587,ACFT,*,Approved,2022-06-25 07:45:00
6705573,16705573,6705573 Total (Diversion),Monthly,2,2022,41.8587,ACFT,K,Approved,2022-04-01 13:24:00
6705574,16705574,6705574 Total (Diversion),Monthly,10,1999,0.0,ACFT,U,Approved,2004-06-07 14:10:00
6705574,16705574,6705574 Total (Diversion),Monthly,12,2000,0.0,ACFT,U,Approved,2004-06-07 14:10:00
6705574,16705574,6705574 Total (Diversion),Monthly,12,2001,0.0,ACFT,U,Approved,2004-06-07 14:10:00
6705574,16705574,6705574 Total (Diversion),Monthly,12,2002,0.0,ACFT,U,Approved,2004-06-07 14:10:00
6705574,16705574,6705574 Total (Diversion),Monthly,12,2003,0.0,ACFT,U,Approved,2004-04-29 08:23:00
6705574,16705574,6705574 Total (Diversion),Annual,1,2004,0.0,ACFT,U,Approved,2005-03-29 07:57:00
6705574,16705574,6705574 Total (Diversion),Annual,1,2005,0.0,ACFT,U,Approved,2006-03-31 17:12:00
6705574,16705574,6705574 Total (Diversion),Annual,1,2008,0.0,ACFT,U,Approved,2009-06-30 16:25:00
6705574,16705574,6705574 Total (Diversion),Annual,1,2009,0.0,ACFT,U,Approved,2010-07-03 18:42:00
6705574,16705574,6705574 Total (Diversion),Annual,1,2010,0.0,ACFT,U,Approved,2011-05-27 16:41:00
6705574,16705574,6705574 Total (Diversion),Annual,1,2011,0.0,ACFT,U,Approved,2012-06-01 17:54:00
6705574,16705574,6705574 Total (Diversion),Annual,1,2012,0.0,ACFT,*,Approved,2013-04-02 14:51:00
6705574,16705574,6705574 Total (Diversion),Annual,1,2013,0.0,ACFT,*,Approved,2014-04-21 10:21:00
6705574,16705574,6705574 Total (Diversion),Annual,1,2014,0.0,ACFT,U,Approved,2015-04-03 13:30:00
6705574,16705574,6705574 Total (Diversion),Annual,1,2015,0.0,ACFT,*,Approved,2016-02-25 15:31:00
6705574,16705574,6705574 Total (Diversion),Annual,1,2016,0.0,ACFT,*,Approved,2017-03-10 11:51:00
6705574,16705574,6705574 Total (Diversion),Annual,1,2017,0.0,ACFT,*,Approved,2018-03-09 15:01:00
6705574,16705574,6705574 Total (Diversion),Annual,1,2018,0.0,ACFT,*,Approved,2019-03-19 09:40:00
6705574,16705574,6705574 Total (Diversion),Annual,1,2019,0.0,ACFT,K,Approved,2020-06-16 17:01:00
6705574,16705574,6705574 Total (Diversion),Annual,1,2020,0.0,ACFT,*,Approved,2021-05-05 10:30:00
6705574,16705574,6705574 Total (Diversion),Annual,1,2021,0.0,ACFT,*,Approved,2022-06-25 07:45:00
6705605,16705605,6705605 Total (Diversion),Monthly,10,1999,0.0,ACFT,U,Approved,2004-06-07 14:10:00
6705605,16705605,6705605 Total (Diversion),Monthly,12,2000,0.0,ACFT,U,Approved,2004-06-07 14:10:00
6705605,16705605,6705605 Total (Diversion),Monthly,12,2001,0.0,ACFT,U,Approved,2004-06-07 14:10:00
6705605,16705605,6705605 Total (Diversion),Monthly,12,2002,0.0,ACFT,U,Approved,2004-06-07 14:10:00
6705605,16705605,6705605 Total (Diversion),Monthly,12,2003,0.0,ACFT,U,Approved,2004-04-29 08:23:00
6705605,16705605,6705605 Total (Diversion),Annual,1,2004,0.0,ACFT,U,Approved,2005-03-29 07:57:00
6705605,16705605,6705605 Total (Diversion),Annual,1,2005,0.0,ACFT,U,Approved,2006-03-31 17:12:00
6705605,16705605,6705605 Total (Diversion),Annual,1,2008,0.0,ACFT,U,Approved,2009-06-30 16:25:00
6705605,16705605,6705605 Total (Diversion),Annual,1,2009,0.0,ACFT,U,Approved,2010-07-03 18:42:00
6705605,16705605,6705605 Total (Diversion),Annual,1,2010,0.0,ACFT,U,Approved,2011-05-27 16:41:00
6705605,16705605,6705605 Total (Diversion),Annual,1,2011,49.21,ACFT,E,Approved,2012-06-01 17:54:00
6705605,16705605,6705605 Total (Diversion),Monthly,12,2017,82.221,ACFT,U,Approved,2021-03-06 01:40:00
6705605,16705605,6705605 Total (Diversion),Monthly,12,2018,103.68,ACFT,*,Approved,2019-03-19 09:40:00
6705605,16705605,6705605 Total (Diversion),Monthly,12,2019,93.745,ACFT,K,Approved,2020-06-16 17:01:00
6705605,16705605,6705605 Total (Diversion),Monthly,12,2020,62.146,ACFT,*,Approved,2021-05-05 10:30:00
6705605,16705605,6705605 Total (Diversion),Annual,1,2021,0.0,ACFT,*,Approved,2022-06-25 07:45:00
6705609,16705609,6705609 Total (Diversion),Monthly,10,1999,0.0,ACFT,U,Approved,2004-06-07 14:10:00
6705609,16705609,6705609 Total (Diversion),Monthly,12,2000,0.0,ACFT,U,Approved,2004-06-07 14:10:00
6705609,16705609,6705609 Total (Diversion),Monthly,12,2001,0.0,ACFT,U,Approved,2004-06-07 14:10:00
6705609,16705609,6705609 Total (Diversion),Monthly,12,2002,0.0,ACFT,U,Approved,2004-06-07 14:10:00
6705609,16705609,6705609 Total (Diversion),Monthly,12,2003,0.0,ACFT,U,Approved,2004-04-29 08:23:00
6705609,16705609,6705609 Total (Diversion),Annual,1,2004,0.0,ACFT,U,Approved,2005-03-29 07:57:00
6705609,16705609,6705609 Total (Diversion),Annual,1,2005,0.0,ACFT,U,Approved,2006-03-31 17:12:00
6705609,16705609,6705609 Total (Diversion),Annual,1,2008,0.0,ACFT,U,Approved,2009-06-30 16:25:00
6705609,16705609,6705609 Total (Diversion),Annual,1,2009,0.0,ACFT,U,Approved,2010-07-03 18:42:00
6705609,16705609,6705609 Total (Diversion),Annual,1,2010,0.0,ACFT,U,Approved,2011-05-27 16:41:00
6705609,16705609,6705609 Total (Diversion),Annual,1,2011,0.0,ACFT,U,Approved,2012-06-01 17:54:00
6705609,16705609,6705609 Total (Diversion),Annual,1,2012,0.0,ACFT,*,Approved,2013-04-02 14:51:00
6705609,16705609,6705609 Total (Diversion),Annual,1,2013,0.0,ACFT,*,Approved,2014-04-21 10:21:00
6705609,16705609,6705609 Total (Diversion),Annual,1,2014,0.0,ACFT,U,Approved,2015-04-03 13:30:00
6705609,16705609,6705609 Total (Diversion),Annual,1,2015,0.0,ACFT,*,Approved,2016-02-25 15:31:00
6705609,16705609,6705609 Total (Diversion),Annual,1,2016,0.0,ACFT,*,Approved,2017-03-10 11:51:00
6705609,16705609,6705609 Total (Diversion),Annual,1,2017,0.0,ACFT,*,Approved,2018-03-09 15:01:00
6705609,16705609,6705609 Total (Diversion),Annual,1,2018,0.0,ACFT,*,Approved,2019-03-19 09:40:00
6705609,16705609,6705609 Total (Diversion),Annual,1,2019,0.0,ACFT,K,Approved,2020-06-16 17:01:00
6705609,16705609,6705609 Total (Diversion),Annual,1,2020,0.0,ACFT,*,Approved,2021-05-05 10:30:00
6705609,16705609,6705609 Total (Diversion),Annual,1,2021,0.0,ACFT,*,Approved,2022-06-25 07:45:00
6705645,16705645,6705645 Total (Diversion),Monthly,12,1999,0.0,ACFT,U,Approved,2004-06-07 14:10:00
6705645,16705645,6705645 Total (Diversion),Monthly,12,2000,0.0,ACFT,U,Approved,2004-06-07 14:10:00
6705645,16705645,6705645 Total (Diversion),Monthly,12,2001,0.0,ACFT,U,Approved,2004-06-07 14:10:00
6705645,16705645,6705645 Total (Diversion),Monthly,12,2002,0.0,ACFT,U,Approved,2004-06-07 14:10:00
6705645,16705645,6705645 Total (Diversion),Monthly,12,2003,0.0,ACFT,U,Approved,2004-04-29 08:23:00
6705645,16705645,6705645 Total (Diversion),Annual,1,2004,0.0,ACFT,U,Approved,2005-03-29 07:57:00
6705645,16705645,6705645 Total (Diversion),Annual,1,2005,0.0,ACFT,U,Approved,2006-03-31 17:12:00
6705645,16705645,6705645 Total (Diversion),Monthly,12,2006,0.0,ACFT,U,Approved,2008-04-04 11:11:00
6705645,16705645,6705645 Total (Diversion),Annual,1,2008,0.0,ACFT,U,Approved,2009-06-30 16:25:00
6705645,16705645,6705645 Total (Diversion),Annual,1,2009,0.0,ACFT,U,Approved,2010-07-03 18:42:00
6705645,16705645,6705645 Total (Diversion),Monthly,12,2010,43.15,ACFT,U,Approved,2011-05-27 16:41:00
6705645,16705645,6705645 Total (Diversion),Monthly,12,2011,18.11,ACFT,U,Approved,2012-06-01 17:54:00
6705645,16705645,6705645 Total (Diversion),Monthly,12,2012,20.91,ACFT,*,Approved,2013-04-02 14:51:00
6705645,16705645,6705645 Total (Diversion),Monthly,12,2013,26.38,ACFT,*,Approved,2014-04-21 10:21:00
6705645,16705645,6705645 Total (Diversion),Monthly,12,2014,32.5,ACFT,U,Approved,2015-04-03 13:30:00
6705645,16705645,6705645 Total (Diversion),Monthly,12,2015,13.71,ACFT,*,Approved,2016-02-25 15:31:00
6705645,16705645,6705645 Total (Diversion),Monthly,12,2016,24.92,ACFT,*,Approved,2017-03-10 11:51:00
6705645,16705645,6705645 Total (Diversion),Monthly,12,2017,21.13,ACFT,*,Approved,2018-03-09 15:01:00
6705645,16705645,6705645 Total (Diversion),Monthly,12,2018,36.95,ACFT,*,Approved,2019-03-19 09:40:00
6705645,16705645,6705645 Total (Diversion),Monthly,12,2019,0.0,ACFT,K,Approved,2020-06-16 17:01:00
6705645,16705645,6705645 Total (Diversion),Monthly,12,2020,33.782,ACFT,*,Approved,2021-05-05 10:30:00
6705645,16705645,6705645 Total (Diversion),Monthly,12,2021,34.871,ACFT,*,Approved,2022-06-25 07:45:00
6705645,16705645,6705645 Total (Diversion),Monthly,12,2022,0.0,ACFT,K,Approved,2022-11-14 15:04:00
6705645,16705645,6705645 Total (Diversion),Monthly,12,2023,0.0,ACFT,K,Approved,2023-11-07 08:45:00
6705645,16705645,6705645 Total (Diversion),Monthly,10,2024,0.0,ACFT,K,Approved,2024-09-05 14:26:00
6705653,16705653,6705653 Total (Diversion),Monthly,10,1999,0.0,ACFT,U,Approved,2004-06-07 14:10:00
6705653,16705653,6705653 Total (Diversion),Monthly,12,2000,0.0,ACFT,U,Approved,2004-06-07 14:10:00
6705653,16705653,6705653 Total (Diversion),Monthly,12,2001,0.0,ACFT,U,Approved,2004-06-07 14:10:00
6705653,16705653,6705653 Total (Diversion),Monthly,12,2002,0.0,ACFT,U,Approved,2004-06-07 14:10:00
6705653,16705653,6705653 Total (Diversion),Monthly,12,2003,0.0,ACFT,U,Approved,2004-04-29 08:23:00
6705653,16705653,6705653 Total (Diversion),Annual,1,2004,0.0,ACFT,U,Approved,2005-03-29 07:57:00
6705653,16705653,6705653 Total (Diversion),Annual,1,2005,0.0,ACFT,U,Approved,2006-03-31 17:12:00
6705653,16705653,6705653 Total (Diversion),Annual,1,2008,0.0,ACFT,U,Approved,2009-06-30 16:25:00
6705653,16705653,6705653 Total (Diversion),Annual,1,2009,0.0,ACFT,U,Approved,2010-07-03 18:42:00
6705653,16705653,6705653 Total (Diversion),Annual,1,2010,0.0,ACFT,U,Approved,2011-05-27 16:41:00
6705653,16705653,6705653 Total (Diversion),Annual,1,2011,0.0,ACFT,U,Approved,2012-06-01 17:54:00
6705653,16705653,6705653 Total (Diversion),Annual,1,2012,0.0,ACFT,*,Approved,2013-04-02 14:51:00
6705653,16705653,6705653 Total (Diversion),Annual,1,2013,0.0,ACFT,*,Approved,2014-04-21 10:21:00
6705653,16705653,6705653 Total (Diversion),Annual,1,2014,0.0,ACFT,U,Approved,2015-04-03 13:30:00
6705653,16705653,6705653 Total (Diversion),Annual,1,2015,0.0,ACFT,*,Approved,2016-02-25 15:31:00
6705653,16705653,6705653 Total (Diversion),Annual,1,2016,0.0,ACFT,*,Approved,2017-03-10 11:51:00
6705653,16705653,6705653 Total (Diversion),Annual,1,2017,0.0,ACFT,*,Approved,2018-03-09 15:01:00
6705653,16705653,6705653 Total (Diversion),Annual,1,2018,0.0,ACFT,*,Approved,2019-03-19 09:40:00
6705653,16705653,6705653 Total (Diversion),Annual,1,2019,0.0,ACFT,K,Approved,2020-06-16 17:01:00
6705653,16705653,6705653 Total (Diversion),Annual,1,2020,0.0,ACFT,*,Approved,2021-05-05 10:30:00
6705653,16705653,6705653 Total (Diversion),Annual,1,2021,0.0,ACFT,*,Approved,2022-06-25 07:45:00
6705666,16705666,6705666 Total (Diversion),Monthly,10,1999,0.0,ACFT,U,Approved,2004-06-07 14:10:00
6705666,16705666,6705666 Total (Diversion),Monthly,12,2000,0.0,ACFT,U,Approved,2004-06-07 14:10:00
6705666,16705666,6705666 Total (Diversion),Monthly,12,2001,0.0,ACFT,U,Approved,2004-06-07 14:10:00
6705666,16705666,6705666 Total (Diversion),Monthly,12,2002,0.0,ACFT,U,Approved,2004-06-07 14:10:00
6705666,16705666,6705666 Total (Diversion),Monthly,12,2003,0.0,ACFT,U,Approved,2004-04-29 08:23:00
6705666,16705666,6705666 Total (Diversion),Annual,1,2004,0.0,ACFT,U,Approved,2005-03-29 07:57:00
6705666,16705666,6705666 Total (Diversion),Annual,1,2005,0.0,ACFT,U,Approved,2006-03-31 17:12:00
6705666,16705666,6705666 Total (Diversion),Annual,1,2008,0.0,ACFT,U,Approved,2009-06-30 16:25:00
6705666,16705666,6705666 Total (Diversion),Annual,1,2009,0.0,ACFT,U,Approved,2010-07-03 18:42:00
6705666,16705666,6705666 Total (Diversion),Annual,1,2010,0.0,ACFT,U,Approved,2011-05-27 16:41:00
6705666,16705666,6705666 Total (Diversion),Annual,1,2011,0.0,ACFT,U,Approved,2012-06-01 17:54:00
6705666,16705666,6705666 Total (Diversion),Annual,1,2012,0.0,ACFT,*,Approved,2013-04-02 14:51:00
6705666,16705666,6705666 Total (Diversion),Annual,1,2013,0.0,ACFT,*,Approved,2014-04-21 10:21:00
6705666,16705666,6705666 Total (Diversion),Annual,1,2014,0.0,ACFT,U,Approved,2015-04-03 13:30:00
6705666,16705666,6705666 Total (Diversion),Annual,1,2015,0.0,ACFT,*,Approved,2016-02-25 15:31:00
6705666,16705666,6705666 Total (Diversion),Annual,1,2016,0.0,ACFT,*,Approved,2017-03-10 11:51:00
6705666,16705666,6705666 Total (Diversion),Annual,1,2017,0.0,ACFT,*,Approved,2018-03-09 15:01:00
6705666,16705666,6705666 Total (Diversion),Annual,1,2018,0.0,ACFT,*,Approved,2019-03-19 09:40:00
6705666,16705666,6705666 Total (Diversion),Annual,1,2019,0.0,ACFT,K,Approved,2020-06-16 17:01:00
6705666,16705666,6705666 Total (Diversion),Annual,1,2020,0.0,ACFT,*,Approved,2021-05-05 10:30:00
6705666,16705666,6705666 Total (Diversion),Annual,1,2021,0.0,ACFT,*,Approved,2022-06-25 07:45:00
6705716,16705716,6705716 Total (Diversion),Monthly,12,1999,249.717,ACFT,U,Approved,2004-06-07 14:10:00
6705716,16705716,6705716 Total (Diversion),Monthly,12,2000,411.842,ACFT,U,Approved,2004-06-07 14:10:00
6705716,16705716,6705716 Total (Diversion),Monthly,12,2001,248.046,ACFT,U,Approved,2004-06-07 14:10:00
6705716,16705716,6705716 Total (Diversion),Monthly,12,2002,265.422,ACFT,U,Approved,2004-06-07 14:10:00
6705716,16705716,6705716 Total (Diversion),Monthly,12,2003,49.119,ACFT,U,Approved,2004-04-29 08:23:00
6705716,16705716,6705716 Total (Diversion),Monthly,12,2004,19.642,ACFT,U,Approved,2005-03-29 07:57:00
6705716,16705716,6705716 Total (Diversion),Monthly,12,2005,47.87,ACFT,U,Approved,2006-03-31 17:12:00
6705716,16705716,6705716 Total (Diversion),Monthly,12,2006,0.9,ACFT,U,Approved,2008-04-04 11:11:00
6705716,16705716,6705716 Total (Diversion),Monthly,12,2007,0.72,ACFT,U,Approved,2008-07-15 15:41:00
6705716,16705716,6705716 Total (Diversion),Monthly,12,2008,125.0,ACFT,U,Approved,2009-06-30 16:25:00
6705716,16705716,6705716 Total (Diversion),Monthly,12,2009,229.91,ACFT,U,Approved,2010-07-03 18:42:00
6705716,16705716,6705716 Total (Diversion),Monthly,12,2010,226.88,ACFT,U,Approved,2011-05-27 16:41:00
6705716,16705716,6705716 Total (Diversion),Monthly,12,2011,336.46,ACFT,U,Approved,2012-06-01 17:54:00
6705716,16705716,6705716 Total (Diversion),Monthly,12,2012,316.54,ACFT,*,Approved,2013-04-02 14:51:00
6705716,16705716,6705716 Total (Diversion),Monthly,12,2013,49.42,ACFT,*,Approved,2014-04-21 10:21:00
6705716,16705716,6705716 Total (Diversion),Monthly,12,2014,141.83,ACFT,U,Approved,2015-04-03 13:30:00
6705716,16705716,6705716 Total (Diversion),Monthly,12,2015,297.48,ACFT,*,Approved,2016-02-25 15:31:00
6705716,16705716,6705716 Total (Diversion),Monthly,12,2016,362.13,ACFT,*,Approved,2017-03-10 11:51:00
6705716,16705716,6705716 Total (Diversion),Monthly,12,2017,295.39,ACFT,*,Approved,2018-03-09 15:01:00
6705716,16705716,6705716 Total (Diversion),Monthly,12,2018,364.9,ACFT,*,Approved,2019-03-19 09:40:00
6705716,16705716,6705716 Total (Diversion),Monthly,12,2019,390.158,ACFT,K,Approved,2020-06-16 17:01:00
6705716,16705716,6705716 Total (Diversion),Monthly,12,2020,252.549,ACFT,*,Approved,2021-05-05 10:30:00
6705716,16705716,6705716 Total (Diversion),Monthly,12,2021,287.643,ACFT,*,Approved,2022-06-25 07:45:00
6705716,16705716,6705716 Total (Diversion),Monthly,12,2022,413.658,ACFT,K,Approved,2022-11-09 12:31:00
6705716,16705716,6705716 Total (Diversion),Monthly,12,2023,259.159,ACFT,K,Approved,2023-11-13 08:30:00
6705716,16705716,6705716 Total (Diversion),Monthly,12,2024,356.0063,ACFT,K,Approved,2024-11-14 14:37:00
6705716,16705716,6705716 Total (Diversion),Monthly,10,2025,1174.2,ACFT,K,Provisional,2025-09-08 09:48:00
6705717,16705717,6705717 Total (Diversion),Monthly,12,1999,244.95,ACFT,U,Approved,2004-06-07 14:10:00
6705717,16705717,6705717 Total (Diversion),Monthly,12,2000,358.09,ACFT,U,Approved,2004-06-07 14:10:00
6705717,16705717,6705717 Total (Diversion),Monthly,12,2001,301.683,ACFT,U,Approved,2004-06-07 14:10:00
6705717,16705717,6705717 Total (Diversion),Monthly,12,2002,338.411,ACFT,U,Approved,2004-06-07 14:10:00
6705717,16705717,6705717 Total (Diversion),Monthly,12,2003,96.966,ACFT,U,Approved,2004-04-29 08:23:00
6705717,16705717,6705717 Total (Diversion),Monthly,12,2004,33.04,ACFT,U,Approved,2005-03-29 07:57:00
6705717,16705717,6705717 Total (Diversion),Monthly,12,2005,162.42,ACFT,U,Approved,2006-03-31 17:12:00
6705717,16705717,6705717 Total (Diversion),Monthly,12,2006,75.22,ACFT,U,Approved,2008-04-04 11:11:00
6705717,16705717,6705717 Total (Diversion),Monthly,12,2007,63.25,ACFT,U,Approved,2008-07-15 15:41:00
6705717,16705717,6705717 Total (Diversion),Monthly,12,2008,240.3,ACFT,U,Approved,2009-06-30 16:25:00
6705717,16705717,6705717 Total (Diversion),Monthly,12,2009,145.42,ACFT,U,Approved,2010-07-03 18:42:00
6705717,16705717,6705717 Total (Diversion),Monthly,12,2010,252.79,ACFT,U,Approved,2011-05-27 16:41:00
6705717,16705717,6705717 Total (Diversion),Monthly,12,2011,373.5,ACFT,U,Approved,2012-06-01 17:54:00
6705717,16705717,6705717 Total (Diversion),Monthly,12,2012,330.32,ACFT,*,Approved,2013-04-02 14:51:00
6705717,16705717,6705717 Total (Diversion),Monthly,12,2013,8.75,ACFT,U,Approved,2021-03-06 03:46:00
6705717,16705717,6705717 Total (Diversion),Annual,1,2014,0.0,ACFT,U,Approved,2021-03-06 23:07:00
6705717,16705717,6705717 Total (Diversion),Monthly,12,2014,525.99,ACFT,U,Approved,2021-03-06 23:07:00
6705717,16705717,6705717 Total (Diversion),Monthly,12,2015,383.92,ACFT,U,Approved,2021-03-06 03:46:00
6705717,16705717,6705717 Total (Diversion),Annual,1,2015,0.0,ACFT,U,Approved,2021-03-06 03:46:00
6705717,16705717,6705717 Total (Diversion),Monthly,12,2016,433.61,ACFT,U,Approved,2021-03-06 03:46:00
6705717,16705717,6705717 Total (Diversion),Annual,1,2016,0.0,ACFT,U,Approved,2021-03-06 03:46:00
6705717,16705717,6705717 Total (Diversion),Annual,2,2017,0.0,ACFT,U,Approved,2021-03-06 01:41:00
6705717,16705717,6705717 Total (Diversion),Monthly,12,2017,369.2,ACFT,U,Approved,2021-03-06 01:41:00
6705717,16705717,6705717 Total (Diversion),Monthly,24,2018,226.61,ACFT,*,Approved,2019-03-19 09:40:00
6705717,16705717,6705717 Total (Diversion),Monthly,24,2019,383.6,ACFT,K,Approved,2020-06-16 17:01:00
6705717,16705717,6705717 Total (Diversion),Monthly,24,2020,237.5,ACFT,*,Approved,2021-05-05 10:30:00
6705717,16705717,6705717 Total (Diversion),Monthly,24,2021,226.666,ACFT,*,Approved,2022-06-25 07:45:00
6705717,16705717,6705717 Total (Diversion),Monthly,24,2022,430.418,ACFT,K,Approved,2024-02-13 13:46:00
6705717,16705717,6705717 Total (Diversion),Monthly,24,2023,264.02,ACFT,K,Approved,2024-06-04 10:59:00
6705717,16705717,6705717 Total (Diversion),Monthly,24,2024,453.444,ACFT,*,Approved,2025-07-09 00:47:00
6705718,16705718,6705718 Total (Diversion),Monthly,12,1999,293.675,ACFT,U,Approved,2004-06-07 14:10:00
6705718,16705718,6705718 Total (Diversion),Monthly,12,2000,444.227,ACFT,U,Approved,2004-06-07 14:10:00
6705718,16705718,6705718 Total (Diversion),Monthly,12,2001,167.569,ACFT,U,Approved,2004-06-07 14:10:00
6705718,16705718,6705718 Total (Diversion),Monthly,12,2002,215.156,ACFT,U,Approved,2004-06-07 14:10:00
6705718,16705718,6705718 Total (Diversion),Monthly,12,2003,0.0,ACFT,U,Approved,2004-04-29 08:23:00
6705718,16705718,6705718 Total (Diversion),Annual,1,2004,0.0,ACFT,U,Approved,2005-03-29 07:57:00
6705718,16705718,6705718 Total (Diversion),Annual,1,2005,0.0,ACFT,U,Approved,2006-03-31 17:12:00
6705718,16705718,6705718 Total (Diversion),Monthly,12,2006,0.0,ACFT,U,Approved,2008-04-04 11:11:00
6705718,16705718,6705718 Total (Diversion),Monthly,12,2008,242.85,ACFT,U,Approved,2009-06-30 16:25:00
6705718,16705718,6705718 Total (Diversion),Monthly,12,2009,534.59,ACFT,U,Approved,2010-07-03 18:42:00
6705718,16705718,6705718 Total (Diversion),Monthly,12,2010,687.8,ACFT,U,Approved,2011-05-27 16:41:00
6705718,16705718,6705718 Total (Diversion),Monthly,12,2011,162.1,ACFT,U,Approved,2012-06-01 17:54:00
6705718,16705718,6705718 Total (Diversion),Annual,1,2012,0.0,ACFT,*,Approved,2013-04-02 14:51:00
6705718,16705718,6705718 Total (Diversion),Annual,1,2013,0.0,ACFT,*,Approved,2014-04-21 10:21:00
6705718,16705718,6705718 Total (Diversion),Annual,1,2014,0.0,ACFT,U,Approved,2015-04-03 13:30:00
6705718,16705718,6705718 Total (Diversion),Annual,1,2015,0.0,ACFT,*,Approved,2016-02-25 15:31:00
6705718,16705718,6705718 Total (Diversion),Annual,1,2016,0.0,ACFT,*,Approved,2017-03-10 11:51:00
6705718,16705718,6705718 Total (Diversion),Annual,1,2017,0.0,ACFT,*,Approved,2018-03-09 15:01:00
6705718,16705718,6705718 Total (Diversion),Annual,1,2018,0.0,ACFT,*,Approved,2019-03-19 09:40:00
6705718,16705718,6705718 Total (Diversion),Annual,1,2019,0.0,ACFT,K,Approved,2020-06-16 17:01:00
6705718,16705718,6705718 Total (Diversion),Annual,1,2020,0.0,ACFT,*,Approved,2021-05-05 10:30:00
6705718,16705718,6705718 Total (Diversion),Annual,1,2021,0.0,ACFT,*,Approved,2022-06-25 07:45:00
6705719,16705719,6705719 Total (Diversion),Monthly,12,1999,799.007,ACFT,U,Approved,2004-06-07 14:10:00
6705719,16705719,6705719 Total (Diversion),Monthly,12,2000,961.614,ACFT,U,Approved,2004-06-07 14:10:00
6705719,16705719,6705719 Total (Diversion),Monthly,12,2001,731.353,ACFT,U,Approved,2004-06-07 14:10:00
6705719,16705719,6705719 Total (Diversion),Monthly,12,2002,723.154,ACFT,U,Approved,2004-06-07 14:10:00
6705719,16705719,6705719 Total (Diversion),Monthly,12,2003,105.87,ACFT,U,Approved,2004-04-29 08:23:00
6705719,16705719,6705719 Total (Diversion),Monthly,12,2004,163.88,ACFT,U,Approved,2005-03-29 07:57:00
6705719,16705719,6705719 Total (Diversion),Monthly,12,2005,534.96,ACFT,U,Approved,2006-03-31 17:12:00
6705719,16705719,6705719 Total (Diversion),Monthly,12,2006,619.69,ACFT,U,Approved,2008-04-04 11:11:00
6705719,16705719,6705719 Total (Diversion),Monthly,12,2007,598.91,ACFT,U,Approved,2008-07-15 15:41:00
6705719,16705719,6705719 Total (Diversion),Monthly,12,2008,575.51,ACFT,U,Approved,2009-06-30 16:25:00
6705719,16705719,6705719 Total (Diversion),Monthly,12,2009,327.12,ACFT,U,Approved,2010-07-03 18:42:00
6705719,16705719,6705719 Total (Diversion),Monthly,12,2010,96.3,ACFT,U,Approved,2011-05-27 16:41:00
6705719,16705719,6705719 Total (Diversion),Monthly,12,2011,649.94,ACFT,U,Approved,2012-06-01 17:54:00
6705719,16705719,6705719 Total (Diversion),Monthly,12,2012,734.76,ACFT,*,Approved,2013-04-02 14:51:00
6705719,16705719,6705719 Total (Diversion),Monthly,12,2013,187.07,ACFT,*,Approved,2014-04-21 10:21:00
6705719,16705719,6705719 Total (Diversion),Monthly,12,2014,672.47,ACFT,U,Approved,2015-04-03 13:30:00
6705719,16705719,6705719 Total (Diversion),Monthly,12,2015,766.6,ACFT,U,Approved,2021-03-06 01:41:00
6705719,16705719,6705719 Total (Diversion),Monthly,12,2016,936.0,ACFT,*,Approved,2017-03-10 11:51:00
6705719,16705719,6705719 Total (Diversion),Monthly,12,2017,701.94,ACFT,*,Approved,2018-03-09 15:01:00
6705719,16705719,6705719 Total (Diversion),Monthly,12,2018,778.14,ACFT,*,Approved,2019-03-19 09:40:00
6705719,16705719,6705719 Total (Diversion),Monthly,12,2019,738.011,ACFT,K,Approved,2020-06-16 17:01:00
6705719,16705719,6705719 Total (Diversion),Monthly,12,2020,668.024,ACFT,*,Approved,2021-05-05 10:30:00
6705719,16705719,6705719 Total (Diversion),Monthly,12,2021,672.051,ACFT,*,Approved,2022-06-25 07:45:00
6705719,16705719,6705719 Total (Diversion),Monthly,12,2022,406.662,ACFT,K,Approved,2022-11-03 13:15:00
6705719,16705719,6705719 Total (Diversion),Monthly,12,2023,258.9019,ACFT,K,Approved,2023-11-15 06:03:00
6705719,16705719,6705719 Total (Diversion),Monthly,12,2024,775.277,ACFT,K,Approved,2024-11-07 10:14:00
6705719,16705719,6705719 Total (Diversion),Monthly,10,2025,490.441,ACFT,K,Provisional,2025-09-09 13:35:00
6705720,16705720,6705720 Total (Diversion),Monthly,12,1999,216.197,ACFT,U,Approved,2004-06-07 14:10:00
6705720,16705720,6705720 Total (Diversion),Monthly,12,2000,310.333,ACFT,U,Approved,2004-06-07 14:10:00
6705720,16705720,6705720 Total (Diversion),Monthly,12,2001,261.905,ACFT,U,Approved,2004-06-07 14:10:00
6705720,16705720,6705720 Total (Diversion),Monthly,12,2002,235.354,ACFT,U,Approved,2004-06-07 14:10:00
6705720,16705720,6705720 Total (Diversion),Monthly,12,2003,84.046,ACFT,U,Approved,2004-04-29 08:23:00
6705720,16705720,6705720 Total (Diversion),Monthly,12,2004,45.79,ACFT,U,Approved,2005-03-29 07:57:00
6705720,16705720,6705720 Total (Diversion),Monthly,12,2005,110.62,ACFT,U,Approved,2006-03-31 17:12:00
6705720,16705720,6705720 Total (Diversion),Monthly,12,2006,134.81,ACFT,U,Approved,2008-04-04 11:11:00
6705720,16705720,6705720 Total (Diversion),Monthly,12,2007,163.82,ACFT,U,Approved,2008-07-15 15:41:00
6705720,16705720,6705720 Total (Diversion),Monthly,12,2008,294.99,ACFT,U,Approved,2009-06-30 16:25:00
6705720,16705720,6705720 Total (Diversion),Monthly,12,2009,209.92,ACFT,U,Approved,2010-07-03 18:42:00
6705720,16705720,6705720 Total (Diversion),Monthly,12,2010,271.16,ACFT,U,Approved,2011-05-27 16:41:00
6705720,16705720,6705720 Total (Diversion),Monthly,12,2011,326.83,ACFT,U,Approved,2012-06-01 17:54:00
6705720,16705720,6705720 Total (Diversion),Monthly,12,2012,334.44,ACFT,*,Approved,2013-04-02 14:51:00
6705720,16705720,6705720 Total (Diversion),Monthly,12,2013,8.66,ACFT,U,Approved,2021-03-06 03:47:00
6705720,16705720,6705720 Total (Diversion),Annual,1,2014,0.0,ACFT,U,Approved,2021-03-06 03:47:00
6705720,16705720,6705720 Total (Diversion),Monthly,12,2014,340.3,ACFT,U,Approved,2021-03-06 03:47:00
6705720,16705720,6705720 Total (Diversion),Monthly,12,2015,204.51,ACFT,U,Approved,2021-03-06 03:47:00
6705720,16705720,6705720 Total (Diversion),Annual,1,2015,0.0,ACFT,U,Approved,2021-03-06 03:47:00
6705720,16705720,6705720 Total (Diversion),Annual,2,2017,0.0,ACFT,U,Approved,2021-03-06 01:41:00
6705720,16705720,6705720 Total (Diversion),Monthly,12,2017,191.65,ACFT,U,Approved,2021-03-06 01:41:00
6705720,16705720,6705720 Total (Diversion),Monthly,24,2018,165.37,ACFT,*,Approved,2019-03-19 09:40:00
6705720,16705720,6705720 Total (Diversion),Monthly,24,2019,315.375,ACFT,K,Approved,2020-06-16 17:01:00
6705720,16705720,6705720 Total (Diversion),Monthly,24,2020,243.9,ACFT,*,Approved,2021-05-05 10:30:00
6705720,16705720,6705720 Total (Diversion),Monthly,24,2021,653.486,ACFT,*,Approved,2022-06-25 07:45:00
6705720,16705720,6705720 Total (Diversion),Monthly,24,2022,113.379,ACFT,K,Approved,2024-02-13 13:46:00
6705720,16705720,6705720 Total (Diversion),Monthly,24,2023,138.74,ACFT,K,Approved,2024-06-04 10:59:00
6705721,16705721,6705721 Total (Diversion),Monthly,12,1999,251.244,ACFT,U,Approved,2004-06-07 14:10:00
6705721,16705721,6705721 Total (Diversion),Monthly,12,2000,418.735,ACFT,U,Approved,2004-06-07 14:10:00
6705721,16705721,6705721 Total (Diversion),Monthly,12,2001,289.858,ACFT,U,Approved,2004-06-07 14:10:00
6705721,16705721,6705721 Total (Diversion),Monthly,12,2002,327.73,ACFT,U,Approved,2004-06-07 14:10:00
6705721,16705721,6705721 Total (Diversion),Monthly,12,2003,58.32,ACFT,U,Approved,2004-04-29 08:23:00
6705721,16705721,6705721 Total (Diversion),Monthly,12,2004,40.21,ACFT,U,Approved,2005-03-29 07:57:00
6705721,16705721,6705721 Total (Diversion),Monthly,12,2005,190.91,ACFT,U,Approved,2006-03-31 17:12:00
6705721,16705721,6705721 Total (Diversion),Monthly,12,2006,143.37,ACFT,U,Approved,2008-04-04 11:11:00
6705721,16705721,6705721 Total (Diversion),Monthly,12,2007,17.35,ACFT,U,Approved,2008-07-15 15:41:00
6705721,16705721,6705721 Total (Diversion),Monthly,12,2008,159.79,ACFT,U,Approved,2009-06-30 16:25:00
6705721,16705721,6705721 Total (Diversion),Monthly,12,2009,277.51,ACFT,U,Approved,2010-07-03 18:42:00
6705721,16705721,6705721 Total (Diversion),Monthly,12,2010,53.91,ACFT,U,Approved,2011-05-27 16:41:00
6705721,16705721,6705721 Total (Diversion),Monthly,12,2011,323.07,ACFT,U,Approved,2012-06-01 17:54:00
6705721,16705721,6705721 Total (Diversion),Monthly,12,2012,245.71,ACFT,*,Approved,2013-04-02 14:51:00
6705721,16705721,6705721 Total (Diversion),Monthly,12,2013,37.01,ACFT,*,Approved,2014-04-21 10:21:00
6705721,16705721,6705721 Total (Diversion),Monthly,12,2014,302.68,ACFT,U,Approved,2015-04-03 13:30:00
6705721,16705721,6705721 Total (Diversion),Monthly,12,2015,227.62,ACFT,*,Approved,2016-02-25 15:31:00
6705721,16705721,6705721 Total (Diversion),Monthly,12,2016,266.84,ACFT,*,Approved,2017-03-10 11:51:00
6705721,16705721,6705721 Total (Diversion),Monthly,12,2017,193.6,ACFT,*,Approved,2018-03-09 15:01:00
6705721,16705721,6705721 Total (Diversion),Monthly,12,2018,264.09,ACFT,*,Approved,2019-03-19 09:40:00
6705721,16705721,6705721 Total (Diversion),Monthly,12,2019,230.85,ACFT,K,Approved,2020-06-16 17:01:00
6705721,16705721,6705721 Total (Diversion),Monthly,12,2020,198.648,ACFT,*,Approved,2021-05-05 10:30:00
6705721,16705721,6705721 Total (Diversion),Monthly,12,2021,151.393,ACFT,*,Approved,2022-06-25 07:45:00
6705721,16705721,6705721 Total (Diversion),Monthly,12,2022,254.807,ACFT,K,Approved,2022-11-03 15:34:00
6705721,16705721,6705721 Total (Diversion),Monthly,12,2023,124.831,ACFT,K,Approved,2023-11-08 09:42:00
6705721,16705721,6705721 Total (Diversion),Monthly,12,2024,320.648,ACFT,K,Approved,2024-11-14 07:56:00
6705721,16705721,6705721 Total (Diversion),Monthly,10,2025,211.112,ACFT,K,Provisional,2025-09-03 14:14:00
6705722,16705722,6705722 Total (Diversion),Monthly,12,1999,495.67,ACFT,U,Approved,2004-06-07 14:10:00
6705722,16705722,6705722 Total (Diversion),Monthly,12,2000,863.99,ACFT,U,Approved,2004-06-07 14:10:00
6705722,16705722,6705722 Total (Diversion),Monthly,12,2001,594.688,ACFT,U,Approved,2004-06-07 14:10:00
6705722,16705722,6705722 Total (Diversion),Monthly,12,2002,542.719,ACFT,U,Approved,2004-06-07 14:10:00
6705722,16705722,6705722 Total (Diversion),Monthly,12,2003,2.526,ACFT,U,Approved,2004-04-29 08:23:00
6705722,16705722,6705722 Total (Diversion),Monthly,12,2004,43.21,ACFT,U,Approved,2005-03-29 07:57:00
6705722,16705722,6705722 Total (Diversion),Monthly,12,2005,212.59,ACFT,U,Approved,2006-03-31 17:12:00
6705722,16705722,6705722 Total (Diversion),Monthly,12,2006,323.96,ACFT,U,Approved,2008-04-04 11:11:00
6705722,16705722,6705722 Total (Diversion),Monthly,12,2007,305.16,ACFT,U,Approved,2008-07-15 15:41:00
6705722,16705722,6705722 Total (Diversion),Monthly,12,2008,368.48,ACFT,U,Approved,2009-06-30 16:25:00
6705722,16705722,6705722 Total (Diversion),Monthly,12,2009,575.31,ACFT,U,Approved,2010-07-03 18:42:00
6705722,16705722,6705722 Total (Diversion),Monthly,12,2010,275.23,ACFT,U,Approved,2011-05-27 16:41:00
6705722,16705722,6705722 Total (Diversion),Monthly,12,2011,223.18,ACFT,U,Approved,2012-06-01 17:54:00
6705722,16705722,6705722 Total (Diversion),Monthly,12,2012,281.38,ACFT,*,Approved,2013-04-02 14:51:00
6705722,16705722,6705722 Total (Diversion),Monthly,12,2013,0.85,ACFT,*,Approved,2014-04-21 10:21:00
6705722,16705722,6705722 Total (Diversion),Monthly,24,2014,863.04,ACFT,U,Approved,2021-03-06 03:47:00
6705722,16705722,6705722 Total (Diversion),Monthly,24,2015,509.38,ACFT,U,Approved,2021-03-06 23:08:00
6705722,16705722,6705722 Total (Diversion),Monthly,24,2016,393.59,ACFT,U,Approved,2021-03-06 03:47:00
6705722,16705722,6705722 Total (Diversion),Monthly,36,2017,709.58,ACFT,U,Approved,2021-03-06 01:42:00
6705722,16705722,6705722 Total (Diversion),Monthly,24,2018,711.98,ACFT,*,Approved,2019-03-19 09:40:00
6705722,16705722,6705722 Total (Diversion),Monthly,24,2019,1052.634,ACFT,K,Approved,2020-06-16 17:01:00
6705722,16705722,6705722 Total (Diversion),Monthly,24,2020,899.213,ACFT,*,Approved,2021-05-05 10:30:00
6705722,16705722,6705722 Total (Diversion),Monthly,24,2021,340.28,ACFT,*,Approved,2022-06-25 07:45:00
6705722,16705722,6705722 Total (Diversion),Monthly,24,2022,504.325,ACFT,K,Approved,2024-02-13 13:46:00
6705722,16705722,6705722 Total (Diversion),Monthly,24,2023,416.47,ACFT,K,Approved,2024-06-04 10:59:00
6705722,16705722,6705722 Total (Diversion),Monthly,24,2024,807.628,ACFT,*,Approved,2025-07-09 00:47:00
6705723,16705723,6705723 Total (Diversion),Monthly,12,1999,131.155,ACFT,U,Approved,2004-06-07 14:10:00
6705723,16705723,6705723 Total (Diversion),Monthly,12,2000,236.281,ACFT,U,Approved,2004-06-07 14:10:00
6705723,16705723,6705723 Total (Diversion),Monthly,12,2001,143.774,ACFT,U,Approved,2004-06-07 14:10:00
6705723,16705723,6705723 Total (Diversion),Monthly,12,2002,255.826,ACFT,U,Approved,2004-06-07 14:10:00
6705723,16705723,6705723 Total (Diversion),Monthly,12,2003,183.106,ACFT,U,Approved,2004-04-29 08:23:00
6705723,16705723,6705723 Total (Diversion),Monthly,12,2004,28.83,ACFT,U,Approved,2005-03-29 07:57:00
6705723,16705723,6705723 Total (Diversion),Monthly,12,2005,129.75,ACFT,U,Approved,2006-03-31 17:12:00
6705723,16705723,6705723 Total (Diversion),Monthly,12,2006,26.81,ACFT,U,Approved,2008-04-04 11:11:00
6705723,16705723,6705723 Total (Diversion),Monthly,12,2007,133.49,ACFT,U,Approved,2008-07-15 15:41:00
6705723,16705723,6705723 Total (Diversion),Monthly,12,2008,82.37,ACFT,U,Approved,2009-06-30 16:25:00
6705723,16705723,6705723 Total (Diversion),Monthly,12,2009,130.0,ACFT,U,Approved,2010-07-03 18:42:00
6705723,16705723,6705723 Total (Diversion),Monthly,12,2010,39.78,ACFT,U,Approved,2011-05-27 16:41:00
6705723,16705723,6705723 Total (Diversion),Annual,1,2011,0.0,ACFT,U,Approved,2012-06-01 17:54:00
6705723,16705723,6705723 Total (Diversion),Annual,1,2012,0.0,ACFT,*,Approved,2013-04-02 14:51:00
6705723,16705723,6705723 Total (Diversion),Annual,1,2013,0.0,ACFT,*,Approved,2014-04-21 10:21:00
6705723,16705723,6705723 Total (Diversion),Monthly,24,2014,1050.35,ACFT,U,Approved,2021-03-06 23:08:00
6705723,16705723,6705723 Total (Diversion),Monthly,24,2015,693.08,ACFT,U,Approved,2021-03-06 03:47:00
6705723,16705723,6705723 Total (Diversion),Monthly,36,2017,818.56,ACFT,U,Approved,2021-03-06 01:42:00
6705723,16705723,6705723 Total (Diversion),Monthly,24,2018,810.52,ACFT,*,Approved,2019-03-19 09:40:00
6705723,16705723,6705723 Total (Diversion),Monthly,24,2019,1079.68,ACFT,K,Approved,2020-06-16 17:01:00
6705723,16705723,6705723 Total (Diversion),Monthly,24,2020,883.389,ACFT,*,Approved,2021-05-05 10:30:00
6705723,16705723,6705723 Total (Diversion),Monthly,24,2021,1271.048,ACFT,*,Approved,2022-06-25 07:45:00
6705723,16705723,6705723 Total (Diversion),Monthly,24,2022,1033.542,ACFT,K,Approved,2024-02-13 13:46:00
6705723,16705723,6705723 Total (Diversion),Monthly,24,2023,700.8,ACFT,K,Approved,2024-06-04 10:59:00
6705726,16705726,6705726 Total (Diversion),Monthly,12,1999,185.298,ACFT,U,Approved,2004-06-07 14:10:00
6705726,16705726,6705726 Total (Diversion),Monthly,12,2000,272.802,ACFT,U,Approved,2004-06-07 14:10:00
6705726,16705726,6705726 Total (Diversion),Monthly,12,2001,254.416,ACFT,U,Approved,2004-06-07 14:10:00
6705726,16705726,6705726 Total (Diversion),Monthly,12,2002,253.832,ACFT,U,Approved,2004-06-07 14:10:00
6705726,16705726,6705726 Total (Diversion),Monthly,12,2003,122.354,ACFT,U,Approved,2004-04-29 08:23:00
6705726,16705726,6705726 Total (Diversion),Monthly,12,2004,109.51,ACFT,U,Approved,2005-03-29 07:57:00
6705726,16705726,6705726 Total (Diversion),Monthly,12,2005,186.36,ACFT,U,Approved,2006-03-31 17:12:00
6705726,16705726,6705726 Total (Diversion),Monthly,12,2006,206.44,ACFT,U,Approved,2008-04-04 11:11:00
6705726,16705726,6705726 Total (Diversion),Monthly,12,2007,145.24,ACFT,U,Approved,2008-07-15 15:41:00
6705726,16705726,6705726 Total (Diversion),Monthly,12,2008,209.48,ACFT,U,Approved,2009-06-30 16:25:00
6705726,16705726,6705726 Total (Diversion),Monthly,12,2009,323.74,ACFT,U,Approved,2010-07-03 18:42:00
6705726,16705726,6705726 Total (Diversion),Monthly,12,2010,292.41,ACFT,U,Approved,2011-05-27 16:41:00
6705726,16705726,6705726 Total (Diversion),Monthly,12,2011,265.95,ACFT,U,Approved,2012-06-01 17:54:00
6705726,16705726,6705726 Total (Diversion),Monthly,12,2012,198.38,ACFT,*,Approved,2013-04-02 14:51:00
6705726,16705726,6705726 Total (Diversion),Monthly,12,2013,17.77,ACFT,*,Approved,2014-04-21 10:21:00
6705726,16705726,6705726 Total (Diversion),Monthly,24,2014,486.4,ACFT,U,Approved,2021-03-06 23:08:00
6705726,16705726,6705726 Total (Diversion),Monthly,24,2015,380.47,ACFT,U,Approved,2021-03-06 03:47:00
6705726,16705726,6705726 Total (Diversion),Monthly,36,2017,297.06,ACFT,U,Approved,2021-03-06 01:43:00
6705726,16705726,6705726 Total (Diversion),Monthly,24,2018,152.29,ACFT,*,Approved,2019-03-19 09:40:00
6705726,16705726,6705726 Total (Diversion),Monthly,24,2019,549.85,ACFT,K,Approved,2020-06-16 17:01:00
6705726,16705726,6705726 Total (Diversion),Monthly,24,2020,453.639,ACFT,*,Approved,2021-05-05 10:30:00
6705726,16705726,6705726 Total (Diversion),Monthly,24,2021,25.185,ACFT,*,Approved,2022-06-25 07:45:00
6705726,16705726,6705726 Total (Diversion),Monthly,24,2022,13.63,ACFT,K,Approved,2024-02-13 13:46:00
6705726,16705726,6705726 Total (Diversion),Monthly,24,2023,113.11,ACFT,K,Approved,2024-06-04 10:59:00
6705728,16705728,6705728 Total (Diversion),Monthly,12,1999,190.684,ACFT,U,Approved,2004-06-07 14:10:00
6705728,16705728,6705728 Total (Diversion),Monthly,12,2000,281.003,ACFT,U,Approved,2004-06-07 14:10:00
6705728,16705728,6705728 Total (Diversion),Monthly,12,2001,281.907,ACFT,U,Approved,2004-06-07 14:10:00
6705728,16705728,6705728 Total (Diversion),Monthly,12,2002,348.862,ACFT,U,Approved,2004-06-07 14:10:00
6705728,16705728,6705728 Total (Diversion),Monthly,12,2003,179.432,ACFT,U,Approved,2004-04-29 08:23:00
6705728,16705728,6705728 Total (Diversion),Monthly,12,2004,122.36,ACFT,U,Approved,2005-03-29 07:57:00
6705728,16705728,6705728 Total (Diversion),Monthly,12,2005,226.82,ACFT,U,Approved,2006-03-31 17:12:00
6705728,16705728,6705728 Total (Diversion),Monthly,12,2006,283.75,ACFT,U,Approved,2008-04-04 11:11:00
6705728,16705728,6705728 Total (Diversion),Monthly,12,2007,200.57,ACFT,U,Approved,2008-07-15 15:41:00
6705728,16705728,6705728 Total (Diversion),Monthly,12,2008,191.3,ACFT,U,Approved,2009-06-30 16:25:00
6705728,16705728,6705728 Total (Diversion),Monthly,12,2009,253.51,ACFT,U,Approved,2010-07-03 18:42:00
6705728,16705728,6705728 Total (Diversion),Monthly,12,2010,294.1,ACFT,U,Approved,2011-05-27 16:41:00
6705728,16705728,6705728 Total (Diversion),Monthly,12,2011,281.32,ACFT,U,Approved,2012-06-01 17:54:00
6705728,16705728,6705728 Total (Diversion),Monthly,12,2012,248.59,ACFT,*,Approved,2013-04-02 14:51:00
6705728,16705728,6705728 Total (Diversion),Annual,1,2013,0.0,ACFT,*,Approved,2014-04-21 10:21:00
6705728,16705728,6705728 Total (Diversion),Monthly,24,2014,254.37,ACFT,U,Approved,2021-03-06 23:08:00
6705728,16705728,6705728 Total (Diversion),Monthly,24,2015,197.23,ACFT,U,Approved,2021-03-06 03:48:00
6705728,16705728,6705728 Total (Diversion),Monthly,36,2017,211.33,ACFT,U,Approved,2021-03-06 01:44:00
6705728,16705728,6705728 Total (Diversion),Monthly,24,2018,155.92,ACFT,*,Approved,2019-03-19 09:40:00
6705728,16705728,6705728 Total (Diversion),Monthly,24,2019,491.227,ACFT,K,Approved,2020-06-16 17:01:00
6705728,16705728,6705728 Total (Diversion),Monthly,24,2020,392.918,ACFT,*,Approved,2021-05-05 10:30:00
6705728,16705728,6705728 Total (Diversion),Monthly,24,2021,35.318,ACFT,*,Approved,2022-06-25 07:45:00
6705728,16705728,6705728 Total (Diversion),Monthly,24,2022,276.857,ACFT,K,Approved,2024-02-13 13:46:00
6705728,16705728,6705728 Total (Diversion),Monthly,24,2023,58.72,ACFT,K,Approved,2024-06-04 10:59:00
6705729,16705729,6705729 Total (Diversion),Monthly,12,1999,198.367,ACFT,U,Approved,2004-06-07 14:10:00
6705729,16705729,6705729 Total (Diversion),Monthly,12,2000,210.621,ACFT,U,Approved,2004-06-07 14:10:00
6705729,16705729,6705729 Total (Diversion),Monthly,12,2001,162.258,ACFT,U,Approved,2004-06-07 14:10:00
6705729,16705729,6705729 Total (Diversion),Monthly,12,2002,154.839,ACFT,U,Approved,2004-06-07 14:10:00
6705729,16705729,6705729 Total (Diversion),Monthly,12,2003,0.0,ACFT,U,Approved,2004-04-29 08:23:00
6705729,16705729,6705729 Total (Diversion),Annual,1,2004,0.0,ACFT,U,Approved,2005-03-29 07:57:00
6705729,16705729,6705729 Total (Diversion),Monthly,12,2005,128.75,ACFT,U,Approved,2006-03-31 17:12:00
6705729,16705729,6705729 Total (Diversion),Monthly,12,2006,32.57,ACFT,U,Approved,2008-04-04 11:11:00
6705729,16705729,6705729 Total (Diversion),Monthly,12,2007,144.16,ACFT,U,Approved,2008-07-15 15:41:00
6705729,16705729,6705729 Total (Diversion),Monthly,12,2008,114.48,ACFT,U,Approved,2009-06-30 16:25:00
6705729,16705729,6705729 Total (Diversion),Monthly,12,2009,128.11,ACFT,U,Approved,2010-07-03 18:42:00
6705729,16705729,6705729 Total (Diversion),Monthly,12,2010,191.77,ACFT,U,Approved,2011-05-27 16:41:00
6705729,16705729,6705729 Total (Diversion),Monthly,12,2011,137.35,ACFT,U,Approved,2012-06-01 17:54:00
6705729,16705729,6705729 Total (Diversion),Monthly,12,2012,137.31,ACFT,*,Approved,2013-04-02 14:51:00
6705729,16705729,6705729 Total (Diversion),Monthly,12,2013,13.06,ACFT,*,Approved,2014-04-21 10:21:00
6705729,16705729,6705729 Total (Diversion),Monthly,24,2014,530.14,ACFT,U,Approved,2021-03-06 03:48:00
6705729,16705729,6705729 Total (Diversion),Monthly,24,2015,468.41,ACFT,U,Approved,2021-03-06 03:48:00
6705729,16705729,6705729 Total (Diversion),Monthly,36,2017,206.34,ACFT,U,Approved,2021-03-06 01:44:00
6705729,16705729,6705729 Total (Diversion),Monthly,24,2018,150.93,ACFT,*,Approved,2019-03-19 09:40:00
6705729,16705729,6705729 Total (Diversion),Monthly,24,2019,146.826,ACFT,K,Approved,2020-06-16 17:01:00
6705729,16705729,6705729 Total (Diversion),Monthly,24,2020,78.149,ACFT,*,Approved,2021-05-05 10:30:00
6705729,16705729,6705729 Total (Diversion),Monthly,24,2021,0.0,ACFT,*,Approved,2022-06-25 07:45:00
6705729,16705729,6705729 Total (Diversion),Monthly,24,2022,0.266,ACFT,K,Approved,2024-02-13 13:46:00
6705729,16705729,6705729 Total (Diversion),Monthly,24,2023,0.0007,ACFT,K,Approved,2024-06-04 10:59:00
6705735,16705735,6705735 Total (Diversion),Monthly,12,1999,182.015,ACFT,U,Approved,2004-06-07 14:10:00
6705735,16705735,6705735 Total (Diversion),Monthly,12,2000,531.797,ACFT,U,Approved,2004-06-07 14:10:00
6705735,16705735,6705735 Total (Diversion),Monthly,12,2001,296.09,ACFT,U,Approved,2004-06-07 14:10:00
6705735,16705735,6705735 Total (Diversion),Monthly,12,2002,162.063,ACFT,U,Approved,2004-06-07 14:10:00
6705735,16705735,6705735 Total (Diversion),Monthly,12,2003,0.431,ACFT,U,Approved,2004-04-29 08:23:00
6705735,16705735,6705735 Total (Diversion),Monthly,12,2004,0.674,ACFT,U,Approved,2005-03-29 07:57:00
6705735,16705735,6705735 Total (Diversion),Monthly,12,2005,0.88,ACFT,U,Approved,2006-03-31 17:12:00
6705735,16705735,6705735 Total (Diversion),Monthly,12,2006,0.14,ACFT,U,Approved,2008-04-04 11:11:00
6705735,16705735,6705735 Total (Diversion),Annual,1,2008,0.0,ACFT,U,Approved,2009-06-30 16:25:00
6705735,16705735,6705735 Total (Diversion),Monthly,12,2009,0.03,ACFT,U,Approved,2010-07-03 18:42:00
6705735,16705735,6705735 Total (Diversion),Annual,1,2010,0.0,ACFT,U,Approved,2011-05-27 16:41:00
6705735,16705735,6705735 Total (Diversion),Annual,1,2011,0.0,ACFT,U,Approved,2012-06-01 17:54:00
6705735,16705735,6705735 Total (Diversion),Annual,1,2012,0.0,ACFT,*,Approved,2013-04-02 14:51:00
6705735,16705735,6705735 Total (Diversion),Annual,1,2013,0.0,ACFT,*,Approved,2014-04-21 10:21:00
6705735,16705735,6705735 Total (Diversion),Annual,1,2014,0.0,ACFT,U,Approved,2015-04-03 13:30:00
6705735,16705735,6705735 Total (Diversion),Annual,1,2015,0.0,ACFT,*,Approved,2016-02-25 15:31:00
6705735,16705735,6705735 Total (Diversion),Annual,1,2016,0.0,ACFT,*,Approved,2017-03-10 11:51:00
6705735,16705735,6705735 Total (Diversion),Annual,1,2017,0.0,ACFT,*,Approved,2018-03-09 15:01:00
6705735,16705735,6705735 Total (Diversion),Annual,1,2018,0.0,ACFT,*,Approved,2019-03-19 09:40:00
6705735,16705735,6705735 Total (Diversion),Annual,1,2019,0.0,ACFT,K,Approved,2020-06-16 17:01:00
6705735,16705735,6705735 Total (Diversion),Annual,1,2020,0.0,ACFT,*,Approved,2021-05-05 10:30:00
6705735,16705735,6705735 Total (Diversion),Annual,1,2021,0.0,ACFT,*,Approved,2022-06-25 07:45:00
6705736,16705736,6705736 Total (Diversion),Monthly,12,1999,523.628,ACFT,U,Approved,2004-06-07 14:10:00
6705736,16705736,6705736 Total (Diversion),Monthly,12,2000,687.643,ACFT,U,Approved,2004-06-07 14:10:00
6705736,16705736,6705736 Total (Diversion),Monthly,12,2001,546.883,ACFT,U,Approved,2004-06-07 14:10:00
6705736,16705736,6705736 Total (Diversion),Monthly,12,2002,467.961,ACFT,U,Approved,2004-06-07 14:10:00
6705736,16705736,6705736 Total (Diversion),Monthly,12,2003,70.987,ACFT,U,Approved,2004-04-29 08:23:00
6705736,16705736,6705736 Total (Diversion),Monthly,12,2004,42.54,ACFT,U,Approved,2005-03-29 07:57:00
6705736,16705736,6705736 Total (Diversion),Monthly,12,2005,148.76,ACFT,U,Approved,2006-03-31 17:12:00
6705736,16705736,6705736 Total (Diversion),Monthly,12,2006,104.39,ACFT,U,Approved,2008-04-04 11:11:00
6705736,16705736,6705736 Total (Diversion),Monthly,12,2007,186.61,ACFT,U,Approved,2008-07-15 15:41:00
6705736,16705736,6705736 Total (Diversion),Monthly,12,2008,330.02,ACFT,U,Approved,2009-06-30 16:25:00
6705736,16705736,6705736 Total (Diversion),Monthly,12,2009,197.78,ACFT,U,Approved,2010-07-03 18:42:00
6705736,16705736,6705736 Total (Diversion),Monthly,12,2010,97.03,ACFT,U,Approved,2021-03-06 23:08:00
6705736,16705736,6705736 Total (Diversion),Monthly,12,2011,84.78,ACFT,U,Approved,2012-06-01 17:54:00
6705736,16705736,6705736 Total (Diversion),Monthly,12,2012,137.52,ACFT,*,Approved,2013-04-02 14:51:00
6705736,16705736,6705736 Total (Diversion),Monthly,12,2013,0.02,ACFT,*,Approved,2014-04-21 10:21:00
6705736,16705736,6705736 Total (Diversion),Monthly,24,2014,620.46,ACFT,U,Approved,2021-03-06 03:49:00
6705736,16705736,6705736 Total (Diversion),Monthly,24,2015,235.29,ACFT,U,Approved,2021-03-06 03:49:00
6705736,16705736,6705736 Total (Diversion),Monthly,36,2017,174.36,ACFT,U,Approved,2021-03-06 01:45:00
6705736,16705736,6705736 Total (Diversion),Monthly,24,2018,248.18,ACFT,*,Approved,2019-03-19 09:40:00
6705736,16705736,6705736 Total (Diversion),Monthly,24,2019,401.707,ACFT,K,Approved,2020-06-16 17:01:00
6705736,16705736,6705736 Total (Diversion),Monthly,24,2020,623.332,ACFT,*,Approved,2021-05-05 10:30:00
6705736,16705736,6705736 Total (Diversion),Monthly,24,2021,104.045,ACFT,*,Approved,2022-06-25 07:45:00
6705736,16705736,6705736 Total (Diversion),Monthly,24,2022,88.048,ACFT,K,Approved,2024-02-13 13:46:00
6705736,16705736,6705736 Total (Diversion),Monthly,24,2023,68.96,ACFT,K,Approved,2024-06-04 10:59:00
6705741,16705741,6705741 Total (Diversion),Monthly,12,2000,481.156,ACFT,U,Approved,2004-06-07 14:10:00
6705741,16705741,6705741 Total (Diversion),Monthly,12,2001,314.901,ACFT,U,Approved,2004-06-07 14:10:00
6705741,16705741,6705741 Total (Diversion),Monthly,12,2002,329.779,ACFT,U,Approved,2004-06-07 14:10:00
6705741,16705741,6705741 Total (Diversion),Monthly,12,2003,110.272,ACFT,U,Approved,2004-04-29 08:23:00
6705741,16705741,6705741 Total (Diversion),Monthly,12,2004,0.094,ACFT,U,Approved,2005-03-29 07:57:00
6705741,16705741,6705741 Total (Diversion),Monthly,12,2005,108.96,ACFT,U,Approved,2006-03-31 17:12:00
6705741,16705741,6705741 Total (Diversion),Monthly,12,2006,0.65,ACFT,U,Approved,2008-04-04 11:11:00
6705741,16705741,6705741 Total (Diversion),Monthly,12,2008,462.88,ACFT,U,Approved,2009-06-30 16:25:00
6705741,16705741,6705741 Total (Diversion),Monthly,12,2009,398.18,ACFT,U,Approved,2010-07-03 18:42:00
6705741,16705741,6705741 Total (Diversion),Monthly,12,2010,492.31,ACFT,U,Approved,2011-05-27 16:41:00
6705741,16705741,6705741 Total (Diversion),Monthly,12,2011,399.44,ACFT,U,Approved,2012-06-01 17:54:00
6705741,16705741,6705741 Total (Diversion),Monthly,12,2012,557.49,ACFT,*,Approved,2013-04-02 14:51:00
6705741,16705741,6705741 Total (Diversion),Monthly,12,2013,14.82,ACFT,*,Approved,2014-04-21 10:21:00
6705741,16705741,6705741 Total (Diversion),Monthly,12,2014,315.93,ACFT,U,Approved,2015-04-03 13:30:00
6705741,16705741,6705741 Total (Diversion),Monthly,12,2015,295.26,ACFT,*,Approved,2016-02-25 15:31:00
6705741,16705741,6705741 Total (Diversion),Monthly,12,2016,693.92,ACFT,U,Approved,2021-03-06 01:45:00
6705741,16705741,6705741 Total (Diversion),Monthly,12,2017,329.5,ACFT,*,Approved,2018-03-09 15:01:00
6705741,16705741,6705741 Total (Diversion),Monthly,12,2018,326.9,ACFT,*,Approved,2019-03-19 09:40:00
6705741,16705741,6705741 Total (Diversion),Monthly,12,2019,542.351,ACFT,K,Approved,2020-06-16 17:01:00
6705741,16705741,6705741 Total (Diversion),Monthly,12,2020,352.546,ACFT,*,Approved,2021-05-05 10:30:00
6705741,16705741,6705741 Total (Diversion),Monthly,12,2021,477.195,ACFT,*,Approved,2022-06-25 07:45:00
6705741,16705741,6705741 Total (Diversion),Monthly,12,2022,557.368,ACFT,K,Approved,2022-11-09 12:31:00
6705741,16705741,6705741 Total (Diversion),Monthly,12,2023,471.7,ACFT,K,Approved,2023-11-13 14:01:00
6705741,16705741,6705741 Total (Diversion),Monthly,12,2024,808.763,ACFT,K,Approved,2024-11-14 14:37:00
6705741,16705741,6705741 Total (Diversion),Monthly,10,2025,513.142,ACFT,K,Provisional,2025-09-09 12:25:00
6705749,16705749,6705749 Total (Diversion),Monthly,12,1999,185.453,ACFT,U,Approved,2004-06-07 14:10:00
6705749,16705749,6705749 Total (Diversion),Monthly,12,2000,162.546,ACFT,U,Approved,2004-06-07 14:10:00
6705749,16705749,6705749 Total (Diversion),Monthly,12,2001,318.793,ACFT,U,Approved,2004-06-07 14:10:00
6705749,16705749,6705749 Total (Diversion),Monthly,12,2002,297.63,ACFT,U,Approved,2004-06-07 14:10:00
6705749,16705749,6705749 Total (Diversion),Monthly,12,2003,0.0,ACFT,U,Approved,2004-04-29 08:23:00
6705749,16705749,6705749 Total (Diversion),Monthly,12,2004,10.27,ACFT,U,Approved,2005-03-29 07:57:00
6705749,16705749,6705749 Total (Diversion),Monthly,12,2005,122.21,ACFT,U,Approved,2006-03-31 17:12:00
6705749,16705749,6705749 Total (Diversion),Monthly,12,2006,80.4,ACFT,U,Approved,2008-04-04 11:11:00
6705749,16705749,6705749 Total (Diversion),Monthly,12,2008,171.72,ACFT,U,Approved,2009-06-30 16:25:00
6705749,16705749,6705749 Total (Diversion),Monthly,12,2009,227.94,ACFT,U,Approved,2010-07-03 18:42:00
6705749,16705749,6705749 Total (Diversion),Monthly,12,2010,252.81,ACFT,U,Approved,2011-05-27 16:41:00
6705749,16705749,6705749 Total (Diversion),Monthly,12,2011,274.45,ACFT,U,Approved,2012-06-01 17:54:00
6705749,16705749,6705749 Total (Diversion),Monthly,12,2012,251.58,ACFT,*,Approved,2013-04-02 14:51:00
6705749,16705749,6705749 Total (Diversion),Monthly,12,2013,34.47,ACFT,*,Approved,2014-04-21 10:21:00
6705749,16705749,6705749 Total (Diversion),Monthly,12,2014,77.18,ACFT,U,Approved,2015-04-03 13:30:00
6705749,16705749,6705749 Total (Diversion),Monthly,12,2015,185.67,ACFT,*,Approved,2016-02-25 15:31:00
6705749,16705749,6705749 Total (Diversion),Monthly,12,2016,158.16,ACFT,*,Approved,2017-03-10 11:51:00
6705749,16705749,6705749 Total (Diversion),Monthly,12,2017,106.37,ACFT,*,Approved,2018-03-09 15:01:00
6705749,16705749,6705749 Total (Diversion),Monthly,12,2018,285.8,ACFT,*,Approved,2019-03-19 09:40:00
6705749,16705749,6705749 Total (Diversion),Monthly,12,2019,211.947,ACFT,K,Approved,2020-06-16 17:01:00
6705749,16705749,6705749 Total (Diversion),Monthly,12,2020,180.833,ACFT,*,Approved,2021-05-05 10:30:00
6705749,16705749,6705749 Total (Diversion),Monthly,12,2021,214.943,ACFT,*,Approved,2022-06-25 07:45:00
6705749,16705749,6705749 Total (Diversion),Monthly,12,2022,241.763,ACFT,K,Approved,2022-11-14 10:18:00
6705749,16705749,6705749 Total (Diversion),Monthly,12,2023,46.358,ACFT,K,Approved,2023-11-13 09:26:00
6705749,16705749,6705749 Total (Diversion),Monthly,12,2024,291.649,ACFT,K,Approved,2024-11-08 09:51:00
6705749,16705749,6705749 Total (Diversion),Monthly,10,2025,240.969,ACFT,K,Provisional,2025-09-09 13:34:00
6705750,16705750,6705750 Total (Diversion),Monthly,12,1999,0.0,ACFT,U,Approved,2004-06-07 14:10:00
6705750,16705750,6705750 Total (Diversion),Monthly,12,2000,0.0,ACFT,U,Approved,2004-06-07 14:10:00
6705750,16705750,6705750 Total (Diversion),Monthly,12,2001,0.0,ACFT,U,Approved,2004-06-07 14:10:00
6705750,16705750,6705750 Total (Diversion),Monthly,12,2002,0.0,ACFT,U,Approved,2004-06-07 14:10:00
6705750,16705750,6705750 Total (Diversion),Monthly,12,2003,0.0,ACFT,U,Approved,2004-04-29 08:23:00
6705750,16705750,6705750 Total (Diversion),Annual,1,2004,0.0,ACFT,U,Approved,2005-03-29 07:57:00
6705750,16705750,6705750 Total (Diversion),Annual,1,2005,0.0,ACFT,U,Approved,2006-03-31 17:12:00
6705750,16705750,6705750 Total (Diversion),Monthly,12,2006,0.0,ACFT,U,Approved,2008-04-04 11:11:00
6705750,16705750,6705750 Total (Diversion),Annual,1,2008,0.0,ACFT,U,Approved,2009-06-30 16:25:00
6705750,16705750,6705750 Total (Diversion),Annual,1,2009,0.0,ACFT,U,Approved,2010-07-03 18:42:00
6705750,16705750,6705750 Total (Diversion),Annual,1,2010,0.0,ACFT,U,Approved,2011-05-27 16:41:00
6705750,16705750,6705750 Total (Diversion),Annual,1,2011,0.0,ACFT,U,Approved,2012-06-01 17:54:00
6705750,16705750,6705750 Total (Diversion),Annual,1,2012,0.0,ACFT,*,Approved,2013-04-02 14:51:00
6705750,16705750,6705750 Total (Diversion),Annual,1,2013,0.0,ACFT,*,Approved,2014-04-21 10:21:00
6705750,16705750,6705750 Total (Diversion),Annual,1,2014,0.0,ACFT,U,Approved,2015-04-03 13:30:00
6705750,16705750,6705750 Total (Diversion),Annual,1,2015,0.0,ACFT,*,Approved,2016-02-25 15:31:00
6705750,16705750,6705750 Total (Diversion),Annual,1,2016,0.0,ACFT,*,Approved,2017-03-10 11:51:00
6705750,16705750,6705750 Total (Diversion),Annual,1,2017,0.0,ACFT,*,Approved,2018-03-09 15:01:00
6705750,16705750,6705750 Total (Diversion),Annual,1,2018,0.0,ACFT,*,Approved,2019-03-19 09:40:00
6705750,16705750,6705750 Total (Diversion),Annual,1,2019,0.0,ACFT,K,Approved,2020-06-16 17:01:00
6705750,16705750,6705750 Total (Diversion),Annual,1,2020,0.0,ACFT,*,Approved,2021-05-05 10:30:00
6705750,16705750,6705750 Total (Diversion),Annual,1,2021,0.0,ACFT,*,Approved,2022-06-25 07:45:00
6705752,16705752,6705752 Total (Diversion),Monthly,12,2007,28.57,ACFT,U,Approved,2008-07-15 15:41:00
6705752,16705752,6705752 Total (Diversion),Monthly,12,2008,280.66,ACFT,U,Approved,2009-06-30 16:25:00
6705752,16705752,6705752 Total (Diversion),Monthly,12,2009,162.69,ACFT,U,Approved,2010-07-03 18:42:00
6705752,16705752,6705752 Total (Diversion),Monthly,12,2010,212.93,ACFT,U,Approved,2011-05-27 16:41:00
6705752,16705752,6705752 Total (Diversion),Monthly,12,2011,174.03,ACFT,U,Approved,2012-06-01 17:54:00
6705752,16705752,6705752 Total (Diversion),Monthly,12,2012,249.56,ACFT,*,Approved,2013-04-02 14:51:00
6705752,16705752,6705752 Total (Diversion),Annual,1,2013,0.0,ACFT,*,Approved,2014-04-21 10:21:00
6705752,16705752,6705752 Total (Diversion),Monthly,12,2014,281.85,ACFT,U,Approved,2015-04-03 13:30:00
6705752,16705752,6705752 Total (Diversion),Monthly,12,2015,306.61,ACFT,*,Approved,2016-02-25 15:31:00
6705752,16705752,6705752 Total (Diversion),Monthly,12,2016,204.07,ACFT,*,Approved,2017-03-10 11:51:00
6705752,16705752,6705752 Total (Diversion),Monthly,12,2017,220.84,ACFT,*,Approved,2018-03-09 15:01:00
6705752,16705752,6705752 Total (Diversion),Monthly,12,2018,264.55,ACFT,*,Approved,2019-03-19 09:40:00
6705752,16705752,6705752 Total (Diversion),Monthly,12,2019,263.436,ACFT,K,Approved,2020-06-16 17:01:00
6705752,16705752,6705752 Total (Diversion),Monthly,12,2020,238.393,ACFT,*,Approved,2021-05-05 10:30:00
6705752,16705752,6705752 Total (Diversion),Monthly,12,2021,214.558,ACFT,*,Approved,2022-06-25 07:45:00
6705752,16705752,6705752 Total (Diversion),Monthly,12,2022,193.701,ACFT,K,Approved,2022-11-09 12:31:00
6705752,16705752,6705752 Total (Diversion),Monthly,12,2023,28.406,ACFT,K,Approved,2023-11-13 08:32:00
6705752,16705752,6705752 Total (Diversion),Monthly,12,2024,251.2,ACFT,K,Approved,2024-11-14 12:59:00
6705752,16705752,6705752 Total (Diversion),Monthly,10,2025,230.7,ACFT,K,Provisional,2025-09-09 13:42:00
6705908,16705908,6705908 Total (Diversion),Monthly,10,1999,0.0,ACFT,U,Approved,2004-06-07 14:10:00
6705908,16705908,6705908 Total (Diversion),Monthly,12,2000,0.0,ACFT,U,Approved,2004-06-07 14:10:00
6705908,16705908,6705908 Total (Diversion),Monthly,12,2001,0.0,ACFT,U,Approved,2004-06-07 14:10:00
6705908,16705908,6705908 Total (Diversion),Monthly,12,2002,0.0,ACFT,U,Approved,2004-06-07 14:10:00
6705908,16705908,6705908 Total (Diversion),Monthly,12,2003,0.0,ACFT,U,Approved,2004-04-29 08:23:00
6705908,16705908,6705908 Total (Diversion),Annual,1,2004,0.0,ACFT,U,Approved,2005-03-29 07:57:00
6705908,16705908,6705908 Total (Diversion),Annual,1,2005,0.0,ACFT,U,Approved,2006-03-31 17:12:00
6705908,16705908,6705908 Total (Diversion),Annual,1,2008,0.0,ACFT,U,Approved,2009-06-30 16:25:00
6705908,16705908,6705908 Total (Diversion),Annual,1,2009,0.0,ACFT,U,Approved,2010-07-03 18:42:00
6705908,16705908,6705908 Total (Diversion),Annual,1,2010,0.0,ACFT,U,Approved,2011-05-27 16:41:00
6705908,16705908,6705908 Total (Diversion),Annual,1,2011,0.0,ACFT,U,Approved,2012-06-01 17:54:00
6705908,16705908,6705908 Total (Diversion),Annual,1,2012,0.0,ACFT,*,Approved,2013-04-02 14:51:00
6705908,16705908,6705908 Total (Diversion),Annual,1,2013,0.0,ACFT,*,Approved,2014-04-21 10:21:00
6705908,16705908,6705908 Total (Diversion),Annual,1,2014,0.0,ACFT,U,Approved,2015-04-03 13:30:00
6705908,16705908,6705908 Total (Diversion),Annual,1,2015,0.0,ACFT,*,Approved,2016-02-25 15:31:00
6705908,16705908,6705908 Total (Diversion),Annual,1,2016,0.0,ACFT,*,Approved,2017-03-10 11:51:00
6705908,16705908,6705908 Total (Diversion),Annual,1,2017,0.0,ACFT,*,Approved,2018-03-09 15:01:00
6705908,16705908,6705908 Total (Diversion),Annual,1,2018,0.0,ACFT,*,Approved,2019-03-19 09:40:00
6705908,16705908,6705908 Total (Diversion),Annual,1,2019,0.0,ACFT,K,Approved,2020-06-16 17:01:00
6705908,16705908,6705908 Total (Diversion),Annual,1,2020,0.0,ACFT,*,Approved,2021-05-05 10:30:00
6705908,16705908,6705908 Total (Diversion),Annual,1,2021,0.0,ACFT,*,Approved,2022-06-25 07:45:00
6706028,16706028,6706028 Total (Diversion),Monthly,9,2003,0.0,ACFT,U,Approved,2004-04-29 08:23:00
6706028,16706028,6706028 Total (Diversion),Annual,1,2004,0.0,ACFT,U,Approved,2005-03-29 07:57:00
6706028,16706028,6706028 Total (Diversion),Annual,1,2005,0.0,ACFT,U,Approved,2006-03-31 17:12:00
6706028,16706028,6706028 Total (Diversion),Annual,1,2008,0.0,ACFT,U,Approved,2009-06-30 16:25:00
6706028,16706028,6706028 Total (Diversion),Annual,1,2009,0.0,ACFT,U,Approved,2010-07-03 18:42:00
6706028,16706028,6706028 Total (Diversion),Annual,1,2010,0.0,ACFT,U,Approved,2011-05-27 16:41:00
6706028,16706028,6706028 Total (Diversion),Annual,1,2011,0.0,ACFT,U,Approved,2012-06-01 17:54:00
6706028,16706028,6706028 Total (Diversion),Annual,1,2012,0.0,ACFT,*,Approved,2013-04-02 14:51:00
6706028,16706028,6706028 Total (Diversion),Annual,1,2013,0.0,ACFT,*,Approved,2014-04-21 10:21:00
6706028,16706028,6706028 Total (Diversion),Annual,1,2014,0.0,ACFT,U,Approved,2015-04-03 13:30:00
6706028,16706028,6706028 Total (Diversion),Annual,1,2015,0.0,ACFT,*,Approved,2016-02-25 15:31:00
6706028,16706028,6706028 Total (Diversion),Annual,1,2016,0.0,ACFT,*,Approved,2017-03-10 11:51:00
6706028,16706028,6706028 Total (Diversion),Annual,1,2017,0.0,ACFT,*,Approved,2018-03-09 15:01:00
6706028,16706028,6706028 Total (Diversion),Annual,1,2018,0.0,ACFT,*,Approved,2019-03-19 09:40:00
6706028,16706028,6706028 Total (Diversion),Annual,1,2019,0.0,ACFT,K,Approved,2020-06-16 17:01:00
6706028,16706028,6706028 Total (Diversion),Annual,1,2020,0.0,ACFT,*,Approved,2021-05-05 10:30:00
6706028,16706028,6706028 Total (Diversion),Annual,1,2021,0.0,ACFT,*,Approved,2022-06-25 07:45:00
6706216,16706216,6706216 Total (Diversion),Annual,1,2010,0.0,ACFT,*,Approved,2011-05-27 16:41:00
6706216,16706216,6706216 Total (Diversion),Annual,1,2011,18.43,ACFT,U,Approved,2012-06-01 17:54:00
6706216,16706216,6706216 Total (Diversion),Annual,1,2012,5.87,ACFT,*,Approved,2013-04-02 14:51:00
6706216,16706216,6706216 Total (Diversion),Monthly,12,2013,5.87,ACFT,*,Approved,2014-04-21 10:21:00
6706216,16706216,6706216 Total (Diversion),Monthly,12,2014,129.63,ACFT,U,Approved,2015-04-03 13:30:00
6706216,16706216,6706216 Total (Diversion),Annual,1,2015,0.0,ACFT,E,Approved,2016-02-25 15:31:00
6706216,16706216,6706216 Total (Diversion),Monthly,12,2016,26.56,ACFT,*,Approved,2017-03-10 11:51:00
6706216,16706216,6706216 Total (Diversion),Annual,1,2017,16.649,ACFT,E,Approved,2018-03-09 15:01:00
6706216,16706216,6706216 Total (Diversion),Annual,1,2018,0.0,ACFT,*,Approved,2019-03-19 09:40:00
6706216,16706216,6706216 Total (Diversion),Monthly,12,2019,0.0,ACFT,K,Approved,2020-06-16 17:01:00
6706216,16706216,6706216 Total (Diversion),Annual,1,2020,0.0,ACFT,*,Approved,2021-05-05 10:30:00
6706216,16706216,6706216 Total (Diversion),Monthly,1,2023,0.0,ACFT,K,Approved,2024-02-15 14:55:00
6706216,16706216,6706216 Total (Diversion),Monthly,1,2024,0.0,ACFT,K,Approved,2024-02-16 08:14:00
6706409,16706409,6706409 Total (Diversion),Monthly,12,2008,53.38,ACFT,U,Approved,2009-06-30 16:25:00
6706409,16706409,6706409 Total (Diversion),Monthly,12,2009,30.49,ACFT,U,Approved,2010-07-03 18:42:00
6706409,16706409,6706409 Total (Diversion),Monthly,12,2010,56.97,ACFT,U,Approved,2011-05-27 16:41:00
6706409,16706409,6706409 Total (Diversion),Monthly,12,2011,150.47,ACFT,U,Approved,2012-06-01 17:54:00
6706409,16706409,6706409 Total (Diversion),Monthly,12,2012,188.43,ACFT,*,Approved,2013-04-02 14:51:00
6706409,16706409,6706409 Total (Diversion),Monthly,12,2013,50.35,ACFT,*,Approved,2014-04-21 10:21:00
6706409,16706409,6706409 Total (Diversion),Monthly,12,2014,147.36,ACFT,U,Approved,2015-04-03 13:30:00
6706409,16706409,6706409 Total (Diversion),Monthly,12,2015,170.67,ACFT,*,Approved,2016-02-25 15:31:00
6706409,16706409,6706409 Total (Diversion),Monthly,12,2016,145.38,ACFT,*,Approved,2017-03-10 11:51:00
6706409,16706409,6706409 Total (Diversion),Monthly,12,2017,116.03,ACFT,*,Approved,2018-03-09 15:01:00
6706409,16706409,6706409 Total (Diversion),Monthly,12,2018,152.56,ACFT,*,Approved,2019-03-19 09:40:00
6706409,16706409,6706409 Total (Diversion),Monthly,12,2019,122.6209,ACFT,K,Approved,2020-06-16 17:01:00
6706409,16706409,6706409 Total (Diversion),Monthly,12,2020,167.366,ACFT,*,Approved,2021-05-05 10:30:00
6706409,16706409,6706409 Total (Diversion),Monthly,12,2021,139.307,ACFT,*,Approved,2022-06-25 07:45:00
6706409,16706409,6706409 Total (Diversion),Monthly,12,2022,146.9895,ACFT,K,Approved,2022-11-02 12:43:00
6706409,16706409,6706409 Total (Diversion),Monthly,12,2023,134.6447,ACFT,K,Approved,2023-12-11 11:53:00
6706409,16706409,6706409 Total (Diversion),Monthly,12,2024,113.7784,ACFT,K,Approved,2024-11-14 12:59:00
6706409,16706409,6706409 Total (Diversion),Monthly,10,2025,85.4646,ACFT,K,Provisional,2025-09-09 15:18:00
6706440,16706440,6706440 Total (Diversion),Monthly,12,2021,27.3775,ACFT,*,Approved,2022-06-25 07:45:00
6706440,16706440,6706440 Total (Diversion),Monthly,12,2022,7.8379,ACFT,K,Approved,2022-11-02 12:29:00
6706440,16706440,6706440 Total (Diversion),Monthly,12,2023,0.0,ACFT,K,Approved,2023-11-07 07:54:00
6706440,16706440,6706440 Total (Diversion),Monthly,12,2024,0.0,ACFT,K,Approved,2024-11-14 07:56:00
6706440,16706440,6706440 Total (Diversion),Monthly,10,2025,0.0,ACFT,K,Provisional,2025-09-09 14:22:00
6706441,16706441,6706441 Total (Diversion),Monthly,12,2021,14.1513,ACFT,*,Approved,2022-06-25 07:45:00
6706441,16706441,6706441 Total (Diversion),Monthly,12,2022,34.543,ACFT,K,Approved,2022-11-02 12:43:00
6706441,16706441,6706441 Total (Diversion),Monthly,11,2023,38.5971,ACFT,K,Approved,2023-12-11 07:38:00
6706441,16706441,6706441 Total (Diversion),Monthly,12,2024,52.2719,ACFT,K,Approved,2024-11-14 10:26:00
6706441,16706441,6706441 Total (Diversion),Monthly,10,2025,23.5397,ACFT,K,Provisional,2025-09-09 15:47:00
6706885,16706885,6706885 Total (Diversion),Monthly,12,2019,48.1448,ACFT,K,Approved,2020-06-16 17:01:00
6706885,16706885,6706885 Total (Diversion),Monthly,12,2020,53.9173,ACFT,*,Approved,2021-05-05 10:30:00
6706885,16706885,6706885 Total (Diversion),Monthly,12,2021,49.731,ACFT,*,Approved,2022-06-25 07:45:00
6706885,16706885,6706885 Total (Diversion),Monthly,12,2022,26.512,ACFT,K,Approved,2022-11-02 12:43:00
6706885,16706885,6706885 Total (Diversion),Monthly,12,2023,36.6548,ACFT,K,Approved,2023-11-07 08:25:00
6706885,16706885,6706885 Total (Diversion),Monthly,12,2024,45.1218,ACFT,K,Approved,2024-11-14 10:26:00
6706885,16706885,6706885 Total (Diversion),Monthly,10,2025,19.4353,ACFT,K,Provisional,2025-09-09 15:22:00
6706886,16706886,6706886 Total (Diversion),Monthly,12,2021,11.7201,ACFT,*,Approved,2022-06-25 07:45:00
6706886,16706886,6706886 Total (Diversion),Monthly,12,2022,0.0,ACFT,K,Approved,2022-11-15 10:10:00
6706886,16706886,6706886 Total (Diversion),Monthly,12,2023,0.0,ACFT,K,Approved,2023-11-07 07:54:00
6706886,16706886,6706886 Total (Diversion),Monthly,12,2024,0.0,ACFT,K,Approved,2024-11-14 07:56:00
6706886,16706886,6706886 Total (Diversion),Monthly,10,2025,0.0,ACFT,K,Provisional,2025-09-18 10:11:00
