wdid,waterClassNum,wcIdentifier,measInterval,measCount,dataMeasDate,dataValue,measUnits,obsCode,approvalStatus,modified
0105029,10105029,0105029 Total (Diversion),Annual,1,1982,400.679,ACFT,*,Approved,2001-08-16 17:46:00
0105029,10105029,0105029 Total (Diversion),Annual,1,1983,0.0,ACFT,*,Approved,2001-08-16 17:46:00
0105029,10105029,0105029 Total (Diversion),Annual,1,1984,470.0,ACFT,*,Approved,2001-08-16 17:46:00
0105029,10105029,0105029 Total (Diversion),Annual,1,1985,572.017,ACFT,*,Approved,2001-08-16 17:46:00
0105029,10105029,0105029 Total (Diversion),Annual,1,1986,1076.0,ACFT,*,Approved,2001-08-16 17:46:00
0105029,10105029,0105029 Total (Diversion),Annual,1,1987,349.6,ACFT,*,Approved,2001-08-16 17:46:00
0105029,10105029,0105029 Total (Diversion),Annual,1,1988,117.263,ACFT,*,Approved,2001-08-16 17:46:00
0105029,10105029,0105029 Total (Diversion),Annual,1,1989,369.0,ACFT,*,Approved,2001-08-16 17:46:00
0105029,10105029,0105029 Total (Diversion),Annual,1,1990,166.0,ACFT,*,Approved,2001-08-16 17:46:00
0105029,10105029,0105029 Total (Diversion),Annual,1,1991,204.0,ACFT,*,Approved,2001-08-16 17:46:00
0105029,10105029,0105029 Total (Diversion),Annual,1,1992,112.0,ACFT,*,Approved,2001-08-16 17:46:00
0105029,10105029,0105029 Total (Diversion),Annual,1,1993,112.0,ACFT,*,Approved,2001-08-16 17:46:00
0105029,10105029,0105029 Total (Diversion),Annual,1,1996,987.0,ACFT,*,Approved,2001-08-16 17:46:00
0105029,10105029,0105029 Total (Diversion),Annual,1,1997,950.0,ACFT,U,Approved,2001-08-16 17:46:00
0105029,10105029,0105029 Total (Diversion),Annual,1,1998,1900.0,ACFT,U,Approved,2001-08-16 17:46:00
0105029,10105029,0105029 Total (Diversion),Annual,1,1999,961.3,ACFT,U,Approved,2001-08-16 17:46:00
0105029,10105029,0105029 Total (Diversion),Annual,1,2000,1105.0,ACFT,U,Approved,2002-12-02 15:04:00
0105029,10105029,0105029 Total (Diversion),Annual,1,2001,1026.0,ACFT,*,Approved,2002-05-29 15:56:00
0105029,10105029,0105029 Total (Diversion),Annual,1,2002,446.0,ACFT,*,Approved,2003-07-17 15:18:00
0105029,10105029,0105029 Total (Diversion),Annual,1,2003,577.0,ACFT,*,Approved,2004-04-20 17:06:00
0105030,10105030,0105030 Total (Diversion),Annual,1,1983,96.4,ACFT,*,Approved,2001-08-16 17:46:00
0105030,10105030,0105030 Total (Diversion),Annual,1,1984,366.0,ACFT,*,Approved,2001-08-16 17:46:00
0105030,10105030,0105030 Total (Diversion),Annual,1,1985,444.874,ACFT,*,Approved,2001-08-16 17:46:00
0105030,10105030,0105030 Total (Diversion),Annual,1,1986,476.0,ACFT,*,Approved,2001-08-16 17:46:00
0105030,10105030,0105030 Total (Diversion),Annual,1,1987,738.0,ACFT,*,Approved,2001-08-16 17:46:00
0105030,10105030,0105030 Total (Diversion),Annual,1,1988,786.553,ACFT,*,Approved,2001-08-16 17:46:00
0105030,10105030,0105030 Total (Diversion),Annual,1,1989,710.0,ACFT,*,Approved,2001-08-16 17:46:00
0105030,10105030,0105030 Total (Diversion),Annual,1,1990,101.0,ACFT,*,Approved,2001-08-16 17:46:00
0105030,10105030,0105030 Total (Diversion),Annual,1,1991,298.0,ACFT,*,Approved,2001-08-16 17:46:00
0105030,10105030,0105030 Total (Diversion),Annual,1,1992,742.0,ACFT,*,Approved,2001-08-16 17:46:00
0105030,10105030,0105030 Total (Diversion),Annual,1,1993,694.0,ACFT,*,Approved,2001-08-16 17:46:00
0105030,10105030,0105030 Total (Diversion),Annual,1,1996,571.0,ACFT,*,Approved,2001-08-16 17:46:00
0105030,10105030,0105030 Total (Diversion),Annual,1,1997,790.0,ACFT,U,Approved,2001-08-16 17:46:00
0105030,10105030,0105030 Total (Diversion),Annual,1,1998,571.0,ACFT,U,Approved,2001-08-16 17:46:00
0105030,10105030,0105030 Total (Diversion),Annual,1,1999,680.3,ACFT,U,Approved,2001-08-16 17:46:00
0105030,10105030,0105030 Total (Diversion),Annual,1,2000,663.0,ACFT,U,Approved,2002-12-02 15:04:00
0105030,10105030,0105030 Total (Diversion),Annual,1,2001,711.0,ACFT,*,Approved,2002-05-29 15:56:00
0105030,10105030,0105030 Total (Diversion),Annual,1,2002,873.0,ACFT,*,Approved,2003-07-17 15:18:00
0105030,10105030,0105030 Total (Diversion),Annual,1,2003,736.0,ACFT,*,Approved,2004-04-20 17:06:00
0105030,10105030,0105030 Total (Diversion),Monthly,5,2013,595.3,ACFT,U,Approved,2014-05-09 11:12:00
0105030,10105030,0105030 Total (Diversion),Monthly,7,2022,702.1,ACFT,U,Approved,2023-11-03 06:26:00
0105030,10105030,0105030 Total (Diversion),Monthly,5,2023,1004.9409,ACFT,R,Approved,2024-05-02 10:46:00
0105030,10105030,0105030 Total (Diversion),Monthly,7,2024,500.4915,ACFT,R,Approved,2025-03-07 11:30:00
0105610,10105610,0105610 Total (Diversion),Monthly,6,2012,76.2023,ACFT,U,Approved,2013-04-04 08:01:00
0105610,10105610,0105610 Total (Diversion),Monthly,4,2013,37.8285,ACFT,K,Approved,2014-05-09 11:12:00
0105610,10105610,0105610 Total (Diversion),Monthly,7,2014,39.4095,ACFT,K,Approved,2015-04-29 13:01:00
0105610,10105610,0105610 Total (Diversion),Monthly,8,2015,158.1915,ACFT,K,Approved,2016-06-15 12:40:00
0105610,10105610,0105610 Total (Diversion),Monthly,5,2016,48.876,ACFT,K,Approved,2017-05-15 09:51:00
0105610,10105610,0105610 Total (Diversion),Monthly,6,2017,69.9575,ACFT,K,Approved,2018-04-04 11:56:00
0105610,10105610,0105610 Total (Diversion),Monthly,4,2018,80.4435,ACFT,K,Approved,2019-04-08 06:51:00
0105610,10105610,0105610 Total (Diversion),Monthly,3,2019,7.63,ACFT,K,Approved,2020-09-30 16:01:00
0105610,10105610,0105610 Total (Diversion),Monthly,12,2020,8.397,ACFT,K,Approved,2021-04-21 11:16:00
0105610,10105610,0105610 Total (Diversion),Monthly,12,2021,109.802,ACFT,K,Approved,2022-09-16 08:16:00
0105610,10105610,0105610 Total (Diversion),Monthly,12,2022,89.623,ACFT,K,Approved,2023-11-06 07:26:00
0105610,10105610,0105610 Total (Diversion),Monthly,12,2023,57.9685,ACFT,K,Approved,2024-03-26 15:44:00
0105610,10105610,0105610 Total (Diversion),Monthly,12,2024,100.616,ACFT,K,Approved,2025-01-22 16:39:00
0105611,10105611,0105611 Total (Diversion),Monthly,6,2012,76.2023,ACFT,U,Approved,2013-04-04 08:01:00
0105611,10105611,0105611 Total (Diversion),Monthly,4,2013,37.8285,ACFT,K,Approved,2014-05-09 11:12:00
0105611,10105611,0105611 Total (Diversion),Monthly,7,2014,39.4095,ACFT,K,Approved,2015-04-29 13:01:00
0105611,10105611,0105611 Total (Diversion),Monthly,7,2015,56.0975,ACFT,K,Approved,2016-06-15 12:40:00
0105611,10105611,0105611 Total (Diversion),Monthly,4,2016,43.458,ACFT,K,Approved,2017-05-15 09:51:00
0105611,10105611,0105611 Total (Diversion),Monthly,5,2017,62.4075,ACFT,K,Approved,2018-04-04 11:56:00
0105611,10105611,0105611 Total (Diversion),Monthly,4,2018,71.0735,ACFT,K,Approved,2019-04-08 06:51:00
0105611,10105611,0105611 Total (Diversion),Monthly,4,2019,163.587,ACFT,K,Approved,2020-09-30 16:01:00
0105611,10105611,0105611 Total (Diversion),Monthly,12,2020,189.764,ACFT,K,Approved,2021-04-21 11:16:00
0105611,10105611,0105611 Total (Diversion),Monthly,12,2021,98.173,ACFT,K,Approved,2022-09-16 08:16:00
0105611,10105611,0105611 Total (Diversion),Monthly,12,2022,79.186,ACFT,K,Approved,2023-11-06 07:26:00
0105611,10105611,0105611 Total (Diversion),Monthly,12,2023,45.5185,ACFT,K,Approved,2024-03-26 15:44:00
0105611,10105611,0105611 Total (Diversion),Monthly,12,2024,89.522,ACFT,K,Approved,2025-01-22 16:39:00
0105729,10105729,0105729 Total (Diversion),Monthly,1,2014,0.075,ACFT,K,Approved,2015-04-29 13:01:00
0105729,10105729,0105729 Total (Diversion),Monthly,2,2018,0.122,ACFT,K,Approved,2019-04-08 06:51:00
0105729,10105729,0105729 Total (Diversion),Monthly,12,2020,0.0,ACFT,K,Approved,2021-04-21 11:16:00
0105729,10105729,0105729 Total (Diversion),Monthly,12,2021,0.0,ACFT,K,Approved,2022-09-16 08:16:00
0105729,10105729,0105729 Total (Diversion),Monthly,12,2022,0.042,ACFT,K,Approved,2023-11-06 07:11:00
0105729,10105729,0105729 Total (Diversion),Monthly,12,2023,0.0,ACFT,K,Approved,2024-03-26 15:08:00
0105729,10105729,0105729 Total (Diversion),Monthly,12,2024,0.0,ACFT,K,Approved,2025-01-22 16:34:00
0105730,10105730,0105730 Total (Diversion),Monthly,1,2012,0.067,ACFT,U,Approved,2013-04-04 08:01:00
0105730,10105730,0105730 Total (Diversion),Monthly,1,2014,0.094,ACFT,K,Approved,2015-04-29 13:01:00
0105730,10105730,0105730 Total (Diversion),Monthly,1,2015,0.042,ACFT,K,Approved,2016-06-15 12:40:00
0105730,10105730,0105730 Total (Diversion),Monthly,2,2018,0.36,ACFT,K,Approved,2019-04-08 06:51:00
0105730,10105730,0105730 Total (Diversion),Monthly,24,2020,0.0,ACFT,K,Approved,2021-04-21 11:16:00
0105730,10105730,0105730 Total (Diversion),Monthly,24,2021,0.0,ACFT,K,Approved,2022-09-16 08:16:00
0105730,10105730,0105730 Total (Diversion),Monthly,12,2022,0.063,ACFT,K,Approved,2023-11-06 07:24:00
0105730,10105730,0105730 Total (Diversion),Monthly,12,2023,0.0,ACFT,K,Approved,2024-03-26 14:56:00
0105730,10105730,0105730 Total (Diversion),Monthly,12,2024,0.0,ACFT,K,Approved,2025-01-22 11:08:00
0106179,10106179,0106179 Total (Diversion),Monthly,12,2020,0.0,ACFT,K,Approved,2021-04-21 11:16:00
0106179,10106179,0106179 Total (Diversion),Monthly,12,2021,0.0,ACFT,K,Approved,2022-09-16 08:16:00
0106179,10106179,0106179 Total (Diversion),Monthly,12,2022,29.76,ACFT,K,Approved,2023-11-06 07:09:00
0106179,10106179,0106179 Total (Diversion),Monthly,12,2023,0.0,ACFT,K,Approved,2024-06-24 14:59:00
0106179,10106179,0106179 Total (Diversion),Monthly,12,2024,0.0,ACFT,K,Approved,2025-01-22 11:08:00
0106450,10106450,0106450 Total (Diversion),Monthly,12,2020,0.0,ACFT,K,Approved,2021-04-21 11:16:00
0106450,10106450,0106450 Total (Diversion),Monthly,12,2021,0.0,ACFT,K,Approved,2022-09-16 08:16:00
0106450,10106450,0106450 Total (Diversion),Monthly,12,2022,0.0,ACFT,K,Approved,2023-11-06 07:09:00
0106450,10106450,0106450 Total (Diversion),Monthly,12,2023,0.0,ACFT,K,Approved,2024-06-24 14:59:00
0106450,10106450,0106450 Total (Diversion),Monthly,12,2024,0.0,ACFT,K,Approved,2025-01-22 11:08:00
0106451,10106451,0106451 Total (Diversion),Monthly,12,2020,0.0,ACFT,K,Approved,2021-04-21 11:16:00
0106451,10106451,0106451 Total (Diversion),Monthly,12,2021,0.0,ACFT,K,Approved,2022-09-16 08:16:00
0106451,10106451,0106451 Total (Diversion),Monthly,12,2022,0.0,ACFT,K,Approved,2023-11-06 07:15:00
0106451,10106451,0106451 Total (Diversion),Monthly,12,2023,0.0,ACFT,K,Approved,2024-06-24 14:54:00
0106451,10106451,0106451 Total (Diversion),Monthly,12,2024,0.0,ACFT,K,Approved,2025-01-22 11:07:00
0106452,10106452,0106452 Total (Diversion),Monthly,2,2014,0.12,ACFT,K,Approved,2015-04-29 13:01:00
0106452,10106452,0106452 Total (Diversion),Monthly,2,2018,0.18,ACFT,K,Approved,2019-04-08 06:51:00
0106452,10106452,0106452 Total (Diversion),Monthly,24,2020,0.0,ACFT,K,Approved,2021-04-21 11:16:00
0106452,10106452,0106452 Total (Diversion),Monthly,24,2021,0.0,ACFT,K,Approved,2022-09-16 08:16:00
0106452,10106452,0106452 Total (Diversion),Monthly,12,2022,0.06,ACFT,K,Approved,2023-11-06 07:11:00
0106452,10106452,0106452 Total (Diversion),Monthly,12,2023,0.0,ACFT,K,Approved,2024-03-26 13:43:00
0106452,10106452,0106452 Total (Diversion),Monthly,12,2024,0.0,ACFT,K,Approved,2025-01-22 14:33:00
0106471,10106471,0106471 Total (Diversion),Monthly,5,2008,260.092,ACFT,U,Approved,2009-04-17 15:50:00
0106471,10106471,0106471 Total (Diversion),Monthly,5,2009,122.295,ACFT,U,Approved,2010-04-08 10:41:00
0106471,10106471,0106471 Total (Diversion),Monthly,6,2010,256.175,ACFT,U,Approved,2011-03-30 10:41:00
0106471,10106471,0106471 Total (Diversion),Monthly,7,2011,295.527,ACFT,K,Approved,2012-07-18 15:24:00
0106471,10106471,0106471 Total (Diversion),Monthly,6,2012,332.168,ACFT,U,Approved,2013-04-04 08:01:00
0106471,10106471,0106471 Total (Diversion),Monthly,4,2013,125.68,ACFT,U,Approved,2014-05-09 11:12:00
0106471,10106471,0106471 Total (Diversion),Monthly,6,2014,269.996,ACFT,U,Approved,2015-04-29 13:01:00
0106471,10106471,0106471 Total (Diversion),Monthly,4,2015,241.329,ACFT,U,Approved,2016-06-15 12:40:00
0106471,10106471,0106471 Total (Diversion),Monthly,5,2016,232.51,ACFT,U,Approved,2017-05-15 09:51:00
0106471,10106471,0106471 Total (Diversion),Monthly,5,2017,289.36,ACFT,U,Approved,2018-04-04 11:56:00
0106471,10106471,0106471 Total (Diversion),Monthly,5,2018,348.99,ACFT,U,Approved,2019-04-08 06:51:00
0106471,10106471,0106471 Total (Diversion),Monthly,5,2019,354.49,ACFT,U,Approved,2020-06-16 12:01:00
0106520,10106520,0106520 Total (Diversion),Monthly,1,2014,0.018,ACFT,K,Approved,2015-04-29 13:01:00
0106520,10106520,0106520 Total (Diversion),Monthly,1,2017,0.092,ACFT,K,Approved,2018-04-04 11:56:00
0106520,10106520,0106520 Total (Diversion),Monthly,12,2020,0.0,ACFT,K,Approved,2021-04-21 11:16:00
0106520,10106520,0106520 Total (Diversion),Monthly,12,2021,0.034,ACFT,K,Approved,2022-09-16 08:16:00
0106520,10106520,0106520 Total (Diversion),Monthly,12,2022,0.0,ACFT,K,Approved,2023-11-06 07:20:00
0106520,10106520,0106520 Total (Diversion),Monthly,12,2023,0.0,ACFT,K,Approved,2024-03-26 14:45:00
0106520,10106520,0106520 Total (Diversion),Monthly,12,2024,0.032,ACFT,K,Approved,2025-01-22 16:19:00
0106575,10106575,0106575 Total (Diversion),Monthly,4,2012,220.58,ACFT,U,Approved,2013-04-04 08:01:00
0106575,10106575,0106575 Total (Diversion),Monthly,4,2013,52.26,ACFT,K,Approved,2014-05-09 11:12:00
0106575,10106575,0106575 Total (Diversion),Monthly,4,2014,38.12,ACFT,K,Approved,2015-04-29 13:01:00
0106575,10106575,0106575 Total (Diversion),Monthly,2,2015,12.58,ACFT,K,Approved,2016-06-15 12:40:00
0106575,10106575,0106575 Total (Diversion),Monthly,4,2016,70.34,ACFT,K,Approved,2017-05-15 09:51:00
0106575,10106575,0106575 Total (Diversion),Monthly,1,2017,11.9,ACFT,K,Approved,2018-04-04 11:56:00
0106575,10106575,0106575 Total (Diversion),Monthly,7,2018,149.66,ACFT,K,Approved,2019-04-08 06:51:00
0106575,10106575,0106575 Total (Diversion),Monthly,1,2019,11.27,ACFT,K,Approved,2020-06-16 12:01:00
0106575,10106575,0106575 Total (Diversion),Monthly,4,2020,53.38,ACFT,K,Approved,2021-04-21 11:16:00
0106575,10106575,0106575 Total (Diversion),Monthly,2,2021,25.05,ACFT,K,Approved,2022-09-16 08:16:00
0106575,10106575,0106575 Total (Diversion),Monthly,2,2022,0.0,ACFT,K,Approved,2023-11-06 07:11:00
0106575,10106575,0106575 Total (Diversion),Monthly,12,2023,47.34,ACFT,K,Approved,2024-03-26 13:45:00
0106575,10106575,0106575 Total (Diversion),Monthly,12,2024,79.98,ACFT,K,Approved,2025-01-22 14:33:00
0106578,10106578,0106578 Total (Diversion),Monthly,8,2012,237.2,ACFT,U,Approved,2013-04-04 08:01:00
0106578,10106578,0106578 Total (Diversion),Monthly,1,2013,24.71,ACFT,K,Approved,2014-05-09 11:12:00
0106578,10106578,0106578 Total (Diversion),Monthly,1,2014,0.07,ACFT,K,Approved,2015-04-29 13:01:00
0106578,10106578,0106578 Total (Diversion),Monthly,4,2015,68.71,ACFT,K,Approved,2016-06-15 12:40:00
0106578,10106578,0106578 Total (Diversion),Monthly,3,2016,53.5,ACFT,K,Approved,2017-05-15 09:51:00
0106578,10106578,0106578 Total (Diversion),Monthly,4,2017,58.14,ACFT,K,Approved,2018-04-04 11:56:00
0106578,10106578,0106578 Total (Diversion),Monthly,4,2018,54.54,ACFT,K,Approved,2019-04-08 06:51:00
0106578,10106578,0106578 Total (Diversion),Monthly,4,2019,89.35,ACFT,K,Approved,2020-06-16 12:01:00
0106578,10106578,0106578 Total (Diversion),Monthly,12,2020,37.43,ACFT,K,Approved,2021-04-21 11:16:00
0106578,10106578,0106578 Total (Diversion),Monthly,12,2021,72.01,ACFT,K,Approved,2022-09-16 08:16:00
0106578,10106578,0106578 Total (Diversion),Monthly,12,2022,103.66,ACFT,K,Approved,2023-11-06 07:11:00
0106578,10106578,0106578 Total (Diversion),Monthly,12,2023,84.94,ACFT,K,Approved,2024-03-26 13:41:00
0106578,10106578,0106578 Total (Diversion),Monthly,12,2024,116.48,ACFT,K,Approved,2025-01-22 14:33:00
0106580,10106580,0106580 Total (Diversion),Monthly,12,2020,0.0,ACFT,K,Approved,2021-04-21 11:16:00
0106580,10106580,0106580 Total (Diversion),Monthly,11,2021,0.0,ACFT,K,Approved,2022-09-16 08:16:00
0106580,10106580,0106580 Total (Diversion),Monthly,12,2022,0.0,ACFT,K,Approved,2023-11-06 07:12:00
0106580,10106580,0106580 Total (Diversion),Monthly,12,2023,0.0,ACFT,K,Approved,2024-03-26 15:53:00
0106580,10106580,0106580 Total (Diversion),Monthly,11,2024,0.0,ACFT,K,Approved,2025-01-22 11:08:00
0106887,10106887,0106887 Total (Diversion),Monthly,1,2017,0.0034,ACFT,K,Approved,2018-04-04 11:56:00
0106887,10106887,0106887 Total (Diversion),Monthly,1,2019,0.0001,ACFT,K,Approved,2020-09-30 16:01:00
0106887,10106887,0106887 Total (Diversion),Monthly,12,2020,0.0,ACFT,K,Approved,2021-04-21 11:16:00
0106887,10106887,0106887 Total (Diversion),Monthly,10,2021,0.0,ACFT,K,Approved,2022-09-16 08:16:00
0106911,10106911,0106911 Total (Diversion),Monthly,5,2012,37.669,ACFT,U,Approved,2013-04-04 08:01:00
0106911,10106911,0106911 Total (Diversion),Monthly,2,2013,1.113,ACFT,K,Approved,2014-05-09 11:12:00
0106911,10106911,0106911 Total (Diversion),Monthly,3,2014,1.241,ACFT,K,Approved,2015-04-29 13:01:00
0106911,10106911,0106911 Total (Diversion),Monthly,2,2015,2.8,ACFT,K,Approved,2016-06-15 12:40:00
0106911,10106911,0106911 Total (Diversion),Monthly,3,2016,0.541,ACFT,K,Approved,2017-05-15 09:51:00
0106911,10106911,0106911 Total (Diversion),Monthly,1,2017,0.0195,ACFT,K,Approved,2018-04-04 11:56:00
0106911,10106911,0106911 Total (Diversion),Monthly,6,2018,0.3299,ACFT,K,Approved,2019-04-08 06:51:00
0106911,10106911,0106911 Total (Diversion),Monthly,2,2019,5.92,ACFT,K,Approved,2020-06-16 12:01:00
0106911,10106911,0106911 Total (Diversion),Monthly,2,2020,4.609,ACFT,K,Approved,2021-04-21 11:16:00
0106911,10106911,0106911 Total (Diversion),Monthly,12,2021,5.476,ACFT,K,Approved,2022-09-16 08:16:00
0106911,10106911,0106911 Total (Diversion),Monthly,12,2022,3.579,ACFT,K,Approved,2023-11-06 07:11:00
0106911,10106911,0106911 Total (Diversion),Monthly,12,2023,12.253,ACFT,K,Approved,2024-03-26 15:03:00
0106911,10106911,0106911 Total (Diversion),Monthly,12,2024,5.732,ACFT,K,Approved,2025-01-22 14:33:00
0107654,10107654,0107654 Total (Diversion),Monthly,2,2017,5.638,ACFT,k,Approved,2018-04-04 11:56:00
0107654,10107654,0107654 Total (Diversion),Monthly,3,2018,3.8746,ACFT,k,Approved,2019-04-08 06:51:00
0107654,10107654,0107654 Total (Diversion),Monthly,12,2020,12.9842,ACFT,K,Approved,2021-04-21 11:16:00
0107654,10107654,0107654 Total (Diversion),Monthly,12,2021,9.9876,ACFT,K,Approved,2022-09-16 08:16:00
0107654,10107654,0107654 Total (Diversion),Monthly,12,2022,9.967,ACFT,K,Approved,2023-11-06 07:16:00
0107654,10107654,0107654 Total (Diversion),Monthly,12,2023,10.479,ACFT,K,Approved,2024-06-24 14:58:00
0107654,10107654,0107654 Total (Diversion),Monthly,12,2024,4.816,ACFT,K,Approved,2025-01-23 11:18:00
0107655,10107655,0107655 Total (Diversion),Monthly,3,2014,34.533,ACFT,K,Approved,2015-04-29 13:01:00
0107655,10107655,0107655 Total (Diversion),Monthly,5,2015,45.135,ACFT,K,Approved,2016-06-15 12:40:00
0107655,10107655,0107655 Total (Diversion),Monthly,5,2016,76.559,ACFT,k,Approved,2017-05-15 09:51:00
0107655,10107655,0107655 Total (Diversion),Monthly,8,2017,124.264,ACFT,k,Approved,2018-04-04 11:56:00
0107655,10107655,0107655 Total (Diversion),Monthly,7,2018,99.148,ACFT,k,Approved,2019-04-08 06:51:00
0107655,10107655,0107655 Total (Diversion),Monthly,12,2020,160.646,ACFT,K,Approved,2021-04-21 11:16:00
0107655,10107655,0107655 Total (Diversion),Monthly,12,2021,180.131,ACFT,K,Approved,2022-09-16 08:16:00
0107655,10107655,0107655 Total (Diversion),Monthly,12,2022,136.046,ACFT,K,Approved,2023-11-06 07:07:00
0107655,10107655,0107655 Total (Diversion),Monthly,12,2023,114.093,ACFT,K,Approved,2024-03-26 15:18:00
0107655,10107655,0107655 Total (Diversion),Monthly,12,2024,209.769,ACFT,K,Approved,2025-01-23 11:23:00
0107656,10107656,0107656 Total (Diversion),Monthly,12,2015,7.0083,ACFT,U,Approved,2016-06-15 12:40:00
0107656,10107656,0107656 Total (Diversion),Monthly,11,2017,9.21,ACFT,*,Approved,2018-04-04 11:56:00
0107656,10107656,0107656 Total (Diversion),Monthly,12,2018,3.23,ACFT,U,Approved,2019-04-08 06:51:00
0107656,10107656,0107656 Total (Diversion),Monthly,12,2019,8.5,ACFT,K,Approved,2020-06-16 12:01:00
0107656,10107656,0107656 Total (Diversion),Monthly,12,2020,10.95,ACFT,K,Approved,2021-04-21 11:16:00
0107656,10107656,0107656 Total (Diversion),Monthly,12,2021,17.5592,ACFT,K,Approved,2022-09-16 08:16:00
0107656,10107656,0107656 Total (Diversion),Monthly,7,2022,4.61,ACFT,K,Approved,2023-11-03 06:26:00
0107656,10107656,0107656 Total (Diversion),Monthly,12,2023,4.3363,ACFT,K,Approved,2024-04-22 14:57:00
0107656,10107656,0107656 Total (Diversion),Monthly,7,2024,4.6429,ACFT,K,Approved,2025-03-07 11:30:00
0107690,10107690,0107690 Total (Diversion),Monthly,7,2020,0.0,ACFT,K,Approved,2021-04-21 11:16:00
0107690,10107690,0107690 Total (Diversion),Monthly,12,2021,0.0,ACFT,K,Approved,2022-09-16 08:16:00
0107690,10107690,0107690 Total (Diversion),Monthly,12,2022,0.0,ACFT,K,Approved,2023-11-06 07:15:00
0107765,10107765,0107765 Total (Diversion),Monthly,3,2012,35.011,ACFT,U,Approved,2013-04-04 08:01:00
0107765,10107765,0107765 Total (Diversion),Monthly,3,2013,4.521,ACFT,K,Approved,2014-05-09 11:12:00
0107765,10107765,0107765 Total (Diversion),Monthly,2,2018,1.22,ACFT,K,Approved,2019-04-08 06:51:00
0107765,10107765,0107765 Total (Diversion),Monthly,3,2019,32.47,ACFT,K,Approved,2020-06-16 12:01:00
0107765,10107765,0107765 Total (Diversion),Monthly,12,2020,40.465,ACFT,K,Approved,2021-04-21 11:16:00
0107765,10107765,0107765 Total (Diversion),Monthly,12,2021,22.259,ACFT,K,Approved,2022-09-16 08:16:00
0107765,10107765,0107765 Total (Diversion),Monthly,12,2022,40.382,ACFT,K,Approved,2023-11-06 07:10:00
0107765,10107765,0107765 Total (Diversion),Monthly,12,2023,6.329,ACFT,K,Approved,2024-06-24 15:14:00
0107765,10107765,0107765 Total (Diversion),Monthly,12,2024,49.654,ACFT,K,Approved,2025-01-22 11:08:00
0107896,10107896,0107896 Total (Diversion),Monthly,3,2012,10.63,ACFT,U,Approved,2013-04-04 08:01:00
0107896,10107896,0107896 Total (Diversion),Monthly,3,2018,9.37,ACFT,K,Approved,2019-04-08 06:51:00
0107896,10107896,0107896 Total (Diversion),Monthly,12,2020,1.768,ACFT,K,Approved,2021-04-21 11:16:00
0107896,10107896,0107896 Total (Diversion),Monthly,12,2021,0.378,ACFT,K,Approved,2022-09-16 08:16:00
0107896,10107896,0107896 Total (Diversion),Monthly,12,2022,5.271,ACFT,K,Approved,2023-11-06 07:09:00
0107896,10107896,0107896 Total (Diversion),Monthly,12,2023,1.533,ACFT,K,Approved,2024-06-24 14:59:00
0107896,10107896,0107896 Total (Diversion),Monthly,12,2024,11.728,ACFT,K,Approved,2025-01-22 11:08:00
0107897,10107897,0107897 Total (Diversion),Monthly,3,2012,12.5,ACFT,U,Approved,2013-04-04 08:01:00
0107897,10107897,0107897 Total (Diversion),Monthly,4,2018,16.49,ACFT,K,Approved,2019-04-08 06:51:00
0107897,10107897,0107897 Total (Diversion),Monthly,12,2020,13.09,ACFT,K,Approved,2021-04-21 11:16:00
0107897,10107897,0107897 Total (Diversion),Monthly,12,2021,0.769,ACFT,K,Approved,2022-09-16 08:16:00
0107897,10107897,0107897 Total (Diversion),Monthly,12,2022,10.815,ACFT,K,Approved,2023-11-06 07:09:00
0107897,10107897,0107897 Total (Diversion),Monthly,12,2023,5.874,ACFT,K,Approved,2024-06-24 14:59:00
0107897,10107897,0107897 Total (Diversion),Monthly,12,2024,22.939,ACFT,K,Approved,2025-01-22 11:08:00
0108072,10108072,0108072 Total (Diversion),Monthly,3,2012,25.987,ACFT,U,Approved,2013-04-04 08:01:00
0108072,10108072,0108072 Total (Diversion),Monthly,1,2018,0.08,ACFT,K,Approved,2019-04-08 06:51:00
0108072,10108072,0108072 Total (Diversion),Monthly,12,2020,0.0,ACFT,K,Approved,2021-04-21 11:16:00
0108072,10108072,0108072 Total (Diversion),Monthly,12,2021,0.0,ACFT,K,Approved,2022-09-16 08:16:00
0108072,10108072,0108072 Total (Diversion),Monthly,12,2022,0.0556,ACFT,K,Approved,2023-11-06 07:09:00
0108072,10108072,0108072 Total (Diversion),Monthly,12,2023,0.54,ACFT,K,Approved,2024-03-26 15:05:00
0108072,10108072,0108072 Total (Diversion),Monthly,12,2024,0.0,ACFT,K,Approved,2025-01-22 11:08:00
0108073,10108073,0108073 Total (Diversion),Monthly,4,2012,28.24,ACFT,U,Approved,2013-04-04 08:01:00
0108073,10108073,0108073 Total (Diversion),Monthly,1,2013,0.017,ACFT,K,Approved,2014-05-09 11:12:00
0108073,10108073,0108073 Total (Diversion),Monthly,6,2015,40.282,ACFT,K,Approved,2016-06-15 12:40:00
0108073,10108073,0108073 Total (Diversion),Monthly,4,2016,37.95,ACFT,K,Approved,2017-05-15 09:51:00
0108073,10108073,0108073 Total (Diversion),Monthly,6,2017,37.204,ACFT,K,Approved,2018-04-04 11:56:00
0108073,10108073,0108073 Total (Diversion),Monthly,7,2018,50.172,ACFT,K,Approved,2019-04-08 06:51:00
0108073,10108073,0108073 Total (Diversion),Monthly,4,2019,52.772,ACFT,K,Approved,2020-09-30 16:01:00
0108073,10108073,0108073 Total (Diversion),Monthly,12,2020,38.878,ACFT,K,Approved,2021-04-21 11:16:00
0108073,10108073,0108073 Total (Diversion),Monthly,12,2021,41.859,ACFT,K,Approved,2022-09-16 08:16:00
0108073,10108073,0108073 Total (Diversion),Monthly,12,2022,47.369,ACFT,K,Approved,2023-11-06 07:31:00
0108073,10108073,0108073 Total (Diversion),Monthly,12,2023,35.633,ACFT,K,Approved,2024-03-26 15:14:00
0108073,10108073,0108073 Total (Diversion),Monthly,12,2024,47.61,ACFT,K,Approved,2025-01-22 16:42:00
0108090,10108090,0108090 Total (Diversion),Monthly,2,2012,208.74,ACFT,K,Approved,2013-04-04 08:01:00
0108090,10108090,0108090 Total (Diversion),Monthly,2,2013,139.12,ACFT,K,Approved,2014-05-09 11:12:00
0108090,10108090,0108090 Total (Diversion),Monthly,2,2014,0.689,ACFT,K,Approved,2015-04-29 13:01:00
0108090,10108090,0108090 Total (Diversion),Monthly,2,2015,5.502,ACFT,K,Approved,2016-06-15 12:40:00
0108090,10108090,0108090 Total (Diversion),Monthly,1,2018,0.03,ACFT,K,Approved,2019-04-08 06:51:00
0108090,10108090,0108090 Total (Diversion),Monthly,12,2020,0.0,ACFT,K,Approved,2021-04-21 11:16:00
0108090,10108090,0108090 Total (Diversion),Monthly,12,2021,0.0,ACFT,K,Approved,2022-09-16 08:16:00
0108090,10108090,0108090 Total (Diversion),Monthly,12,2022,0.0,ACFT,K,Approved,2023-11-06 07:13:00
0108090,10108090,0108090 Total (Diversion),Monthly,12,2023,0.0,ACFT,K,Approved,2024-06-24 14:53:00
0108090,10108090,0108090 Total (Diversion),Monthly,12,2024,0.0,ACFT,K,Approved,2025-02-20 09:58:00
0108091,10108091,0108091 Total (Diversion),Monthly,5,2012,620.271,ACFT,K,Approved,2013-04-04 08:01:00
0108091,10108091,0108091 Total (Diversion),Monthly,1,2013,0.426,ACFT,K,Approved,2014-05-09 11:12:00
0108091,10108091,0108091 Total (Diversion),Monthly,2,2014,0.668,ACFT,K,Approved,2015-04-29 13:01:00
0108091,10108091,0108091 Total (Diversion),Monthly,2,2015,107.711,ACFT,K,Approved,2016-06-15 12:40:00
0108091,10108091,0108091 Total (Diversion),Monthly,1,2018,51.17,ACFT,K,Approved,2019-04-08 06:51:00
0108091,10108091,0108091 Total (Diversion),Monthly,12,2020,403.1412,ACFT,K,Approved,2021-04-21 11:16:00
0108091,10108091,0108091 Total (Diversion),Monthly,12,2021,0.0,ACFT,K,Approved,2022-09-16 08:16:00
0108091,10108091,0108091 Total (Diversion),Monthly,12,2022,184.4463,ACFT,K,Approved,2023-11-06 11:10:00
0108091,10108091,0108091 Total (Diversion),Monthly,12,2023,0.0,ACFT,K,Approved,2024-06-24 14:54:00
0108091,10108091,0108091 Total (Diversion),Monthly,12,2024,165.916,ACFT,K,Approved,2025-02-20 09:58:00
0108092,10108092,0108092 Total (Diversion),Monthly,2,2012,167.28,ACFT,K,Approved,2013-04-04 08:01:00
0108092,10108092,0108092 Total (Diversion),Monthly,2,2014,0.2213,ACFT,K,Approved,2015-04-29 13:01:00
0108092,10108092,0108092 Total (Diversion),Monthly,1,2016,0.011,ACFT,K,Approved,2017-05-15 09:51:00
0108092,10108092,0108092 Total (Diversion),Monthly,1,2018,67.64,ACFT,K,Approved,2019-04-08 06:51:00
0108092,10108092,0108092 Total (Diversion),Monthly,12,2020,0.0,ACFT,K,Approved,2021-04-21 11:16:00
0108092,10108092,0108092 Total (Diversion),Monthly,12,2021,0.0,ACFT,K,Approved,2022-09-16 08:16:00
0108092,10108092,0108092 Total (Diversion),Monthly,12,2022,0.097,ACFT,K,Approved,2023-11-06 07:10:00
0108092,10108092,0108092 Total (Diversion),Monthly,12,2023,0.0,ACFT,K,Approved,2024-06-24 14:55:00
0108092,10108092,0108092 Total (Diversion),Monthly,12,2024,0.0,ACFT,K,Approved,2025-02-20 09:58:00
0108094,10108094,0108094 Total (Diversion),Monthly,1,2012,620.26,ACFT,K,Approved,2013-04-04 08:01:00
0108094,10108094,0108094 Total (Diversion),Monthly,1,2015,0.196,ACFT,K,Approved,2016-06-15 12:40:00
0108094,10108094,0108094 Total (Diversion),Monthly,1,2016,28.535,ACFT,K,Approved,2017-05-15 09:51:00
0108160,10108160,0108160 Total (Diversion),Monthly,2,2012,12.721,ACFT,U,Approved,2013-04-04 08:01:00
0108160,10108160,0108160 Total (Diversion),Monthly,2,2014,11.653,ACFT,K,Approved,2015-04-29 13:01:00
0108160,10108160,0108160 Total (Diversion),Monthly,3,2015,7.269,ACFT,K,Approved,2016-06-15 12:40:00
0108160,10108160,0108160 Total (Diversion),Monthly,3,2016,1.6664,ACFT,K,Approved,2017-05-15 09:51:00
0108160,10108160,0108160 Total (Diversion),Monthly,2,2017,0.5991,ACFT,K,Approved,2018-04-04 11:56:00
0108160,10108160,0108160 Total (Diversion),Monthly,2,2018,0.076,ACFT,K,Approved,2019-04-08 06:51:00
0108160,10108160,0108160 Total (Diversion),Monthly,12,2020,0.0,ACFT,K,Approved,2021-04-21 11:16:00
0108160,10108160,0108160 Total (Diversion),Monthly,12,2021,0.0,ACFT,K,Approved,2022-09-16 08:16:00
0108160,10108160,0108160 Total (Diversion),Monthly,12,2022,0.043,ACFT,K,Approved,2023-11-06 07:11:00
0108160,10108160,0108160 Total (Diversion),Monthly,12,2023,0.032,ACFT,K,Approved,2024-03-26 14:54:00
0108160,10108160,0108160 Total (Diversion),Monthly,12,2024,0.025,ACFT,K,Approved,2025-01-22 14:33:00
0108161,10108161,0108161 Total (Diversion),Monthly,12,2020,0.0,ACFT,K,Approved,2021-04-21 11:16:00
0108161,10108161,0108161 Total (Diversion),Monthly,12,2021,0.076,ACFT,K,Approved,2022-09-16 08:16:00
0108161,10108161,0108161 Total (Diversion),Monthly,12,2022,0.0,ACFT,K,Approved,2023-11-06 07:09:00
0108161,10108161,0108161 Total (Diversion),Monthly,12,2023,0.0,ACFT,K,Approved,2024-06-24 14:59:00
0108161,10108161,0108161 Total (Diversion),Monthly,12,2024,0.0,ACFT,K,Approved,2025-01-22 11:08:00
0108162,10108162,0108162 Total (Diversion),Monthly,12,2020,0.0,ACFT,K,Approved,2021-04-21 11:16:00
0108162,10108162,0108162 Total (Diversion),Monthly,12,2021,0.0,ACFT,K,Approved,2022-09-16 08:16:00
0108162,10108162,0108162 Total (Diversion),Monthly,12,2022,0.0,ACFT,K,Approved,2023-11-06 07:15:00
0108162,10108162,0108162 Total (Diversion),Monthly,12,2023,0.0,ACFT,K,Approved,2024-06-24 14:54:00
0108162,10108162,0108162 Total (Diversion),Monthly,12,2024,0.0,ACFT,K,Approved,2025-01-22 11:07:00
0108169,10108169,0108169 Total (Diversion),Monthly,7,2012,115.996,ACFT,U,Approved,2013-04-04 08:01:00
0108169,10108169,0108169 Total (Diversion),Monthly,5,2013,54.64,ACFT,K,Approved,2014-05-09 11:12:00
0108169,10108169,0108169 Total (Diversion),Monthly,4,2014,32.0,ACFT,K,Approved,2015-04-29 13:01:00
0108169,10108169,0108169 Total (Diversion),Monthly,3,2015,58.532,ACFT,K,Approved,2016-06-15 12:40:00
0108169,10108169,0108169 Total (Diversion),Monthly,5,2016,3.275,ACFT,K,Approved,2017-05-15 09:51:00
0108169,10108169,0108169 Total (Diversion),Monthly,3,2017,30.4892,ACFT,K,Approved,2018-04-04 11:56:00
0108169,10108169,0108169 Total (Diversion),Monthly,5,2018,10.021,ACFT,K,Approved,2019-04-08 06:51:00
0108169,10108169,0108169 Total (Diversion),Monthly,12,2020,0.975,ACFT,K,Approved,2021-04-21 11:16:00
0108169,10108169,0108169 Total (Diversion),Monthly,12,2021,0.005,ACFT,K,Approved,2022-09-16 08:16:00
0108169,10108169,0108169 Total (Diversion),Monthly,12,2022,0.041,ACFT,K,Approved,2023-11-06 07:22:00
0108169,10108169,0108169 Total (Diversion),Monthly,12,2023,0.011,ACFT,K,Approved,2024-03-26 14:25:00
0108169,10108169,0108169 Total (Diversion),Monthly,12,2024,0.0,ACFT,K,Approved,2025-01-22 16:10:00
0108172,10108172,0108172 Total (Diversion),Monthly,3,2012,32.7,ACFT,U,Approved,2013-04-04 08:01:00
0108172,10108172,0108172 Total (Diversion),Monthly,2,2014,5.54,ACFT,K,Approved,2015-04-29 13:01:00
0108172,10108172,0108172 Total (Diversion),Monthly,1,2016,0.02,ACFT,K,Approved,2017-05-15 09:51:00
0108172,10108172,0108172 Total (Diversion),Monthly,2,2018,0.14,ACFT,K,Approved,2019-04-08 06:51:00
0108172,10108172,0108172 Total (Diversion),Monthly,12,2020,0.0,ACFT,K,Approved,2021-04-21 11:16:00
0108172,10108172,0108172 Total (Diversion),Monthly,12,2021,0.0,ACFT,K,Approved,2022-09-16 08:16:00
0108172,10108172,0108172 Total (Diversion),Monthly,12,2022,0.23,ACFT,K,Approved,2023-11-06 07:11:00
0108172,10108172,0108172 Total (Diversion),Monthly,12,2023,0.0,ACFT,K,Approved,2024-03-26 13:43:00
0108172,10108172,0108172 Total (Diversion),Monthly,12,2024,0.0,ACFT,K,Approved,2025-01-22 14:33:00
0108665,10108665,0108665 Total (Diversion),Monthly,6,2012,39.293,ACFT,U,Approved,2013-04-04 08:01:00
0108665,10108665,0108665 Total (Diversion),Monthly,4,2013,29.343,ACFT,K,Approved,2014-05-09 11:12:00
0108665,10108665,0108665 Total (Diversion),Monthly,1,2018,0.03,ACFT,K,Approved,2019-04-08 06:51:00
0108665,10108665,0108665 Total (Diversion),Monthly,2,2019,3.71,ACFT,K,Approved,2020-06-16 12:01:00
0108665,10108665,0108665 Total (Diversion),Monthly,12,2020,0.0,ACFT,K,Approved,2021-04-21 11:16:00
0108665,10108665,0108665 Total (Diversion),Monthly,12,2021,0.0,ACFT,K,Approved,2022-09-16 08:16:00
0108665,10108665,0108665 Total (Diversion),Monthly,12,2022,0.04,ACFT,K,Approved,2023-11-06 07:09:00
0108665,10108665,0108665 Total (Diversion),Monthly,12,2023,0.0,ACFT,K,Approved,2024-03-27 13:32:00
0108665,10108665,0108665 Total (Diversion),Monthly,12,2024,0.0,ACFT,K,Approved,2025-01-22 11:08:00
0108775,10108775,0108775 Total (Diversion),Monthly,3,2012,27.97,ACFT,U,Approved,2013-04-04 08:01:00
0108775,10108775,0108775 Total (Diversion),Monthly,2,2013,19.621,ACFT,K,Approved,2014-05-09 11:12:00
0108775,10108775,0108775 Total (Diversion),Monthly,4,2014,57.953,ACFT,K,Approved,2015-04-29 13:01:00
0108775,10108775,0108775 Total (Diversion),Monthly,1,2017,50.072,ACFT,K,Approved,2018-04-04 11:56:00
0108775,10108775,0108775 Total (Diversion),Monthly,4,2018,53.926,ACFT,K,Approved,2019-04-08 06:51:00
0108775,10108775,0108775 Total (Diversion),Monthly,2,2019,25.31,ACFT,K,Approved,2020-06-16 12:01:00
0108775,10108775,0108775 Total (Diversion),Monthly,1,2020,29.065,ACFT,K,Approved,2021-04-21 11:16:00
0108775,10108775,0108775 Total (Diversion),Monthly,12,2021,44.177,ACFT,K,Approved,2022-09-16 08:16:00
0108775,10108775,0108775 Total (Diversion),Monthly,12,2022,47.988,ACFT,K,Approved,2023-11-06 07:11:00
0108775,10108775,0108775 Total (Diversion),Monthly,12,2023,10.283,ACFT,K,Approved,2024-03-26 15:10:00
0108775,10108775,0108775 Total (Diversion),Monthly,12,2024,54.471,ACFT,K,Approved,2025-02-24 15:24:00
0110334,10110334,0110334 Total (Diversion),Daily,183,2008,575.1416,ACFT,*,Approved,2009-04-17 15:51:00
0110334,10110334,0110334 Total (Diversion),Daily,184,2009,603.4005,ACFT,U,Approved,2010-04-08 10:41:00
0110334,10110334,0110334 Total (Diversion),Daily,184,2010,457.0976,ACFT,U,Approved,2011-03-30 10:41:00
0110334,10110334,0110334 Total (Diversion),Daily,259,2011,399.2984,ACFT,K,Approved,2012-07-18 15:23:00
0110334,10110334,0110334 Total (Diversion),Monthly,9,2012,150.5316,ACFT,U,Approved,2013-04-04 08:01:00
0110334,10110334,0110334 Total (Diversion),Monthly,4,2013,27.032,ACFT,U,Approved,2014-05-09 11:12:00
0110334,10110334,0110334 Total (Diversion),Monthly,12,2014,374.4771,ACFT,U,Approved,2015-04-29 13:01:00
0110334,10110334,0110334 Total (Diversion),Monthly,8,2015,215.2831,ACFT,U,Approved,2016-06-15 12:40:00
0110334,10110334,0110334 Total (Diversion),Monthly,6,2016,196.35,ACFT,U,Approved,2017-05-15 09:51:00
0110334,10110334,0110334 Total (Diversion),Monthly,7,2017,270.92,ACFT,U,Approved,2018-04-04 11:56:00
0110334,10110334,0110334 Total (Diversion),Monthly,7,2018,243.72,ACFT,U,Approved,2019-04-08 06:51:00
0110334,10110334,0110334 Total (Diversion),Monthly,6,2019,347.26,ACFT,U,Approved,2020-06-16 12:01:00
0110334,10110334,0110334 Total (Diversion),Monthly,5,2020,268.7646,ACFT,U,Approved,2021-04-21 11:16:00
0110334,10110334,0110334 Total (Diversion),Daily,213,2021,513.3909,ACFT,U,Approved,2022-09-16 08:15:00
0110334,10110334,0110334 Total (Diversion),Monthly,5,2022,142.33,ACFT,U,Approved,2023-11-03 06:26:00
0110334,10110334,0110334 Total (Diversion),Monthly,6,2024,191.0206,ACFT,U,Approved,2025-03-07 11:30:00
0110335,10110335,0110335 Total (Diversion),Daily,213,2008,549.6695,ACFT,*,Approved,2009-04-17 15:51:00
0110335,10110335,0110335 Total (Diversion),Daily,153,2009,902.1355,ACFT,U,Approved,2010-04-08 10:41:00
0110335,10110335,0110335 Total (Diversion),Daily,185,2010,654.436,ACFT,U,Approved,2011-03-30 10:41:00
0110335,10110335,0110335 Total (Diversion),Daily,187,2011,551.5558,ACFT,K,Approved,2012-07-18 15:23:00
0110335,10110335,0110335 Total (Diversion),Monthly,6,2012,292.8892,ACFT,U,Approved,2013-04-04 08:01:00
0110335,10110335,0110335 Total (Diversion),Monthly,8,2015,173.347,ACFT,U,Approved,2016-06-15 12:40:00
0110335,10110335,0110335 Total (Diversion),Monthly,6,2019,256.38,ACFT,U,Approved,2020-06-16 12:01:00
0110335,10110335,0110335 Total (Diversion),Monthly,5,2020,150.2386,ACFT,U,Approved,2021-04-21 11:16:00
0110336,10110336,0110336 Total (Diversion),Daily,183,2008,744.4869,ACFT,*,Approved,2009-04-17 15:51:00
0110336,10110336,0110336 Total (Diversion),Daily,154,2009,704.5194,ACFT,U,Approved,2010-04-08 10:41:00
0110336,10110336,0110336 Total (Diversion),Daily,124,2010,212.532,ACFT,U,Approved,2011-03-30 10:41:00
0110336,10110336,0110336 Total (Diversion),Daily,186,2011,211.3479,ACFT,K,Approved,2012-07-18 15:23:00
0110336,10110336,0110336 Total (Diversion),Monthly,5,2012,82.5287,ACFT,U,Approved,2013-04-04 08:01:00
0110336,10110336,0110336 Total (Diversion),Monthly,5,2014,107.8819,ACFT,U,Approved,2015-04-29 13:01:00
0110336,10110336,0110336 Total (Diversion),Monthly,6,2015,97.3877,ACFT,U,Approved,2016-06-15 12:40:00
0110336,10110336,0110336 Total (Diversion),Monthly,4,2016,15.14,ACFT,U,Approved,2017-05-15 09:51:00
0110336,10110336,0110336 Total (Diversion),Monthly,4,2017,10.46,ACFT,U,Approved,2018-04-04 11:56:00
0110336,10110336,0110336 Total (Diversion),Monthly,5,2018,9.732,ACFT,U,Approved,2019-04-08 06:51:00
0110336,10110336,0110336 Total (Diversion),Monthly,1,2019,82.78,ACFT,U,Approved,2020-06-16 12:01:00
0110336,10110336,0110336 Total (Diversion),Monthly,2,2020,19.038,ACFT,U,Approved,2021-04-21 11:16:00
0110336,10110336,0110336 Total (Diversion),Monthly,3,2022,59.29,ACFT,U,Approved,2023-11-03 06:26:00
0110336,10110336,0110336 Total (Diversion),Monthly,3,2024,64.0593,ACFT,U,Approved,2025-03-07 11:30:00
0110337,10110337,0110337 Total (Diversion),Daily,213,2008,453.6483,ACFT,*,Approved,2009-04-17 15:51:00
0110337,10110337,0110337 Total (Diversion),Daily,213,2009,400.0323,ACFT,U,Approved,2010-04-08 10:41:00
0110337,10110337,0110337 Total (Diversion),Daily,184,2010,191.4673,ACFT,U,Approved,2011-03-30 10:41:00
0110337,10110337,0110337 Total (Diversion),Daily,216,2011,148.2517,ACFT,K,Approved,2012-07-18 15:23:00
0110337,10110337,0110337 Total (Diversion),Monthly,10,2012,233.6068,ACFT,U,Approved,2013-04-04 08:01:00
0110337,10110337,0110337 Total (Diversion),Monthly,7,2013,188.004,ACFT,U,Approved,2014-05-09 11:12:00
0110337,10110337,0110337 Total (Diversion),Monthly,10,2014,136.2769,ACFT,U,Approved,2015-04-29 13:01:00
0110337,10110337,0110337 Total (Diversion),Monthly,9,2015,136.3665,ACFT,U,Approved,2016-06-15 12:40:00
0110337,10110337,0110337 Total (Diversion),Monthly,9,2016,138.4,ACFT,U,Approved,2017-05-15 09:51:00
0110337,10110337,0110337 Total (Diversion),Monthly,8,2017,152.3,ACFT,U,Approved,2018-04-04 11:56:00
0110337,10110337,0110337 Total (Diversion),Monthly,8,2018,137.36,ACFT,U,Approved,2019-04-08 06:51:00
0110337,10110337,0110337 Total (Diversion),Monthly,7,2019,159.98,ACFT,U,Approved,2020-06-16 12:01:00
0110337,10110337,0110337 Total (Diversion),Monthly,6,2020,175.6388,ACFT,U,Approved,2021-04-21 11:16:00
0110337,10110337,0110337 Total (Diversion),Daily,213,2021,305.242,ACFT,U,Approved,2022-09-16 08:15:00
0110337,10110337,0110337 Total (Diversion),Monthly,7,2022,180.54,ACFT,U,Approved,2023-11-03 06:26:00
0110337,10110337,0110337 Total (Diversion),Monthly,6,2024,127.6896,ACFT,U,Approved,2025-03-07 11:30:00
