wdid,waterClassNum,wcIdentifier,measInterval,measCount,dataMeasDate,dataValue,measUnits,obsCode,approvalStatus,modified
2205009,12205009,2205009 Total (Diversion),Annual,1,2009,118.77,ACFT,U,Approved,2010-06-29 16:31:00
2205009,12205009,2205009 Total (Diversion),Annual,1,2010,350.08,ACFT,U,Approved,2011-04-13 17:02:00
2205009,12205009,2205009 Total (Diversion),Annual,1,2011,459.48,ACFT,U,Approved,2012-05-04 16:30:00
2205009,12205009,2205009 Total (Diversion),Annual,1,2012,680.28,ACFT,K,Approved,2013-05-06 08:03:00
2205009,12205009,2205009 Total (Diversion),Annual,1,2013,850.95,ACFT,K,Approved,2014-04-04 08:31:00
2205009,12205009,2205009 Total (Diversion),Annual,1,2014,885.39,ACFT,K,Approved,2015-04-22 10:20:00
2205009,12205009,2205009 Total (Diversion),Annual,1,2015,628.27,ACFT,K,Approved,2016-05-30 13:21:00
2205009,12205009,2205009 Total (Diversion),Annual,1,2016,757.9,ACFT,K,Approved,2018-01-03 16:55:00
2205009,12205009,2205009 Total (Diversion),Annual,1,2017,410.99,ACFT,K,Approved,2018-05-25 10:00:00
2205009,12205009,2205009 Total (Diversion),Annual,1,2018,585.82,ACFT,K,Approved,2019-05-21 17:30:00
2205009,12205009,2205009 Total (Diversion),Annual,1,2019,200.2,ACFT,K,Approved,2020-04-01 21:30:00
2205009,12205009,2205009 Total (Diversion),Annual,1,2020,784.31,ACFT,K,Approved,2021-03-26 09:31:00
2205009,12205009,2205009 Total (Diversion),Annual,1,2021,532.0,ACFT,K,Approved,2022-03-23 10:46:00
2205009,12205009,2205009 Total (Diversion),Annual,1,2022,587.17,ACFT,K,Approved,2023-02-03 11:03:00
2205009,12205009,2205009 Total (Diversion),Annual,1,2023,576.84,ACFT,K,Approved,2024-01-08 11:33:00
2205009,12205009,2205009 Total (Diversion),Annual,1,2024,449.33,ACFT,K,Approved,2024-12-09 09:43:00
2205009,12205009,2205009 Total (Diversion),Annual,1,2025,68.43,ACFT,K,Provisional,2025-08-20 16:21:00
2205050,12205050,2205050 Total (Diversion),Annual,1,2009,0.0,ACFT,U,Approved,2010-06-29 16:31:00
2205050,12205050,2205050 Total (Diversion),Annual,1,2010,0.0,ACFT,U,Approved,2011-04-13 17:02:00
2205050,12205050,2205050 Total (Diversion),Annual,1,2011,78.6,ACFT,U,Approved,2012-05-04 16:30:00
2205050,12205050,2205050 Total (Diversion),Annual,1,2012,340.819,ACFT,K,Approved,2013-05-06 08:03:00
2205050,12205050,2205050 Total (Diversion),Annual,1,2013,127.82,ACFT,K,Approved,2014-04-04 08:31:00
2205050,12205050,2205050 Total (Diversion),Annual,1,2014,121.33,ACFT,K,Approved,2015-04-22 10:20:00
2205050,12205050,2205050 Total (Diversion),Annual,1,2015,74.01,ACFT,K,Approved,2016-05-30 13:21:00
2205050,12205050,2205050 Total (Diversion),Annual,1,2016,8.66,ACFT,K,Approved,2018-01-03 16:55:00
2205050,12205050,2205050 Total (Diversion),Annual,1,2017,35.74,ACFT,K,Approved,2018-05-25 10:00:00
2205050,12205050,2205050 Total (Diversion),Annual,1,2018,309.07,ACFT,K,Approved,2019-05-21 17:30:00
2205050,12205050,2205050 Total (Diversion),Annual,1,2019,64.12,ACFT,K,Approved,2020-04-01 21:30:00
2205050,12205050,2205050 Total (Diversion),Annual,1,2020,305.09,ACFT,K,Approved,2021-03-26 09:31:00
2205050,12205050,2205050 Total (Diversion),Annual,1,2021,265.27,ACFT,K,Approved,2022-03-23 10:46:00
2205050,12205050,2205050 Total (Diversion),Annual,1,2022,0.0,ACFT,K,Approved,2023-02-03 11:03:00
2205050,12205050,2205050 Total (Diversion),Annual,1,2023,69.49,ACFT,K,Approved,2024-01-09 07:43:00
2205050,12205050,2205050 Total (Diversion),Annual,1,2024,59.77,ACFT,K,Approved,2024-11-25 16:14:00
2205057,12205057,2205057 Total (Diversion),Annual,1,2009,732.54,ACFT,U,Approved,2010-06-29 16:31:00
2205057,12205057,2205057 Total (Diversion),Annual,1,2010,605.67,ACFT,U,Approved,2011-04-13 17:02:00
2205057,12205057,2205057 Total (Diversion),Annual,1,2011,523.88,ACFT,U,Approved,2012-05-04 16:30:00
2205057,12205057,2205057 Total (Diversion),Annual,1,2012,433.35,ACFT,K,Approved,2013-05-06 08:03:00
2205057,12205057,2205057 Total (Diversion),Annual,1,2013,772.86,ACFT,K,Approved,2014-04-04 08:31:00
2205057,12205057,2205057 Total (Diversion),Annual,1,2014,533.61,ACFT,K,Approved,2015-04-22 10:20:00
2205057,12205057,2205057 Total (Diversion),Annual,1,2015,564.26,ACFT,K,Approved,2018-02-07 11:40:00
2205057,12205057,2205057 Total (Diversion),Annual,1,2016,606.93,ACFT,K,Approved,2018-02-13 13:45:00
2205057,12205057,2205057 Total (Diversion),Annual,1,2017,712.65,ACFT,K,Approved,2018-05-25 10:00:00
2205057,12205057,2205057 Total (Diversion),Annual,1,2018,837.33,ACFT,K,Approved,2019-05-21 17:30:00
2205057,12205057,2205057 Total (Diversion),Annual,1,2019,176.81,ACFT,K,Approved,2020-04-01 21:30:00
2205057,12205057,2205057 Total (Diversion),Annual,1,2020,83.88,ACFT,K,Approved,2021-03-26 09:31:00
2205057,12205057,2205057 Total (Diversion),Annual,1,2021,34.9,ACFT,K,Approved,2022-03-23 10:46:00
2205057,12205057,2205057 Total (Diversion),Annual,1,2022,562.14,ACFT,K,Approved,2023-02-03 11:01:00
2205057,12205057,2205057 Total (Diversion),Annual,1,2023,721.07,ACFT,K,Approved,2024-01-09 10:35:00
2205057,12205057,2205057 Total (Diversion),Annual,1,2024,836.73,ACFT,K,Approved,2024-12-02 10:58:00
2205057,12205057,2205057 Total (Diversion),Annual,1,2025,29.38,ACFT,K,Provisional,2025-06-20 16:42:00
2205076,12205076,2205076 Total (Diversion),Annual,1,2009,153.4,ACFT,U,Approved,2021-03-01 10:57:00
2205076,12205076,2205076 Total (Diversion),Annual,1,2010,153.4,ACFT,U,Approved,2021-03-01 10:57:00
2205076,12205076,2205076 Total (Diversion),Annual,1,2011,200.0,ACFT,U,Approved,2021-03-01 10:57:00
2205076,12205076,2205076 Total (Diversion),Annual,1,2012,21.69,ACFT,K,Approved,2021-03-01 10:57:00
2205076,12205076,2205076 Total (Diversion),Annual,1,2013,0.0,ACFT,K,Approved,2021-03-01 10:57:00
2205076,12205076,2205076 Total (Diversion),Annual,1,2014,198.12,ACFT,K,Approved,2021-03-01 10:57:00
2205076,12205076,2205076 Total (Diversion),Annual,1,2015,260.85,ACFT,K,Approved,2021-03-01 10:57:00
2205076,12205076,2205076 Total (Diversion),Annual,1,2016,45.7,ACFT,K,Approved,2021-03-01 10:57:00
2205076,12205076,2205076 Total (Diversion),Annual,1,2017,267.6,ACFT,K,Approved,2021-03-01 10:57:00
2205076,12205076,2205076 Total (Diversion),Annual,1,2018,134.829,ACFT,K,Approved,2021-03-01 10:57:00
2205076,12205076,2205076 Total (Diversion),Annual,1,2019,199.118,ACFT,K,Approved,2021-03-01 10:57:00
2205076,12205076,2205076 Total (Diversion),Annual,1,2020,191.978,ACFT,K,Approved,2021-03-26 09:31:00
2205076,12205076,2205076 Total (Diversion),Annual,1,2021,836.895,ACFT,K,Approved,2022-03-23 10:46:00
2205076,12205076,2205076 Total (Diversion),Annual,1,2022,965.269,ACFT,K,Approved,2023-02-03 11:04:00
2205076,12205076,2205076 Total (Diversion),Annual,1,2023,782.15,ACFT,K,Approved,2024-01-10 11:01:00
2205076,12205076,2205076 Total (Diversion),Annual,1,2024,162.943,ACFT,K,Approved,2024-11-27 12:46:00
2205110,12205110,2205110 Total (Diversion),Annual,1,2009,0.01,ACFT,U,Approved,2010-06-29 16:31:00
2205110,12205110,2205110 Total (Diversion),Annual,1,2010,0.0,ACFT,U,Approved,2011-04-13 17:02:00
2205110,12205110,2205110 Total (Diversion),Annual,1,2011,5.2,ACFT,U,Approved,2012-05-04 16:30:00
2205110,12205110,2205110 Total (Diversion),Annual,1,2012,48.5,ACFT,K,Approved,2013-05-06 08:03:00
2205110,12205110,2205110 Total (Diversion),Annual,1,2013,18.01,ACFT,K,Approved,2014-04-04 08:31:00
2205110,12205110,2205110 Total (Diversion),Annual,1,2014,8.62,ACFT,K,Approved,2015-04-22 10:20:00
2205110,12205110,2205110 Total (Diversion),Annual,1,2015,0.0,ACFT,K,Approved,2016-05-30 13:21:00
2205110,12205110,2205110 Total (Diversion),Annual,1,2016,0.0,ACFT,K,Approved,2018-01-03 16:55:00
2205110,12205110,2205110 Total (Diversion),Annual,1,2017,0.0,ACFT,K,Approved,2018-05-25 10:00:00
2205110,12205110,2205110 Total (Diversion),Annual,1,2018,103.56,ACFT,K,Approved,2019-05-21 17:30:00
2205110,12205110,2205110 Total (Diversion),Annual,1,2019,17.04,ACFT,K,Approved,2020-04-01 21:30:00
2205110,12205110,2205110 Total (Diversion),Annual,1,2020,147.19,ACFT,K,Approved,2021-03-26 09:31:00
2205110,12205110,2205110 Total (Diversion),Annual,1,2021,121.89,ACFT,K,Approved,2022-03-23 10:46:00
2205110,12205110,2205110 Total (Diversion),Annual,1,2022,36.0498,ACFT,K,Approved,2023-02-03 11:01:00
2205110,12205110,2205110 Total (Diversion),Annual,1,2023,85.6035,ACFT,K,Approved,2024-01-10 11:11:00
2205110,12205110,2205110 Total (Diversion),Annual,1,2024,0.0,ACFT,K,Approved,2024-12-02 11:41:00
2205126,12205126,2205126 Total (Diversion),Annual,1,2010,0.0,ACFT,U,Approved,2011-04-13 17:02:00
2205126,12205126,2205126 Total (Diversion),Annual,1,2011,0.0,ACFT,U,Approved,2012-05-04 16:30:00
2205126,12205126,2205126 Total (Diversion),Annual,1,2012,38.69,ACFT,K,Approved,2013-05-06 08:03:00
2205126,12205126,2205126 Total (Diversion),Annual,1,2013,484.73,ACFT,K,Approved,2014-04-04 08:31:00
2205126,12205126,2205126 Total (Diversion),Annual,1,2014,125.66,ACFT,K,Approved,2015-04-22 10:20:00
2205126,12205126,2205126 Total (Diversion),Annual,1,2015,153.17,ACFT,K,Approved,2016-05-30 13:21:00
2205126,12205126,2205126 Total (Diversion),Annual,1,2016,76.46,ACFT,K,Approved,2018-01-03 16:55:00
2205126,12205126,2205126 Total (Diversion),Annual,1,2017,0.0,ACFT,K,Approved,2018-05-25 10:00:00
2205126,12205126,2205126 Total (Diversion),Annual,1,2018,137.97,ACFT,K,Approved,2019-05-21 17:30:00
2205126,12205126,2205126 Total (Diversion),Annual,1,2019,0.0,ACFT,K,Approved,2020-04-01 21:30:00
2205126,12205126,2205126 Total (Diversion),Annual,1,2020,62.81,ACFT,K,Approved,2021-03-26 09:31:00
2205126,12205126,2205126 Total (Diversion),Annual,1,2021,57.71,ACFT,K,Approved,2022-03-23 10:46:00
2205126,12205126,2205126 Total (Diversion),Annual,1,2022,29.79,ACFT,K,Approved,2023-02-03 11:02:00
2205126,12205126,2205126 Total (Diversion),Annual,1,2023,21.54,ACFT,K,Approved,2024-01-10 11:55:00
2205126,12205126,2205126 Total (Diversion),Annual,1,2024,0.0,ACFT,K,Approved,2024-12-20 09:07:00
2205127,12205127,2205127 Total (Diversion),Annual,1,2010,0.0,ACFT,U,Approved,2011-04-13 17:02:00
2205127,12205127,2205127 Total (Diversion),Annual,1,2011,0.0,ACFT,U,Approved,2012-05-04 16:30:00
2205127,12205127,2205127 Total (Diversion),Annual,1,2012,0.0,ACFT,K,Approved,2013-05-06 08:03:00
2205127,12205127,2205127 Total (Diversion),Annual,1,2013,0.0,ACFT,K,Approved,2014-04-04 08:31:00
2205127,12205127,2205127 Total (Diversion),Annual,1,2014,0.35,ACFT,K,Approved,2015-04-22 10:20:00
2205127,12205127,2205127 Total (Diversion),Annual,1,2015,0.0,ACFT,K,Approved,2016-05-30 13:21:00
2205127,12205127,2205127 Total (Diversion),Annual,1,2016,0.0,ACFT,K,Approved,2018-01-03 16:55:00
2205127,12205127,2205127 Total (Diversion),Annual,1,2017,0.0,ACFT,K,Approved,2018-05-25 10:00:00
2205127,12205127,2205127 Total (Diversion),Annual,1,2018,0.0,ACFT,K,Approved,2019-05-21 17:30:00
2205127,12205127,2205127 Total (Diversion),Annual,1,2019,0.0,ACFT,K,Approved,2020-04-01 21:30:00
2205127,12205127,2205127 Total (Diversion),Annual,1,2020,0.0,ACFT,K,Approved,2021-03-26 09:31:00
2205127,12205127,2205127 Total (Diversion),Annual,1,2021,0.0,ACFT,K,Approved,2022-03-23 10:46:00
2205127,12205127,2205127 Total (Diversion),Annual,1,2022,0.0,ACFT,K,Approved,2023-02-03 11:02:00
2205127,12205127,2205127 Total (Diversion),Annual,1,2023,0.0,ACFT,K,Approved,2024-01-10 12:14:00
2205127,12205127,2205127 Total (Diversion),Annual,1,2024,0.0,ACFT,K,Approved,2024-11-19 14:09:00
2205128,12205128,2205128 Total (Diversion),Annual,1,2009,614.63,ACFT,U,Approved,2010-06-29 16:31:00
2205128,12205128,2205128 Total (Diversion),Annual,1,2010,1091.35,ACFT,U,Approved,2011-04-13 17:02:00
2205128,12205128,2205128 Total (Diversion),Annual,1,2011,884.46,ACFT,U,Approved,2012-05-04 16:30:00
2205128,12205128,2205128 Total (Diversion),Annual,1,2012,791.06,ACFT,K,Approved,2013-05-06 08:03:00
2205128,12205128,2205128 Total (Diversion),Annual,1,2013,1005.78,ACFT,K,Approved,2014-04-04 08:31:00
2205128,12205128,2205128 Total (Diversion),Annual,1,2014,685.99,ACFT,K,Approved,2015-04-22 10:20:00
2205128,12205128,2205128 Total (Diversion),Annual,1,2015,524.57,ACFT,K,Approved,2016-05-30 13:21:00
2205128,12205128,2205128 Total (Diversion),Annual,1,2016,522.64,ACFT,K,Approved,2018-01-03 16:55:00
2205128,12205128,2205128 Total (Diversion),Annual,1,2017,673.01,ACFT,K,Approved,2018-05-25 10:00:00
2205128,12205128,2205128 Total (Diversion),Annual,1,2018,72.97,ACFT,K,Approved,2019-05-21 17:30:00
2205128,12205128,2205128 Total (Diversion),Annual,1,2019,0.0,ACFT,K,Approved,2020-04-01 21:30:00
2205128,12205128,2205128 Total (Diversion),Annual,1,2020,467.55,ACFT,K,Approved,2021-03-26 09:31:00
2205128,12205128,2205128 Total (Diversion),Annual,1,2021,314.203,ACFT,K,Approved,2022-03-23 10:46:00
2205128,12205128,2205128 Total (Diversion),Annual,1,2022,215.576,ACFT,K,Approved,2023-02-03 11:04:00
2205128,12205128,2205128 Total (Diversion),Annual,1,2023,402.682,ACFT,K,Approved,2024-01-10 12:15:00
2205128,12205128,2205128 Total (Diversion),Annual,1,2024,410.43,ACFT,K,Approved,2024-12-20 09:09:00
2205130,12205130,2205130 Total (Diversion),Annual,1,2010,0.0,ACFT,U,Approved,2011-04-13 17:02:00
2205130,12205130,2205130 Total (Diversion),Annual,1,2011,238.92,ACFT,U,Approved,2012-05-04 16:30:00
2205130,12205130,2205130 Total (Diversion),Annual,1,2012,522.0,ACFT,K,Approved,2013-05-06 08:03:00
2205130,12205130,2205130 Total (Diversion),Annual,1,2013,845.07,ACFT,K,Approved,2014-04-04 08:31:00
2205130,12205130,2205130 Total (Diversion),Annual,1,2014,781.7,ACFT,K,Approved,2015-04-22 10:20:00
2205130,12205130,2205130 Total (Diversion),Annual,1,2015,446.01,ACFT,K,Approved,2016-05-30 13:21:00
2205130,12205130,2205130 Total (Diversion),Annual,1,2016,576.17,ACFT,K,Approved,2018-01-03 16:55:00
2205130,12205130,2205130 Total (Diversion),Annual,1,2017,52.3,ACFT,K,Approved,2018-05-25 10:00:00
2205130,12205130,2205130 Total (Diversion),Annual,1,2018,726.72,ACFT,K,Approved,2019-05-21 17:30:00
2205130,12205130,2205130 Total (Diversion),Annual,1,2019,24.27,ACFT,K,Approved,2020-04-01 21:30:00
2205130,12205130,2205130 Total (Diversion),Annual,1,2020,396.74,ACFT,K,Approved,2021-03-26 09:31:00
2205130,12205130,2205130 Total (Diversion),Annual,1,2021,115.91,ACFT,K,Approved,2022-03-23 10:46:00
2205130,12205130,2205130 Total (Diversion),Annual,1,2022,398.76,ACFT,K,Approved,2023-02-03 11:02:00
2205130,12205130,2205130 Total (Diversion),Annual,1,2023,529.89,ACFT,K,Approved,2024-01-10 13:38:00
2205130,12205130,2205130 Total (Diversion),Annual,1,2024,359.28,ACFT,K,Approved,2024-12-20 09:10:00
2205259,12205259,2205259 Total (Diversion),Annual,1,2020,123.23,ACFT,K,Approved,2021-03-26 09:31:00
2205259,12205259,2205259 Total (Diversion),Annual,1,2021,29.671,ACFT,K,Approved,2022-03-23 10:46:00
2205259,12205259,2205259 Total (Diversion),Annual,1,2022,67.33,ACFT,K,Approved,2023-02-03 11:04:00
2205259,12205259,2205259 Total (Diversion),Annual,1,2023,0.0,ACFT,K,Approved,2024-01-10 14:14:00
2205259,12205259,2205259 Total (Diversion),Annual,1,2024,72.141,ACFT,K,Approved,2024-11-25 16:17:00
2205285,12205285,2205285 Total (Diversion),Annual,1,2012,12.893,ACFT,K,Approved,2013-05-06 08:03:00
2205285,12205285,2205285 Total (Diversion),Annual,1,2013,36.692,ACFT,K,Approved,2014-04-04 08:31:00
2205285,12205285,2205285 Total (Diversion),Annual,1,2014,0.0,ACFT,K,Approved,2015-04-22 10:20:00
2205285,12205285,2205285 Total (Diversion),Annual,1,2015,0.0,ACFT,K,Approved,2016-05-30 13:21:00
2205285,12205285,2205285 Total (Diversion),Annual,1,2016,0.0,ACFT,K,Approved,2018-01-03 16:55:00
2205285,12205285,2205285 Total (Diversion),Annual,1,2017,0.0,ACFT,K,Approved,2018-05-25 10:00:00
2205285,12205285,2205285 Total (Diversion),Annual,1,2018,0.0,ACFT,K,Approved,2019-05-21 17:30:00
2205285,12205285,2205285 Total (Diversion),Annual,1,2019,0.0,ACFT,K,Approved,2020-04-01 21:30:00
2205285,12205285,2205285 Total (Diversion),Annual,1,2020,0.0,ACFT,K,Approved,2021-03-26 09:31:00
2205285,12205285,2205285 Total (Diversion),Annual,1,2021,0.0,ACFT,K,Approved,2022-03-23 10:46:00
2205285,12205285,2205285 Total (Diversion),Annual,1,2022,0.0,ACFT,K,Approved,2023-02-03 11:05:00
2205285,12205285,2205285 Total (Diversion),Annual,1,2023,0.0,ACFT,K,Approved,2024-01-10 14:19:00
2205285,12205285,2205285 Total (Diversion),Annual,1,2024,0.0,ACFT,K,Approved,2024-11-19 14:09:00
2205350,12205350,2205350 Total (Diversion),Annual,1,2011,109.937,ACFT,K,Approved,2015-02-06 16:54:00
2205350,12205350,2205350 Total (Diversion),Annual,1,2012,278.127,ACFT,K,Approved,2015-02-06 17:14:00
2205350,12205350,2205350 Total (Diversion),Annual,1,2013,132.061,ACFT,K,Approved,2015-02-09 08:25:00
2205350,12205350,2205350 Total (Diversion),Annual,1,2014,0.2,ACFT,K,Approved,2015-04-22 10:20:00
2205350,12205350,2205350 Total (Diversion),Annual,1,2015,0.0,ACFT,K,Approved,2016-05-30 13:21:00
2205350,12205350,2205350 Total (Diversion),Annual,1,2016,0.0,ACFT,K,Approved,2018-01-03 16:55:00
2205350,12205350,2205350 Total (Diversion),Annual,1,2017,0.0,ACFT,K,Approved,2018-05-25 10:00:00
2205350,12205350,2205350 Total (Diversion),Annual,1,2018,86.308,ACFT,K,Approved,2019-05-21 17:30:00
2205350,12205350,2205350 Total (Diversion),Annual,1,2019,0.0,ACFT,K,Approved,2020-04-01 21:30:00
2205350,12205350,2205350 Total (Diversion),Annual,1,2020,150.362,ACFT,K,Approved,2021-03-26 09:31:00
2205350,12205350,2205350 Total (Diversion),Annual,1,2021,248.062,ACFT,K,Approved,2022-03-23 10:46:00
2205350,12205350,2205350 Total (Diversion),Annual,1,2022,59.972,ACFT,K,Approved,2023-02-03 11:01:00
2205350,12205350,2205350 Total (Diversion),Annual,1,2023,265.197,ACFT,K,Approved,2024-01-10 14:20:00
2205350,12205350,2205350 Total (Diversion),Annual,1,2024,40.328,ACFT,K,Approved,2024-10-28 11:01:00
2205502,12205502,2205502 Total (Diversion),Annual,1,2009,10.73,ACFT,U,Approved,2010-06-29 16:31:00
2205502,12205502,2205502 Total (Diversion),Annual,1,2010,0.0,ACFT,U,Approved,2011-04-13 17:02:00
2205502,12205502,2205502 Total (Diversion),Annual,1,2011,299.765,ACFT,U,Approved,2013-11-25 19:15:00
2205502,12205502,2205502 Total (Diversion),Annual,1,2012,574.899,ACFT,K,Approved,2013-05-06 08:03:00
2205502,12205502,2205502 Total (Diversion),Annual,1,2013,501.592,ACFT,K,Approved,2014-04-04 08:31:00
2205502,12205502,2205502 Total (Diversion),Annual,1,2014,329.116,ACFT,K,Approved,2015-04-22 10:20:00
2205502,12205502,2205502 Total (Diversion),Annual,1,2015,129.343,ACFT,K,Approved,2016-05-30 13:21:00
2205502,12205502,2205502 Total (Diversion),Annual,1,2016,3.512,ACFT,K,Approved,2018-01-03 16:55:00
2205502,12205502,2205502 Total (Diversion),Annual,1,2017,0.492,ACFT,K,Approved,2018-05-25 10:00:00
2205502,12205502,2205502 Total (Diversion),Annual,1,2018,399.697,ACFT,K,Approved,2019-05-21 17:30:00
2205502,12205502,2205502 Total (Diversion),Annual,1,2019,0.0,ACFT,K,Approved,2020-04-01 21:30:00
2205502,12205502,2205502 Total (Diversion),Annual,1,2020,319.19,ACFT,K,Approved,2021-03-26 09:31:00
2205502,12205502,2205502 Total (Diversion),Annual,1,2021,294.367,ACFT,K,Approved,2022-03-23 10:46:00
2205502,12205502,2205502 Total (Diversion),Annual,1,2022,76.266,ACFT,K,Approved,2023-02-03 11:01:00
2205502,12205502,2205502 Total (Diversion),Annual,1,2023,356.238,ACFT,K,Approved,2024-01-10 16:09:00
2205502,12205502,2205502 Total (Diversion),Annual,1,2024,161.535,ACFT,K,Approved,2024-11-14 15:20:00
2205983,12205983,2205983 Total (Diversion),Annual,1,2009,155.46,ACFT,U,Approved,2010-06-29 16:31:00
2205983,12205983,2205983 Total (Diversion),Annual,1,2010,441.76,ACFT,U,Approved,2011-04-13 17:02:00
2205983,12205983,2205983 Total (Diversion),Annual,1,2011,261.0,ACFT,U,Approved,2012-05-04 16:30:00
2205983,12205983,2205983 Total (Diversion),Annual,1,2012,850.32,ACFT,K,Approved,2013-05-06 08:03:00
2205983,12205983,2205983 Total (Diversion),Annual,1,2013,798.34,ACFT,K,Approved,2014-04-04 08:31:00
2205983,12205983,2205983 Total (Diversion),Annual,1,2014,497.9,ACFT,K,Approved,2015-04-22 10:20:00
2205983,12205983,2205983 Total (Diversion),Annual,1,2015,444.65,ACFT,K,Approved,2016-05-30 13:21:00
2205983,12205983,2205983 Total (Diversion),Annual,1,2016,436.42,ACFT,K,Approved,2018-01-03 16:55:00
2205983,12205983,2205983 Total (Diversion),Annual,1,2017,116.78,ACFT,K,Approved,2018-05-25 10:00:00
2205983,12205983,2205983 Total (Diversion),Annual,1,2018,509.21,ACFT,K,Approved,2019-05-21 17:30:00
2205983,12205983,2205983 Total (Diversion),Annual,1,2019,94.68,ACFT,K,Approved,2020-04-01 21:30:00
2205983,12205983,2205983 Total (Diversion),Annual,1,2020,686.73,ACFT,K,Approved,2021-03-26 09:31:00
2205983,12205983,2205983 Total (Diversion),Annual,1,2021,191.45,ACFT,K,Approved,2022-03-23 10:46:00
2205983,12205983,2205983 Total (Diversion),Annual,1,2022,59.017,ACFT,K,Approved,2023-02-03 11:05:00
2205983,12205983,2205983 Total (Diversion),Annual,1,2023,7.122,ACFT,K,Approved,2024-01-11 08:07:00
2205983,12205983,2205983 Total (Diversion),Annual,1,2024,290.21,ACFT,K,Approved,2024-12-02 12:40:00
2205984,12205984,2205984 Total (Diversion),Annual,1,2009,602.22,ACFT,U,Approved,2010-06-29 16:31:00
2205984,12205984,2205984 Total (Diversion),Annual,1,2010,900.85,ACFT,U,Approved,2011-04-13 17:02:00
2205984,12205984,2205984 Total (Diversion),Annual,1,2011,916.42,ACFT,U,Approved,2012-05-04 16:30:00
2205984,12205984,2205984 Total (Diversion),Annual,1,2012,1452.04,ACFT,K,Approved,2013-05-06 08:03:00
2205984,12205984,2205984 Total (Diversion),Annual,1,2013,1681.54,ACFT,K,Approved,2014-04-04 08:31:00
2205984,12205984,2205984 Total (Diversion),Annual,1,2014,850.0,ACFT,K,Approved,2015-04-22 10:20:00
2205984,12205984,2205984 Total (Diversion),Annual,1,2015,615.413,ACFT,K,Approved,2016-05-30 13:21:00
2205984,12205984,2205984 Total (Diversion),Annual,1,2016,873.45,ACFT,K,Approved,2018-01-03 16:55:00
2205984,12205984,2205984 Total (Diversion),Annual,1,2017,495.235,ACFT,K,Approved,2018-05-25 10:00:00
2205984,12205984,2205984 Total (Diversion),Annual,1,2018,679.468,ACFT,K,Approved,2019-05-21 17:30:00
2205984,12205984,2205984 Total (Diversion),Annual,1,2019,164.623,ACFT,K,Approved,2020-04-01 21:30:00
2205984,12205984,2205984 Total (Diversion),Annual,1,2020,168.858,ACFT,K,Approved,2021-03-26 09:31:00
2205984,12205984,2205984 Total (Diversion),Annual,1,2021,643.635,ACFT,K,Approved,2022-03-23 10:46:00
2205984,12205984,2205984 Total (Diversion),Annual,1,2022,798.856,ACFT,K,Approved,2023-02-03 11:04:00
2205984,12205984,2205984 Total (Diversion),Annual,1,2023,168.469,ACFT,K,Approved,2024-01-11 08:09:00
2205984,12205984,2205984 Total (Diversion),Annual,1,2024,747.332,ACFT,K,Approved,2024-12-02 12:40:00
2205986,12205986,2205986 Total (Diversion),Annual,1,2009,130.65,ACFT,U,Approved,2010-06-29 16:31:00
2205986,12205986,2205986 Total (Diversion),Annual,1,2010,360.795,ACFT,U,Approved,2013-11-26 12:19:00
2205986,12205986,2205986 Total (Diversion),Annual,1,2011,257.134,ACFT,U,Approved,2013-11-25 19:17:00
2205986,12205986,2205986 Total (Diversion),Annual,1,2012,438.332,ACFT,K,Approved,2013-05-06 08:03:00
2205986,12205986,2205986 Total (Diversion),Annual,1,2013,767.452,ACFT,K,Approved,2014-04-04 08:31:00
2205986,12205986,2205986 Total (Diversion),Annual,1,2014,478.753,ACFT,K,Approved,2015-04-22 10:20:00
2205986,12205986,2205986 Total (Diversion),Annual,1,2015,287.067,ACFT,K,Approved,2016-05-30 13:21:00
2205986,12205986,2205986 Total (Diversion),Annual,1,2016,238.608,ACFT,K,Approved,2018-01-03 16:55:00
2205986,12205986,2205986 Total (Diversion),Annual,1,2017,155.857,ACFT,K,Approved,2018-05-25 10:00:00
2205986,12205986,2205986 Total (Diversion),Annual,1,2018,628.496,ACFT,K,Approved,2019-05-21 17:30:00
2205986,12205986,2205986 Total (Diversion),Annual,1,2019,276.72,ACFT,K,Approved,2020-04-01 21:30:00
2205986,12205986,2205986 Total (Diversion),Annual,1,2020,442.255,ACFT,K,Approved,2021-03-26 09:31:00
2205986,12205986,2205986 Total (Diversion),Annual,1,2021,279.82,ACFT,K,Approved,2022-03-23 10:46:00
2205986,12205986,2205986 Total (Diversion),Annual,1,2022,265.762,ACFT,K,Approved,2023-02-03 11:01:00
2205986,12205986,2205986 Total (Diversion),Annual,1,2023,321.059,ACFT,K,Approved,2024-01-11 08:19:00
2205986,12205986,2205986 Total (Diversion),Annual,1,2024,114.255,ACFT,K,Approved,2024-12-02 12:23:00
2206077,12206077,2206077 Total (Diversion),Annual,1,2009,218.04,ACFT,U,Approved,2010-06-29 16:31:00
2206077,12206077,2206077 Total (Diversion),Annual,1,2010,121.8,ACFT,U,Approved,2011-04-13 17:02:00
2206077,12206077,2206077 Total (Diversion),Annual,1,2011,258.76,ACFT,U,Approved,2012-05-04 16:30:00
2206077,12206077,2206077 Total (Diversion),Annual,1,2012,230.54,ACFT,K,Approved,2013-05-06 08:03:00
2206077,12206077,2206077 Total (Diversion),Annual,1,2013,134.5,ACFT,K,Approved,2014-04-04 08:31:00
2206077,12206077,2206077 Total (Diversion),Annual,1,2014,216.02,ACFT,K,Approved,2015-04-22 10:20:00
2206077,12206077,2206077 Total (Diversion),Annual,1,2015,0.06,ACFT,K,Approved,2016-05-30 13:21:00
2206077,12206077,2206077 Total (Diversion),Annual,1,2016,0.01,ACFT,K,Approved,2018-01-03 16:55:00
2206077,12206077,2206077 Total (Diversion),Annual,1,2017,263.17,ACFT,K,Approved,2018-05-25 10:00:00
2206077,12206077,2206077 Total (Diversion),Annual,1,2018,284.44,ACFT,K,Approved,2019-05-21 17:30:00
2206077,12206077,2206077 Total (Diversion),Annual,1,2019,3.02,ACFT,K,Approved,2020-04-01 21:30:00
2206077,12206077,2206077 Total (Diversion),Annual,1,2020,121.64,ACFT,K,Approved,2021-03-26 09:31:00
2206077,12206077,2206077 Total (Diversion),Annual,1,2021,68.66,ACFT,K,Approved,2022-03-23 10:46:00
2206077,12206077,2206077 Total (Diversion),Annual,1,2022,85.09,ACFT,K,Approved,2023-02-03 11:02:00
2206077,12206077,2206077 Total (Diversion),Annual,1,2023,86.85,ACFT,K,Approved,2024-01-11 08:35:00
2206077,12206077,2206077 Total (Diversion),Annual,1,2024,60.789,ACFT,K,Approved,2024-11-18 13:14:00
2206083,12206083,2206083 Total (Diversion),Annual,1,2009,0.0,ACFT,U,Approved,2010-06-29 16:31:00
2206083,12206083,2206083 Total (Diversion),Annual,1,2010,0.0,ACFT,U,Approved,2011-04-13 17:02:00
2206083,12206083,2206083 Total (Diversion),Annual,1,2011,88.31,ACFT,U,Approved,2012-05-04 16:30:00
2206083,12206083,2206083 Total (Diversion),Annual,1,2012,336.84,ACFT,K,Approved,2013-05-06 08:03:00
2206083,12206083,2206083 Total (Diversion),Annual,1,2013,186.71,ACFT,K,Approved,2014-04-04 08:31:00
2206083,12206083,2206083 Total (Diversion),Annual,1,2014,89.86,ACFT,K,Approved,2015-04-22 10:20:00
2206083,12206083,2206083 Total (Diversion),Annual,1,2015,8.59,ACFT,K,Approved,2016-05-30 13:21:00
2206083,12206083,2206083 Total (Diversion),Annual,1,2016,0.0,ACFT,K,Approved,2018-01-03 16:55:00
2206083,12206083,2206083 Total (Diversion),Annual,1,2017,13.15,ACFT,K,Approved,2018-05-25 10:00:00
2206083,12206083,2206083 Total (Diversion),Annual,1,2018,63.12,ACFT,K,Approved,2019-05-21 17:30:00
2206083,12206083,2206083 Total (Diversion),Annual,1,2019,0.0,ACFT,K,Approved,2020-04-01 21:30:00
2206083,12206083,2206083 Total (Diversion),Annual,1,2020,377.65,ACFT,K,Approved,2021-03-26 09:31:00
2206083,12206083,2206083 Total (Diversion),Annual,1,2021,120.884,ACFT,K,Approved,2022-03-23 10:46:00
2206083,12206083,2206083 Total (Diversion),Annual,1,2022,209.439,ACFT,K,Approved,2023-02-03 11:03:00
2206083,12206083,2206083 Total (Diversion),Annual,1,2023,209.44,ACFT,K,Approved,2024-01-18 08:35:00
2206083,12206083,2206083 Total (Diversion),Annual,1,2024,126.59,ACFT,K,Approved,2024-11-14 15:20:00
