wdid,waterClassNum,wcIdentifier,measInterval,measCount,dataMeasDate,dataValue,measUnits,obsCode,approvalStatus,modified
0405006,10405006,0405006 Total (Diversion),Daily,30,1976,63.472,ACFT,*,Approved,2001-08-14 18:04:00
0405006,10405006,0405006 Total (Diversion),Daily,8,1977,13.8845,ACFT,*,Approved,2001-08-14 18:04:00
0405006,10405006,0405006 Total (Diversion),Daily,44,1978,166.614,ACFT,*,Approved,2001-08-14 18:04:00
0405006,10405006,0405006 Total (Diversion),Daily,47,1981,83.307,ACFT,*,Approved,2001-08-14 18:04:00
0405006,10405006,0405006 Total (Diversion),Monthly,3,2012,4.373,ACFT,K,Approved,2013-04-04 08:04:00
0405006,10405006,0405006 Total (Diversion),Monthly,2,2013,0.369,ACFT,K,Approved,2014-04-24 16:21:00
0405006,10405006,0405006 Total (Diversion),Monthly,2,2016,3.224,ACFT,K,Approved,2017-02-28 11:00:00
0405006,10405006,0405006 Total (Diversion),Monthly,4,2017,85.426,ACFT,K,Approved,2018-03-29 14:00:00
0405006,10405006,0405006 Total (Diversion),Monthly,2,2018,46.253,ACFT,K,Approved,2019-02-07 14:30:00
0405006,10405006,0405006 Total (Diversion),Monthly,2,2019,51.097,ACFT,K,Approved,2020-09-30 14:17:00
0405006,10405006,0405006 Total (Diversion),Monthly,12,2020,74.734,ACFT,K,Approved,2021-04-14 16:16:00
0405006,10405006,0405006 Total (Diversion),Monthly,12,2021,97.439,ACFT,K,Approved,2022-05-11 13:15:00
0405006,10405006,0405006 Total (Diversion),Monthly,12,2022,46.857,ACFT,K,Approved,2023-11-06 07:28:00
0405006,10405006,0405006 Total (Diversion),Monthly,12,2023,37.188,ACFT,K,Approved,2024-03-26 14:11:00
0405006,10405006,0405006 Total (Diversion),Monthly,12,2024,67.874,ACFT,K,Approved,2025-01-22 16:37:00
0405118,10405118,0405118 Total (Diversion),Monthly,5,2008,8.89,ACFT,U,Approved,2009-02-27 07:41:00
0405118,10405118,0405118 Total (Diversion),Monthly,2,2009,9.7,ACFT,U,Approved,2010-03-31 10:49:00
0405120,10405120,0405120 Total (Diversion),Monthly,4,2007,34.16,ACFT,U,Approved,2008-04-04 12:16:00
0405120,10405120,0405120 Total (Diversion),Monthly,4,2008,8.86,ACFT,U,Approved,2009-02-27 07:41:00
0405120,10405120,0405120 Total (Diversion),Monthly,2,2009,3.8,ACFT,U,Approved,2010-03-31 10:49:00
0405121,10405121,0405121 Total (Diversion),Monthly,1,2007,4.1,ACFT,U,Approved,2008-04-04 12:16:00
0405122,10405122,0405122 Total (Diversion),Monthly,4,2007,11.72,ACFT,U,Approved,2008-04-04 12:16:00
0405122,10405122,0405122 Total (Diversion),Monthly,4,2008,35.51,ACFT,U,Approved,2009-02-27 07:41:00
0405122,10405122,0405122 Total (Diversion),Monthly,2,2009,17.5,ACFT,U,Approved,2010-03-31 10:49:00
0405123,10405123,0405123 Total (Diversion),Monthly,3,2007,10.73,ACFT,U,Approved,2008-04-04 12:16:00
0405123,10405123,0405123 Total (Diversion),Monthly,1,2008,3.6,ACFT,U,Approved,2009-02-27 07:41:00
0405123,10405123,0405123 Total (Diversion),Monthly,1,2009,3.6,ACFT,U,Approved,2010-03-31 10:49:00
0405662,10405662,0405662 Total (Diversion),Monthly,11,2016,78.0891,ACFT,k,Approved,2017-02-28 11:00:00
0405664,10405664,0405664 Total (Diversion),Monthly,4,2016,13.5054,ACFT,k,Approved,2017-02-28 11:00:00
0405665,10405665,0405665 Total (Diversion),Monthly,8,2016,39.5842,ACFT,k,Approved,2017-02-28 11:00:00
0405666,10405666,0405666 Total (Diversion),Monthly,2,2016,24.9135,ACFT,k,Approved,2017-02-28 11:00:00
0405667,10405667,0405667 Total (Diversion),Monthly,9,2016,107.6624,ACFT,k,Approved,2017-02-28 11:00:00
0405668,10405668,0405668 Total (Diversion),Monthly,11,2016,74.4263,ACFT,k,Approved,2017-02-28 11:00:00
0405669,10405669,0405669 Total (Diversion),Monthly,11,2016,65.4295,ACFT,k,Approved,2017-02-28 11:00:00
0405670,10405670,0405670 Total (Diversion),Monthly,8,2016,6.1915,ACFT,k,Approved,2017-02-28 11:00:00
1205615,11205615,1205615 Total (Diversion),Monthly,12,2000,0.0,ACFT,U,Approved,2004-06-09 14:23:00
1205615,11205615,1205615 Total (Diversion),Monthly,12,2001,0.0,ACFT,U,Approved,2004-06-09 14:23:00
1205615,11205615,1205615 Total (Diversion),Monthly,12,2002,0.0,ACFT,U,Approved,2004-06-09 14:23:00
1205615,11205615,1205615 Total (Diversion),Monthly,12,2003,0.0,ACFT,U,Approved,2004-04-29 08:23:00
1205615,11205615,1205615 Total (Diversion),Annual,1,2004,0.0,ACFT,U,Approved,2005-03-29 07:57:00
1205615,11205615,1205615 Total (Diversion),Annual,1,2005,0.0,ACFT,U,Approved,2006-03-31 17:12:00
1205615,11205615,1205615 Total (Diversion),Annual,1,2008,0.0,ACFT,U,Approved,2009-06-30 16:12:00
1205615,11205615,1205615 Total (Diversion),Annual,1,2009,0.0,ACFT,U,Approved,2010-07-08 10:52:00
1205615,11205615,1205615 Total (Diversion),Annual,1,2010,0.0,ACFT,U,Approved,2011-05-27 16:11:00
1205615,11205615,1205615 Total (Diversion),Annual,1,2011,0.0,ACFT,U,Approved,2012-05-09 08:02:00
1205615,11205615,1205615 Total (Diversion),Annual,1,2012,0.0,ACFT,*,Approved,2013-03-22 15:51:00
1205615,11205615,1205615 Total (Diversion),Annual,1,2013,0.0,ACFT,*,Approved,2014-05-09 14:58:00
1205615,11205615,1205615 Total (Diversion),Annual,1,2014,0.0,ACFT,U,Approved,2015-03-31 16:41:00
1205615,11205615,1205615 Total (Diversion),Annual,1,2015,0.0,ACFT,*,Approved,2016-02-23 08:41:00
1205615,11205615,1205615 Total (Diversion),Annual,1,2016,0.0,ACFT,U,Approved,2017-02-14 08:31:00
1205615,11205615,1205615 Total (Diversion),Annual,1,2017,0.0,ACFT,*,Approved,2018-03-02 09:05:00
1205615,11205615,1205615 Total (Diversion),Annual,1,2018,0.0,ACFT,U,Approved,2019-03-04 14:10:00
1205615,11205615,1205615 Total (Diversion),Annual,1,2019,0.0,ACFT,K,Approved,2020-06-15 16:44:00
1205617,11205617,1205617 Total (Diversion),Monthly,12,1999,0.423,ACFT,U,Approved,2004-06-09 14:23:00
1205617,11205617,1205617 Total (Diversion),Monthly,12,2000,0.363,ACFT,U,Approved,2004-06-09 14:23:00
1205617,11205617,1205617 Total (Diversion),Monthly,12,2001,0.274,ACFT,U,Approved,2004-06-09 14:23:00
1205617,11205617,1205617 Total (Diversion),Monthly,12,2002,1.866,ACFT,U,Approved,2004-06-09 14:23:00
1205617,11205617,1205617 Total (Diversion),Monthly,12,2003,0.057,ACFT,U,Approved,2004-04-29 08:23:00
1205617,11205617,1205617 Total (Diversion),Monthly,12,2004,0.26,ACFT,U,Approved,2005-03-29 07:57:00
1205617,11205617,1205617 Total (Diversion),Monthly,12,2005,0.11,ACFT,U,Approved,2006-03-31 17:12:00
1205617,11205617,1205617 Total (Diversion),Monthly,12,2006,0.13,ACFT,U,Approved,2008-04-04 10:38:00
1205617,11205617,1205617 Total (Diversion),Monthly,12,2007,0.08,ACFT,U,Approved,2008-07-15 15:13:00
1205617,11205617,1205617 Total (Diversion),Monthly,12,2008,0.3,ACFT,U,Approved,2009-06-30 16:12:00
1205617,11205617,1205617 Total (Diversion),Monthly,12,2009,0.04,ACFT,U,Approved,2010-07-08 10:52:00
1205617,11205617,1205617 Total (Diversion),Monthly,12,2010,0.04,ACFT,U,Approved,2011-05-27 16:11:00
1205617,11205617,1205617 Total (Diversion),Annual,1,2011,0.0,ACFT,U,Approved,2012-05-09 08:02:00
1205617,11205617,1205617 Total (Diversion),Annual,1,2012,0.0,ACFT,*,Approved,2013-03-22 15:51:00
1205617,11205617,1205617 Total (Diversion),Annual,1,2013,0.0,ACFT,*,Approved,2014-05-09 14:58:00
1205617,11205617,1205617 Total (Diversion),Annual,1,2014,0.0,ACFT,U,Approved,2015-03-31 16:41:00
1205617,11205617,1205617 Total (Diversion),Annual,1,2015,0.0,ACFT,*,Approved,2016-02-23 08:41:00
1205617,11205617,1205617 Total (Diversion),Annual,1,2016,0.0,ACFT,U,Approved,2017-02-14 08:31:00
1205617,11205617,1205617 Total (Diversion),Annual,1,2017,0.0,ACFT,*,Approved,2018-03-02 09:05:00
1205617,11205617,1205617 Total (Diversion),Annual,1,2018,0.0,ACFT,U,Approved,2019-03-04 14:10:00
1205617,11205617,1205617 Total (Diversion),Annual,1,2019,0.0,ACFT,K,Approved,2020-06-15 16:44:00
1205617,11205617,1205617 Total (Diversion),Annual,1,2020,0.0,ACFT,K,Approved,2021-03-11 11:45:00
1205617,11205617,1205617 Total (Diversion),Annual,1,2021,0.0,ACFT,*,Approved,2022-05-03 14:01:00
1205640,11205640,1205640 Total (Diversion),Monthly,7,2002,0.0,ACFT,U,Approved,2004-06-09 14:23:00
1205640,11205640,1205640 Total (Diversion),Monthly,12,2003,0.0,ACFT,U,Approved,2004-04-29 08:23:00
1205640,11205640,1205640 Total (Diversion),Monthly,12,2006,7.31,ACFT,U,Approved,2008-04-04 10:38:00
1205640,11205640,1205640 Total (Diversion),Monthly,12,2008,5.4,ACFT,U,Approved,2009-06-30 16:12:00
1205640,11205640,1205640 Total (Diversion),Monthly,11,2009,4.53,ACFT,U,Approved,2010-07-08 10:52:00
1205640,11205640,1205640 Total (Diversion),Annual,1,2010,0.0,ACFT,U,Approved,2011-05-27 16:11:00
1205640,11205640,1205640 Total (Diversion),Annual,1,2011,0.0,ACFT,U,Approved,2012-05-09 08:02:00
1205640,11205640,1205640 Total (Diversion),Annual,1,2012,0.0,ACFT,U,Approved,2013-03-22 15:51:00
1205640,11205640,1205640 Total (Diversion),Annual,1,2013,0.0,ACFT,*,Approved,2014-05-09 14:58:00
1205640,11205640,1205640 Total (Diversion),Annual,1,2014,0.0,ACFT,U,Approved,2015-03-31 16:41:00
1205640,11205640,1205640 Total (Diversion),Annual,1,2015,0.0,ACFT,*,Approved,2016-02-23 08:41:00
1205640,11205640,1205640 Total (Diversion),Annual,1,2016,0.0,ACFT,U,Approved,2017-02-14 08:31:00
1205640,11205640,1205640 Total (Diversion),Monthly,11,2017,0.246,ACFT,*,Approved,2018-03-02 09:05:00
1205640,11205640,1205640 Total (Diversion),Annual,1,2019,0.0,ACFT,K,Approved,2020-06-15 16:44:00
1205640,11205640,1205640 Total (Diversion),Annual,1,2020,0.0,ACFT,K,Approved,2021-03-11 11:45:00
1205664,11205664,1205664 Total (Diversion),Monthly,12,2007,0.0,ACFT,U,Approved,2008-07-15 15:13:00
1205664,11205664,1205664 Total (Diversion),Annual,1,2008,0.0,ACFT,U,Approved,2009-06-30 16:12:00
1205664,11205664,1205664 Total (Diversion),Annual,1,2009,0.0,ACFT,U,Approved,2010-07-08 10:52:00
1205664,11205664,1205664 Total (Diversion),Annual,1,2010,0.0,ACFT,U,Approved,2011-05-27 16:11:00
1205664,11205664,1205664 Total (Diversion),Annual,1,2011,0.0,ACFT,U,Approved,2012-05-09 08:02:00
1205681,11205681,1205681 Total (Diversion),Monthly,10,1999,0.0,ACFT,U,Approved,2004-06-09 14:23:00
1205681,11205681,1205681 Total (Diversion),Monthly,12,2000,0.0,ACFT,U,Approved,2004-06-09 14:23:00
1205681,11205681,1205681 Total (Diversion),Monthly,12,2001,0.0,ACFT,U,Approved,2004-06-09 14:23:00
1205681,11205681,1205681 Total (Diversion),Monthly,12,2002,0.0,ACFT,U,Approved,2004-06-09 14:23:00
1205681,11205681,1205681 Total (Diversion),Monthly,12,2003,0.0,ACFT,U,Approved,2004-04-29 08:23:00
1205681,11205681,1205681 Total (Diversion),Annual,1,2004,0.0,ACFT,U,Approved,2005-03-29 07:57:00
1205681,11205681,1205681 Total (Diversion),Annual,1,2005,0.0,ACFT,U,Approved,2006-03-31 17:12:00
1205681,11205681,1205681 Total (Diversion),Annual,1,2008,0.0,ACFT,U,Approved,2009-06-30 16:12:00
1205681,11205681,1205681 Total (Diversion),Annual,1,2009,0.0,ACFT,U,Approved,2010-07-08 10:52:00
1205681,11205681,1205681 Total (Diversion),Annual,1,2010,0.0,ACFT,U,Approved,2011-05-27 16:11:00
1205681,11205681,1205681 Total (Diversion),Annual,1,2011,0.0,ACFT,U,Approved,2012-05-09 08:02:00
1205681,11205681,1205681 Total (Diversion),Annual,1,2012,0.0,ACFT,*,Approved,2013-03-22 15:51:00
1205681,11205681,1205681 Total (Diversion),Annual,1,2013,0.0,ACFT,*,Approved,2014-05-09 14:58:00
1205681,11205681,1205681 Total (Diversion),Annual,1,2014,0.0,ACFT,U,Approved,2015-03-31 16:41:00
1205681,11205681,1205681 Total (Diversion),Annual,1,2015,0.0,ACFT,*,Approved,2016-02-23 08:41:00
1205681,11205681,1205681 Total (Diversion),Annual,1,2016,0.0,ACFT,U,Approved,2017-02-14 08:31:00
1205681,11205681,1205681 Total (Diversion),Annual,1,2017,0.0,ACFT,*,Approved,2018-03-02 09:05:00
1205681,11205681,1205681 Total (Diversion),Annual,1,2018,0.0,ACFT,U,Approved,2019-03-04 14:10:00
1205681,11205681,1205681 Total (Diversion),Annual,1,2019,0.0,ACFT,K,Approved,2020-06-15 16:44:00
1205681,11205681,1205681 Total (Diversion),Annual,1,2020,0.0,ACFT,K,Approved,2021-03-11 11:45:00
1205681,11205681,1205681 Total (Diversion),Annual,1,2021,0.0,ACFT,*,Approved,2022-05-03 14:01:00
1205682,11205682,1205682 Total (Diversion),Monthly,12,2000,27.51,ACFT,U,Approved,2004-06-09 14:23:00
1205682,11205682,1205682 Total (Diversion),Monthly,12,2001,9.478,ACFT,U,Approved,2004-06-09 14:23:00
1205682,11205682,1205682 Total (Diversion),Monthly,12,2002,22.047,ACFT,U,Approved,2004-06-09 14:23:00
1205682,11205682,1205682 Total (Diversion),Monthly,12,2003,30.678,ACFT,U,Approved,2004-04-29 08:23:00
1205682,11205682,1205682 Total (Diversion),Monthly,12,2004,20.912,ACFT,U,Approved,2005-03-29 07:57:00
1205682,11205682,1205682 Total (Diversion),Monthly,12,2005,30.64,ACFT,U,Approved,2006-03-31 17:12:00
1205682,11205682,1205682 Total (Diversion),Monthly,5,2006,0.0,ACFT,U,Approved,2008-04-04 10:38:00
1205682,11205682,1205682 Total (Diversion),Monthly,7,2007,18.23,ACFT,U,Approved,2008-07-15 15:13:00
1205682,11205682,1205682 Total (Diversion),Monthly,12,2008,23.34,ACFT,U,Approved,2009-06-30 16:12:00
1205682,11205682,1205682 Total (Diversion),Monthly,12,2009,15.477,ACFT,U,Approved,2010-07-08 10:52:00
1205682,11205682,1205682 Total (Diversion),Monthly,12,2010,16.33,ACFT,U,Approved,2011-05-27 16:11:00
1205682,11205682,1205682 Total (Diversion),Monthly,12,2011,9.95,ACFT,U,Approved,2012-05-09 08:02:00
1205682,11205682,1205682 Total (Diversion),Monthly,12,2012,7.69,ACFT,*,Approved,2013-03-22 15:51:00
1205682,11205682,1205682 Total (Diversion),Monthly,12,2013,8.26,ACFT,*,Approved,2014-05-09 14:58:00
1205682,11205682,1205682 Total (Diversion),Monthly,12,2014,9.71,ACFT,U,Approved,2015-03-31 16:41:00
1205682,11205682,1205682 Total (Diversion),Monthly,12,2015,14.64,ACFT,*,Approved,2016-02-23 08:41:00
1205682,11205682,1205682 Total (Diversion),Monthly,21,2016,14.33,ACFT,U,Approved,2021-03-06 00:43:00
1205682,11205682,1205682 Total (Diversion),Monthly,12,2017,4.93,ACFT,*,Approved,2018-03-02 09:05:00
1205682,11205682,1205682 Total (Diversion),Monthly,12,2018,13.85,ACFT,U,Approved,2019-03-04 14:10:00
1205682,11205682,1205682 Total (Diversion),Annual,1,2019,0.037,ACFT,K,Approved,2020-06-15 16:44:00
1205682,11205682,1205682 Total (Diversion),Monthly,12,2020,0.067,ACFT,K,Approved,2021-03-11 11:45:00
1205682,11205682,1205682 Total (Diversion),Monthly,12,2021,0.022,ACFT,*,Approved,2022-05-03 14:01:00
1205682,11205682,1205682 Total (Diversion),Monthly,12,2022,0.0019,ACFT,K,Approved,2022-11-03 15:34:00
1205682,11205682,1205682 Total (Diversion),Monthly,5,2023,0.0,ACFT,K,Approved,2024-05-02 15:23:00
1205682,11205682,1205682 Total (Diversion),Monthly,4,2024,0.0259,ACFT,K,Approved,2024-11-19 08:17:00
1205682,11205682,1205682 Total (Diversion),Monthly,10,2025,0.5788,ACFT,K,Provisional,2025-09-15 10:43:00
1205683,11205683,1205683 Total (Diversion),Monthly,12,2000,1.775,ACFT,U,Approved,2004-06-09 14:23:00
1205683,11205683,1205683 Total (Diversion),Monthly,12,2001,1.045,ACFT,U,Approved,2004-06-09 14:23:00
1205683,11205683,1205683 Total (Diversion),Monthly,12,2002,13.339,ACFT,U,Approved,2004-06-09 14:23:00
1205683,11205683,1205683 Total (Diversion),Monthly,12,2003,20.976,ACFT,U,Approved,2004-04-29 08:23:00
1205683,11205683,1205683 Total (Diversion),Monthly,12,2004,21.366,ACFT,U,Approved,2005-03-29 07:57:00
1205683,11205683,1205683 Total (Diversion),Monthly,12,2005,18.46,ACFT,U,Approved,2006-03-31 17:12:00
1205683,11205683,1205683 Total (Diversion),Monthly,5,2006,5.01,ACFT,U,Approved,2008-04-04 10:38:00
1205683,11205683,1205683 Total (Diversion),Monthly,7,2007,0.0,ACFT,U,Approved,2008-07-15 15:13:00
1205683,11205683,1205683 Total (Diversion),Annual,1,2008,0.0,ACFT,U,Approved,2009-06-30 16:12:00
1205683,11205683,1205683 Total (Diversion),Monthly,12,2009,0.01,ACFT,U,Approved,2010-07-08 10:52:00
1205683,11205683,1205683 Total (Diversion),Monthly,1,2010,0.04,ACFT,U,Approved,2011-05-27 16:11:00
1205683,11205683,1205683 Total (Diversion),Monthly,12,2011,0.29,ACFT,U,Approved,2012-05-09 08:02:00
1205683,11205683,1205683 Total (Diversion),Monthly,12,2012,3.76,ACFT,*,Approved,2013-03-22 15:51:00
1205683,11205683,1205683 Total (Diversion),Monthly,12,2013,5.74,ACFT,*,Approved,2014-05-09 14:58:00
1205683,11205683,1205683 Total (Diversion),Monthly,12,2014,4.58,ACFT,U,Approved,2015-03-31 16:41:00
1205683,11205683,1205683 Total (Diversion),Monthly,12,2015,4.6,ACFT,*,Approved,2016-02-23 08:41:00
1205683,11205683,1205683 Total (Diversion),Monthly,12,2016,4.17,ACFT,U,Approved,2017-02-14 08:31:00
1205683,11205683,1205683 Total (Diversion),Monthly,12,2017,6.34,ACFT,*,Approved,2018-03-02 09:05:00
1205683,11205683,1205683 Total (Diversion),Monthly,12,2018,10.61,ACFT,U,Approved,2019-03-04 14:10:00
1205683,11205683,1205683 Total (Diversion),Monthly,12,2019,14.784,ACFT,K,Approved,2020-06-15 16:44:00
1205683,11205683,1205683 Total (Diversion),Monthly,12,2020,3.291,ACFT,K,Approved,2021-03-11 11:45:00
1205683,11205683,1205683 Total (Diversion),Monthly,12,2021,2.008,ACFT,*,Approved,2022-05-03 14:01:00
1205683,11205683,1205683 Total (Diversion),Monthly,12,2022,1.8383,ACFT,K,Approved,2022-11-03 15:34:00
1205683,11205683,1205683 Total (Diversion),Monthly,4,2023,0.0,ACFT,K,Approved,2023-03-02 09:18:00
1205760,11205760,1205760 Total (Diversion),Monthly,12,2008,45.58,ACFT,U,Approved,2009-06-30 16:12:00
1205760,11205760,1205760 Total (Diversion),Monthly,12,2009,5.14,ACFT,U,Approved,2010-07-08 10:52:00
1205760,11205760,1205760 Total (Diversion),Annual,1,2010,0.0,ACFT,U,Approved,2011-05-27 16:11:00
1205760,11205760,1205760 Total (Diversion),Annual,1,2011,45.57,ACFT,C,Approved,2012-05-09 08:02:00
1205760,11205760,1205760 Total (Diversion),Annual,1,2012,0.0,ACFT,U,Approved,2013-03-22 15:51:00
1205760,11205760,1205760 Total (Diversion),Monthly,12,2012,45.58,ACFT,U,Approved,2013-03-22 15:51:00
1205760,11205760,1205760 Total (Diversion),Monthly,12,2013,45.58,ACFT,C,Approved,2014-05-09 14:58:00
1205760,11205760,1205760 Total (Diversion),Monthly,12,2014,30.04,ACFT,C,Approved,2015-03-31 16:41:00
1205760,11205760,1205760 Total (Diversion),Monthly,12,2015,24.78,ACFT,C,Approved,2016-02-23 08:41:00
1205760,11205760,1205760 Total (Diversion),Monthly,11,2016,19.1,ACFT,C,Approved,2017-02-14 08:31:00
1205760,11205760,1205760 Total (Diversion),Monthly,5,2017,13.39,ACFT,C,Approved,2018-03-02 09:05:00
1205760,11205760,1205760 Total (Diversion),Monthly,12,2018,22.04,ACFT,C,Approved,2019-03-04 14:10:00
1205760,11205760,1205760 Total (Diversion),Monthly,12,2019,22.32,ACFT,C,Approved,2020-06-15 16:44:00
1205760,11205760,1205760 Total (Diversion),Monthly,12,2020,22.32,ACFT,C,Approved,2021-03-11 11:45:00
1205760,11205760,1205760 Total (Diversion),Monthly,12,2021,22.32,ACFT,C,Approved,2022-05-03 14:01:00
1205760,11205760,1205760 Total (Diversion),Monthly,12,2022,22.32,ACFT,*,Approved,2024-01-24 16:09:00
1205760,11205760,1205760 Total (Diversion),Monthly,12,2023,22.32,ACFT,*,Approved,2024-01-24 15:52:00
1205760,11205760,1205760 Total (Diversion),Monthly,12,2024,22.3199,ACFT,U,Approved,2025-07-16 13:12:00
1205769,11205769,1205769 Total (Diversion),Monthly,12,2011,55.06,ACFT,U,Approved,2012-05-09 08:02:00
1205769,11205769,1205769 Total (Diversion),Daily,366,2012,27.0403,ACFT,U,Approved,2013-03-22 15:51:00
1205769,11205769,1205769 Total (Diversion),Monthly,12,2013,11.7579,ACFT,U,Approved,2014-05-09 14:58:00
1205769,11205769,1205769 Total (Diversion),Monthly,12,2014,0.824,ACFT,U,Approved,2015-03-31 16:41:00
1205769,11205769,1205769 Total (Diversion),Monthly,12,2015,2.8188,ACFT,U,Approved,2016-02-23 08:41:00
1205769,11205769,1205769 Total (Diversion),Monthly,4,2016,2.8188,ACFT,K,Approved,2017-02-14 08:31:00
1205769,11205769,1205769 Total (Diversion),Monthly,11,2017,3.0588,ACFT,K,Approved,2018-03-02 09:05:00
1205769,11205769,1205769 Total (Diversion),Monthly,24,2018,9.9554,ACFT,K,Approved,2019-03-04 14:10:00
1205769,11205769,1205769 Total (Diversion),Monthly,24,2019,9.447,ACFT,K,Approved,2020-06-15 16:44:00
1205769,11205769,1205769 Total (Diversion),Monthly,24,2020,14.096,ACFT,K,Approved,2021-03-11 11:45:00
1205769,11205769,1205769 Total (Diversion),Monthly,24,2021,6.9535,ACFT,K,Approved,2022-05-03 14:01:00
1205769,11205769,1205769 Total (Diversion),Monthly,24,2022,5.0493,ACFT,*,Approved,2024-02-06 16:04:00
1205769,11205769,1205769 Total (Diversion),Monthly,24,2023,4.3437,ACFT,*,Approved,2024-07-12 12:06:00
1205769,11205769,1205769 Total (Diversion),Monthly,24,2024,4.7774,ACFT,*,Approved,2025-04-18 15:26:00
2505074,12505074,2505074 Total (Diversion),Annual,1,2009,0.0,ACFT,U,Approved,2010-06-29 16:42:00
2505074,12505074,2505074 Total (Diversion),Annual,1,2010,0.0,ACFT,U,Approved,2011-03-14 11:51:00
2505074,12505074,2505074 Total (Diversion),Annual,1,2011,0.0,ACFT,U,Approved,2012-06-01 17:59:00
2505074,12505074,2505074 Total (Diversion),Annual,1,2012,0.007,ACFT,K,Approved,2013-05-03 18:22:00
2505074,12505074,2505074 Total (Diversion),Annual,1,2013,0.0,ACFT,K,Approved,2014-04-04 08:51:00
2505074,12505074,2505074 Total (Diversion),Annual,1,2014,0.016,ACFT,K,Approved,2015-04-22 09:21:00
2505074,12505074,2505074 Total (Diversion),Annual,1,2015,0.0,ACFT,K,Approved,2016-04-08 15:31:00
2505074,12505074,2505074 Total (Diversion),Annual,1,2016,0.0,ACFT,K,Approved,2017-02-16 17:51:00
2505074,12505074,2505074 Total (Diversion),Annual,1,2017,0.003,ACFT,K,Approved,2018-05-16 15:31:00
2505074,12505074,2505074 Total (Diversion),Annual,1,2018,0.0,ACFT,K,Approved,2019-01-26 16:15:00
2505074,12505074,2505074 Total (Diversion),Annual,1,2019,0.0,ACFT,K,Approved,2020-03-31 14:45:00
2505074,12505074,2505074 Total (Diversion),Annual,1,2021,0.0,ACFT,K,Approved,2022-03-23 11:00:00
2505074,12505074,2505074 Total (Diversion),Annual,1,2022,0.0,ACFT,K,Approved,2023-02-03 11:02:00
2505074,12505074,2505074 Total (Diversion),Annual,1,2023,0.0,ACFT,K,Approved,2024-01-02 14:29:00
2505074,12505074,2505074 Total (Diversion),Annual,1,2024,0.0,ACFT,K,Approved,2024-11-19 14:08:00
2505075,12505075,2505075 Total (Diversion),Annual,1,2009,0.0,ACFT,U,Approved,2010-06-29 16:42:00
2505075,12505075,2505075 Total (Diversion),Annual,1,2010,0.0,ACFT,U,Approved,2011-03-14 11:51:00
2505075,12505075,2505075 Total (Diversion),Annual,1,2011,0.0,ACFT,U,Approved,2012-06-01 17:59:00
2505075,12505075,2505075 Total (Diversion),Annual,1,2012,0.009,ACFT,K,Approved,2013-05-03 18:22:00
2505075,12505075,2505075 Total (Diversion),Annual,1,2013,0.0,ACFT,K,Approved,2014-04-04 08:51:00
2505075,12505075,2505075 Total (Diversion),Annual,1,2014,0.013,ACFT,K,Approved,2015-04-22 09:21:00
2505075,12505075,2505075 Total (Diversion),Annual,1,2015,0.0,ACFT,K,Approved,2016-04-08 15:31:00
2505075,12505075,2505075 Total (Diversion),Annual,1,2016,0.0,ACFT,K,Approved,2017-02-16 17:51:00
2505075,12505075,2505075 Total (Diversion),Annual,1,2017,0.0,ACFT,K,Approved,2018-05-16 15:31:00
2505075,12505075,2505075 Total (Diversion),Annual,1,2018,0.0,ACFT,K,Approved,2019-01-26 16:15:00
2505075,12505075,2505075 Total (Diversion),Annual,1,2019,0.0,ACFT,K,Approved,2020-03-31 14:45:00
2505075,12505075,2505075 Total (Diversion),Annual,1,2021,0.0,ACFT,K,Approved,2022-03-23 11:00:00
2505075,12505075,2505075 Total (Diversion),Annual,1,2022,0.0,ACFT,K,Approved,2023-02-03 11:02:00
2505075,12505075,2505075 Total (Diversion),Annual,1,2023,0.0,ACFT,K,Approved,2024-01-02 14:30:00
2505075,12505075,2505075 Total (Diversion),Annual,1,2024,0.0,ACFT,K,Approved,2024-11-19 14:08:00
2505077,12505077,2505077 Total (Diversion),Annual,1,2009,12.46,ACFT,U,Approved,2011-02-25 09:31:00
2505077,12505077,2505077 Total (Diversion),Annual,1,2010,8.393,ACFT,U,Approved,2013-11-26 12:40:00
2505077,12505077,2505077 Total (Diversion),Annual,1,2011,58.644,ACFT,U,Approved,2013-11-25 19:32:00
2505077,12505077,2505077 Total (Diversion),Annual,1,2012,7.829,ACFT,K,Approved,2013-05-03 18:22:00
2505077,12505077,2505077 Total (Diversion),Annual,1,2013,0.0,ACFT,K,Approved,2014-04-04 08:51:00
2505077,12505077,2505077 Total (Diversion),Annual,1,2014,0.01,ACFT,K,Approved,2015-04-22 09:21:00
2505077,12505077,2505077 Total (Diversion),Annual,1,2015,0.0,ACFT,K,Approved,2016-04-08 15:31:00
2505077,12505077,2505077 Total (Diversion),Annual,1,2016,0.0,ACFT,K,Approved,2017-02-16 17:51:00
2505077,12505077,2505077 Total (Diversion),Annual,1,2017,0.037,ACFT,K,Approved,2018-05-16 15:31:00
2505077,12505077,2505077 Total (Diversion),Annual,1,2018,140.6604,ACFT,K,Approved,2019-01-26 16:15:00
2505077,12505077,2505077 Total (Diversion),Annual,1,2019,67.3523,ACFT,K,Approved,2020-03-31 14:45:00
2505077,12505077,2505077 Total (Diversion),Annual,1,2020,115.1954,ACFT,K,Approved,2021-03-25 14:00:00
2505077,12505077,2505077 Total (Diversion),Annual,1,2021,45.3447,ACFT,K,Approved,2022-03-23 11:00:00
2505077,12505077,2505077 Total (Diversion),Annual,1,2022,0.0,ACFT,K,Approved,2023-02-03 11:02:00
2505077,12505077,2505077 Total (Diversion),Annual,1,2023,0.0,ACFT,K,Approved,2024-01-02 14:28:00
2505077,12505077,2505077 Total (Diversion),Annual,1,2024,68.738,ACFT,K,Approved,2024-12-17 07:04:00
2505161,12505161,2505161 Total (Diversion),Annual,1,2023,120.98,ACFT,K,Approved,2025-06-25 17:25:00
2505161,12505161,2505161 Total (Diversion),Annual,1,2024,29.36,ACFT,K,Approved,2025-06-25 17:25:00
2505223,12505223,2505223 Total (Diversion),Annual,1,2009,0.0,ACFT,U,Approved,2010-06-29 16:42:00
2505223,12505223,2505223 Total (Diversion),Annual,1,2010,0.0,ACFT,U,Approved,2011-03-14 11:51:00
2505223,12505223,2505223 Total (Diversion),Annual,1,2011,0.0,ACFT,U,Approved,2012-06-01 17:59:00
2505223,12505223,2505223 Total (Diversion),Annual,1,2012,0.0,ACFT,K,Approved,2013-05-03 18:22:00
2505223,12505223,2505223 Total (Diversion),Annual,1,2013,0.0,ACFT,K,Approved,2014-04-04 08:51:00
2505223,12505223,2505223 Total (Diversion),Annual,1,2014,0.0,ACFT,K,Approved,2015-04-22 09:21:00
2505223,12505223,2505223 Total (Diversion),Annual,1,2015,0.0,ACFT,K,Approved,2016-04-08 15:31:00
2505223,12505223,2505223 Total (Diversion),Annual,1,2016,0.0,ACFT,K,Approved,2017-02-16 17:51:00
2505223,12505223,2505223 Total (Diversion),Annual,1,2017,0.0,ACFT,K,Approved,2018-05-16 15:31:00
2505223,12505223,2505223 Total (Diversion),Annual,1,2018,0.0,ACFT,K,Approved,2019-01-26 16:15:00
2505223,12505223,2505223 Total (Diversion),Annual,1,2019,0.0,ACFT,K,Approved,2020-03-31 14:45:00
2505223,12505223,2505223 Total (Diversion),Annual,1,2020,0.0,ACFT,K,Approved,2021-03-25 14:00:00
2505223,12505223,2505223 Total (Diversion),Annual,1,2021,0.258,ACFT,K,Approved,2022-03-23 11:00:00
2505223,12505223,2505223 Total (Diversion),Annual,1,2022,1.25,ACFT,K,Approved,2023-02-03 11:02:00
2505223,12505223,2505223 Total (Diversion),Annual,1,2023,1.25,ACFT,K,Approved,2024-01-25 11:42:00
2505223,12505223,2505223 Total (Diversion),Annual,1,2024,0.0,ACFT,K,Approved,2024-11-27 09:15:00
2505439,12505439,2505439 Total (Diversion),Annual,1,2009,0.04,ACFT,U,Approved,2010-06-29 16:42:00
2505439,12505439,2505439 Total (Diversion),Annual,1,2010,0.0,ACFT,,Approved,2011-03-14 11:51:00
2505439,12505439,2505439 Total (Diversion),Annual,1,2011,0.0,ACFT,U,Approved,2012-06-01 17:59:00
2505439,12505439,2505439 Total (Diversion),Annual,1,2012,0.0,ACFT,K,Approved,2013-05-03 18:22:00
2505439,12505439,2505439 Total (Diversion),Annual,1,2013,0.0,ACFT,K,Approved,2014-04-04 08:51:00
2505439,12505439,2505439 Total (Diversion),Annual,1,2014,0.0,ACFT,K,Approved,2015-04-22 09:21:00
2505439,12505439,2505439 Total (Diversion),Annual,1,2015,0.0,ACFT,K,Approved,2016-04-08 15:31:00
2505439,12505439,2505439 Total (Diversion),Annual,1,2016,0.004,ACFT,K,Approved,2017-02-16 17:51:00
2505439,12505439,2505439 Total (Diversion),Annual,1,2017,66.538,ACFT,K,Approved,2018-05-16 15:31:00
2505439,12505439,2505439 Total (Diversion),Annual,1,2018,87.3645,ACFT,K,Approved,2019-01-26 16:15:00
2505439,12505439,2505439 Total (Diversion),Annual,1,2019,83.7745,ACFT,K,Approved,2020-03-31 14:45:00
2505439,12505439,2505439 Total (Diversion),Annual,1,2020,49.536,ACFT,K,Approved,2021-03-25 14:00:00
2505439,12505439,2505439 Total (Diversion),Annual,1,2021,69.409,ACFT,K,Approved,2022-03-23 11:00:00
2505439,12505439,2505439 Total (Diversion),Annual,1,2022,82.6539,ACFT,K,Approved,2023-02-03 11:05:00
2505439,12505439,2505439 Total (Diversion),Annual,1,2023,74.723,ACFT,K,Approved,2024-01-03 09:27:00
2505439,12505439,2505439 Total (Diversion),Annual,1,2024,67.901,ACFT,K,Approved,2024-12-09 09:43:00
2505507,12505507,2505507 Total (Diversion),Annual,1,2009,70.99,ACFT,U,Approved,2010-06-29 16:42:00
2505507,12505507,2505507 Total (Diversion),Annual,1,2010,95.66,ACFT,,Approved,2011-03-14 11:51:00
2505507,12505507,2505507 Total (Diversion),Annual,1,2011,76.76,ACFT,U,Approved,2012-06-01 17:59:00
2505507,12505507,2505507 Total (Diversion),Annual,1,2012,118.18,ACFT,K,Approved,2013-05-03 18:22:00
2505507,12505507,2505507 Total (Diversion),Annual,1,2013,127.09,ACFT,K,Approved,2014-04-04 08:51:00
2505507,12505507,2505507 Total (Diversion),Annual,1,2014,119.38,ACFT,K,Approved,2015-04-22 09:21:00
2505507,12505507,2505507 Total (Diversion),Annual,1,2015,60.89,ACFT,K,Approved,2016-04-08 15:31:00
2505507,12505507,2505507 Total (Diversion),Annual,1,2016,74.86,ACFT,K,Approved,2017-02-16 17:51:00
2505507,12505507,2505507 Total (Diversion),Annual,1,2017,94.42,ACFT,K,Approved,2018-05-16 15:31:00
2505507,12505507,2505507 Total (Diversion),Annual,1,2018,202.87,ACFT,K,Approved,2019-01-26 16:15:00
2505507,12505507,2505507 Total (Diversion),Annual,1,2019,183.28,ACFT,K,Approved,2020-03-31 14:45:00
2505507,12505507,2505507 Total (Diversion),Annual,1,2020,163.23,ACFT,K,Approved,2021-03-25 14:00:00
2505507,12505507,2505507 Total (Diversion),Annual,1,2021,103.75,ACFT,K,Approved,2022-03-23 11:00:00
2505507,12505507,2505507 Total (Diversion),Annual,1,2022,132.12,ACFT,K,Approved,2023-02-03 11:03:00
2505507,12505507,2505507 Total (Diversion),Annual,1,2023,125.0,ACFT,K,Approved,2024-01-02 14:02:00
2505507,12505507,2505507 Total (Diversion),Annual,1,2024,190.1073,ACFT,K,Approved,2024-12-17 07:17:00
2505977,12505977,2505977 Total (Diversion),Annual,1,2011,11.0038,ACFT,K,Approved,2015-02-06 16:55:00
2505977,12505977,2505977 Total (Diversion),Annual,1,2012,4.2618,ACFT,K,Approved,2013-05-03 18:22:00
2505977,12505977,2505977 Total (Diversion),Annual,1,2013,5.2055,ACFT,K,Approved,2014-04-04 08:51:00
2505977,12505977,2505977 Total (Diversion),Annual,1,2014,4.9114,ACFT,K,Approved,2015-04-22 09:21:00
2505977,12505977,2505977 Total (Diversion),Annual,1,2015,4.6494,ACFT,K,Approved,2016-04-08 15:31:00
2505977,12505977,2505977 Total (Diversion),Annual,1,2016,4.7755,ACFT,K,Approved,2017-02-16 17:51:00
2505977,12505977,2505977 Total (Diversion),Annual,1,2017,4.5886,ACFT,K,Approved,2018-05-16 15:31:00
2505977,12505977,2505977 Total (Diversion),Annual,1,2018,6.0153,ACFT,K,Approved,2019-01-26 16:15:00
2505977,12505977,2505977 Total (Diversion),Annual,1,2019,5.2349,ACFT,K,Approved,2020-03-31 14:45:00
2505977,12505977,2505977 Total (Diversion),Annual,1,2020,4.4324,ACFT,K,Approved,2021-03-25 14:00:00
2505977,12505977,2505977 Total (Diversion),Annual,1,2021,7.2834,ACFT,K,Approved,2022-03-23 11:00:00
2505977,12505977,2505977 Total (Diversion),Annual,1,2022,8.6358,ACFT,K,Approved,2023-02-03 11:05:00
2505977,12505977,2505977 Total (Diversion),Annual,1,2023,8.6941,ACFT,K,Approved,2024-01-02 16:01:00
2505977,12505977,2505977 Total (Diversion),Annual,1,2024,7.8932,ACFT,K,Approved,2024-11-18 13:14:00
