wdid,waterClassNum,wcIdentifier,measInterval,measCount,dataMeasDate,dataValue,measUnits,obsCode,approvalStatus,modified
2405003,12405003,2405003 Total (Diversion),Annual,1,2009,419.66,ACFT,U,Approved,2010-06-29 16:38:00
2405003,12405003,2405003 Total (Diversion),Annual,1,2010,411.65,ACFT,U,Approved,2011-03-14 11:21:00
2405003,12405003,2405003 Total (Diversion),Annual,1,2011,475.43,ACFT,U,Approved,2012-05-04 16:34:00
2405003,12405003,2405003 Total (Diversion),Annual,1,2012,470.59,ACFT,K,Approved,2013-05-03 18:32:00
2405003,12405003,2405003 Total (Diversion),Annual,1,2013,463.0,ACFT,K,Approved,2014-04-02 17:01:00
2405003,12405003,2405003 Total (Diversion),Annual,1,2014,317.11,ACFT,K,Approved,2015-04-22 09:20:00
2405003,12405003,2405003 Total (Diversion),Annual,1,2015,215.32,ACFT,K,Approved,2016-05-03 15:15:00
2405003,12405003,2405003 Total (Diversion),Annual,1,2016,264.23,ACFT,K,Approved,2017-07-26 10:01:00
2405003,12405003,2405003 Total (Diversion),Annual,1,2017,16.09,ACFT,K,Approved,2018-05-16 15:30:00
2405003,12405003,2405003 Total (Diversion),Annual,1,2018,241.17,ACFT,K,Approved,2019-04-17 20:30:00
2405003,12405003,2405003 Total (Diversion),Annual,1,2019,473.55,ACFT,K,Approved,2020-04-01 16:00:00
2405003,12405003,2405003 Total (Diversion),Annual,1,2020,355.94,ACFT,K,Approved,2021-03-29 10:00:00
2405003,12405003,2405003 Total (Diversion),Annual,1,2021,0.04,ACFT,K,Approved,2022-03-30 09:31:00
2405003,12405003,2405003 Total (Diversion),Annual,1,2022,0.02,ACFT,K,Approved,2023-02-03 11:02:00
2405003,12405003,2405003 Total (Diversion),Annual,1,2023,539.447,ACFT,K,Approved,2024-02-05 15:49:00
2405003,12405003,2405003 Total (Diversion),Annual,1,2024,440.532,ACFT,K,Approved,2024-12-02 12:22:00
2405004,12405004,2405004 Total (Diversion),Annual,1,2009,201.44,ACFT,U,Approved,2010-06-29 16:38:00
2405004,12405004,2405004 Total (Diversion),Annual,1,2010,179.479,ACFT,U,Approved,2013-11-26 12:24:00
2405004,12405004,2405004 Total (Diversion),Annual,1,2011,233.648,ACFT,U,Approved,2013-11-25 19:22:00
2405004,12405004,2405004 Total (Diversion),Annual,1,2012,0.0,ACFT,K,Approved,2013-05-03 18:32:00
2405004,12405004,2405004 Total (Diversion),Annual,1,2013,0.0,ACFT,K,Approved,2014-04-02 17:01:00
2405004,12405004,2405004 Total (Diversion),Annual,1,2014,0.0,ACFT,K,Approved,2015-04-22 09:20:00
2405004,12405004,2405004 Total (Diversion),Annual,1,2015,301.623,ACFT,K,Approved,2016-05-03 15:15:00
2405004,12405004,2405004 Total (Diversion),Annual,1,2016,335.168,ACFT,K,Approved,2017-07-26 10:01:00
2405004,12405004,2405004 Total (Diversion),Annual,1,2017,181.89,ACFT,K,Approved,2018-05-16 15:30:00
2405004,12405004,2405004 Total (Diversion),Annual,1,2018,397.162,ACFT,K,Approved,2019-04-17 20:30:00
2405004,12405004,2405004 Total (Diversion),Annual,1,2019,291.471,ACFT,K,Approved,2020-04-01 16:00:00
2405004,12405004,2405004 Total (Diversion),Annual,1,2020,471.176,ACFT,K,Approved,2021-03-29 10:00:00
2405004,12405004,2405004 Total (Diversion),Annual,1,2021,202.521,ACFT,K,Approved,2022-03-30 09:31:00
2405004,12405004,2405004 Total (Diversion),Annual,1,2022,255.198,ACFT,K,Approved,2023-02-03 11:02:00
2405004,12405004,2405004 Total (Diversion),Annual,1,2023,0.068,ACFT,K,Approved,2024-01-24 12:31:00
2405004,12405004,2405004 Total (Diversion),Annual,1,2024,292.607,ACFT,K,Approved,2024-12-03 10:39:00
2405018,12405018,2405018 Total (Diversion),Annual,1,2009,167.89,ACFT,U,Approved,2010-06-29 16:38:00
2405018,12405018,2405018 Total (Diversion),Annual,1,2010,325.51,ACFT,U,Approved,2011-03-14 11:21:00
2405018,12405018,2405018 Total (Diversion),Annual,1,2011,308.89,ACFT,U,Approved,2012-05-04 16:34:00
2405018,12405018,2405018 Total (Diversion),Annual,1,2012,341.93,ACFT,K,Approved,2013-05-03 18:32:00
2405018,12405018,2405018 Total (Diversion),Annual,1,2013,359.08,ACFT,K,Approved,2014-04-02 17:01:00
2405018,12405018,2405018 Total (Diversion),Annual,1,2014,371.92,ACFT,K,Approved,2015-04-22 09:20:00
2405018,12405018,2405018 Total (Diversion),Annual,1,2015,334.99,ACFT,K,Approved,2016-05-03 15:15:00
2405018,12405018,2405018 Total (Diversion),Annual,1,2016,240.08,ACFT,K,Approved,2017-07-26 10:01:00
2405018,12405018,2405018 Total (Diversion),Annual,1,2017,241.09,ACFT,K,Approved,2018-05-16 15:30:00
2405018,12405018,2405018 Total (Diversion),Annual,1,2018,264.57,ACFT,K,Approved,2019-04-17 20:30:00
2405018,12405018,2405018 Total (Diversion),Annual,1,2019,164.6158,ACFT,K,Approved,2020-04-01 16:00:00
2405018,12405018,2405018 Total (Diversion),Annual,1,2020,191.1053,ACFT,K,Approved,2021-03-29 10:00:00
2405018,12405018,2405018 Total (Diversion),Annual,1,2021,160.9916,ACFT,K,Approved,2022-03-30 09:31:00
2405018,12405018,2405018 Total (Diversion),Annual,1,2022,165.2077,ACFT,K,Approved,2023-02-03 11:02:00
2405018,12405018,2405018 Total (Diversion),Annual,1,2023,184.4489,ACFT,K,Approved,2024-01-24 12:42:00
2405018,12405018,2405018 Total (Diversion),Annual,1,2024,174.1239,ACFT,K,Approved,2024-12-02 12:20:00
2405026,12405026,2405026 Total (Diversion),Annual,1,2005,2.0,ACFT,*,Approved,2006-06-15 15:21:00
2405026,12405026,2405026 Total (Diversion),Annual,1,2006,21.1,ACFT,*,Approved,2007-05-15 13:47:00
2405026,12405026,2405026 Total (Diversion),Annual,1,2007,1.1,ACFT,U,Approved,2008-03-07 17:06:00
2405026,12405026,2405026 Total (Diversion),Annual,1,2008,1.55,ACFT,U,Approved,2009-06-03 09:21:00
2405026,12405026,2405026 Total (Diversion),Annual,1,2009,14.0464,ACFT,K,Approved,2017-06-09 15:50:00
2405026,12405026,2405026 Total (Diversion),Annual,1,2010,18.2637,ACFT,K,Approved,2017-06-09 16:10:00
2405026,12405026,2405026 Total (Diversion),Annual,1,2011,12.0586,ACFT,K,Approved,2017-06-09 16:20:00
2405026,12405026,2405026 Total (Diversion),Annual,1,2012,18.6524,ACFT,K,Approved,2013-05-03 18:32:00
2405026,12405026,2405026 Total (Diversion),Annual,1,2013,16.436,ACFT,K,Approved,2014-04-02 17:01:00
2405026,12405026,2405026 Total (Diversion),Annual,1,2014,14.9651,ACFT,K,Approved,2015-04-22 09:20:00
2405026,12405026,2405026 Total (Diversion),Annual,1,2015,25.6703,ACFT,K,Approved,2016-05-03 15:15:00
2405026,12405026,2405026 Total (Diversion),Annual,1,2016,24.0622,ACFT,K,Approved,2017-07-26 10:01:00
2405026,12405026,2405026 Total (Diversion),Annual,1,2017,40.1257,ACFT,K,Approved,2019-02-08 10:00:00
2405026,12405026,2405026 Total (Diversion),Annual,1,2018,35.4954,ACFT,K,Approved,2019-04-17 20:30:00
2405026,12405026,2405026 Total (Diversion),Annual,1,2019,33.5193,ACFT,K,Approved,2020-04-01 16:00:00
2405026,12405026,2405026 Total (Diversion),Annual,1,2020,31.7946,ACFT,K,Approved,2021-03-29 10:00:00
2405026,12405026,2405026 Total (Diversion),Annual,1,2021,39.6666,ACFT,K,Approved,2022-03-30 09:31:00
2405026,12405026,2405026 Total (Diversion),Annual,1,2022,30.2218,ACFT,K,Approved,2023-02-03 11:05:00
2405026,12405026,2405026 Total (Diversion),Annual,1,2023,33.1022,ACFT,K,Approved,2024-01-24 12:47:00
2405026,12405026,2405026 Total (Diversion),Annual,1,2024,38.0929,ACFT,K,Approved,2024-12-09 15:32:00
2405036,12405036,2405036 Total (Diversion),Annual,1,2009,238.74,ACFT,U,Approved,2010-06-29 16:38:00
2405036,12405036,2405036 Total (Diversion),Annual,1,2010,302.618,ACFT,U,Approved,2013-11-26 12:26:00
2405036,12405036,2405036 Total (Diversion),Annual,1,2011,210.966,ACFT,U,Approved,2013-11-25 19:24:00
2405036,12405036,2405036 Total (Diversion),Annual,1,2012,262.94,ACFT,K,Approved,2013-05-03 18:32:00
2405036,12405036,2405036 Total (Diversion),Annual,1,2013,262.484,ACFT,K,Approved,2014-04-02 17:01:00
2405036,12405036,2405036 Total (Diversion),Annual,1,2014,161.303,ACFT,K,Approved,2015-04-22 09:20:00
2405036,12405036,2405036 Total (Diversion),Annual,1,2015,113.6209,ACFT,K,Approved,2016-05-03 15:15:00
2405036,12405036,2405036 Total (Diversion),Annual,1,2016,115.3474,ACFT,K,Approved,2017-07-26 10:01:00
2405036,12405036,2405036 Total (Diversion),Annual,1,2017,23.6412,ACFT,K,Approved,2018-05-16 15:30:00
2405036,12405036,2405036 Total (Diversion),Annual,1,2018,97.019,ACFT,K,Approved,2019-04-17 20:30:00
2405036,12405036,2405036 Total (Diversion),Annual,1,2019,0.005,ACFT,K,Approved,2020-04-01 16:00:00
2405036,12405036,2405036 Total (Diversion),Annual,1,2020,0.0,ACFT,K,Approved,2021-03-29 10:00:00
2405036,12405036,2405036 Total (Diversion),Annual,1,2021,7.761,ACFT,K,Approved,2022-03-30 09:31:00
2405036,12405036,2405036 Total (Diversion),Annual,1,2022,0.0,ACFT,K,Approved,2023-02-03 11:02:00
2405036,12405036,2405036 Total (Diversion),Annual,1,2023,0.0,ACFT,K,Approved,2024-01-24 12:52:00
2405036,12405036,2405036 Total (Diversion),Annual,1,2024,0.0,ACFT,K,Approved,2024-12-03 10:39:00
2405050,12405050,2405050 Total (Diversion),Annual,1,2009,149.27,ACFT,U,Approved,2010-06-29 16:38:00
2405050,12405050,2405050 Total (Diversion),Annual,1,2010,173.593,ACFT,U,Approved,2013-11-25 23:44:00
2405050,12405050,2405050 Total (Diversion),Annual,1,2011,142.9,ACFT,U,Approved,2012-05-04 16:34:00
2405050,12405050,2405050 Total (Diversion),Annual,1,2012,115.026,ACFT,K,Approved,2013-05-03 18:32:00
2405050,12405050,2405050 Total (Diversion),Annual,1,2013,138.964,ACFT,K,Approved,2014-04-02 17:01:00
2405050,12405050,2405050 Total (Diversion),Annual,1,2014,108.894,ACFT,K,Approved,2015-04-22 09:20:00
2405050,12405050,2405050 Total (Diversion),Annual,1,2015,86.132,ACFT,K,Approved,2016-05-03 15:15:00
2405050,12405050,2405050 Total (Diversion),Annual,1,2016,154.418,ACFT,K,Approved,2017-07-26 10:01:00
2405050,12405050,2405050 Total (Diversion),Annual,1,2017,70.743,ACFT,K,Approved,2018-05-16 15:30:00
2405050,12405050,2405050 Total (Diversion),Annual,1,2018,158.755,ACFT,K,Approved,2019-04-17 20:30:00
2405050,12405050,2405050 Total (Diversion),Annual,1,2019,113.917,ACFT,K,Approved,2020-04-01 16:00:00
2405050,12405050,2405050 Total (Diversion),Annual,1,2020,179.91,ACFT,K,Approved,2021-03-29 10:00:00
2405050,12405050,2405050 Total (Diversion),Annual,1,2021,100.304,ACFT,K,Approved,2022-03-30 09:31:00
2405050,12405050,2405050 Total (Diversion),Annual,1,2022,101.838,ACFT,K,Approved,2023-02-03 11:02:00
2405050,12405050,2405050 Total (Diversion),Annual,1,2023,91.562,ACFT,K,Approved,2024-01-24 12:58:00
2405050,12405050,2405050 Total (Diversion),Annual,1,2024,109.694,ACFT,K,Approved,2024-12-03 10:37:00
2405052,12405052,2405052 Total (Diversion),Annual,1,2009,180.67,ACFT,U,Approved,2010-06-29 16:38:00
2405052,12405052,2405052 Total (Diversion),Annual,1,2010,227.104,ACFT,U,Approved,2013-11-26 12:26:00
2405052,12405052,2405052 Total (Diversion),Annual,1,2011,195.402,ACFT,U,Approved,2013-11-25 19:25:00
2405052,12405052,2405052 Total (Diversion),Annual,1,2012,162.852,ACFT,K,Approved,2013-05-03 18:32:00
2405052,12405052,2405052 Total (Diversion),Annual,1,2013,201.44,ACFT,K,Approved,2014-04-02 17:01:00
2405052,12405052,2405052 Total (Diversion),Annual,1,2014,156.809,ACFT,K,Approved,2015-04-22 09:20:00
2405052,12405052,2405052 Total (Diversion),Annual,1,2015,108.532,ACFT,K,Approved,2016-05-03 15:15:00
2405052,12405052,2405052 Total (Diversion),Annual,1,2016,216.297,ACFT,K,Approved,2017-07-26 10:01:00
2405052,12405052,2405052 Total (Diversion),Annual,1,2017,85.16,ACFT,K,Approved,2018-05-16 15:30:00
2405052,12405052,2405052 Total (Diversion),Annual,1,2018,188.396,ACFT,K,Approved,2019-04-17 20:30:00
2405052,12405052,2405052 Total (Diversion),Annual,1,2019,158.593,ACFT,K,Approved,2020-04-01 16:00:00
2405052,12405052,2405052 Total (Diversion),Annual,1,2020,222.815,ACFT,K,Approved,2021-03-29 10:00:00
2405052,12405052,2405052 Total (Diversion),Annual,1,2021,126.124,ACFT,K,Approved,2022-03-30 09:31:00
2405052,12405052,2405052 Total (Diversion),Annual,1,2022,117.984,ACFT,K,Approved,2023-02-03 11:02:00
2405052,12405052,2405052 Total (Diversion),Annual,1,2023,105.395,ACFT,K,Approved,2024-01-24 12:58:00
2405052,12405052,2405052 Total (Diversion),Annual,1,2024,94.409,ACFT,K,Approved,2024-12-03 10:40:00
2405062,12405062,2405062 Total (Diversion),Annual,1,2009,378.24,ACFT,U,Approved,2010-06-29 16:38:00
2405062,12405062,2405062 Total (Diversion),Annual,1,2010,384.42,ACFT,U,Approved,2011-03-14 11:21:00
2405062,12405062,2405062 Total (Diversion),Annual,1,2011,409.31,ACFT,U,Approved,2012-05-04 16:34:00
2405062,12405062,2405062 Total (Diversion),Annual,1,2012,89.01,ACFT,K,Approved,2013-05-03 18:32:00
2405062,12405062,2405062 Total (Diversion),Annual,1,2013,503.97,ACFT,K,Approved,2014-04-02 17:01:00
2405062,12405062,2405062 Total (Diversion),Annual,1,2014,530.46,ACFT,K,Approved,2015-04-22 09:20:00
2405062,12405062,2405062 Total (Diversion),Annual,1,2015,537.18,ACFT,K,Approved,2016-05-03 15:15:00
2405062,12405062,2405062 Total (Diversion),Annual,1,2016,579.15,ACFT,K,Approved,2017-07-26 10:01:00
2405062,12405062,2405062 Total (Diversion),Annual,1,2017,599.56,ACFT,K,Approved,2018-05-16 15:30:00
2405062,12405062,2405062 Total (Diversion),Annual,1,2018,340.91,ACFT,K,Approved,2019-04-17 20:30:00
2405062,12405062,2405062 Total (Diversion),Annual,1,2019,435.63,ACFT,K,Approved,2020-04-01 16:00:00
2405062,12405062,2405062 Total (Diversion),Annual,1,2020,361.24,ACFT,K,Approved,2021-03-29 10:00:00
2405062,12405062,2405062 Total (Diversion),Annual,1,2021,381.207,ACFT,K,Approved,2022-03-30 09:31:00
2405062,12405062,2405062 Total (Diversion),Annual,1,2022,460.557,ACFT,K,Approved,2023-02-03 11:04:00
2405062,12405062,2405062 Total (Diversion),Annual,1,2023,517.381,ACFT,K,Approved,2024-01-30 10:32:00
2405062,12405062,2405062 Total (Diversion),Annual,1,2024,458.62,ACFT,K,Approved,2024-12-02 12:22:00
2405063,12405063,2405063 Total (Diversion),Annual,1,2009,729.42,ACFT,U,Approved,2010-06-29 16:38:00
2405063,12405063,2405063 Total (Diversion),Annual,1,2010,648.26,ACFT,U,Approved,2011-03-14 11:21:00
2405063,12405063,2405063 Total (Diversion),Annual,1,2011,681.91,ACFT,U,Approved,2012-05-04 16:34:00
2405063,12405063,2405063 Total (Diversion),Annual,1,2012,648.89,ACFT,K,Approved,2013-05-03 18:32:00
2405063,12405063,2405063 Total (Diversion),Annual,1,2013,466.9,ACFT,K,Approved,2014-04-02 17:01:00
2405063,12405063,2405063 Total (Diversion),Annual,1,2014,377.46,ACFT,K,Approved,2015-04-22 09:20:00
2405063,12405063,2405063 Total (Diversion),Annual,1,2015,416.29,ACFT,K,Approved,2016-05-03 15:15:00
2405063,12405063,2405063 Total (Diversion),Annual,1,2016,245.31,ACFT,K,Approved,2017-07-26 10:01:00
2405063,12405063,2405063 Total (Diversion),Annual,1,2017,0.0,ACFT,K,Approved,2018-05-16 15:30:00
2405063,12405063,2405063 Total (Diversion),Annual,1,2018,375.45,ACFT,K,Approved,2019-04-17 20:30:00
2405063,12405063,2405063 Total (Diversion),Annual,1,2019,409.12,ACFT,K,Approved,2020-04-01 16:00:00
2405063,12405063,2405063 Total (Diversion),Annual,1,2020,574.8,ACFT,K,Approved,2021-03-29 10:00:00
2405063,12405063,2405063 Total (Diversion),Annual,1,2021,269.72,ACFT,K,Approved,2022-03-30 09:31:00
2405063,12405063,2405063 Total (Diversion),Annual,1,2022,392.31,ACFT,K,Approved,2023-02-03 11:02:00
2405063,12405063,2405063 Total (Diversion),Annual,1,2023,318.13,ACFT,K,Approved,2024-01-30 11:21:00
2405063,12405063,2405063 Total (Diversion),Annual,1,2024,200.71,ACFT,K,Approved,2024-12-02 12:21:00
2405091,12405091,2405091 Total (Diversion),Annual,1,2009,16.7,ACFT,U,Approved,2010-06-29 16:38:00
2405091,12405091,2405091 Total (Diversion),Annual,1,2010,0.0,ACFT,U,Approved,2011-03-14 11:21:00
2405091,12405091,2405091 Total (Diversion),Annual,1,2011,21.12,ACFT,U,Approved,2012-05-04 16:34:00
2405091,12405091,2405091 Total (Diversion),Annual,1,2012,7.78,ACFT,K,Approved,2018-02-14 15:26:00
2405091,12405091,2405091 Total (Diversion),Annual,1,2013,10.67,ACFT,K,Approved,2014-04-02 17:01:00
2405091,12405091,2405091 Total (Diversion),Annual,1,2014,2.09,ACFT,K,Approved,2015-04-22 09:20:00
2405091,12405091,2405091 Total (Diversion),Annual,1,2015,36.51,ACFT,K,Approved,2016-05-03 15:15:00
2405091,12405091,2405091 Total (Diversion),Annual,1,2016,125.46,ACFT,K,Approved,2017-07-26 10:01:00
2405091,12405091,2405091 Total (Diversion),Annual,1,2017,49.34,ACFT,K,Approved,2018-05-16 15:30:00
2405091,12405091,2405091 Total (Diversion),Annual,1,2018,109.5,ACFT,K,Approved,2019-04-17 20:30:00
2405091,12405091,2405091 Total (Diversion),Annual,1,2019,120.14,ACFT,K,Approved,2020-04-01 16:00:00
2405091,12405091,2405091 Total (Diversion),Annual,1,2020,231.32,ACFT,K,Approved,2021-03-29 10:00:00
2405091,12405091,2405091 Total (Diversion),Annual,1,2021,94.29,ACFT,K,Approved,2022-03-30 09:31:00
2405091,12405091,2405091 Total (Diversion),Annual,1,2022,141.62,ACFT,K,Approved,2023-02-03 11:02:00
2405091,12405091,2405091 Total (Diversion),Annual,1,2023,131.46,ACFT,K,Approved,2024-01-30 11:25:00
2405091,12405091,2405091 Total (Diversion),Annual,1,2024,121.8,ACFT,K,Approved,2024-12-05 10:42:00
2405091,12405091,2405091 Total (Diversion),Annual,1,2025,4.95,ACFT,K,Provisional,2025-05-05 13:49:00
2405105,12405105,2405105 Total (Diversion),Annual,1,2016,160.458,ACFT,K,Approved,2017-07-26 10:01:00
2405105,12405105,2405105 Total (Diversion),Annual,1,2017,36.924,ACFT,K,Approved,2018-05-16 15:30:00
2405105,12405105,2405105 Total (Diversion),Annual,1,2018,319.024,ACFT,K,Approved,2019-04-17 20:30:00
2405105,12405105,2405105 Total (Diversion),Annual,1,2019,273.017,ACFT,K,Approved,2020-04-01 16:00:00
2405105,12405105,2405105 Total (Diversion),Annual,1,2020,334.148,ACFT,K,Approved,2021-03-29 10:00:00
2405105,12405105,2405105 Total (Diversion),Annual,1,2021,210.795,ACFT,K,Approved,2022-03-30 09:31:00
2405105,12405105,2405105 Total (Diversion),Annual,1,2022,163.554,ACFT,K,Approved,2023-02-03 11:04:00
2405105,12405105,2405105 Total (Diversion),Annual,1,2023,163.362,ACFT,K,Approved,2024-01-30 11:26:00
2405105,12405105,2405105 Total (Diversion),Annual,1,2024,163.5525,ACFT,K,Approved,2024-12-02 12:22:00
2405114,12405114,2405114 Total (Diversion),Annual,1,2009,0.0,ACFT,U,Approved,2010-06-29 16:38:00
2405114,12405114,2405114 Total (Diversion),Annual,1,2010,0.0,ACFT,U,Approved,2011-03-14 11:21:00
2405114,12405114,2405114 Total (Diversion),Annual,1,2011,146.67,ACFT,U,Approved,2012-05-04 16:34:00
2405114,12405114,2405114 Total (Diversion),Annual,1,2012,164.0,ACFT,K,Approved,2013-05-03 18:32:00
2405114,12405114,2405114 Total (Diversion),Annual,1,2013,70.855,ACFT,K,Approved,2014-04-02 17:01:00
2405114,12405114,2405114 Total (Diversion),Annual,1,2014,12.66,ACFT,K,Approved,2015-04-22 09:20:00
2405114,12405114,2405114 Total (Diversion),Annual,1,2015,5.91,ACFT,K,Approved,2016-05-03 15:15:00
2405114,12405114,2405114 Total (Diversion),Annual,1,2016,2.61,ACFT,K,Approved,2017-07-26 10:01:00
2405114,12405114,2405114 Total (Diversion),Annual,1,2017,0.11,ACFT,K,Approved,2018-05-16 15:30:00
2405114,12405114,2405114 Total (Diversion),Annual,1,2018,22.63,ACFT,K,Approved,2019-04-17 20:30:00
2405114,12405114,2405114 Total (Diversion),Annual,1,2019,33.839,ACFT,K,Approved,2024-10-10 13:00:00
2405114,12405114,2405114 Total (Diversion),Annual,1,2020,44.655,ACFT,K,Approved,2021-03-29 10:00:00
2405114,12405114,2405114 Total (Diversion),Annual,1,2021,60.626,ACFT,K,Approved,2024-10-11 14:48:00
2405114,12405114,2405114 Total (Diversion),Annual,1,2022,42.696,ACFT,K,Approved,2024-10-25 15:40:00
2405114,12405114,2405114 Total (Diversion),Annual,1,2023,61.698,ACFT,K,Approved,2024-01-30 11:29:00
2405114,12405114,2405114 Total (Diversion),Annual,1,2024,28.74,ACFT,K,Approved,2024-11-12 13:37:00
2405153,12405153,2405153 Total (Diversion),Annual,1,2009,67.26,ACFT,U,Approved,2010-06-29 16:38:00
2405153,12405153,2405153 Total (Diversion),Annual,1,2010,51.07,ACFT,U,Approved,2011-03-14 11:21:00
2405153,12405153,2405153 Total (Diversion),Annual,1,2011,62.32,ACFT,U,Approved,2012-05-04 16:34:00
2405153,12405153,2405153 Total (Diversion),Annual,1,2012,84.42,ACFT,K,Approved,2013-05-03 18:32:00
2405153,12405153,2405153 Total (Diversion),Annual,1,2013,114.49,ACFT,K,Approved,2014-04-02 17:01:00
2405153,12405153,2405153 Total (Diversion),Annual,1,2014,141.44,ACFT,K,Approved,2015-04-22 09:20:00
2405153,12405153,2405153 Total (Diversion),Annual,1,2015,0.85,ACFT,K,Approved,2016-05-03 15:15:00
2405153,12405153,2405153 Total (Diversion),Annual,1,2016,16.05,ACFT,K,Approved,2017-07-26 10:01:00
2405153,12405153,2405153 Total (Diversion),Annual,1,2017,0.44,ACFT,K,Approved,2018-05-16 15:30:00
2405153,12405153,2405153 Total (Diversion),Annual,1,2018,115.0,ACFT,K,Approved,2019-04-17 20:30:00
2405153,12405153,2405153 Total (Diversion),Annual,1,2019,0.0,ACFT,K,Approved,2020-04-01 16:00:00
2405153,12405153,2405153 Total (Diversion),Annual,1,2020,0.0,ACFT,K,Approved,2021-03-29 10:00:00
2405153,12405153,2405153 Total (Diversion),Annual,1,2021,0.0,ACFT,K,Approved,2022-03-30 09:31:00
2405153,12405153,2405153 Total (Diversion),Annual,1,2022,0.0,ACFT,K,Approved,2023-02-03 11:04:00
2405153,12405153,2405153 Total (Diversion),Annual,1,2023,0.0,ACFT,K,Approved,2024-01-30 11:31:00
2405153,12405153,2405153 Total (Diversion),Annual,1,2024,0.0,ACFT,K,Approved,2024-12-20 09:00:00
2405164,12405164,2405164 Total (Diversion),Annual,1,2009,36.23,ACFT,U,Approved,2010-06-29 16:38:00
2405164,12405164,2405164 Total (Diversion),Annual,1,2010,126.68,ACFT,U,Approved,2011-03-14 11:21:00
2405164,12405164,2405164 Total (Diversion),Annual,1,2011,216.97,ACFT,U,Approved,2012-05-04 16:34:00
2405164,12405164,2405164 Total (Diversion),Annual,1,2012,4.2,ACFT,K,Approved,2013-05-03 18:32:00
2405164,12405164,2405164 Total (Diversion),Annual,1,2013,131.92,ACFT,K,Approved,2014-04-02 17:01:00
2405164,12405164,2405164 Total (Diversion),Annual,1,2014,125.48,ACFT,K,Approved,2015-04-22 09:20:00
2405164,12405164,2405164 Total (Diversion),Annual,1,2015,124.69,ACFT,K,Approved,2016-05-03 15:15:00
2405164,12405164,2405164 Total (Diversion),Annual,1,2016,144.6,ACFT,K,Approved,2017-07-26 10:01:00
2405164,12405164,2405164 Total (Diversion),Annual,1,2017,15.42,ACFT,K,Approved,2018-05-16 15:30:00
2405164,12405164,2405164 Total (Diversion),Annual,1,2018,148.32,ACFT,K,Approved,2019-04-17 20:30:00
2405164,12405164,2405164 Total (Diversion),Annual,1,2019,94.7,ACFT,K,Approved,2020-04-01 16:00:00
2405164,12405164,2405164 Total (Diversion),Annual,1,2020,226.28,ACFT,K,Approved,2021-03-29 10:00:00
2405164,12405164,2405164 Total (Diversion),Annual,1,2021,131.99,ACFT,K,Approved,2022-03-30 09:31:00
2405164,12405164,2405164 Total (Diversion),Annual,1,2022,189.41,ACFT,K,Approved,2023-02-03 11:01:00
2405164,12405164,2405164 Total (Diversion),Annual,2,2023,219.07,ACFT,K,Approved,2024-02-07 10:36:00
2405164,12405164,2405164 Total (Diversion),Annual,1,2024,156.46,ACFT,K,Approved,2024-12-02 12:20:00
2405175,12405175,2405175 Total (Diversion),Annual,1,2009,260.29,ACFT,U,Approved,2010-06-29 16:38:00
2405175,12405175,2405175 Total (Diversion),Annual,1,2010,269.71,ACFT,U,Approved,2011-03-14 11:21:00
2405175,12405175,2405175 Total (Diversion),Annual,1,2011,303.94,ACFT,U,Approved,2012-05-04 16:34:00
2405175,12405175,2405175 Total (Diversion),Annual,1,2012,289.77,ACFT,K,Approved,2013-05-03 18:32:00
2405175,12405175,2405175 Total (Diversion),Annual,1,2013,218.89,ACFT,K,Approved,2014-04-02 17:01:00
2405175,12405175,2405175 Total (Diversion),Annual,1,2014,239.55,ACFT,K,Approved,2015-04-22 09:20:00
2405175,12405175,2405175 Total (Diversion),Annual,1,2015,287.32,ACFT,K,Approved,2016-05-03 15:15:00
2405175,12405175,2405175 Total (Diversion),Annual,1,2016,216.42,ACFT,K,Approved,2017-07-26 10:01:00
2405175,12405175,2405175 Total (Diversion),Annual,1,2017,145.28,ACFT,K,Approved,2018-05-16 15:30:00
2405175,12405175,2405175 Total (Diversion),Annual,1,2018,155.17,ACFT,K,Approved,2019-04-17 20:30:00
2405175,12405175,2405175 Total (Diversion),Annual,1,2019,75.51,ACFT,K,Approved,2020-04-01 16:00:00
2405175,12405175,2405175 Total (Diversion),Annual,1,2020,285.76,ACFT,K,Approved,2021-03-29 10:00:00
2405175,12405175,2405175 Total (Diversion),Annual,1,2021,159.5213,ACFT,K,Approved,2022-03-30 09:31:00
2405175,12405175,2405175 Total (Diversion),Annual,1,2022,249.2,ACFT,K,Approved,2023-02-03 11:02:00
2405175,12405175,2405175 Total (Diversion),Annual,1,2023,272.49,ACFT,K,Approved,2024-01-30 11:35:00
2405175,12405175,2405175 Total (Diversion),Annual,1,2024,290.03,ACFT,K,Approved,2024-12-02 12:21:00
2405357,12405357,2405357 Total (Diversion),Annual,1,2013,187.97,ACFT,K,Approved,2014-04-02 17:01:00
2405357,12405357,2405357 Total (Diversion),Annual,1,2014,83.356,ACFT,K,Approved,2015-04-22 09:20:00
2405357,12405357,2405357 Total (Diversion),Annual,1,2015,195.098,ACFT,K,Approved,2016-05-03 15:15:00
2405357,12405357,2405357 Total (Diversion),Annual,1,2016,195.223,ACFT,K,Approved,2017-07-26 10:01:00
2405357,12405357,2405357 Total (Diversion),Annual,1,2017,227.393,ACFT,K,Approved,2018-05-16 15:30:00
2405357,12405357,2405357 Total (Diversion),Annual,1,2018,200.204,ACFT,K,Approved,2019-04-17 20:30:00
2405357,12405357,2405357 Total (Diversion),Annual,1,2019,111.362,ACFT,K,Approved,2020-04-01 16:00:00
2405357,12405357,2405357 Total (Diversion),Annual,1,2020,254.475,ACFT,K,Approved,2021-03-29 10:00:00
2405357,12405357,2405357 Total (Diversion),Annual,1,2021,114.361,ACFT,K,Approved,2022-03-30 09:31:00
2405357,12405357,2405357 Total (Diversion),Annual,1,2022,201.995,ACFT,K,Approved,2023-02-03 11:03:00
2405357,12405357,2405357 Total (Diversion),Annual,1,2023,213.496,ACFT,K,Approved,2024-01-30 11:40:00
2405357,12405357,2405357 Total (Diversion),Annual,1,2024,204.216,ACFT,K,Approved,2024-12-02 12:22:00
2405366,12405366,2405366 Total (Diversion),Annual,1,2009,211.2,ACFT,U,Approved,2010-06-29 16:38:00
2405366,12405366,2405366 Total (Diversion),Annual,1,2010,184.0,ACFT,U,Approved,2011-03-14 11:21:00
2405366,12405366,2405366 Total (Diversion),Annual,1,2011,218.73,ACFT,U,Approved,2012-05-04 16:34:00
2405366,12405366,2405366 Total (Diversion),Annual,1,2012,258.16,ACFT,K,Approved,2013-05-03 18:32:00
2405366,12405366,2405366 Total (Diversion),Annual,1,2013,217.22,ACFT,K,Approved,2014-04-02 17:01:00
2405366,12405366,2405366 Total (Diversion),Annual,1,2014,194.53,ACFT,K,Approved,2015-04-22 09:20:00
2405366,12405366,2405366 Total (Diversion),Annual,1,2015,152.57,ACFT,K,Approved,2016-05-03 15:15:00
2405366,12405366,2405366 Total (Diversion),Annual,1,2016,223.79,ACFT,K,Approved,2017-07-26 10:01:00
2405366,12405366,2405366 Total (Diversion),Annual,1,2017,83.65,ACFT,K,Approved,2018-05-16 15:30:00
2405366,12405366,2405366 Total (Diversion),Annual,1,2018,54.75,ACFT,K,Approved,2019-04-17 20:30:00
2405366,12405366,2405366 Total (Diversion),Annual,1,2019,131.61,ACFT,K,Approved,2020-04-01 16:00:00
2405366,12405366,2405366 Total (Diversion),Annual,1,2020,220.32,ACFT,K,Approved,2021-03-29 10:00:00
2405366,12405366,2405366 Total (Diversion),Annual,1,2021,166.78,ACFT,K,Approved,2022-03-30 09:31:00
2405366,12405366,2405366 Total (Diversion),Annual,1,2022,279.13,ACFT,K,Approved,2023-02-03 11:03:00
2405366,12405366,2405366 Total (Diversion),Annual,1,2023,214.34,ACFT,K,Approved,2024-01-30 11:41:00
2405366,12405366,2405366 Total (Diversion),Annual,1,2024,279.13,ACFT,K,Approved,2024-12-03 08:51:00
2405366,12405366,2405366 Total (Diversion),Annual,1,2025,0.0,ACFT,K,Provisional,2025-05-12 16:24:00
2405372,12405372,2405372 Total (Diversion),Annual,1,2009,92.51,ACFT,U,Approved,2010-06-29 16:38:00
2405372,12405372,2405372 Total (Diversion),Annual,1,2010,162.683,ACFT,U,Approved,2013-11-26 12:28:00
2405372,12405372,2405372 Total (Diversion),Annual,1,2011,165.497,ACFT,U,Approved,2013-11-25 19:26:00
2405372,12405372,2405372 Total (Diversion),Annual,1,2012,168.908,ACFT,K,Approved,2013-05-03 18:32:00
2405372,12405372,2405372 Total (Diversion),Annual,1,2013,126.062,ACFT,K,Approved,2014-04-02 17:01:00
2405372,12405372,2405372 Total (Diversion),Annual,1,2014,77.712,ACFT,K,Approved,2015-04-22 09:20:00
2405372,12405372,2405372 Total (Diversion),Annual,1,2015,52.541,ACFT,K,Approved,2016-05-03 15:15:00
2405372,12405372,2405372 Total (Diversion),Annual,1,2016,84.326,ACFT,K,Approved,2017-07-26 10:01:00
2405372,12405372,2405372 Total (Diversion),Annual,1,2017,46.3,ACFT,K,Approved,2018-05-16 15:30:00
2405372,12405372,2405372 Total (Diversion),Annual,1,2018,89.647,ACFT,K,Approved,2019-04-17 20:30:00
2405372,12405372,2405372 Total (Diversion),Annual,1,2019,0.022,ACFT,K,Approved,2020-04-01 16:00:00
2405372,12405372,2405372 Total (Diversion),Annual,1,2020,143.157,ACFT,K,Approved,2021-03-29 10:00:00
2405372,12405372,2405372 Total (Diversion),Annual,1,2021,60.651,ACFT,K,Approved,2022-03-30 09:31:00
2405372,12405372,2405372 Total (Diversion),Annual,1,2022,72.217,ACFT,K,Approved,2023-02-03 11:02:00
2405372,12405372,2405372 Total (Diversion),Annual,1,2023,24.145,ACFT,K,Approved,2023-10-12 15:55:00
2405372,12405372,2405372 Total (Diversion),Annual,1,2024,0.0,ACFT,K,Approved,2024-12-20 09:05:00
2405374,12405374,2405374 Total (Diversion),Annual,1,2009,0.0,ACFT,U,Approved,2010-06-29 16:38:00
2405374,12405374,2405374 Total (Diversion),Annual,1,2010,0.0,ACFT,U,Approved,2011-03-14 11:21:00
2405374,12405374,2405374 Total (Diversion),Annual,1,2011,0.0,ACFT,U,Approved,2012-05-04 16:34:00
2405374,12405374,2405374 Total (Diversion),Annual,1,2012,0.0,ACFT,K,Approved,2013-05-03 18:32:00
2405374,12405374,2405374 Total (Diversion),Annual,1,2013,0.0,ACFT,K,Approved,2014-04-02 17:01:00
2405374,12405374,2405374 Total (Diversion),Annual,1,2014,0.0,ACFT,K,Approved,2015-04-22 09:20:00
2405374,12405374,2405374 Total (Diversion),Annual,1,2015,0.0,ACFT,K,Approved,2016-05-03 15:15:00
2405374,12405374,2405374 Total (Diversion),Annual,1,2016,0.0,ACFT,K,Approved,2017-07-26 10:01:00
2405374,12405374,2405374 Total (Diversion),Annual,1,2017,0.0,ACFT,K,Approved,2018-05-16 15:30:00
2405374,12405374,2405374 Total (Diversion),Annual,1,2023,12.889,ACFT,K,Approved,2024-01-30 11:44:00
2405374,12405374,2405374 Total (Diversion),Annual,1,2024,87.658,ACFT,K,Approved,2024-12-03 09:49:00
2405397,12405397,2405397 Total (Diversion),Annual,1,2009,262.6,ACFT,U,Approved,2010-06-29 16:38:00
2405397,12405397,2405397 Total (Diversion),Annual,1,2010,160.12,ACFT,U,Approved,2011-03-14 11:21:00
2405397,12405397,2405397 Total (Diversion),Annual,1,2011,116.06,ACFT,U,Approved,2012-05-04 16:34:00
2405397,12405397,2405397 Total (Diversion),Annual,1,2012,157.03,ACFT,K,Approved,2018-02-14 15:35:00
2405397,12405397,2405397 Total (Diversion),Annual,1,2013,167.1,ACFT,K,Approved,2014-04-02 17:01:00
2405397,12405397,2405397 Total (Diversion),Annual,1,2014,180.9,ACFT,K,Approved,2015-04-22 09:20:00
2405397,12405397,2405397 Total (Diversion),Annual,1,2015,205.43,ACFT,K,Approved,2016-05-03 15:15:00
2405397,12405397,2405397 Total (Diversion),Annual,1,2016,290.45,ACFT,K,Approved,2017-07-26 10:01:00
2405397,12405397,2405397 Total (Diversion),Annual,1,2017,217.65,ACFT,K,Approved,2018-05-16 15:30:00
2405397,12405397,2405397 Total (Diversion),Annual,1,2018,185.14,ACFT,K,Approved,2019-04-17 20:30:00
2405397,12405397,2405397 Total (Diversion),Annual,1,2019,65.12,ACFT,K,Approved,2020-04-01 16:00:00
2405397,12405397,2405397 Total (Diversion),Annual,1,2020,191.67,ACFT,K,Approved,2021-03-29 10:00:00
2405397,12405397,2405397 Total (Diversion),Annual,1,2021,128.77,ACFT,K,Approved,2022-03-30 09:31:00
2405397,12405397,2405397 Total (Diversion),Annual,1,2022,105.14,ACFT,K,Approved,2023-02-03 11:01:00
2405397,12405397,2405397 Total (Diversion),Annual,1,2023,202.62,ACFT,K,Approved,2024-01-30 11:46:00
2405397,12405397,2405397 Total (Diversion),Annual,1,2024,170.99,ACFT,K,Approved,2024-12-02 12:22:00
2405404,12405404,2405404 Total (Diversion),Annual,1,2020,0.1253,ACFT,K,Approved,2021-03-29 10:00:00
2405404,12405404,2405404 Total (Diversion),Annual,1,2021,0.3937,ACFT,K,Approved,2022-03-30 09:31:00
2405404,12405404,2405404 Total (Diversion),Annual,1,2022,0.3625,ACFT,K,Approved,2023-02-03 11:04:00
2405404,12405404,2405404 Total (Diversion),Annual,1,2023,0.2894,ACFT,K,Approved,2024-01-30 11:36:00
2405404,12405404,2405404 Total (Diversion),Annual,1,2024,0.8545,ACFT,K,Approved,2024-11-18 13:14:00
2405405,12405405,2405405 Total (Diversion),Annual,1,2021,15.0254,ACFT,K,Approved,2024-10-11 14:50:00
2405405,12405405,2405405 Total (Diversion),Annual,1,2022,3.7852,ACFT,K,Approved,2024-10-25 15:41:00
2405405,12405405,2405405 Total (Diversion),Annual,1,2023,1.5341,ACFT,K,Approved,2024-01-30 11:47:00
2405405,12405405,2405405 Total (Diversion),Annual,1,2024,1.1659,ACFT,K,Approved,2024-12-05 13:03:00
