wdid,waterClassNum,wcIdentifier,measInterval,measCount,dataMeasDate,dataValue,measUnits,obsCode,approvalStatus,modified
2005135,12005135,2005135 Total (Diversion),Annual,1,2009,155.68,ACFT,U,Approved,2010-06-29 16:23:00
2005135,12005135,2005135 Total (Diversion),Annual,1,2010,132.05,ACFT,U,Approved,2011-06-20 17:12:00
2005135,12005135,2005135 Total (Diversion),Annual,1,2011,148.73,ACFT,U,Approved,2012-07-06 07:51:00
2005135,12005135,2005135 Total (Diversion),Annual,1,2012,106.56,ACFT,K,Approved,2013-05-03 15:13:00
2005135,12005135,2005135 Total (Diversion),Annual,1,2013,112.46,ACFT,K,Approved,2014-04-04 13:52:00
2005135,12005135,2005135 Total (Diversion),Annual,1,2014,110.85,ACFT,K,Approved,2015-06-01 17:12:00
2005135,12005135,2005135 Total (Diversion),Annual,1,2015,107.74,ACFT,K,Approved,2016-05-30 14:30:00
2005135,12005135,2005135 Total (Diversion),Annual,1,2016,117.35,ACFT,K,Approved,2018-01-03 15:56:00
2005135,12005135,2005135 Total (Diversion),Annual,1,2017,58.63,ACFT,K,Approved,2018-05-25 09:41:00
2005135,12005135,2005135 Total (Diversion),Annual,1,2018,135.7,ACFT,K,Approved,2019-04-04 16:17:00
2005135,12005135,2005135 Total (Diversion),Annual,1,2019,135.77,ACFT,K,Approved,2020-04-01 21:05:00
2005135,12005135,2005135 Total (Diversion),Annual,1,2020,102.78,ACFT,K,Approved,2021-03-26 10:46:00
2005135,12005135,2005135 Total (Diversion),Annual,1,2021,106.22,ACFT,K,Approved,2022-03-30 09:30:00
2005135,12005135,2005135 Total (Diversion),Annual,1,2022,0.05,ACFT,K,Approved,2023-06-12 14:06:00
2005135,12005135,2005135 Total (Diversion),Annual,1,2023,117.825,ACFT,K,Approved,2024-01-17 14:36:00
2005135,12005135,2005135 Total (Diversion),Annual,1,2024,0.01,ACFT,K,Approved,2024-11-18 13:16:00
2005214,12005214,2005214 Total (Diversion),Annual,1,2023,117.825,ACFT,K,Approved,2024-01-17 14:36:00
2005214,12005214,2005214 Total (Diversion),Annual,1,2024,0.01,ACFT,K,Approved,2024-11-18 13:16:00
2005529,12005529,2005529 Total (Diversion),Annual,1,2009,57.0,ACFT,U,Approved,2010-06-29 16:23:00
2005529,12005529,2005529 Total (Diversion),Annual,1,2010,39.33,ACFT,U,Approved,2011-06-20 17:12:00
2005529,12005529,2005529 Total (Diversion),Annual,1,2011,75.67,ACFT,U,Approved,2012-07-06 07:51:00
2005529,12005529,2005529 Total (Diversion),Annual,1,2012,68.97,ACFT,K,Approved,2013-05-03 15:13:00
2005529,12005529,2005529 Total (Diversion),Annual,1,2013,44.22,ACFT,K,Approved,2014-04-04 13:52:00
2005529,12005529,2005529 Total (Diversion),Annual,1,2014,50.49,ACFT,K,Approved,2015-06-01 17:12:00
2005529,12005529,2005529 Total (Diversion),Annual,1,2015,38.4991,ACFT,K,Approved,2016-05-30 14:30:00
2005529,12005529,2005529 Total (Diversion),Annual,1,2016,42.7205,ACFT,K,Approved,2018-01-03 15:56:00
2005529,12005529,2005529 Total (Diversion),Annual,1,2017,58.0602,ACFT,K,Approved,2018-05-25 09:41:00
2005529,12005529,2005529 Total (Diversion),Annual,1,2018,45.703,ACFT,K,Approved,2019-04-04 16:17:00
2005529,12005529,2005529 Total (Diversion),Annual,1,2019,46.4617,ACFT,K,Approved,2020-04-01 21:05:00
2005529,12005529,2005529 Total (Diversion),Annual,1,2020,75.4212,ACFT,K,Approved,2021-03-26 10:46:00
2005529,12005529,2005529 Total (Diversion),Annual,1,2021,52.2535,ACFT,K,Approved,2022-03-30 09:30:00
2005529,12005529,2005529 Total (Diversion),Annual,1,2022,52.3034,ACFT,K,Approved,2023-02-03 11:04:00
2005529,12005529,2005529 Total (Diversion),Annual,1,2023,59.4073,ACFT,K,Approved,2024-01-17 16:18:00
2005529,12005529,2005529 Total (Diversion),Annual,1,2024,44.0471,ACFT,K,Approved,2024-11-06 09:32:00
2005613,12005613,2005613 Total (Diversion),Annual,1,2009,79.57,ACFT,U,Approved,2010-06-29 16:23:00
2005613,12005613,2005613 Total (Diversion),Annual,1,2010,116.32,ACFT,U,Approved,2011-06-20 17:12:00
2005613,12005613,2005613 Total (Diversion),Annual,1,2011,62.37,ACFT,U,Approved,2012-07-06 07:51:00
2005613,12005613,2005613 Total (Diversion),Annual,1,2012,84.13,ACFT,K,Approved,2013-05-03 15:13:00
2005613,12005613,2005613 Total (Diversion),Annual,1,2013,93.36,ACFT,K,Approved,2014-04-04 13:52:00
2005613,12005613,2005613 Total (Diversion),Annual,1,2014,71.705,ACFT,K,Approved,2015-06-01 17:12:00
2005613,12005613,2005613 Total (Diversion),Annual,1,2015,67.105,ACFT,K,Approved,2016-05-30 14:30:00
2005613,12005613,2005613 Total (Diversion),Annual,1,2016,60.205,ACFT,K,Approved,2018-01-03 15:56:00
2005613,12005613,2005613 Total (Diversion),Annual,1,2017,76.46,ACFT,K,Approved,2018-05-25 09:41:00
2005613,12005613,2005613 Total (Diversion),Annual,1,2018,99.775,ACFT,K,Approved,2019-04-04 16:17:00
2005613,12005613,2005613 Total (Diversion),Annual,1,2019,78.785,ACFT,K,Approved,2020-04-01 21:05:00
2005613,12005613,2005613 Total (Diversion),Annual,1,2020,40.925,ACFT,K,Approved,2021-03-26 10:46:00
2005613,12005613,2005613 Total (Diversion),Annual,1,2021,84.32,ACFT,K,Approved,2022-03-30 09:30:00
2005613,12005613,2005613 Total (Diversion),Annual,1,2022,44.3292,ACFT,K,Approved,2023-02-03 11:02:00
2005613,12005613,2005613 Total (Diversion),Annual,1,2023,101.813,ACFT,K,Approved,2024-01-12 15:58:00
2005613,12005613,2005613 Total (Diversion),Annual,1,2024,47.568,ACFT,K,Approved,2024-11-21 11:06:00
2005781,12005781,2005781 Total (Diversion),Annual,1,2009,66.76,ACFT,U,Approved,2010-06-29 16:23:00
2005781,12005781,2005781 Total (Diversion),Annual,1,2010,77.44,ACFT,U,Approved,2011-06-20 17:12:00
2005781,12005781,2005781 Total (Diversion),Annual,1,2011,74.35,ACFT,U,Approved,2012-07-06 07:51:00
2005781,12005781,2005781 Total (Diversion),Annual,1,2012,51.4488,ACFT,K,Approved,2013-05-03 15:13:00
2005781,12005781,2005781 Total (Diversion),Annual,1,2013,88.8216,ACFT,K,Approved,2014-04-04 13:52:00
2005781,12005781,2005781 Total (Diversion),Annual,1,2014,43.0372,ACFT,K,Approved,2015-06-01 17:12:00
2005781,12005781,2005781 Total (Diversion),Annual,1,2015,75.6058,ACFT,K,Approved,2016-05-30 14:30:00
2005781,12005781,2005781 Total (Diversion),Annual,1,2016,71.0362,ACFT,K,Approved,2018-01-03 15:56:00
2005781,12005781,2005781 Total (Diversion),Annual,1,2017,60.0202,ACFT,K,Approved,2018-05-25 09:41:00
2005781,12005781,2005781 Total (Diversion),Annual,1,2018,69.7102,ACFT,K,Approved,2019-04-04 16:17:00
2005781,12005781,2005781 Total (Diversion),Annual,1,2019,93.9624,ACFT,K,Approved,2020-04-01 21:05:00
2005781,12005781,2005781 Total (Diversion),Annual,1,2020,74.0452,ACFT,K,Approved,2021-03-26 10:46:00
2005781,12005781,2005781 Total (Diversion),Annual,1,2021,77.9008,ACFT,K,Approved,2022-03-30 09:30:00
2005781,12005781,2005781 Total (Diversion),Annual,1,2022,95.4686,ACFT,K,Approved,2023-02-03 11:03:00
2005781,12005781,2005781 Total (Diversion),Annual,1,2023,67.7076,ACFT,K,Approved,2024-01-16 12:35:00
2005781,12005781,2005781 Total (Diversion),Annual,1,2024,53.006,ACFT,K,Approved,2024-11-20 13:41:00
2005820,12005820,2005820 Total (Diversion),Annual,1,2009,80.0,ACFT,U,Approved,2010-06-29 16:23:00
2005820,12005820,2005820 Total (Diversion),Annual,1,2010,44.67,ACFT,U,Approved,2011-06-20 17:12:00
2005820,12005820,2005820 Total (Diversion),Annual,1,2011,84.33,ACFT,U,Approved,2012-07-06 07:51:00
2005820,12005820,2005820 Total (Diversion),Annual,1,2012,72.76,ACFT,K,Approved,2013-05-03 15:13:00
2005820,12005820,2005820 Total (Diversion),Annual,1,2013,63.92,ACFT,K,Approved,2014-04-04 13:52:00
2005820,12005820,2005820 Total (Diversion),Annual,1,2014,59.84,ACFT,K,Approved,2015-06-01 17:12:00
2005820,12005820,2005820 Total (Diversion),Annual,1,2015,63.58,ACFT,K,Approved,2016-05-30 14:30:00
2005820,12005820,2005820 Total (Diversion),Annual,1,2016,60.18,ACFT,K,Approved,2018-01-03 15:56:00
2005820,12005820,2005820 Total (Diversion),Annual,1,2017,53.04,ACFT,K,Approved,2018-05-25 09:41:00
2005820,12005820,2005820 Total (Diversion),Annual,1,2018,36.1179,ACFT,K,Approved,2019-04-04 16:17:00
2005820,12005820,2005820 Total (Diversion),Annual,1,2019,73.7769,ACFT,K,Approved,2020-04-01 21:05:00
2005820,12005820,2005820 Total (Diversion),Annual,1,2020,88.177,ACFT,K,Approved,2021-03-26 10:46:00
2005820,12005820,2005820 Total (Diversion),Annual,1,2021,77.7522,ACFT,K,Approved,2022-03-30 09:30:00
2005820,12005820,2005820 Total (Diversion),Annual,1,2022,88.177,ACFT,K,Approved,2023-02-03 11:04:00
2005820,12005820,2005820 Total (Diversion),Annual,1,2023,70.0995,ACFT,K,Approved,2024-01-17 16:15:00
2005820,12005820,2005820 Total (Diversion),Annual,1,2024,34.2496,ACFT,K,Approved,2024-11-06 09:31:00
2005821,12005821,2005821 Total (Diversion),Annual,1,2009,80.0,ACFT,U,Approved,2010-06-29 16:23:00
2005821,12005821,2005821 Total (Diversion),Annual,1,2010,44.67,ACFT,U,Approved,2011-06-20 17:12:00
2005821,12005821,2005821 Total (Diversion),Annual,1,2011,84.33,ACFT,U,Approved,2012-07-06 07:51:00
2005821,12005821,2005821 Total (Diversion),Annual,1,2012,70.62,ACFT,K,Approved,2013-05-03 15:13:00
2005821,12005821,2005821 Total (Diversion),Annual,1,2013,62.04,ACFT,K,Approved,2014-04-04 13:52:00
2005821,12005821,2005821 Total (Diversion),Annual,1,2014,58.08,ACFT,K,Approved,2015-06-01 17:12:00
2005821,12005821,2005821 Total (Diversion),Annual,1,2015,61.71,ACFT,K,Approved,2016-05-30 14:30:00
2005821,12005821,2005821 Total (Diversion),Annual,1,2016,58.41,ACFT,K,Approved,2018-01-03 15:56:00
2005821,12005821,2005821 Total (Diversion),Annual,1,2017,51.48,ACFT,K,Approved,2018-05-25 09:41:00
2005821,12005821,2005821 Total (Diversion),Annual,1,2018,35.0556,ACFT,K,Approved,2019-04-04 16:17:00
2005821,12005821,2005821 Total (Diversion),Annual,1,2019,71.607,ACFT,K,Approved,2020-04-01 21:05:00
2005821,12005821,2005821 Total (Diversion),Annual,1,2020,85.5835,ACFT,K,Approved,2021-03-26 10:46:00
2005821,12005821,2005821 Total (Diversion),Annual,1,2021,75.4654,ACFT,K,Approved,2022-03-30 09:30:00
2005821,12005821,2005821 Total (Diversion),Annual,1,2022,85.5835,ACFT,K,Approved,2023-02-03 11:04:00
2005821,12005821,2005821 Total (Diversion),Annual,1,2023,68.0378,ACFT,K,Approved,2024-01-17 16:15:00
2005821,12005821,2005821 Total (Diversion),Annual,1,2024,33.2422,ACFT,K,Approved,2024-11-06 09:31:00
2005859,12005859,2005859 Total (Diversion),Annual,1,2009,127.21,ACFT,U,Approved,2010-06-29 16:23:00
2005859,12005859,2005859 Total (Diversion),Annual,1,2010,132.065,ACFT,U,Approved,2013-11-25 21:17:00
2005859,12005859,2005859 Total (Diversion),Annual,1,2011,45.19,ACFT,U,Approved,2012-07-06 07:51:00
2005859,12005859,2005859 Total (Diversion),Annual,1,2012,94.625,ACFT,K,Approved,2013-05-03 15:13:00
2005859,12005859,2005859 Total (Diversion),Annual,1,2013,21.37,ACFT,K,Approved,2014-04-04 13:52:00
2005859,12005859,2005859 Total (Diversion),Annual,1,2014,83.14,ACFT,K,Approved,2015-06-01 17:12:00
2005859,12005859,2005859 Total (Diversion),Annual,1,2015,24.85,ACFT,K,Approved,2016-05-30 14:30:00
2005859,12005859,2005859 Total (Diversion),Annual,1,2016,95.055,ACFT,K,Approved,2018-01-03 15:56:00
2005859,12005859,2005859 Total (Diversion),Annual,1,2017,25.99,ACFT,K,Approved,2018-05-25 09:41:00
2005859,12005859,2005859 Total (Diversion),Annual,1,2018,103.9,ACFT,K,Approved,2019-04-04 16:17:00
2005859,12005859,2005859 Total (Diversion),Annual,1,2019,35.64,ACFT,K,Approved,2020-04-01 21:05:00
2005859,12005859,2005859 Total (Diversion),Annual,1,2020,122.02,ACFT,K,Approved,2021-03-26 10:46:00
2005859,12005859,2005859 Total (Diversion),Annual,1,2021,0.0,ACFT,K,Approved,2022-03-30 09:30:00
2005859,12005859,2005859 Total (Diversion),Annual,1,2022,112.28,ACFT,K,Approved,2023-09-22 15:58:00
2005859,12005859,2005859 Total (Diversion),Annual,1,2023,60.61,ACFT,K,Approved,2024-01-17 14:42:00
2005859,12005859,2005859 Total (Diversion),Annual,1,2024,39.775,ACFT,K,Approved,2024-11-18 13:16:00
2005909,12005909,2005909 Total (Diversion),Annual,1,2009,91.23,ACFT,U,Approved,2010-06-29 16:23:00
2005909,12005909,2005909 Total (Diversion),Annual,1,2010,106.875,ACFT,U,Approved,2013-11-25 21:19:00
2005909,12005909,2005909 Total (Diversion),Annual,1,2011,108.185,ACFT,U,Approved,2013-11-25 14:22:00
2005909,12005909,2005909 Total (Diversion),Annual,1,2012,47.965,ACFT,K,Approved,2013-05-03 15:13:00
2005909,12005909,2005909 Total (Diversion),Annual,1,2013,55.715,ACFT,K,Approved,2014-04-04 13:52:00
2005909,12005909,2005909 Total (Diversion),Annual,1,2014,57.5,ACFT,K,Approved,2015-06-01 17:12:00
2005909,12005909,2005909 Total (Diversion),Annual,1,2015,57.03,ACFT,K,Approved,2016-05-30 14:30:00
2005909,12005909,2005909 Total (Diversion),Annual,1,2016,77.17,ACFT,K,Approved,2018-01-03 15:56:00
2005909,12005909,2005909 Total (Diversion),Annual,1,2017,103.37,ACFT,K,Approved,2018-05-25 09:41:00
2005909,12005909,2005909 Total (Diversion),Annual,1,2018,81.535,ACFT,K,Approved,2019-04-04 16:17:00
2005909,12005909,2005909 Total (Diversion),Annual,1,2019,76.375,ACFT,K,Approved,2020-04-01 21:05:00
2005909,12005909,2005909 Total (Diversion),Annual,1,2020,100.83,ACFT,K,Approved,2021-03-26 10:46:00
2005909,12005909,2005909 Total (Diversion),Annual,1,2021,75.46,ACFT,K,Approved,2022-03-30 09:30:00
2005909,12005909,2005909 Total (Diversion),Annual,1,2022,61.22,ACFT,K,Approved,2023-02-03 11:02:00
2005909,12005909,2005909 Total (Diversion),Annual,1,2023,69.26,ACFT,K,Approved,2024-01-17 11:50:00
2005909,12005909,2005909 Total (Diversion),Annual,1,2024,31.48,ACFT,K,Approved,2024-12-10 12:07:00
2006248,12006248,2006248 Total (Diversion),Annual,1,2009,111.44,ACFT,U,Approved,2010-06-29 16:23:00
2006248,12006248,2006248 Total (Diversion),Annual,1,2010,112.04,ACFT,U,Approved,2011-06-20 17:12:00
2006248,12006248,2006248 Total (Diversion),Annual,1,2011,60.735,ACFT,U,Approved,2013-11-25 14:37:00
2006248,12006248,2006248 Total (Diversion),Annual,1,2012,87.845,ACFT,K,Approved,2013-05-03 15:13:00
2006248,12006248,2006248 Total (Diversion),Annual,1,2013,64.695,ACFT,K,Approved,2014-04-04 13:52:00
2006248,12006248,2006248 Total (Diversion),Annual,1,2014,77.47,ACFT,K,Approved,2015-06-01 17:12:00
2006248,12006248,2006248 Total (Diversion),Annual,1,2015,53.235,ACFT,K,Approved,2016-05-30 14:30:00
2006248,12006248,2006248 Total (Diversion),Annual,1,2016,80.3,ACFT,K,Approved,2018-01-03 15:56:00
2006248,12006248,2006248 Total (Diversion),Annual,1,2017,87.2,ACFT,K,Approved,2018-05-25 09:41:00
2006248,12006248,2006248 Total (Diversion),Annual,1,2018,92.175,ACFT,K,Approved,2019-04-04 16:17:00
2006248,12006248,2006248 Total (Diversion),Annual,1,2019,71.49,ACFT,K,Approved,2020-04-01 21:05:00
2006248,12006248,2006248 Total (Diversion),Annual,1,2020,100.745,ACFT,K,Approved,2021-03-26 10:46:00
2006248,12006248,2006248 Total (Diversion),Annual,1,2021,46.195,ACFT,K,Approved,2022-03-30 09:30:00
2006248,12006248,2006248 Total (Diversion),Annual,1,2022,67.34,ACFT,K,Approved,2023-02-03 11:02:00
2006248,12006248,2006248 Total (Diversion),Annual,1,2023,46.305,ACFT,K,Approved,2024-01-16 17:25:00
2006248,12006248,2006248 Total (Diversion),Annual,1,2024,46.05,ACFT,K,Approved,2024-11-19 14:10:00
2006459,12006459,2006459 Total (Diversion),Annual,1,2009,67.0,ACFT,U,Approved,2010-06-29 16:23:00
2006459,12006459,2006459 Total (Diversion),Annual,1,2010,66.0,ACFT,U,Approved,2011-06-20 17:12:00
2006459,12006459,2006459 Total (Diversion),Annual,1,2011,86.0,ACFT,U,Approved,2012-07-06 07:51:00
2006459,12006459,2006459 Total (Diversion),Annual,1,2012,68.0,ACFT,K,Approved,2018-02-09 13:35:00
2006459,12006459,2006459 Total (Diversion),Annual,1,2013,53.0,ACFT,K,Approved,2014-04-04 13:52:00
2006459,12006459,2006459 Total (Diversion),Annual,1,2014,36.0,ACFT,K,Approved,2015-06-01 17:12:00
2006459,12006459,2006459 Total (Diversion),Annual,1,2015,53.0,ACFT,K,Approved,2016-05-30 14:30:00
2006459,12006459,2006459 Total (Diversion),Annual,1,2016,67.0,ACFT,K,Approved,2018-01-03 15:56:00
2006459,12006459,2006459 Total (Diversion),Annual,1,2017,99.0,ACFT,K,Approved,2018-05-25 09:41:00
2006459,12006459,2006459 Total (Diversion),Annual,1,2018,99.0,ACFT,K,Approved,2019-04-04 16:17:00
2006459,12006459,2006459 Total (Diversion),Annual,1,2019,45.489,ACFT,K,Approved,2020-04-01 21:05:00
2006459,12006459,2006459 Total (Diversion),Annual,1,2020,68.337,ACFT,K,Approved,2021-03-26 10:46:00
2006459,12006459,2006459 Total (Diversion),Annual,1,2021,6.913,ACFT,K,Approved,2022-03-30 09:30:00
2006459,12006459,2006459 Total (Diversion),Annual,1,2022,72.781,ACFT,K,Approved,2023-02-03 11:04:00
2006459,12006459,2006459 Total (Diversion),Annual,1,2023,78.294,ACFT,K,Approved,2023-10-11 15:32:00
2006459,12006459,2006459 Total (Diversion),Annual,1,2024,61.993,ACFT,K,Approved,2024-11-07 12:10:00
2006460,12006460,2006460 Total (Diversion),Annual,1,2009,40.0,ACFT,U,Approved,2010-06-29 16:23:00
2006460,12006460,2006460 Total (Diversion),Annual,1,2010,47.0,ACFT,U,Approved,2011-06-20 17:12:00
2006460,12006460,2006460 Total (Diversion),Annual,1,2011,68.0,ACFT,U,Approved,2012-07-06 07:51:00
2006460,12006460,2006460 Total (Diversion),Annual,1,2012,44.0,ACFT,K,Approved,2018-02-09 13:35:00
2006460,12006460,2006460 Total (Diversion),Annual,1,2013,52.5,ACFT,K,Approved,2014-04-04 13:52:00
2006460,12006460,2006460 Total (Diversion),Annual,1,2014,53.5,ACFT,K,Approved,2015-06-01 17:12:00
2006460,12006460,2006460 Total (Diversion),Annual,1,2015,40.0155,ACFT,K,Approved,2016-05-30 14:30:00
2006460,12006460,2006460 Total (Diversion),Annual,1,2016,37.974,ACFT,K,Approved,2018-01-03 15:56:00
2006460,12006460,2006460 Total (Diversion),Annual,1,2017,24.953,ACFT,K,Approved,2018-05-25 09:41:00
2006460,12006460,2006460 Total (Diversion),Annual,1,2018,23.6195,ACFT,K,Approved,2019-04-04 16:17:00
2006460,12006460,2006460 Total (Diversion),Annual,1,2019,43.676,ACFT,K,Approved,2020-04-01 21:05:00
2006460,12006460,2006460 Total (Diversion),Annual,1,2020,66.4385,ACFT,K,Approved,2021-03-26 10:46:00
2006460,12006460,2006460 Total (Diversion),Annual,1,2021,81.2685,ACFT,K,Approved,2022-03-30 09:30:00
2006460,12006460,2006460 Total (Diversion),Annual,1,2022,23.843,ACFT,K,Approved,2023-02-03 11:04:00
2006460,12006460,2006460 Total (Diversion),Annual,1,2023,38.6668,ACFT,K,Approved,2023-10-11 15:32:00
2006460,12006460,2006460 Total (Diversion),Annual,1,2024,28.6558,ACFT,K,Approved,2024-11-07 16:14:00
2008018,12008018,2008018 Total (Diversion),Annual,1,2009,80.0,ACFT,U,Approved,2010-06-29 16:23:00
2008018,12008018,2008018 Total (Diversion),Annual,1,2010,249.0,ACFT,U,Approved,2011-06-20 17:12:00
2008018,12008018,2008018 Total (Diversion),Annual,1,2011,220.0,ACFT,U,Approved,2012-07-06 07:51:00
2008018,12008018,2008018 Total (Diversion),Annual,1,2012,155.0,ACFT,K,Approved,2013-05-03 15:13:00
2008018,12008018,2008018 Total (Diversion),Annual,1,2013,127.0,ACFT,K,Approved,2014-04-04 13:52:00
2008018,12008018,2008018 Total (Diversion),Annual,1,2014,120.0,ACFT,K,Approved,2015-06-01 17:12:00
2008018,12008018,2008018 Total (Diversion),Annual,1,2015,122.0,ACFT,K,Approved,2016-05-30 14:30:00
2008018,12008018,2008018 Total (Diversion),Annual,1,2016,111.0,ACFT,K,Approved,2018-01-03 15:56:00
2008018,12008018,2008018 Total (Diversion),Annual,1,2017,168.0,ACFT,K,Approved,2018-05-25 09:41:00
2008018,12008018,2008018 Total (Diversion),Annual,1,2018,197.0,ACFT,K,Approved,2019-04-04 16:17:00
2008018,12008018,2008018 Total (Diversion),Annual,1,2019,157.0,ACFT,K,Approved,2020-04-01 21:05:00
2008018,12008018,2008018 Total (Diversion),Annual,1,2020,187.501,ACFT,K,Approved,2021-03-26 10:46:00
2008018,12008018,2008018 Total (Diversion),Annual,1,2021,189.19,ACFT,K,Approved,2022-03-30 09:30:00
2008018,12008018,2008018 Total (Diversion),Annual,1,2022,182.505,ACFT,K,Approved,2023-02-03 11:04:00
2008018,12008018,2008018 Total (Diversion),Annual,1,2023,171.864,ACFT,K,Approved,2024-01-17 16:11:00
2008018,12008018,2008018 Total (Diversion),Annual,1,2024,114.9293,ACFT,K,Approved,2024-11-06 16:08:00
2008291,12008291,2008291 Total (Diversion),Annual,1,2009,182.55,ACFT,U,Approved,2010-06-29 16:23:00
2008291,12008291,2008291 Total (Diversion),Annual,1,2010,219.8,ACFT,U,Approved,2011-06-20 17:12:00
2008291,12008291,2008291 Total (Diversion),Annual,1,2011,228.16,ACFT,U,Approved,2012-07-06 07:51:00
2008291,12008291,2008291 Total (Diversion),Annual,1,2012,209.94,ACFT,K,Approved,2013-05-03 15:13:00
2008291,12008291,2008291 Total (Diversion),Annual,1,2013,140.55,ACFT,K,Approved,2014-04-04 13:52:00
2008291,12008291,2008291 Total (Diversion),Annual,1,2014,188.49,ACFT,K,Approved,2015-06-01 17:12:00
2008291,12008291,2008291 Total (Diversion),Annual,1,2015,169.81,ACFT,K,Approved,2016-05-30 14:30:00
2008291,12008291,2008291 Total (Diversion),Annual,1,2016,189.89,ACFT,K,Approved,2018-01-03 15:56:00
2008291,12008291,2008291 Total (Diversion),Annual,1,2017,201.32,ACFT,K,Approved,2018-05-25 09:41:00
2008291,12008291,2008291 Total (Diversion),Annual,1,2018,222.83,ACFT,K,Approved,2019-04-04 16:17:00
2008291,12008291,2008291 Total (Diversion),Annual,1,2019,93.79,ACFT,K,Approved,2020-04-01 21:05:00
2008291,12008291,2008291 Total (Diversion),Annual,1,2020,118.47,ACFT,K,Approved,2021-03-26 10:46:00
2008291,12008291,2008291 Total (Diversion),Annual,1,2021,93.908,ACFT,K,Approved,2022-03-30 09:30:00
2008291,12008291,2008291 Total (Diversion),Annual,1,2022,123.123,ACFT,K,Approved,2023-02-03 11:02:00
2008291,12008291,2008291 Total (Diversion),Annual,1,2023,175.185,ACFT,K,Approved,2024-01-16 17:17:00
2008291,12008291,2008291 Total (Diversion),Annual,1,2024,85.4545,ACFT,K,Approved,2024-12-12 11:34:00
2008444,12008444,2008444 Total (Diversion),Annual,1,2009,16.65,ACFT,U,Approved,2010-06-29 16:23:00
2008444,12008444,2008444 Total (Diversion),Annual,1,2010,67.09,ACFT,U,Approved,2011-06-20 17:12:00
2008444,12008444,2008444 Total (Diversion),Annual,1,2011,100.745,ACFT,U,Approved,2013-11-25 15:40:00
2008444,12008444,2008444 Total (Diversion),Annual,1,2012,76.055,ACFT,K,Approved,2013-05-03 15:13:00
2008444,12008444,2008444 Total (Diversion),Annual,1,2013,113.625,ACFT,K,Approved,2014-04-04 13:52:00
2008444,12008444,2008444 Total (Diversion),Annual,1,2014,91.69,ACFT,K,Approved,2015-06-01 17:12:00
2008444,12008444,2008444 Total (Diversion),Annual,1,2015,96.7,ACFT,K,Approved,2016-05-30 14:30:00
2008444,12008444,2008444 Total (Diversion),Annual,1,2016,60.385,ACFT,K,Approved,2018-01-03 15:56:00
2008444,12008444,2008444 Total (Diversion),Annual,1,2017,65.03,ACFT,K,Approved,2018-05-25 09:41:00
2008444,12008444,2008444 Total (Diversion),Annual,1,2018,121.385,ACFT,K,Approved,2019-04-04 16:17:00
2008444,12008444,2008444 Total (Diversion),Annual,1,2019,105.04,ACFT,K,Approved,2020-04-01 21:05:00
2008444,12008444,2008444 Total (Diversion),Annual,1,2020,28.71,ACFT,K,Approved,2021-03-26 10:46:00
2008444,12008444,2008444 Total (Diversion),Annual,1,2021,17.75,ACFT,K,Approved,2022-03-30 09:30:00
2008444,12008444,2008444 Total (Diversion),Annual,1,2022,19.305,ACFT,K,Approved,2023-02-03 11:01:00
2008444,12008444,2008444 Total (Diversion),Annual,1,2023,121.545,ACFT,K,Approved,2024-01-16 15:26:00
2008444,12008444,2008444 Total (Diversion),Annual,1,2024,100.7425,ACFT,K,Approved,2024-11-20 13:41:00
2008473,12008473,2008473 Total (Diversion),Annual,1,2009,94.5,ACFT,U,Approved,2010-06-29 16:23:00
2008473,12008473,2008473 Total (Diversion),Annual,1,2010,92.0,ACFT,U,Approved,2011-06-20 17:12:00
2008473,12008473,2008473 Total (Diversion),Annual,1,2011,126.0,ACFT,U,Approved,2012-07-06 07:51:00
2008473,12008473,2008473 Total (Diversion),Annual,1,2012,114.0,ACFT,K,Approved,2013-05-03 15:13:00
2008473,12008473,2008473 Total (Diversion),Annual,1,2013,85.0,ACFT,K,Approved,2014-04-04 13:52:00
2008473,12008473,2008473 Total (Diversion),Annual,1,2014,74.0,ACFT,K,Approved,2015-06-01 17:12:00
2008473,12008473,2008473 Total (Diversion),Annual,1,2015,81.5,ACFT,K,Approved,2016-05-30 14:30:00
2008473,12008473,2008473 Total (Diversion),Annual,1,2016,98.0,ACFT,K,Approved,2018-01-03 15:56:00
2008473,12008473,2008473 Total (Diversion),Annual,1,2017,102.5,ACFT,K,Approved,2018-05-25 09:41:00
2008473,12008473,2008473 Total (Diversion),Annual,1,2018,81.0,ACFT,K,Approved,2019-04-04 16:17:00
2008473,12008473,2008473 Total (Diversion),Annual,1,2019,49.9924,ACFT,K,Approved,2020-08-06 10:00:00
2008473,12008473,2008473 Total (Diversion),Annual,1,2020,142.2176,ACFT,K,Approved,2021-03-26 10:46:00
2008473,12008473,2008473 Total (Diversion),Annual,1,2021,86.3191,ACFT,K,Approved,2022-03-30 09:30:00
2008473,12008473,2008473 Total (Diversion),Annual,1,2022,86.047,ACFT,K,Approved,2023-02-03 11:04:00
2008473,12008473,2008473 Total (Diversion),Annual,1,2023,84.547,ACFT,K,Approved,2024-01-17 16:13:00
2008473,12008473,2008473 Total (Diversion),Annual,1,2024,71.2365,ACFT,K,Approved,2024-11-08 15:27:00
2008474,12008474,2008474 Total (Diversion),Annual,1,2009,64.67,ACFT,U,Approved,2010-06-29 16:23:00
2008474,12008474,2008474 Total (Diversion),Annual,1,2010,56.83,ACFT,U,Approved,2011-06-20 17:12:00
2008474,12008474,2008474 Total (Diversion),Annual,1,2011,116.63,ACFT,U,Approved,2012-07-06 07:51:00
2008474,12008474,2008474 Total (Diversion),Annual,1,2012,67.1451,ACFT,K,Approved,2013-05-03 15:13:00
2008474,12008474,2008474 Total (Diversion),Annual,1,2013,75.4809,ACFT,K,Approved,2014-04-04 13:52:00
2008474,12008474,2008474 Total (Diversion),Annual,1,2014,64.2642,ACFT,K,Approved,2015-06-01 17:12:00
2008474,12008474,2008474 Total (Diversion),Annual,1,2015,54.9186,ACFT,K,Approved,2016-05-30 14:30:00
2008474,12008474,2008474 Total (Diversion),Annual,1,2016,67.1385,ACFT,K,Approved,2018-01-03 15:56:00
2008474,12008474,2008474 Total (Diversion),Annual,1,2017,55.011,ACFT,K,Approved,2018-05-25 09:41:00
2008474,12008474,2008474 Total (Diversion),Annual,1,2018,34.5939,ACFT,K,Approved,2019-04-04 16:17:00
2008474,12008474,2008474 Total (Diversion),Annual,1,2019,59.2185,ACFT,K,Approved,2020-04-01 21:05:00
2008474,12008474,2008474 Total (Diversion),Annual,1,2020,62.7957,ACFT,K,Approved,2021-03-26 10:46:00
2008474,12008474,2008474 Total (Diversion),Annual,1,2021,25.2813,ACFT,K,Approved,2022-03-30 09:30:00
2008474,12008474,2008474 Total (Diversion),Annual,1,2022,61.8618,ACFT,K,Approved,2023-02-03 11:03:00
2008474,12008474,2008474 Total (Diversion),Annual,1,2023,26.9907,ACFT,K,Approved,2024-01-12 10:53:00
2008474,12008474,2008474 Total (Diversion),Annual,1,2024,20.8494,ACFT,K,Approved,2024-12-12 13:16:00
2008476,12008476,2008476 Total (Diversion),Annual,1,2009,74.99,ACFT,U,Approved,2010-06-29 16:23:00
2008476,12008476,2008476 Total (Diversion),Annual,1,2010,99.8,ACFT,U,Approved,2011-06-20 17:12:00
2008476,12008476,2008476 Total (Diversion),Annual,1,2011,65.22,ACFT,U,Approved,2012-07-06 07:51:00
2008476,12008476,2008476 Total (Diversion),Annual,1,2012,52.14,ACFT,K,Approved,2013-05-03 15:13:00
2008476,12008476,2008476 Total (Diversion),Annual,1,2013,61.6003,ACFT,K,Approved,2014-04-04 13:52:00
2008476,12008476,2008476 Total (Diversion),Annual,1,2014,56.0303,ACFT,K,Approved,2015-06-01 17:12:00
2008476,12008476,2008476 Total (Diversion),Annual,1,2015,44.64,ACFT,K,Approved,2016-05-30 14:30:00
2008476,12008476,2008476 Total (Diversion),Annual,1,2016,51.9,ACFT,K,Approved,2018-01-03 15:56:00
2008476,12008476,2008476 Total (Diversion),Annual,1,2017,30.48,ACFT,K,Approved,2018-05-25 09:41:00
2008476,12008476,2008476 Total (Diversion),Annual,1,2018,58.84,ACFT,K,Approved,2019-04-04 16:17:00
2008476,12008476,2008476 Total (Diversion),Annual,1,2019,55.7,ACFT,K,Approved,2020-04-01 21:05:00
2008476,12008476,2008476 Total (Diversion),Annual,1,2020,51.08,ACFT,K,Approved,2021-03-26 10:46:00
2008476,12008476,2008476 Total (Diversion),Annual,1,2021,43.59,ACFT,K,Approved,2022-03-30 09:30:00
2008476,12008476,2008476 Total (Diversion),Annual,1,2022,6.36,ACFT,K,Approved,2023-02-03 11:01:00
2008476,12008476,2008476 Total (Diversion),Annual,1,2023,55.5,ACFT,K,Approved,2024-01-11 13:07:00
2008476,12008476,2008476 Total (Diversion),Annual,1,2024,20.76,ACFT,K,Approved,2024-12-12 09:18:00
2008478,12008478,2008478 Total (Diversion),Annual,1,2009,94.5,ACFT,U,Approved,2010-06-29 16:23:00
2008478,12008478,2008478 Total (Diversion),Annual,1,2010,92.0,ACFT,U,Approved,2011-06-20 17:12:00
2008478,12008478,2008478 Total (Diversion),Annual,1,2011,126.0,ACFT,U,Approved,2012-07-06 07:51:00
2008478,12008478,2008478 Total (Diversion),Annual,1,2012,114.0,ACFT,K,Approved,2013-05-03 15:13:00
2008478,12008478,2008478 Total (Diversion),Annual,1,2013,85.0,ACFT,K,Approved,2014-04-04 13:52:00
2008478,12008478,2008478 Total (Diversion),Annual,1,2014,74.0,ACFT,K,Approved,2015-06-01 17:12:00
2008478,12008478,2008478 Total (Diversion),Annual,1,2015,81.5,ACFT,K,Approved,2016-05-30 14:30:00
2008478,12008478,2008478 Total (Diversion),Annual,1,2016,98.0,ACFT,K,Approved,2018-01-03 15:56:00
2008478,12008478,2008478 Total (Diversion),Annual,1,2017,102.5,ACFT,K,Approved,2018-05-25 09:41:00
2008478,12008478,2008478 Total (Diversion),Annual,1,2018,81.0,ACFT,K,Approved,2019-04-04 16:17:00
2008478,12008478,2008478 Total (Diversion),Annual,1,2019,49.9924,ACFT,K,Approved,2020-08-06 10:00:00
2008478,12008478,2008478 Total (Diversion),Annual,1,2020,142.2176,ACFT,K,Approved,2021-03-26 10:46:00
2008478,12008478,2008478 Total (Diversion),Annual,1,2021,86.3191,ACFT,K,Approved,2022-03-30 09:30:00
2008478,12008478,2008478 Total (Diversion),Annual,1,2022,86.047,ACFT,K,Approved,2023-02-03 11:04:00
2008478,12008478,2008478 Total (Diversion),Annual,1,2023,84.547,ACFT,K,Approved,2024-01-17 16:13:00
2008478,12008478,2008478 Total (Diversion),Annual,1,2024,71.2365,ACFT,K,Approved,2024-11-08 15:27:00
2008480,12008480,2008480 Total (Diversion),Annual,1,2009,64.67,ACFT,U,Approved,2010-06-29 16:23:00
2008480,12008480,2008480 Total (Diversion),Annual,1,2010,56.83,ACFT,U,Approved,2011-06-20 17:12:00
2008480,12008480,2008480 Total (Diversion),Annual,1,2011,116.63,ACFT,U,Approved,2012-07-06 07:51:00
2008480,12008480,2008480 Total (Diversion),Annual,1,2012,67.1451,ACFT,K,Approved,2013-05-03 15:13:00
2008480,12008480,2008480 Total (Diversion),Annual,1,2013,75.4809,ACFT,K,Approved,2014-04-04 13:52:00
2008480,12008480,2008480 Total (Diversion),Annual,1,2014,64.2642,ACFT,K,Approved,2015-06-01 17:12:00
2008480,12008480,2008480 Total (Diversion),Annual,1,2015,54.9186,ACFT,K,Approved,2016-05-30 14:30:00
2008480,12008480,2008480 Total (Diversion),Annual,1,2016,67.1385,ACFT,K,Approved,2018-01-03 15:56:00
2008480,12008480,2008480 Total (Diversion),Annual,1,2017,55.011,ACFT,K,Approved,2018-05-25 09:41:00
2008480,12008480,2008480 Total (Diversion),Annual,1,2018,34.5939,ACFT,K,Approved,2019-04-04 16:17:00
2008480,12008480,2008480 Total (Diversion),Annual,1,2019,59.2185,ACFT,K,Approved,2020-04-01 21:05:00
2008480,12008480,2008480 Total (Diversion),Annual,1,2020,62.7957,ACFT,K,Approved,2021-03-26 10:46:00
2008480,12008480,2008480 Total (Diversion),Annual,1,2021,25.2813,ACFT,K,Approved,2022-03-30 09:30:00
2008480,12008480,2008480 Total (Diversion),Annual,1,2022,61.8618,ACFT,K,Approved,2023-02-03 11:03:00
2008480,12008480,2008480 Total (Diversion),Annual,1,2023,26.9907,ACFT,K,Approved,2024-01-12 10:53:00
2008480,12008480,2008480 Total (Diversion),Annual,1,2024,20.8494,ACFT,K,Approved,2024-12-12 13:16:00
2008481,12008481,2008481 Total (Diversion),Annual,1,2009,64.67,ACFT,U,Approved,2010-06-29 16:23:00
2008481,12008481,2008481 Total (Diversion),Annual,1,2010,56.83,ACFT,U,Approved,2011-06-20 17:12:00
2008481,12008481,2008481 Total (Diversion),Annual,1,2011,116.63,ACFT,U,Approved,2012-07-06 07:51:00
2008481,12008481,2008481 Total (Diversion),Annual,1,2012,69.1798,ACFT,K,Approved,2013-05-03 15:13:00
2008481,12008481,2008481 Total (Diversion),Annual,1,2013,77.7682,ACFT,K,Approved,2014-04-04 13:52:00
2008481,12008481,2008481 Total (Diversion),Annual,1,2014,66.2116,ACFT,K,Approved,2015-06-01 17:12:00
2008481,12008481,2008481 Total (Diversion),Annual,1,2015,56.5828,ACFT,K,Approved,2016-05-30 14:30:00
2008481,12008481,2008481 Total (Diversion),Annual,1,2016,69.173,ACFT,K,Approved,2018-01-03 15:56:00
2008481,12008481,2008481 Total (Diversion),Annual,1,2017,56.678,ACFT,K,Approved,2018-05-25 09:41:00
2008481,12008481,2008481 Total (Diversion),Annual,1,2018,35.6422,ACFT,K,Approved,2019-04-04 16:17:00
2008481,12008481,2008481 Total (Diversion),Annual,1,2019,61.013,ACFT,K,Approved,2020-04-01 21:05:00
2008481,12008481,2008481 Total (Diversion),Annual,1,2020,64.6986,ACFT,K,Approved,2021-03-26 10:46:00
2008481,12008481,2008481 Total (Diversion),Annual,1,2021,26.0474,ACFT,K,Approved,2022-03-30 09:30:00
2008481,12008481,2008481 Total (Diversion),Annual,1,2022,63.7364,ACFT,K,Approved,2023-02-03 11:03:00
2008481,12008481,2008481 Total (Diversion),Annual,1,2023,27.8086,ACFT,K,Approved,2024-01-12 10:53:00
2008481,12008481,2008481 Total (Diversion),Annual,1,2024,21.4812,ACFT,K,Approved,2024-12-12 13:16:00
2008482,12008482,2008482 Total (Diversion),Annual,1,2009,49.59,ACFT,U,Approved,2010-06-29 16:23:00
2008482,12008482,2008482 Total (Diversion),Annual,1,2010,78.63,ACFT,U,Approved,2011-06-20 17:12:00
2008482,12008482,2008482 Total (Diversion),Annual,1,2011,80.15,ACFT,U,Approved,2012-07-06 07:51:00
2008482,12008482,2008482 Total (Diversion),Annual,1,2012,104.065,ACFT,K,Approved,2013-05-03 15:13:00
2008482,12008482,2008482 Total (Diversion),Annual,1,2013,54.1424,ACFT,K,Approved,2014-04-04 13:52:00
2008482,12008482,2008482 Total (Diversion),Annual,1,2014,67.9599,ACFT,K,Approved,2015-06-01 17:12:00
2008482,12008482,2008482 Total (Diversion),Annual,1,2015,56.955,ACFT,K,Approved,2016-05-30 14:30:00
2008482,12008482,2008482 Total (Diversion),Annual,1,2016,6.6,ACFT,K,Approved,2018-01-03 15:56:00
2008482,12008482,2008482 Total (Diversion),Annual,1,2017,38.725,ACFT,K,Approved,2018-05-25 09:41:00
2008482,12008482,2008482 Total (Diversion),Annual,1,2018,62.835,ACFT,K,Approved,2019-04-04 16:17:00
2008482,12008482,2008482 Total (Diversion),Annual,1,2019,62.255,ACFT,K,Approved,2020-04-01 21:05:00
2008482,12008482,2008482 Total (Diversion),Annual,1,2020,56.89,ACFT,K,Approved,2021-03-26 10:46:00
2008482,12008482,2008482 Total (Diversion),Annual,1,2021,47.82,ACFT,K,Approved,2022-03-30 09:30:00
2008482,12008482,2008482 Total (Diversion),Annual,1,2022,6.82,ACFT,K,Approved,2023-02-03 11:03:00
2008482,12008482,2008482 Total (Diversion),Annual,1,2023,60.28,ACFT,K,Approved,2024-01-11 13:08:00
2008482,12008482,2008482 Total (Diversion),Annual,1,2024,21.44,ACFT,K,Approved,2024-12-12 09:18:00
2008789,12008789,2008789 Total (Diversion),Annual,1,2009,127.21,ACFT,U,Approved,2010-06-29 16:23:00
2008789,12008789,2008789 Total (Diversion),Annual,1,2010,132.065,ACFT,U,Approved,2013-11-25 22:08:00
2008789,12008789,2008789 Total (Diversion),Annual,1,2011,45.19,ACFT,U,Approved,2012-07-06 07:51:00
2008789,12008789,2008789 Total (Diversion),Annual,1,2012,94.625,ACFT,K,Approved,2013-05-03 15:13:00
2008789,12008789,2008789 Total (Diversion),Annual,1,2013,21.37,ACFT,K,Approved,2014-04-04 13:52:00
2008789,12008789,2008789 Total (Diversion),Annual,1,2014,83.14,ACFT,K,Approved,2015-06-01 17:12:00
2008789,12008789,2008789 Total (Diversion),Annual,1,2015,24.85,ACFT,K,Approved,2016-05-30 14:30:00
2008789,12008789,2008789 Total (Diversion),Annual,1,2016,95.055,ACFT,K,Approved,2018-01-03 15:56:00
2008789,12008789,2008789 Total (Diversion),Annual,1,2017,25.99,ACFT,K,Approved,2018-05-25 09:41:00
2008789,12008789,2008789 Total (Diversion),Annual,1,2018,103.9,ACFT,K,Approved,2019-04-04 16:17:00
2008789,12008789,2008789 Total (Diversion),Annual,1,2019,35.64,ACFT,K,Approved,2020-04-01 21:05:00
2008789,12008789,2008789 Total (Diversion),Annual,1,2020,122.02,ACFT,K,Approved,2021-03-26 10:46:00
2008789,12008789,2008789 Total (Diversion),Annual,1,2021,0.0,ACFT,K,Approved,2022-03-30 09:30:00
2008789,12008789,2008789 Total (Diversion),Annual,1,2022,112.28,ACFT,K,Approved,2023-09-22 15:58:00
2008789,12008789,2008789 Total (Diversion),Annual,1,2023,19.91,ACFT,K,Approved,2024-01-17 14:42:00
2008789,12008789,2008789 Total (Diversion),Annual,1,2024,89.23,ACFT,K,Approved,2024-11-18 13:15:00
2009428,12009428,2009428 Total (Diversion),Annual,1,2010,30.7582,ACFT,U,Approved,2013-11-25 22:24:00
2009428,12009428,2009428 Total (Diversion),Annual,1,2011,30.4802,ACFT,U,Approved,2013-11-25 16:30:00
2009428,12009428,2009428 Total (Diversion),Annual,1,2012,0.0,ACFT,K,Approved,2013-05-03 15:13:00
2009428,12009428,2009428 Total (Diversion),Annual,1,2017,0.986,ACFT,K,Approved,2018-05-25 09:41:00
2009428,12009428,2009428 Total (Diversion),Annual,1,2018,144.366,ACFT,K,Approved,2019-04-04 16:17:00
2009428,12009428,2009428 Total (Diversion),Annual,1,2019,117.68,ACFT,K,Approved,2020-04-01 21:05:00
2009428,12009428,2009428 Total (Diversion),Annual,1,2020,150.211,ACFT,K,Approved,2021-03-26 10:46:00
2009428,12009428,2009428 Total (Diversion),Annual,1,2021,140.588,ACFT,K,Approved,2022-03-30 09:30:00
2009428,12009428,2009428 Total (Diversion),Annual,1,2022,103.469,ACFT,K,Approved,2023-02-03 11:04:00
2009428,12009428,2009428 Total (Diversion),Annual,1,2023,101.484,ACFT,K,Approved,2024-01-17 13:25:00
2009428,12009428,2009428 Total (Diversion),Annual,1,2024,73.125,ACFT,K,Approved,2024-11-27 09:13:00
2009702,12009702,2009702 Total (Diversion),Annual,1,2009,79.57,ACFT,U,Approved,2010-06-29 16:23:00
2009702,12009702,2009702 Total (Diversion),Annual,1,2010,116.32,ACFT,U,Approved,2011-06-20 17:12:00
2009702,12009702,2009702 Total (Diversion),Annual,1,2011,62.37,ACFT,U,Approved,2012-07-06 07:51:00
2009702,12009702,2009702 Total (Diversion),Annual,1,2012,84.13,ACFT,K,Approved,2013-05-03 15:13:00
2009702,12009702,2009702 Total (Diversion),Annual,1,2013,93.36,ACFT,K,Approved,2014-04-04 13:52:00
2009702,12009702,2009702 Total (Diversion),Annual,1,2014,71.705,ACFT,K,Approved,2015-06-01 17:12:00
2009702,12009702,2009702 Total (Diversion),Annual,1,2015,67.105,ACFT,K,Approved,2016-05-30 14:30:00
2009702,12009702,2009702 Total (Diversion),Annual,1,2016,60.205,ACFT,K,Approved,2018-01-03 15:56:00
2009702,12009702,2009702 Total (Diversion),Annual,1,2017,76.46,ACFT,K,Approved,2018-05-25 09:41:00
2009702,12009702,2009702 Total (Diversion),Annual,1,2018,99.775,ACFT,K,Approved,2019-04-04 16:17:00
2009702,12009702,2009702 Total (Diversion),Annual,1,2019,78.785,ACFT,K,Approved,2020-04-01 21:05:00
2009702,12009702,2009702 Total (Diversion),Annual,1,2020,40.925,ACFT,K,Approved,2021-03-26 10:46:00
2009702,12009702,2009702 Total (Diversion),Annual,1,2021,84.32,ACFT,K,Approved,2022-03-30 09:30:00
2009702,12009702,2009702 Total (Diversion),Annual,1,2022,44.3292,ACFT,K,Approved,2023-02-03 11:02:00
2009702,12009702,2009702 Total (Diversion),Annual,1,2023,101.813,ACFT,K,Approved,2024-01-12 15:58:00
2009702,12009702,2009702 Total (Diversion),Annual,1,2024,47.568,ACFT,K,Approved,2024-11-21 11:06:00
2010448,12010448,2010448 Total (Diversion),Annual,1,2009,111.44,ACFT,U,Approved,2010-06-29 16:23:00
2010448,12010448,2010448 Total (Diversion),Annual,1,2010,112.04,ACFT,U,Approved,2011-06-20 17:12:00
2010448,12010448,2010448 Total (Diversion),Annual,1,2011,60.735,ACFT,U,Approved,2013-11-25 16:45:00
2010448,12010448,2010448 Total (Diversion),Annual,1,2012,87.845,ACFT,K,Approved,2013-05-03 15:13:00
2010448,12010448,2010448 Total (Diversion),Annual,1,2013,64.695,ACFT,K,Approved,2014-04-04 13:52:00
2010448,12010448,2010448 Total (Diversion),Annual,1,2014,77.47,ACFT,K,Approved,2015-06-01 17:12:00
2010448,12010448,2010448 Total (Diversion),Annual,1,2015,53.235,ACFT,K,Approved,2016-05-30 14:30:00
2010448,12010448,2010448 Total (Diversion),Annual,1,2016,80.3,ACFT,K,Approved,2018-01-03 15:56:00
2010448,12010448,2010448 Total (Diversion),Annual,1,2017,87.2,ACFT,K,Approved,2018-05-25 09:41:00
2010448,12010448,2010448 Total (Diversion),Annual,1,2018,92.175,ACFT,K,Approved,2019-04-04 16:17:00
2010448,12010448,2010448 Total (Diversion),Annual,1,2019,71.49,ACFT,K,Approved,2020-04-01 21:05:00
2010448,12010448,2010448 Total (Diversion),Annual,1,2020,100.745,ACFT,K,Approved,2021-03-26 10:46:00
2010448,12010448,2010448 Total (Diversion),Annual,1,2021,46.195,ACFT,K,Approved,2022-03-30 09:30:00
2010448,12010448,2010448 Total (Diversion),Annual,1,2022,67.34,ACFT,K,Approved,2023-02-03 11:02:00
2010448,12010448,2010448 Total (Diversion),Annual,1,2023,46.305,ACFT,K,Approved,2024-01-16 17:25:00
2010448,12010448,2010448 Total (Diversion),Annual,1,2024,46.05,ACFT,K,Approved,2024-11-19 14:10:00
2010821,12010821,2010821 Total (Diversion),Annual,1,2009,203.08,ACFT,U,Approved,2010-06-29 16:23:00
2010821,12010821,2010821 Total (Diversion),Annual,1,2010,232.15,ACFT,U,Approved,2011-06-20 17:12:00
2010821,12010821,2010821 Total (Diversion),Annual,1,2011,255.36,ACFT,U,Approved,2012-07-06 07:51:00
2010821,12010821,2010821 Total (Diversion),Annual,1,2012,208.81,ACFT,K,Approved,2013-05-03 15:13:00
2010821,12010821,2010821 Total (Diversion),Annual,1,2013,225.51,ACFT,K,Approved,2014-04-04 13:52:00
2010821,12010821,2010821 Total (Diversion),Annual,1,2014,198.68,ACFT,K,Approved,2015-06-01 17:12:00
2010821,12010821,2010821 Total (Diversion),Annual,1,2015,144.97,ACFT,K,Approved,2016-05-30 14:30:00
2010821,12010821,2010821 Total (Diversion),Annual,1,2016,196.38,ACFT,K,Approved,2018-01-03 15:56:00
2010821,12010821,2010821 Total (Diversion),Annual,1,2017,201.21,ACFT,K,Approved,2018-05-25 09:41:00
2010821,12010821,2010821 Total (Diversion),Annual,1,2018,129.485,ACFT,K,Approved,2019-04-04 16:17:00
2010821,12010821,2010821 Total (Diversion),Annual,1,2019,115.25,ACFT,K,Approved,2020-04-01 21:05:00
2010821,12010821,2010821 Total (Diversion),Annual,1,2020,132.675,ACFT,K,Approved,2021-03-26 10:46:00
2010821,12010821,2010821 Total (Diversion),Annual,1,2021,117.985,ACFT,K,Approved,2022-03-30 09:30:00
2010821,12010821,2010821 Total (Diversion),Annual,1,2022,71.145,ACFT,K,Approved,2023-02-03 11:02:00
2010821,12010821,2010821 Total (Diversion),Annual,1,2023,126.71,ACFT,K,Approved,2024-01-16 16:52:00
2010821,12010821,2010821 Total (Diversion),Annual,1,2024,69.895,ACFT,K,Approved,2024-12-12 11:34:00
2010823,12010823,2010823 Total (Diversion),Annual,1,2015,0.2047,ACFT,K,Approved,2016-05-30 14:30:00
2010823,12010823,2010823 Total (Diversion),Annual,1,2016,0.4534,ACFT,K,Approved,2018-01-03 15:56:00
2010823,12010823,2010823 Total (Diversion),Annual,1,2017,5.9689,ACFT,K,Approved,2018-05-25 09:41:00
2010823,12010823,2010823 Total (Diversion),Annual,1,2018,2.3806,ACFT,K,Approved,2019-08-21 15:45:00
2010823,12010823,2010823 Total (Diversion),Annual,1,2019,0.9057,ACFT,K,Approved,2020-04-01 21:05:00
2010823,12010823,2010823 Total (Diversion),Annual,1,2020,0.0064,ACFT,K,Approved,2021-03-26 10:46:00
2010823,12010823,2010823 Total (Diversion),Annual,1,2021,0.0,ACFT,K,Approved,2022-03-30 09:30:00
2010823,12010823,2010823 Total (Diversion),Annual,1,2022,4.1079,ACFT,K,Approved,2023-02-03 11:05:00
2010823,12010823,2010823 Total (Diversion),Annual,1,2023,3.3692,ACFT,K,Approved,2024-01-16 17:15:00
2010823,12010823,2010823 Total (Diversion),Annual,1,2024,2.7154,ACFT,K,Approved,2024-12-12 11:34:00
2011580,12011580,2011580 Total (Diversion),Annual,1,2009,48.52,ACFT,U,Approved,2010-06-29 16:23:00
2011580,12011580,2011580 Total (Diversion),Annual,1,2010,79.2,ACFT,U,Approved,2011-06-20 17:12:00
2011580,12011580,2011580 Total (Diversion),Annual,1,2011,67.19,ACFT,U,Approved,2012-07-06 07:51:00
2011580,12011580,2011580 Total (Diversion),Annual,1,2012,61.7496,ACFT,K,Approved,2013-05-03 15:13:00
2011580,12011580,2011580 Total (Diversion),Annual,1,2013,38.5572,ACFT,K,Approved,2014-04-04 13:52:00
2011580,12011580,2011580 Total (Diversion),Annual,1,2014,48.8235,ACFT,K,Approved,2015-06-01 17:12:00
2011580,12011580,2011580 Total (Diversion),Annual,1,2015,42.8307,ACFT,K,Approved,2016-05-30 14:30:00
2011580,12011580,2011580 Total (Diversion),Annual,1,2016,29.8485,ACFT,K,Approved,2018-01-03 15:56:00
2011580,12011580,2011580 Total (Diversion),Annual,1,2017,16.8762,ACFT,K,Approved,2018-05-25 09:41:00
2011580,12011580,2011580 Total (Diversion),Annual,1,2018,0.0,ACFT,K,Approved,2019-04-04 16:17:00
2011580,12011580,2011580 Total (Diversion),Annual,1,2019,0.231,ACFT,K,Approved,2020-04-01 21:05:00
2011580,12011580,2011580 Total (Diversion),Annual,1,2020,0.0,ACFT,K,Approved,2021-03-26 10:46:00
2011580,12011580,2011580 Total (Diversion),Annual,1,2021,42.1014,ACFT,K,Approved,2022-03-30 09:30:00
2011580,12011580,2011580 Total (Diversion),Annual,1,2022,34.7754,ACFT,K,Approved,2023-02-03 11:04:00
2011580,12011580,2011580 Total (Diversion),Annual,1,2023,49.599,ACFT,K,Approved,2024-01-12 11:11:00
2011580,12011580,2011580 Total (Diversion),Annual,1,2024,0.0,ACFT,K,Approved,2024-11-20 12:33:00
2011581,12011581,2011581 Total (Diversion),Annual,1,2009,48.52,ACFT,U,Approved,2010-06-29 16:23:00
2011581,12011581,2011581 Total (Diversion),Annual,1,2010,79.2,ACFT,U,Approved,2011-06-20 17:12:00
2011581,12011581,2011581 Total (Diversion),Annual,1,2011,67.19,ACFT,U,Approved,2012-07-06 07:51:00
2011581,12011581,2011581 Total (Diversion),Annual,1,2012,63.6208,ACFT,K,Approved,2013-05-03 15:13:00
2011581,12011581,2011581 Total (Diversion),Annual,1,2013,39.7256,ACFT,K,Approved,2014-04-04 13:52:00
2011581,12011581,2011581 Total (Diversion),Annual,1,2014,50.303,ACFT,K,Approved,2015-06-01 17:12:00
2011581,12011581,2011581 Total (Diversion),Annual,1,2015,44.1286,ACFT,K,Approved,2016-05-30 14:30:00
2011581,12011581,2011581 Total (Diversion),Annual,1,2016,30.753,ACFT,K,Approved,2018-01-03 15:56:00
2011581,12011581,2011581 Total (Diversion),Annual,1,2017,17.3876,ACFT,K,Approved,2018-05-25 09:41:00
2011581,12011581,2011581 Total (Diversion),Annual,1,2018,0.0,ACFT,K,Approved,2019-04-04 16:17:00
2011581,12011581,2011581 Total (Diversion),Annual,1,2019,0.238,ACFT,K,Approved,2020-04-01 21:05:00
2011581,12011581,2011581 Total (Diversion),Annual,1,2020,0.0,ACFT,K,Approved,2021-03-26 10:46:00
2011581,12011581,2011581 Total (Diversion),Annual,1,2021,43.3772,ACFT,K,Approved,2022-03-30 09:30:00
2011581,12011581,2011581 Total (Diversion),Annual,1,2022,35.8292,ACFT,K,Approved,2023-02-03 11:04:00
2011581,12011581,2011581 Total (Diversion),Annual,1,2023,51.102,ACFT,K,Approved,2024-01-12 11:11:00
2011581,12011581,2011581 Total (Diversion),Annual,1,2024,0.0,ACFT,K,Approved,2024-11-20 12:33:00
2012223,12012223,2012223 Total (Diversion),Annual,1,2009,49.59,ACFT,U,Approved,2010-06-29 16:23:00
2012223,12012223,2012223 Total (Diversion),Annual,1,2010,78.625,ACFT,U,Approved,2013-11-25 22:47:00
2012223,12012223,2012223 Total (Diversion),Annual,1,2011,80.15,ACFT,U,Approved,2012-07-06 07:51:00
2012223,12012223,2012223 Total (Diversion),Annual,1,2012,104.065,ACFT,K,Approved,2013-05-03 15:13:00
2012223,12012223,2012223 Total (Diversion),Annual,1,2013,68.3074,ACFT,K,Approved,2018-02-02 09:00:00
2012223,12012223,2012223 Total (Diversion),Annual,1,2014,67.9599,ACFT,K,Approved,2015-06-01 17:12:00
2012223,12012223,2012223 Total (Diversion),Annual,1,2015,56.955,ACFT,K,Approved,2016-05-30 14:30:00
2012223,12012223,2012223 Total (Diversion),Annual,1,2016,6.6,ACFT,K,Approved,2018-01-03 15:56:00
2012223,12012223,2012223 Total (Diversion),Annual,1,2017,38.725,ACFT,K,Approved,2018-05-25 09:41:00
2012223,12012223,2012223 Total (Diversion),Annual,1,2018,62.835,ACFT,K,Approved,2019-04-04 16:17:00
2012223,12012223,2012223 Total (Diversion),Annual,1,2019,62.255,ACFT,K,Approved,2020-04-01 21:05:00
2012223,12012223,2012223 Total (Diversion),Annual,1,2020,56.89,ACFT,K,Approved,2021-03-26 10:46:00
2012223,12012223,2012223 Total (Diversion),Annual,1,2021,47.82,ACFT,K,Approved,2022-03-30 09:30:00
2012223,12012223,2012223 Total (Diversion),Annual,1,2022,6.82,ACFT,K,Approved,2023-02-03 11:03:00
2012223,12012223,2012223 Total (Diversion),Annual,1,2023,60.28,ACFT,K,Approved,2024-01-11 13:08:00
2012223,12012223,2012223 Total (Diversion),Annual,1,2024,21.44,ACFT,K,Approved,2024-12-12 09:18:00
2013252,12013252,2013252 Total (Diversion),Annual,1,2009,31.0,ACFT,U,Approved,2010-06-29 16:23:00
2013252,12013252,2013252 Total (Diversion),Annual,1,2010,36.0,ACFT,U,Approved,2011-06-20 17:12:00
2013252,12013252,2013252 Total (Diversion),Annual,1,2011,19.0,ACFT,U,Approved,2012-07-06 07:51:00
2013252,12013252,2013252 Total (Diversion),Annual,1,2012,53.46,ACFT,K,Approved,2013-05-03 15:13:00
2013252,12013252,2013252 Total (Diversion),Annual,1,2013,47.52,ACFT,K,Approved,2014-04-04 13:52:00
2013252,12013252,2013252 Total (Diversion),Annual,1,2014,44.051,ACFT,K,Approved,2015-06-01 17:12:00
2013252,12013252,2013252 Total (Diversion),Annual,1,2015,41.7041,ACFT,K,Approved,2016-05-30 14:30:00
2013252,12013252,2013252 Total (Diversion),Annual,1,2016,40.7296,ACFT,K,Approved,2018-01-03 15:56:00
2013252,12013252,2013252 Total (Diversion),Annual,1,2017,60.1841,ACFT,K,Approved,2018-05-25 09:41:00
2013252,12013252,2013252 Total (Diversion),Annual,1,2018,43.6758,ACFT,K,Approved,2019-04-04 16:17:00
2013252,12013252,2013252 Total (Diversion),Annual,1,2019,39.5772,ACFT,K,Approved,2020-04-01 21:05:00
2013252,12013252,2013252 Total (Diversion),Annual,1,2020,56.4317,ACFT,K,Approved,2021-03-26 10:46:00
2013252,12013252,2013252 Total (Diversion),Annual,1,2021,47.4405,ACFT,K,Approved,2022-03-30 09:30:00
2013252,12013252,2013252 Total (Diversion),Annual,1,2022,44.4088,ACFT,K,Approved,2023-02-03 11:04:00
2013252,12013252,2013252 Total (Diversion),Annual,1,2023,47.623,ACFT,K,Approved,2024-01-17 15:31:00
2013252,12013252,2013252 Total (Diversion),Annual,1,2024,34.5358,ACFT,K,Approved,2024-11-08 15:27:00
2013547,12013547,2013547 Total (Diversion),Annual,1,2009,56.23,ACFT,U,Approved,2010-06-29 16:23:00
2013547,12013547,2013547 Total (Diversion),Annual,1,2010,74.167,ACFT,U,Approved,2013-11-25 23:03:00
2013547,12013547,2013547 Total (Diversion),Annual,1,2011,69.558,ACFT,U,Approved,2013-11-25 17:24:00
2013547,12013547,2013547 Total (Diversion),Annual,1,2012,26.233,ACFT,K,Approved,2013-05-03 15:13:00
2013547,12013547,2013547 Total (Diversion),Annual,1,2013,27.605,ACFT,K,Approved,2014-04-04 13:52:00
2013547,12013547,2013547 Total (Diversion),Annual,1,2014,22.948,ACFT,K,Approved,2015-06-01 17:12:00
2013547,12013547,2013547 Total (Diversion),Annual,1,2015,44.4,ACFT,K,Approved,2016-05-30 14:30:00
2013547,12013547,2013547 Total (Diversion),Annual,1,2016,76.448,ACFT,K,Approved,2018-01-03 15:56:00
2013547,12013547,2013547 Total (Diversion),Annual,1,2017,68.082,ACFT,K,Approved,2018-05-25 09:41:00
2013547,12013547,2013547 Total (Diversion),Annual,1,2018,71.465,ACFT,K,Approved,2019-04-04 16:17:00
2013547,12013547,2013547 Total (Diversion),Annual,1,2019,52.852,ACFT,K,Approved,2020-04-01 21:05:00
2013547,12013547,2013547 Total (Diversion),Annual,1,2020,76.009,ACFT,K,Approved,2021-03-26 10:46:00
2013547,12013547,2013547 Total (Diversion),Annual,1,2021,52.126,ACFT,K,Approved,2022-03-30 09:30:00
2013547,12013547,2013547 Total (Diversion),Annual,1,2022,49.857,ACFT,K,Approved,2023-02-03 11:04:00
2013547,12013547,2013547 Total (Diversion),Annual,1,2023,53.254,ACFT,K,Approved,2024-01-17 14:51:00
2013547,12013547,2013547 Total (Diversion),Annual,1,2024,31.045,ACFT,K,Approved,2024-12-02 12:08:00
2013587,12013587,2013587 Total (Diversion),Annual,1,2009,187.56,ACFT,U,Approved,2010-06-29 16:23:00
2013587,12013587,2013587 Total (Diversion),Annual,1,2010,207.0,ACFT,U,Approved,2011-06-20 17:12:00
2013587,12013587,2013587 Total (Diversion),Annual,1,2011,47.11,ACFT,U,Approved,2012-07-06 07:51:00
2013587,12013587,2013587 Total (Diversion),Annual,1,2012,401.7,ACFT,K,Approved,2013-05-03 15:13:00
2013587,12013587,2013587 Total (Diversion),Annual,1,2013,169.8,ACFT,K,Approved,2014-04-04 13:52:00
2013587,12013587,2013587 Total (Diversion),Annual,1,2014,161.8,ACFT,K,Approved,2015-06-01 17:12:00
2013587,12013587,2013587 Total (Diversion),Annual,1,2015,162.99,ACFT,K,Approved,2016-05-30 14:30:00
2013587,12013587,2013587 Total (Diversion),Annual,1,2016,195.93,ACFT,K,Approved,2018-01-03 15:56:00
2013587,12013587,2013587 Total (Diversion),Annual,1,2017,162.74,ACFT,K,Approved,2018-05-25 09:41:00
2013587,12013587,2013587 Total (Diversion),Annual,1,2018,150.79,ACFT,K,Approved,2019-04-04 16:17:00
2013587,12013587,2013587 Total (Diversion),Annual,1,2019,186.92,ACFT,K,Approved,2020-04-01 21:05:00
2013587,12013587,2013587 Total (Diversion),Annual,1,2020,184.29,ACFT,K,Approved,2021-03-26 10:46:00
2013587,12013587,2013587 Total (Diversion),Annual,1,2021,173.68,ACFT,K,Approved,2022-03-30 09:30:00
2013587,12013587,2013587 Total (Diversion),Annual,1,2022,180.64,ACFT,K,Approved,2023-02-03 11:03:00
2013587,12013587,2013587 Total (Diversion),Annual,1,2023,190.98,ACFT,K,Approved,2024-01-16 17:32:00
2013587,12013587,2013587 Total (Diversion),Annual,1,2024,150.61,ACFT,K,Approved,2024-12-02 12:39:00
2013588,12013588,2013588 Total (Diversion),Annual,1,2009,129.85,ACFT,U,Approved,2010-06-29 16:23:00
2013588,12013588,2013588 Total (Diversion),Annual,1,2010,206.71,ACFT,U,Approved,2011-06-20 17:12:00
2013588,12013588,2013588 Total (Diversion),Annual,1,2011,213.97,ACFT,U,Approved,2012-07-06 07:51:00
2013588,12013588,2013588 Total (Diversion),Annual,1,2012,210.63,ACFT,K,Approved,2013-05-03 15:13:00
2013588,12013588,2013588 Total (Diversion),Annual,1,2013,155.89,ACFT,K,Approved,2014-04-04 13:52:00
2013588,12013588,2013588 Total (Diversion),Annual,1,2014,195.24,ACFT,K,Approved,2015-06-01 17:12:00
2013588,12013588,2013588 Total (Diversion),Annual,1,2015,170.48,ACFT,K,Approved,2016-05-30 14:30:00
2013588,12013588,2013588 Total (Diversion),Annual,1,2016,198.86,ACFT,K,Approved,2018-01-03 15:56:00
2013588,12013588,2013588 Total (Diversion),Annual,1,2017,173.05,ACFT,K,Approved,2018-05-25 09:41:00
2013588,12013588,2013588 Total (Diversion),Annual,1,2018,212.88,ACFT,K,Approved,2019-04-04 16:17:00
2013588,12013588,2013588 Total (Diversion),Annual,1,2019,152.3,ACFT,K,Approved,2020-04-01 21:05:00
2013588,12013588,2013588 Total (Diversion),Annual,1,2020,235.13,ACFT,K,Approved,2021-03-26 10:46:00
2013588,12013588,2013588 Total (Diversion),Annual,1,2021,184.59,ACFT,K,Approved,2022-03-30 09:30:00
2013588,12013588,2013588 Total (Diversion),Annual,1,2022,185.33,ACFT,K,Approved,2023-02-03 11:03:00
2013588,12013588,2013588 Total (Diversion),Annual,1,2023,209.75,ACFT,K,Approved,2024-01-16 17:31:00
2013588,12013588,2013588 Total (Diversion),Annual,1,2024,174.11,ACFT,K,Approved,2024-12-02 12:35:00
2013612,12013612,2013612 Total (Diversion),Annual,1,2009,31.0,ACFT,U,Approved,2010-06-29 16:23:00
2013612,12013612,2013612 Total (Diversion),Annual,1,2010,36.0,ACFT,U,Approved,2011-06-20 17:12:00
2013612,12013612,2013612 Total (Diversion),Annual,1,2011,19.0,ACFT,U,Approved,2012-07-06 07:51:00
2013612,12013612,2013612 Total (Diversion),Annual,1,2012,55.08,ACFT,K,Approved,2013-05-03 15:13:00
2013612,12013612,2013612 Total (Diversion),Annual,1,2013,48.96,ACFT,K,Approved,2014-04-04 13:52:00
2013612,12013612,2013612 Total (Diversion),Annual,1,2014,45.3859,ACFT,K,Approved,2015-06-01 17:12:00
2013612,12013612,2013612 Total (Diversion),Annual,1,2015,42.9678,ACFT,K,Approved,2016-05-30 14:30:00
2013612,12013612,2013612 Total (Diversion),Annual,1,2016,41.9638,ACFT,K,Approved,2018-01-03 15:56:00
2013612,12013612,2013612 Total (Diversion),Annual,1,2017,62.0078,ACFT,K,Approved,2018-05-25 09:41:00
2013612,12013612,2013612 Total (Diversion),Annual,1,2018,44.9993,ACFT,K,Approved,2019-04-04 16:17:00
2013612,12013612,2013612 Total (Diversion),Annual,1,2019,40.7765,ACFT,K,Approved,2020-04-01 21:05:00
2013612,12013612,2013612 Total (Diversion),Annual,1,2020,58.1417,ACFT,K,Approved,2021-03-26 10:46:00
2013612,12013612,2013612 Total (Diversion),Annual,1,2021,48.8781,ACFT,K,Approved,2022-03-30 09:30:00
2013612,12013612,2013612 Total (Diversion),Annual,1,2022,45.7545,ACFT,K,Approved,2023-02-03 11:04:00
2013612,12013612,2013612 Total (Diversion),Annual,1,2023,49.0661,ACFT,K,Approved,2024-01-17 15:31:00
2013612,12013612,2013612 Total (Diversion),Annual,1,2024,35.5824,ACFT,K,Approved,2024-11-08 15:27:00
2013613,12013613,2013613 Total (Diversion),Annual,1,2009,48.0,ACFT,U,Approved,2010-06-29 16:23:00
2013613,12013613,2013613 Total (Diversion),Annual,1,2010,40.67,ACFT,U,Approved,2011-06-20 17:12:00
2013613,12013613,2013613 Total (Diversion),Annual,1,2011,69.0,ACFT,U,Approved,2012-07-06 07:51:00
2013613,12013613,2013613 Total (Diversion),Annual,1,2012,64.26,ACFT,K,Approved,2013-05-03 15:13:00
2013613,12013613,2013613 Total (Diversion),Annual,1,2013,54.06,ACFT,K,Approved,2014-04-04 13:52:00
2013613,12013613,2013613 Total (Diversion),Annual,1,2014,46.58,ACFT,K,Approved,2015-06-01 17:12:00
2013613,12013613,2013613 Total (Diversion),Annual,1,2015,45.56,ACFT,K,Approved,2016-05-30 14:30:00
2013613,12013613,2013613 Total (Diversion),Annual,1,2016,44.88,ACFT,K,Approved,2018-01-03 15:56:00
2013613,12013613,2013613 Total (Diversion),Annual,1,2017,32.64,ACFT,K,Approved,2018-05-25 09:41:00
2013613,12013613,2013613 Total (Diversion),Annual,1,2018,49.64,ACFT,K,Approved,2019-04-04 16:17:00
2013613,12013613,2013613 Total (Diversion),Annual,1,2019,59.84,ACFT,K,Approved,2020-04-01 21:05:00
2013613,12013613,2013613 Total (Diversion),Annual,1,2020,89.08,ACFT,K,Approved,2021-03-26 10:46:00
2013613,12013613,2013613 Total (Diversion),Annual,1,2021,65.28,ACFT,K,Approved,2022-03-30 09:30:00
2013613,12013613,2013613 Total (Diversion),Annual,1,2022,53.72,ACFT,K,Approved,2023-02-03 11:05:00
2013613,12013613,2013613 Total (Diversion),Annual,1,2023,59.84,ACFT,K,Approved,2024-01-17 16:02:00
2013613,12013613,2013613 Total (Diversion),Annual,1,2024,51.34,ACFT,K,Approved,2024-11-06 09:32:00
2013706,12013706,2013706 Total (Diversion),Annual,1,2009,92.53,ACFT,U,Approved,2010-06-29 16:23:00
2013706,12013706,2013706 Total (Diversion),Annual,1,2010,123.25,ACFT,U,Approved,2011-06-20 17:12:00
2013706,12013706,2013706 Total (Diversion),Annual,1,2011,141.435,ACFT,U,Approved,2013-11-25 18:11:00
2013706,12013706,2013706 Total (Diversion),Annual,1,2012,91.235,ACFT,K,Approved,2013-05-03 15:13:00
2013706,12013706,2013706 Total (Diversion),Annual,1,2013,109.46,ACFT,K,Approved,2014-04-04 13:52:00
2013706,12013706,2013706 Total (Diversion),Annual,1,2014,86.47,ACFT,K,Approved,2015-06-01 17:12:00
2013706,12013706,2013706 Total (Diversion),Annual,1,2015,51.0085,ACFT,K,Approved,2016-05-30 14:30:00
2013706,12013706,2013706 Total (Diversion),Annual,1,2016,88.732,ACFT,K,Approved,2018-01-03 15:56:00
2013706,12013706,2013706 Total (Diversion),Annual,1,2017,58.1675,ACFT,K,Approved,2018-05-25 09:41:00
2013706,12013706,2013706 Total (Diversion),Annual,1,2018,94.2205,ACFT,K,Approved,2019-04-04 16:17:00
2013706,12013706,2013706 Total (Diversion),Annual,1,2019,70.16,ACFT,K,Approved,2020-04-01 21:05:00
2013706,12013706,2013706 Total (Diversion),Annual,1,2020,94.371,ACFT,K,Approved,2021-03-26 10:46:00
2013706,12013706,2013706 Total (Diversion),Annual,1,2021,81.5745,ACFT,K,Approved,2022-03-30 09:30:00
2013706,12013706,2013706 Total (Diversion),Annual,1,2022,107.6925,ACFT,K,Approved,2023-02-03 11:04:00
2013706,12013706,2013706 Total (Diversion),Annual,1,2023,108.1495,ACFT,K,Approved,2024-01-17 15:59:00
2013706,12013706,2013706 Total (Diversion),Annual,1,2024,93.9305,ACFT,K,Approved,2024-10-24 09:32:00
2013708,12013708,2013708 Total (Diversion),Annual,1,2009,16.65,ACFT,U,Approved,2010-06-29 16:23:00
2013708,12013708,2013708 Total (Diversion),Annual,1,2010,67.09,ACFT,U,Approved,2011-06-20 17:12:00
2013708,12013708,2013708 Total (Diversion),Annual,1,2011,100.745,ACFT,U,Approved,2013-11-25 18:11:00
2013708,12013708,2013708 Total (Diversion),Annual,1,2012,76.055,ACFT,K,Approved,2013-05-03 15:13:00
2013708,12013708,2013708 Total (Diversion),Annual,1,2013,113.625,ACFT,K,Approved,2014-04-04 13:52:00
2013708,12013708,2013708 Total (Diversion),Annual,1,2014,91.69,ACFT,K,Approved,2015-06-01 17:12:00
2013708,12013708,2013708 Total (Diversion),Annual,1,2015,96.7,ACFT,K,Approved,2016-05-30 14:30:00
2013708,12013708,2013708 Total (Diversion),Annual,1,2016,60.385,ACFT,K,Approved,2018-01-03 15:56:00
2013708,12013708,2013708 Total (Diversion),Annual,1,2017,65.03,ACFT,K,Approved,2018-05-25 09:41:00
2013708,12013708,2013708 Total (Diversion),Annual,1,2018,121.385,ACFT,K,Approved,2019-04-04 16:17:00
2013708,12013708,2013708 Total (Diversion),Annual,1,2019,105.04,ACFT,K,Approved,2020-04-01 21:05:00
2013708,12013708,2013708 Total (Diversion),Annual,1,2020,28.71,ACFT,K,Approved,2021-03-26 10:46:00
2013708,12013708,2013708 Total (Diversion),Annual,1,2021,17.75,ACFT,K,Approved,2022-03-30 09:30:00
2013708,12013708,2013708 Total (Diversion),Annual,1,2022,19.305,ACFT,K,Approved,2023-02-03 11:01:00
2013708,12013708,2013708 Total (Diversion),Annual,1,2023,121.545,ACFT,K,Approved,2024-01-16 15:26:00
2013708,12013708,2013708 Total (Diversion),Annual,1,2024,100.7425,ACFT,K,Approved,2024-11-20 13:41:00
2013747,12013747,2013747 Total (Diversion),Annual,1,2009,31.0,ACFT,U,Approved,2010-06-29 16:23:00
2013747,12013747,2013747 Total (Diversion),Annual,1,2010,36.0,ACFT,U,Approved,2011-06-20 17:12:00
2013747,12013747,2013747 Total (Diversion),Annual,1,2011,19.0,ACFT,U,Approved,2012-07-06 07:51:00
2013747,12013747,2013747 Total (Diversion),Annual,1,2012,53.46,ACFT,K,Approved,2013-05-03 15:13:00
2013747,12013747,2013747 Total (Diversion),Annual,1,2013,47.52,ACFT,K,Approved,2014-04-04 13:52:00
2013747,12013747,2013747 Total (Diversion),Annual,1,2014,44.051,ACFT,K,Approved,2015-06-01 17:12:00
2013747,12013747,2013747 Total (Diversion),Annual,1,2015,41.7041,ACFT,K,Approved,2016-05-30 14:30:00
2013747,12013747,2013747 Total (Diversion),Annual,1,2016,40.7296,ACFT,K,Approved,2018-01-03 15:56:00
2013747,12013747,2013747 Total (Diversion),Annual,1,2017,60.1841,ACFT,K,Approved,2018-05-25 09:41:00
2013747,12013747,2013747 Total (Diversion),Annual,1,2018,43.6758,ACFT,K,Approved,2019-04-04 16:17:00
2013747,12013747,2013747 Total (Diversion),Annual,1,2019,39.5772,ACFT,K,Approved,2020-04-01 21:05:00
2013747,12013747,2013747 Total (Diversion),Annual,1,2020,56.4317,ACFT,K,Approved,2021-03-26 10:46:00
2013747,12013747,2013747 Total (Diversion),Annual,1,2021,47.4405,ACFT,K,Approved,2022-03-30 09:30:00
2013747,12013747,2013747 Total (Diversion),Annual,1,2022,44.4088,ACFT,K,Approved,2023-02-03 11:04:00
2013747,12013747,2013747 Total (Diversion),Annual,1,2023,47.623,ACFT,K,Approved,2024-01-17 15:31:00
2013747,12013747,2013747 Total (Diversion),Annual,1,2024,34.5358,ACFT,K,Approved,2024-11-08 15:27:00
2013748,12013748,2013748 Total (Diversion),Annual,1,2009,48.0,ACFT,U,Approved,2010-06-29 16:23:00
2013748,12013748,2013748 Total (Diversion),Annual,1,2010,40.67,ACFT,U,Approved,2011-06-20 17:12:00
2013748,12013748,2013748 Total (Diversion),Annual,1,2011,69.0,ACFT,U,Approved,2012-07-06 07:51:00
2013748,12013748,2013748 Total (Diversion),Annual,1,2012,62.37,ACFT,K,Approved,2013-05-03 15:13:00
2013748,12013748,2013748 Total (Diversion),Annual,1,2013,52.47,ACFT,K,Approved,2014-04-04 13:52:00
2013748,12013748,2013748 Total (Diversion),Annual,1,2014,45.21,ACFT,K,Approved,2015-06-01 17:12:00
2013748,12013748,2013748 Total (Diversion),Annual,1,2015,44.22,ACFT,K,Approved,2016-05-30 14:30:00
2013748,12013748,2013748 Total (Diversion),Annual,1,2016,43.56,ACFT,K,Approved,2018-01-03 15:56:00
2013748,12013748,2013748 Total (Diversion),Annual,1,2017,31.68,ACFT,K,Approved,2018-05-25 09:41:00
2013748,12013748,2013748 Total (Diversion),Annual,1,2018,48.18,ACFT,K,Approved,2019-04-04 16:17:00
2013748,12013748,2013748 Total (Diversion),Annual,1,2019,58.08,ACFT,K,Approved,2020-04-01 21:05:00
2013748,12013748,2013748 Total (Diversion),Annual,1,2020,86.46,ACFT,K,Approved,2021-03-26 10:46:00
2013748,12013748,2013748 Total (Diversion),Annual,1,2021,63.36,ACFT,K,Approved,2022-03-30 09:30:00
2013748,12013748,2013748 Total (Diversion),Annual,1,2022,52.14,ACFT,K,Approved,2023-02-03 11:05:00
2013748,12013748,2013748 Total (Diversion),Annual,1,2023,58.08,ACFT,K,Approved,2024-01-17 16:02:00
2013748,12013748,2013748 Total (Diversion),Annual,1,2024,49.83,ACFT,K,Approved,2024-11-06 09:32:00
2013796,12013796,2013796 Total (Diversion),Annual,1,2009,1.77,ACFT,U,Approved,2011-02-14 09:30:00
2013796,12013796,2013796 Total (Diversion),Annual,1,2010,1.22,ACFT,U,Approved,2011-06-20 17:12:00
2013796,12013796,2013796 Total (Diversion),Annual,1,2011,0.85,ACFT,U,Approved,2012-07-06 07:51:00
2013796,12013796,2013796 Total (Diversion),Annual,1,2012,0.8,ACFT,K,Approved,2013-05-03 15:13:00
2013796,12013796,2013796 Total (Diversion),Annual,1,2013,0.71,ACFT,K,Approved,2014-04-04 13:52:00
2013796,12013796,2013796 Total (Diversion),Annual,1,2014,0.78,ACFT,K,Approved,2015-06-01 17:12:00
2013796,12013796,2013796 Total (Diversion),Annual,1,2015,0.67,ACFT,K,Approved,2016-05-30 14:30:00
2013796,12013796,2013796 Total (Diversion),Annual,1,2016,1.25,ACFT,K,Approved,2018-02-12 15:35:00
2013796,12013796,2013796 Total (Diversion),Annual,1,2017,0.8092,ACFT,K,Approved,2018-05-25 09:41:00
2013796,12013796,2013796 Total (Diversion),Annual,1,2018,1.3144,ACFT,K,Approved,2019-08-21 16:15:00
2013796,12013796,2013796 Total (Diversion),Annual,1,2019,1.1035,ACFT,K,Approved,2020-04-01 21:05:00
2013796,12013796,2013796 Total (Diversion),Annual,1,2020,1.4219,ACFT,K,Approved,2021-03-26 10:46:00
2013796,12013796,2013796 Total (Diversion),Annual,1,2021,1.3375,ACFT,K,Approved,2022-03-30 09:30:00
2013796,12013796,2013796 Total (Diversion),Annual,1,2022,1.5169,ACFT,K,Approved,2023-02-03 11:02:00
2013796,12013796,2013796 Total (Diversion),Annual,1,2023,1.5502,ACFT,K,Approved,2024-01-19 12:52:00
2013796,12013796,2013796 Total (Diversion),Annual,1,2024,1.376,ACFT,K,Approved,2024-12-12 11:34:00
2013943,12013943,2013943 Total (Diversion),Annual,1,2009,40.0,ACFT,U,Approved,2010-06-29 16:23:00
2013943,12013943,2013943 Total (Diversion),Annual,1,2010,47.0,ACFT,U,Approved,2011-06-20 17:12:00
2013943,12013943,2013943 Total (Diversion),Annual,1,2011,68.0,ACFT,U,Approved,2012-07-06 07:51:00
2013943,12013943,2013943 Total (Diversion),Annual,1,2012,44.0,ACFT,K,Approved,2018-02-09 13:35:00
2013943,12013943,2013943 Total (Diversion),Annual,1,2013,52.5,ACFT,K,Approved,2014-04-04 13:52:00
2013943,12013943,2013943 Total (Diversion),Annual,1,2014,53.5,ACFT,K,Approved,2015-06-01 17:12:00
2013943,12013943,2013943 Total (Diversion),Annual,1,2015,40.0155,ACFT,K,Approved,2016-05-30 14:30:00
2013943,12013943,2013943 Total (Diversion),Annual,1,2016,37.974,ACFT,K,Approved,2018-01-03 15:56:00
2013943,12013943,2013943 Total (Diversion),Annual,1,2017,24.953,ACFT,K,Approved,2018-05-25 09:41:00
2013943,12013943,2013943 Total (Diversion),Annual,1,2018,23.6195,ACFT,K,Approved,2019-04-04 16:17:00
2013943,12013943,2013943 Total (Diversion),Annual,1,2019,43.676,ACFT,K,Approved,2020-04-01 21:05:00
2013943,12013943,2013943 Total (Diversion),Annual,1,2020,66.4385,ACFT,K,Approved,2021-03-26 10:46:00
2013943,12013943,2013943 Total (Diversion),Annual,1,2021,81.2685,ACFT,K,Approved,2022-03-30 09:30:00
2013943,12013943,2013943 Total (Diversion),Annual,1,2022,23.843,ACFT,K,Approved,2023-02-03 11:04:00
2013943,12013943,2013943 Total (Diversion),Annual,1,2023,38.6668,ACFT,K,Approved,2023-10-11 15:32:00
2013943,12013943,2013943 Total (Diversion),Annual,1,2024,28.6558,ACFT,K,Approved,2024-11-07 16:14:00
2014138,12014138,2014138 Total (Diversion),Annual,1,2010,4.23,ACFT,U,Approved,2011-06-20 17:12:00
2014138,12014138,2014138 Total (Diversion),Annual,1,2011,5.9,ACFT,U,Approved,2012-07-06 07:51:00
2014138,12014138,2014138 Total (Diversion),Annual,1,2012,13.99,ACFT,K,Approved,2013-05-03 15:13:00
2014138,12014138,2014138 Total (Diversion),Annual,1,2013,8.56,ACFT,K,Approved,2014-04-04 13:52:00
2014138,12014138,2014138 Total (Diversion),Annual,1,2014,2.8322,ACFT,K,Approved,2015-06-01 17:12:00
2014138,12014138,2014138 Total (Diversion),Annual,1,2015,3.0863,ACFT,K,Approved,2016-05-30 14:30:00
2014138,12014138,2014138 Total (Diversion),Annual,1,2016,5.6791,ACFT,K,Approved,2018-01-03 15:56:00
2014138,12014138,2014138 Total (Diversion),Annual,1,2017,6.2104,ACFT,K,Approved,2018-05-25 09:41:00
2014138,12014138,2014138 Total (Diversion),Annual,1,2018,130.9384,ACFT,K,Approved,2019-08-21 16:30:00
2014138,12014138,2014138 Total (Diversion),Annual,1,2019,116.159,ACFT,K,Approved,2020-08-06 12:15:00
2014138,12014138,2014138 Total (Diversion),Annual,1,2020,134.7797,ACFT,K,Approved,2021-03-26 10:46:00
2014138,12014138,2014138 Total (Diversion),Annual,1,2021,119.9217,ACFT,K,Approved,2022-03-30 09:30:00
2014138,12014138,2014138 Total (Diversion),Annual,1,2022,72.5204,ACFT,K,Approved,2023-02-03 11:04:00
2014138,12014138,2014138 Total (Diversion),Annual,1,2023,127.3047,ACFT,K,Approved,2024-01-16 16:52:00
2014138,12014138,2014138 Total (Diversion),Annual,1,2024,70.618,ACFT,K,Approved,2024-12-12 11:34:00
2014196,12014196,2014196 Total (Diversion),Annual,1,2009,72.78,ACFT,U,Approved,2010-06-29 16:23:00
2014196,12014196,2014196 Total (Diversion),Annual,1,2010,68.52,ACFT,U,Approved,2011-06-20 17:12:00
2014196,12014196,2014196 Total (Diversion),Annual,1,2011,70.94,ACFT,U,Approved,2012-07-06 07:51:00
2014196,12014196,2014196 Total (Diversion),Annual,1,2012,0.0,ACFT,K,Approved,2013-05-03 15:13:00
2014196,12014196,2014196 Total (Diversion),Annual,1,2013,0.0,ACFT,K,Approved,2014-04-04 13:52:00
2014196,12014196,2014196 Total (Diversion),Annual,1,2014,28.2546,ACFT,K,Approved,2015-06-01 17:12:00
2014196,12014196,2014196 Total (Diversion),Annual,1,2015,31.7823,ACFT,K,Approved,2016-05-30 14:30:00
2014196,12014196,2014196 Total (Diversion),Annual,1,2016,35.5674,ACFT,K,Approved,2018-01-03 15:56:00
2014196,12014196,2014196 Total (Diversion),Annual,1,2017,33.9834,ACFT,K,Approved,2018-05-25 09:41:00
2014196,12014196,2014196 Total (Diversion),Annual,1,2018,12.0929,ACFT,K,Approved,2019-04-04 16:17:00
2014196,12014196,2014196 Total (Diversion),Annual,1,2019,90.6411,ACFT,K,Approved,2020-04-01 21:05:00
2014196,12014196,2014196 Total (Diversion),Annual,1,2020,0.3399,ACFT,K,Approved,2021-03-26 10:46:00
2014196,12014196,2014196 Total (Diversion),Annual,1,2021,36.8907,ACFT,K,Approved,2022-03-30 09:30:00
2014196,12014196,2014196 Total (Diversion),Annual,1,2022,46.8996,ACFT,K,Approved,2023-02-03 11:03:00
2014196,12014196,2014196 Total (Diversion),Annual,1,2023,39.8838,ACFT,K,Approved,2024-01-10 15:02:00
2014196,12014196,2014196 Total (Diversion),Annual,1,2024,0.0033,ACFT,K,Approved,2024-12-31 12:49:00
2014227,12014227,2014227 Total (Diversion),Annual,1,2009,61.64,ACFT,U,Approved,2010-06-29 16:23:00
2014227,12014227,2014227 Total (Diversion),Annual,1,2010,19.2915,ACFT,U,Approved,2013-11-26 11:54:00
2014227,12014227,2014227 Total (Diversion),Annual,1,2011,38.361,ACFT,U,Approved,2013-11-25 18:43:00
2014227,12014227,2014227 Total (Diversion),Annual,1,2012,44.7085,ACFT,K,Approved,2013-05-03 15:13:00
2014227,12014227,2014227 Total (Diversion),Annual,1,2013,24.4425,ACFT,K,Approved,2014-04-04 13:52:00
2014227,12014227,2014227 Total (Diversion),Annual,1,2014,18.651,ACFT,K,Approved,2015-06-01 17:12:00
2014227,12014227,2014227 Total (Diversion),Annual,1,2015,35.485,ACFT,K,Approved,2016-05-30 14:30:00
2014227,12014227,2014227 Total (Diversion),Annual,1,2016,45.676,ACFT,K,Approved,2018-01-03 15:56:00
2014227,12014227,2014227 Total (Diversion),Annual,1,2017,51.929,ACFT,K,Approved,2018-05-25 09:41:00
2014227,12014227,2014227 Total (Diversion),Annual,1,2018,68.0996,ACFT,K,Approved,2019-04-04 16:17:00
2014227,12014227,2014227 Total (Diversion),Annual,1,2019,49.5504,ACFT,K,Approved,2020-04-01 21:05:00
2014227,12014227,2014227 Total (Diversion),Annual,1,2020,84.3098,ACFT,K,Approved,2021-03-26 10:46:00
2014227,12014227,2014227 Total (Diversion),Annual,1,2021,58.2739,ACFT,K,Approved,2022-03-30 09:30:00
2014227,12014227,2014227 Total (Diversion),Annual,1,2022,33.5648,ACFT,K,Approved,2023-02-03 11:05:00
2014227,12014227,2014227 Total (Diversion),Annual,1,2023,58.8325,ACFT,K,Approved,2024-01-17 14:51:00
2014227,12014227,2014227 Total (Diversion),Annual,1,2024,42.074,ACFT,K,Approved,2024-12-02 12:08:00
2014229,12014229,2014229 Total (Diversion),Annual,1,2009,48.52,ACFT,U,Approved,2010-06-29 16:23:00
2014229,12014229,2014229 Total (Diversion),Annual,1,2010,79.2,ACFT,U,Approved,2011-06-20 17:12:00
2014229,12014229,2014229 Total (Diversion),Annual,1,2011,67.19,ACFT,U,Approved,2012-07-06 07:51:00
2014229,12014229,2014229 Total (Diversion),Annual,1,2012,61.7496,ACFT,K,Approved,2013-05-03 15:13:00
2014229,12014229,2014229 Total (Diversion),Annual,1,2013,38.5572,ACFT,K,Approved,2014-04-04 13:52:00
2014229,12014229,2014229 Total (Diversion),Annual,1,2014,48.8235,ACFT,K,Approved,2015-06-01 17:12:00
2014229,12014229,2014229 Total (Diversion),Annual,1,2015,42.8307,ACFT,K,Approved,2016-05-30 14:30:00
2014229,12014229,2014229 Total (Diversion),Annual,1,2016,29.8485,ACFT,K,Approved,2018-01-03 15:56:00
2014229,12014229,2014229 Total (Diversion),Annual,1,2017,16.8762,ACFT,K,Approved,2018-05-25 09:41:00
2014229,12014229,2014229 Total (Diversion),Annual,1,2018,0.0,ACFT,K,Approved,2019-04-04 16:17:00
2014229,12014229,2014229 Total (Diversion),Annual,1,2019,0.231,ACFT,K,Approved,2020-04-01 21:05:00
2014229,12014229,2014229 Total (Diversion),Annual,1,2020,0.0,ACFT,K,Approved,2021-03-26 10:46:00
2014229,12014229,2014229 Total (Diversion),Annual,1,2021,42.1014,ACFT,K,Approved,2022-03-30 09:30:00
2014229,12014229,2014229 Total (Diversion),Annual,1,2022,34.7754,ACFT,K,Approved,2023-02-03 11:04:00
2014229,12014229,2014229 Total (Diversion),Annual,1,2023,49.599,ACFT,K,Approved,2024-01-12 11:11:00
2014229,12014229,2014229 Total (Diversion),Annual,1,2024,0.0,ACFT,K,Approved,2024-11-20 12:33:00
2014230,12014230,2014230 Total (Diversion),Annual,1,2009,80.0,ACFT,U,Approved,2010-06-29 16:23:00
2014230,12014230,2014230 Total (Diversion),Annual,1,2010,44.67,ACFT,U,Approved,2011-06-20 17:12:00
2014230,12014230,2014230 Total (Diversion),Annual,1,2011,84.33,ACFT,U,Approved,2012-07-06 07:51:00
2014230,12014230,2014230 Total (Diversion),Annual,1,2012,70.62,ACFT,K,Approved,2013-05-03 15:13:00
2014230,12014230,2014230 Total (Diversion),Annual,1,2013,62.04,ACFT,K,Approved,2014-04-04 13:52:00
2014230,12014230,2014230 Total (Diversion),Annual,1,2014,58.08,ACFT,K,Approved,2015-06-01 17:12:00
2014230,12014230,2014230 Total (Diversion),Annual,1,2015,61.71,ACFT,K,Approved,2016-05-30 14:30:00
2014230,12014230,2014230 Total (Diversion),Annual,1,2016,58.41,ACFT,K,Approved,2018-01-03 15:56:00
2014230,12014230,2014230 Total (Diversion),Annual,1,2017,51.48,ACFT,K,Approved,2018-05-25 09:41:00
2014230,12014230,2014230 Total (Diversion),Annual,1,2018,35.0556,ACFT,K,Approved,2019-04-04 16:17:00
2014230,12014230,2014230 Total (Diversion),Annual,1,2019,71.607,ACFT,K,Approved,2020-04-01 21:05:00
2014230,12014230,2014230 Total (Diversion),Annual,1,2020,85.5835,ACFT,K,Approved,2021-03-26 10:46:00
2014230,12014230,2014230 Total (Diversion),Annual,1,2021,75.4654,ACFT,K,Approved,2022-03-30 09:30:00
2014230,12014230,2014230 Total (Diversion),Annual,1,2022,85.5835,ACFT,K,Approved,2023-02-03 11:04:00
2014230,12014230,2014230 Total (Diversion),Annual,1,2023,68.0378,ACFT,K,Approved,2024-01-17 16:15:00
2014230,12014230,2014230 Total (Diversion),Annual,1,2024,33.2422,ACFT,K,Approved,2024-11-06 09:31:00
2014233,12014233,2014233 Total (Diversion),Annual,1,2009,27.75,ACFT,U,Approved,2010-06-29 16:23:00
2014305,12014305,2014305 Total (Diversion),Annual,1,2009,48.0,ACFT,U,Approved,2010-06-29 16:23:00
2014305,12014305,2014305 Total (Diversion),Annual,1,2010,40.67,ACFT,U,Approved,2011-06-20 17:12:00
2014305,12014305,2014305 Total (Diversion),Annual,1,2011,69.0,ACFT,U,Approved,2012-07-06 07:51:00
2014305,12014305,2014305 Total (Diversion),Annual,1,2012,62.37,ACFT,K,Approved,2013-05-03 15:13:00
2014305,12014305,2014305 Total (Diversion),Annual,1,2013,52.47,ACFT,K,Approved,2014-04-04 13:52:00
2014305,12014305,2014305 Total (Diversion),Annual,1,2014,45.21,ACFT,K,Approved,2015-06-01 17:12:00
2014305,12014305,2014305 Total (Diversion),Annual,1,2015,44.22,ACFT,K,Approved,2016-05-30 14:30:00
2014305,12014305,2014305 Total (Diversion),Annual,1,2016,43.56,ACFT,K,Approved,2018-01-03 15:56:00
2014305,12014305,2014305 Total (Diversion),Annual,1,2017,31.68,ACFT,K,Approved,2018-05-25 09:41:00
2014305,12014305,2014305 Total (Diversion),Annual,1,2018,48.18,ACFT,K,Approved,2019-04-04 16:17:00
2014305,12014305,2014305 Total (Diversion),Annual,1,2019,58.08,ACFT,K,Approved,2020-04-01 21:05:00
2014305,12014305,2014305 Total (Diversion),Annual,1,2020,86.46,ACFT,K,Approved,2021-03-26 10:46:00
2014305,12014305,2014305 Total (Diversion),Annual,1,2021,63.36,ACFT,K,Approved,2022-03-30 09:30:00
2014305,12014305,2014305 Total (Diversion),Annual,1,2022,52.14,ACFT,K,Approved,2023-02-03 11:05:00
2014305,12014305,2014305 Total (Diversion),Annual,1,2023,58.08,ACFT,K,Approved,2024-01-17 16:02:00
2014305,12014305,2014305 Total (Diversion),Annual,1,2024,49.83,ACFT,K,Approved,2024-11-06 09:32:00
2014429,12014429,2014429 Total (Diversion),Annual,1,2009,160.5,ACFT,K,Approved,2015-02-06 15:48:00
2014429,12014429,2014429 Total (Diversion),Annual,1,2010,171.5,ACFT,K,Approved,2015-02-06 16:25:00
2014429,12014429,2014429 Total (Diversion),Annual,1,2011,119.0,ACFT,U,Approved,2012-07-06 07:51:00
2014429,12014429,2014429 Total (Diversion),Annual,1,2012,72.5,ACFT,K,Approved,2013-05-03 15:13:00
2014429,12014429,2014429 Total (Diversion),Annual,1,2013,51.5,ACFT,K,Approved,2014-04-04 13:52:00
2014429,12014429,2014429 Total (Diversion),Annual,1,2014,0.0,ACFT,K,Approved,2015-06-01 17:12:00
2014429,12014429,2014429 Total (Diversion),Annual,1,2015,0.0,ACFT,K,Approved,2016-05-30 14:30:00
2014429,12014429,2014429 Total (Diversion),Annual,1,2016,0.0,ACFT,K,Approved,2018-01-03 15:56:00
2014429,12014429,2014429 Total (Diversion),Annual,1,2017,72.2,ACFT,K,Approved,2018-05-25 09:41:00
2014429,12014429,2014429 Total (Diversion),Annual,1,2018,83.8,ACFT,K,Approved,2019-04-04 16:17:00
2014429,12014429,2014429 Total (Diversion),Annual,1,2019,101.2,ACFT,K,Approved,2020-04-01 21:05:00
2014429,12014429,2014429 Total (Diversion),Annual,1,2020,133.0,ACFT,K,Approved,2021-03-26 10:46:00
2014429,12014429,2014429 Total (Diversion),Annual,1,2021,156.1,ACFT,K,Approved,2022-03-30 09:30:00
2014429,12014429,2014429 Total (Diversion),Annual,1,2022,124.0,ACFT,K,Approved,2023-02-03 11:05:00
2014429,12014429,2014429 Total (Diversion),Annual,1,2023,104.0,ACFT,K,Approved,2024-11-25 10:37:00
2014429,12014429,2014429 Total (Diversion),Annual,1,2024,94.4,ACFT,K,Approved,2024-11-25 16:15:00
2014494,12014494,2014494 Total (Diversion),Annual,1,2014,85.7441,ACFT,K,Approved,2015-06-01 17:12:00
2014494,12014494,2014494 Total (Diversion),Annual,1,2015,25.9341,ACFT,K,Approved,2016-05-30 14:30:00
2014494,12014494,2014494 Total (Diversion),Annual,1,2016,32.8102,ACFT,K,Approved,2018-01-03 15:56:00
2014494,12014494,2014494 Total (Diversion),Annual,1,2017,28.4318,ACFT,K,Approved,2018-05-25 09:41:00
2014494,12014494,2014494 Total (Diversion),Annual,1,2018,32.0096,ACFT,K,Approved,2019-04-04 16:17:00
2014494,12014494,2014494 Total (Diversion),Annual,1,2019,24.6895,ACFT,K,Approved,2020-04-01 21:05:00
2014494,12014494,2014494 Total (Diversion),Annual,1,2020,29.3334,ACFT,K,Approved,2021-03-26 10:46:00
2014494,12014494,2014494 Total (Diversion),Annual,1,2021,32.8573,ACFT,K,Approved,2022-03-30 09:30:00
2014494,12014494,2014494 Total (Diversion),Annual,1,2022,26.5962,ACFT,K,Approved,2023-02-03 11:05:00
2014494,12014494,2014494 Total (Diversion),Annual,1,2023,16.148,ACFT,K,Approved,2024-01-10 17:29:00
2014494,12014494,2014494 Total (Diversion),Annual,1,2024,15.2428,ACFT,K,Approved,2024-10-30 15:52:00
2014512,12014512,2014512 Total (Diversion),Annual,1,2015,0.0005,ACFT,K,Approved,2016-05-30 14:30:00
2014512,12014512,2014512 Total (Diversion),Annual,1,2016,0.0889,ACFT,K,Approved,2018-01-03 15:56:00
2014512,12014512,2014512 Total (Diversion),Annual,1,2017,0.09,ACFT,K,Approved,2020-01-29 10:46:00
2014512,12014512,2014512 Total (Diversion),Annual,1,2018,0.0749,ACFT,K,Approved,2019-04-04 16:17:00
2014512,12014512,2014512 Total (Diversion),Annual,1,2019,0.0229,ACFT,K,Approved,2020-04-01 21:05:00
2014512,12014512,2014512 Total (Diversion),Annual,1,2020,0.0211,ACFT,K,Approved,2021-03-26 10:46:00
2014512,12014512,2014512 Total (Diversion),Annual,1,2021,0.3214,ACFT,K,Approved,2022-03-30 09:30:00
2014512,12014512,2014512 Total (Diversion),Annual,1,2022,0.2342,ACFT,K,Approved,2023-02-03 11:05:00
2014512,12014512,2014512 Total (Diversion),Annual,1,2023,0.4203,ACFT,K,Approved,2024-01-31 10:36:00
2014512,12014512,2014512 Total (Diversion),Annual,1,2024,0.4201,ACFT,K,Approved,2025-01-09 11:02:00
2014633,12014633,2014633 Total (Diversion),Annual,1,2023,22.017,ACFT,K,Approved,2024-01-16 17:17:00
2014633,12014633,2014633 Total (Diversion),Annual,1,2024,85.4545,ACFT,K,Approved,2024-12-12 11:34:00
3505700,13505700,3505700 Total (Diversion),Annual,1,2009,0.0,ACFT,U,Approved,2018-11-08 16:05:00
3505700,13505700,3505700 Total (Diversion),Annual,1,2010,0.0,ACFT,U,Approved,2018-11-08 16:05:00
3505700,13505700,3505700 Total (Diversion),Annual,1,2011,0.0,ACFT,U,Approved,2012-09-25 16:11:00
3505700,13505700,3505700 Total (Diversion),Annual,1,2012,0.0,ACFT,K,Approved,2018-11-08 16:05:00
3505700,13505700,3505700 Total (Diversion),Annual,1,2013,0.0,ACFT,K,Approved,2018-11-08 16:05:00
3505700,13505700,3505700 Total (Diversion),Annual,1,2014,0.0,ACFT,K,Approved,2018-11-08 16:05:00
3505700,13505700,3505700 Total (Diversion),Annual,1,2015,0.0,ACFT,K,Approved,2018-11-08 16:05:00
3505700,13505700,3505700 Total (Diversion),Annual,1,2016,0.0,ACFT,K,Approved,2018-11-08 16:05:00
3505700,13505700,3505700 Total (Diversion),Annual,1,2017,0.0,ACFT,K,Approved,2018-11-08 16:05:00
3505700,13505700,3505700 Total (Diversion),Annual,1,2018,0.0,ACFT,K,Approved,2019-01-29 12:55:00
3505700,13505700,3505700 Total (Diversion),Annual,1,2019,0.0,ACFT,K,Approved,2020-03-31 15:15:00
3505700,13505700,3505700 Total (Diversion),Annual,1,2020,0.0,ACFT,K,Approved,2021-03-25 17:01:00
3505700,13505700,3505700 Total (Diversion),Annual,1,2021,0.0,ACFT,K,Approved,2022-03-30 09:45:00
3505700,13505700,3505700 Total (Diversion),Annual,1,2022,0.0,ACFT,K,Approved,2023-02-03 11:05:00
3505700,13505700,3505700 Total (Diversion),Annual,1,2023,0.0,ACFT,K,Approved,2024-01-02 12:37:00
3505700,13505700,3505700 Total (Diversion),Annual,1,2024,0.0,ACFT,K,Approved,2024-11-25 16:15:00
3505702,13505702,3505702 Total (Diversion),Annual,1,2009,0.0,ACFT,U,Approved,2018-11-08 16:10:00
3505702,13505702,3505702 Total (Diversion),Annual,1,2010,0.0,ACFT,U,Approved,2018-11-08 16:10:00
3505702,13505702,3505702 Total (Diversion),Annual,1,2011,0.0,ACFT,U,Approved,2012-09-25 16:11:00
3505702,13505702,3505702 Total (Diversion),Annual,1,2012,0.0,ACFT,K,Approved,2018-11-08 16:10:00
3505702,13505702,3505702 Total (Diversion),Annual,1,2013,0.0,ACFT,K,Approved,2018-11-08 16:10:00
3505702,13505702,3505702 Total (Diversion),Annual,1,2014,0.0,ACFT,K,Approved,2018-11-08 16:10:00
3505702,13505702,3505702 Total (Diversion),Annual,1,2015,0.0,ACFT,K,Approved,2018-11-08 16:10:00
3505702,13505702,3505702 Total (Diversion),Annual,1,2016,0.0,ACFT,K,Approved,2018-11-08 16:10:00
3505702,13505702,3505702 Total (Diversion),Annual,1,2017,0.0,ACFT,K,Approved,2018-11-08 16:10:00
3505702,13505702,3505702 Total (Diversion),Annual,1,2018,0.0,ACFT,K,Approved,2019-01-29 12:55:00
3505702,13505702,3505702 Total (Diversion),Annual,1,2019,0.0,ACFT,K,Approved,2020-03-31 15:15:00
3505702,13505702,3505702 Total (Diversion),Annual,1,2020,0.0,ACFT,K,Approved,2021-03-25 17:01:00
3505702,13505702,3505702 Total (Diversion),Annual,1,2021,0.0,ACFT,K,Approved,2022-03-30 09:45:00
3505702,13505702,3505702 Total (Diversion),Annual,1,2022,0.0,ACFT,K,Approved,2023-02-03 11:05:00
3505702,13505702,3505702 Total (Diversion),Annual,1,2023,0.0,ACFT,K,Approved,2024-01-02 12:36:00
3505702,13505702,3505702 Total (Diversion),Annual,1,2024,0.0,ACFT,K,Approved,2024-11-25 16:15:00
3505704,13505704,3505704 Total (Diversion),Annual,1,2009,0.0,ACFT,U,Approved,2018-11-08 16:10:00
3505704,13505704,3505704 Total (Diversion),Annual,1,2010,0.0,ACFT,U,Approved,2018-11-08 16:10:00
3505704,13505704,3505704 Total (Diversion),Annual,1,2011,0.0,ACFT,U,Approved,2012-09-25 16:11:00
3505704,13505704,3505704 Total (Diversion),Annual,1,2012,0.0,ACFT,K,Approved,2018-11-08 16:10:00
3505704,13505704,3505704 Total (Diversion),Annual,1,2013,0.0,ACFT,K,Approved,2018-11-08 16:10:00
3505704,13505704,3505704 Total (Diversion),Annual,1,2014,0.0,ACFT,K,Approved,2018-11-08 16:10:00
3505704,13505704,3505704 Total (Diversion),Annual,1,2015,0.0,ACFT,K,Approved,2018-11-08 16:10:00
3505704,13505704,3505704 Total (Diversion),Annual,1,2016,0.0,ACFT,K,Approved,2018-11-08 16:10:00
3505704,13505704,3505704 Total (Diversion),Annual,1,2017,0.0,ACFT,K,Approved,2018-11-08 16:10:00
3505704,13505704,3505704 Total (Diversion),Annual,1,2018,0.0,ACFT,K,Approved,2019-01-29 12:55:00
3505704,13505704,3505704 Total (Diversion),Annual,1,2019,0.0,ACFT,K,Approved,2020-03-31 15:15:00
3505704,13505704,3505704 Total (Diversion),Annual,1,2020,0.0,ACFT,K,Approved,2021-03-25 17:01:00
3505704,13505704,3505704 Total (Diversion),Annual,1,2021,0.0,ACFT,K,Approved,2022-03-30 09:45:00
3505704,13505704,3505704 Total (Diversion),Annual,1,2022,0.0,ACFT,K,Approved,2023-02-03 11:05:00
3505704,13505704,3505704 Total (Diversion),Annual,1,2023,0.0,ACFT,K,Approved,2024-01-02 12:36:00
3505704,13505704,3505704 Total (Diversion),Annual,1,2024,0.0,ACFT,K,Approved,2024-11-25 16:15:00
