wdid,waterClassNum,wcIdentifier,measInterval,measCount,dataMeasDate,dataValue,measUnits,obsCode,approvalStatus,modified
2005565,12005565,2005565 Total (Diversion),Annual,1,2009,0.93,ACFT,U,Approved,2010-06-29 16:23:00
2005565,12005565,2005565 Total (Diversion),Annual,1,2010,31.62,ACFT,U,Approved,2011-06-20 17:12:00
2005565,12005565,2005565 Total (Diversion),Annual,1,2011,85.69,ACFT,U,Approved,2012-07-06 07:51:00
2005565,12005565,2005565 Total (Diversion),Annual,1,2012,79.13,ACFT,K,Approved,2013-05-03 15:13:00
2005565,12005565,2005565 Total (Diversion),Annual,1,2013,78.16,ACFT,K,Approved,2014-04-04 13:52:00
2005565,12005565,2005565 Total (Diversion),Annual,1,2014,47.16,ACFT,K,Approved,2015-06-01 17:12:00
2005565,12005565,2005565 Total (Diversion),Annual,1,2015,44.1635,ACFT,K,Approved,2016-05-30 14:30:00
2005565,12005565,2005565 Total (Diversion),Annual,1,2016,40.7868,ACFT,K,Approved,2018-01-03 15:56:00
2005565,12005565,2005565 Total (Diversion),Annual,1,2017,47.395,ACFT,K,Approved,2018-05-25 09:41:00
2005565,12005565,2005565 Total (Diversion),Annual,1,2018,105.2248,ACFT,K,Approved,2019-04-04 16:17:00
2005565,12005565,2005565 Total (Diversion),Annual,1,2019,36.891,ACFT,K,Approved,2020-04-01 21:05:00
2005565,12005565,2005565 Total (Diversion),Annual,1,2020,57.3918,ACFT,K,Approved,2021-03-26 10:46:00
2005565,12005565,2005565 Total (Diversion),Annual,1,2021,67.0253,ACFT,K,Approved,2022-03-30 09:30:00
2005565,12005565,2005565 Total (Diversion),Annual,1,2022,60.4805,ACFT,K,Approved,2023-02-03 11:04:00
2005565,12005565,2005565 Total (Diversion),Annual,1,2023,50.781,ACFT,K,Approved,2024-01-24 13:53:00
2005565,12005565,2005565 Total (Diversion),Annual,1,2024,56.23,ACFT,K,Approved,2024-12-02 11:49:00
2005566,12005566,2005566 Total (Diversion),Annual,1,2009,30.02,ACFT,U,Approved,2010-06-29 16:23:00
2005566,12005566,2005566 Total (Diversion),Annual,1,2010,36.621,ACFT,U,Approved,2013-11-25 21:02:00
2005566,12005566,2005566 Total (Diversion),Annual,1,2011,39.566,ACFT,U,Approved,2013-11-25 13:48:00
2005566,12005566,2005566 Total (Diversion),Annual,1,2012,0.002,ACFT,K,Approved,2013-05-03 15:13:00
2005566,12005566,2005566 Total (Diversion),Annual,1,2013,56.157,ACFT,K,Approved,2014-04-04 13:52:00
2005566,12005566,2005566 Total (Diversion),Annual,1,2014,1.92,ACFT,K,Approved,2015-06-01 17:12:00
2005566,12005566,2005566 Total (Diversion),Annual,1,2015,40.9635,ACFT,K,Approved,2016-05-30 14:30:00
2005566,12005566,2005566 Total (Diversion),Annual,1,2016,40.7868,ACFT,K,Approved,2018-01-03 15:56:00
2005566,12005566,2005566 Total (Diversion),Annual,1,2017,47.395,ACFT,K,Approved,2018-05-25 09:41:00
2005566,12005566,2005566 Total (Diversion),Annual,1,2018,105.2248,ACFT,K,Approved,2019-04-04 16:17:00
2005566,12005566,2005566 Total (Diversion),Annual,1,2019,36.891,ACFT,K,Approved,2020-04-01 21:05:00
2005566,12005566,2005566 Total (Diversion),Annual,1,2020,57.3918,ACFT,K,Approved,2021-03-26 10:46:00
2005566,12005566,2005566 Total (Diversion),Annual,1,2021,67.0253,ACFT,K,Approved,2022-03-30 09:30:00
2005566,12005566,2005566 Total (Diversion),Annual,1,2022,60.4805,ACFT,K,Approved,2023-02-03 11:04:00
2005566,12005566,2005566 Total (Diversion),Annual,1,2023,50.781,ACFT,K,Approved,2024-01-24 13:53:00
2005566,12005566,2005566 Total (Diversion),Annual,1,2024,56.23,ACFT,K,Approved,2024-12-02 11:49:00
2006296,12006296,2006296 Total (Diversion),Annual,1,2009,570.7,ACFT,U,Approved,2010-06-29 16:23:00
2006296,12006296,2006296 Total (Diversion),Annual,1,2010,629.31,ACFT,U,Approved,2011-06-20 17:12:00
2006296,12006296,2006296 Total (Diversion),Annual,1,2011,692.0,ACFT,U,Approved,2012-07-06 07:51:00
2006296,12006296,2006296 Total (Diversion),Annual,1,2012,572.05,ACFT,K,Approved,2013-05-03 15:13:00
2006296,12006296,2006296 Total (Diversion),Annual,1,2013,433.81,ACFT,K,Approved,2014-04-04 13:52:00
2006296,12006296,2006296 Total (Diversion),Annual,1,2014,422.35,ACFT,K,Approved,2015-06-01 17:12:00
2006296,12006296,2006296 Total (Diversion),Annual,1,2015,201.85,ACFT,K,Approved,2016-05-30 14:30:00
2006296,12006296,2006296 Total (Diversion),Annual,1,2016,354.75,ACFT,K,Approved,2018-01-03 15:56:00
2006296,12006296,2006296 Total (Diversion),Annual,1,2017,220.22,ACFT,K,Approved,2018-05-25 09:41:00
2006296,12006296,2006296 Total (Diversion),Annual,1,2018,435.78,ACFT,K,Approved,2020-01-31 16:16:00
2006296,12006296,2006296 Total (Diversion),Annual,1,2019,260.07,ACFT,K,Approved,2020-04-01 21:05:00
2006296,12006296,2006296 Total (Diversion),Annual,1,2020,389.69,ACFT,K,Approved,2021-03-26 10:46:00
2006296,12006296,2006296 Total (Diversion),Annual,1,2021,369.33,ACFT,K,Approved,2022-03-30 09:30:00
2006296,12006296,2006296 Total (Diversion),Annual,1,2022,345.93,ACFT,K,Approved,2023-02-03 11:02:00
2006296,12006296,2006296 Total (Diversion),Annual,1,2023,293.82,ACFT,K,Approved,2023-12-28 16:04:00
2006296,12006296,2006296 Total (Diversion),Annual,1,2024,219.97,ACFT,K,Approved,2024-12-03 09:27:00
2008079,12008079,2008079 Total (Diversion),Annual,1,2009,0.0,ACFT,U,Approved,2010-06-29 16:23:00
2008079,12008079,2008079 Total (Diversion),Annual,1,2010,0.0,ACFT,U,Approved,2011-06-20 17:12:00
2008079,12008079,2008079 Total (Diversion),Annual,1,2011,0.0,ACFT,U,Approved,2012-07-06 07:51:00
2008079,12008079,2008079 Total (Diversion),Annual,1,2012,0.0991,ACFT,K,Approved,2018-02-09 15:40:00
2008079,12008079,2008079 Total (Diversion),Annual,1,2013,0.041,ACFT,K,Approved,2018-02-01 11:00:00
2008079,12008079,2008079 Total (Diversion),Annual,1,2014,0.0001,ACFT,K,Approved,2018-02-13 15:45:00
2008079,12008079,2008079 Total (Diversion),Annual,1,2015,0.0,ACFT,K,Approved,2016-05-30 14:30:00
2008079,12008079,2008079 Total (Diversion),Annual,1,2016,0.1162,ACFT,K,Approved,2018-01-03 15:56:00
2008079,12008079,2008079 Total (Diversion),Annual,1,2017,0.0,ACFT,K,Approved,2018-05-25 09:41:00
2008079,12008079,2008079 Total (Diversion),Annual,1,2018,0.0,ACFT,K,Approved,2019-04-04 16:17:00
2008079,12008079,2008079 Total (Diversion),Annual,1,2019,0.0,ACFT,K,Approved,2020-04-01 21:05:00
2008079,12008079,2008079 Total (Diversion),Annual,1,2021,0.0,ACFT,K,Approved,2022-03-30 09:30:00
2008079,12008079,2008079 Total (Diversion),Annual,1,2022,0.0,ACFT,K,Approved,2023-10-16 10:33:00
2008079,12008079,2008079 Total (Diversion),Annual,1,2023,0.0,ACFT,K,Approved,2024-01-25 09:09:00
2008079,12008079,2008079 Total (Diversion),Annual,1,2024,0.0,ACFT,K,Approved,2024-11-19 14:08:00
2008569,12008569,2008569 Total (Diversion),Annual,1,2009,311.4,ACFT,U,Approved,2010-06-29 16:23:00
2008569,12008569,2008569 Total (Diversion),Annual,1,2010,637.0,ACFT,U,Approved,2011-06-20 17:12:00
2008569,12008569,2008569 Total (Diversion),Annual,1,2011,660.6,ACFT,U,Approved,2012-07-06 07:51:00
2008569,12008569,2008569 Total (Diversion),Annual,1,2012,1036.31,ACFT,K,Approved,2013-05-03 15:13:00
2008569,12008569,2008569 Total (Diversion),Annual,1,2013,634.69,ACFT,K,Approved,2014-04-04 13:52:00
2008569,12008569,2008569 Total (Diversion),Annual,1,2014,535.957,ACFT,K,Approved,2015-06-01 17:12:00
2008569,12008569,2008569 Total (Diversion),Annual,1,2015,337.9,ACFT,K,Approved,2016-05-30 14:30:00
2008569,12008569,2008569 Total (Diversion),Annual,1,2016,318.316,ACFT,K,Approved,2018-01-26 10:05:00
2008569,12008569,2008569 Total (Diversion),Annual,1,2017,290.31,ACFT,K,Approved,2018-05-25 09:41:00
2008569,12008569,2008569 Total (Diversion),Annual,1,2018,696.482,ACFT,K,Approved,2019-04-04 16:17:00
2008569,12008569,2008569 Total (Diversion),Annual,1,2019,292.952,ACFT,K,Approved,2020-04-01 21:05:00
2008569,12008569,2008569 Total (Diversion),Annual,1,2020,572.538,ACFT,K,Approved,2021-03-26 10:46:00
2008569,12008569,2008569 Total (Diversion),Annual,1,2021,539.131,ACFT,K,Approved,2022-03-30 09:30:00
2008569,12008569,2008569 Total (Diversion),Annual,1,2022,698.394,ACFT,K,Approved,2023-02-03 11:04:00
2008569,12008569,2008569 Total (Diversion),Annual,1,2023,449.13,ACFT,K,Approved,2024-01-25 11:51:00
2008569,12008569,2008569 Total (Diversion),Annual,1,2024,477.23,ACFT,K,Approved,2024-11-20 12:35:00
2008881,12008881,2008881 Total (Diversion),Annual,1,2009,0.0,ACFT,U,Approved,2010-06-29 16:23:00
2008881,12008881,2008881 Total (Diversion),Annual,1,2010,0.0,ACFT,U,Approved,2011-06-20 17:12:00
2008881,12008881,2008881 Total (Diversion),Annual,1,2011,0.14,ACFT,U,Approved,2012-07-06 07:51:00
2008881,12008881,2008881 Total (Diversion),Annual,1,2012,0.3,ACFT,K,Approved,2013-05-03 15:13:00
2008881,12008881,2008881 Total (Diversion),Annual,1,2013,0.0,ACFT,K,Approved,2014-04-04 13:52:00
2008881,12008881,2008881 Total (Diversion),Annual,1,2014,0.0,ACFT,K,Approved,2015-06-01 17:12:00
2008881,12008881,2008881 Total (Diversion),Annual,1,2015,0.0,ACFT,K,Approved,2016-05-30 14:30:00
2008881,12008881,2008881 Total (Diversion),Annual,1,2016,0.04,ACFT,K,Approved,2018-01-03 15:56:00
2008881,12008881,2008881 Total (Diversion),Annual,1,2017,0.0,ACFT,K,Approved,2018-05-25 09:41:00
2008881,12008881,2008881 Total (Diversion),Annual,1,2018,0.0,ACFT,K,Approved,2019-04-04 16:17:00
2008881,12008881,2008881 Total (Diversion),Annual,1,2019,14.48,ACFT,K,Approved,2020-04-01 21:05:00
2008881,12008881,2008881 Total (Diversion),Annual,1,2020,4.48,ACFT,K,Approved,2021-03-26 10:46:00
2008881,12008881,2008881 Total (Diversion),Annual,1,2021,0.0,ACFT,K,Approved,2022-03-30 09:30:00
2008881,12008881,2008881 Total (Diversion),Annual,1,2022,0.0,ACFT,K,Approved,2023-02-03 11:03:00
2008881,12008881,2008881 Total (Diversion),Annual,1,2023,0.0,ACFT,K,Approved,2024-01-29 10:50:00
2008881,12008881,2008881 Total (Diversion),Annual,2,2024,108.53,ACFT,K,Approved,2025-01-08 11:57:00
2010366,12010366,2010366 Total (Diversion),Annual,1,2009,7.44,ACFT,U,Approved,2010-06-29 16:23:00
2010366,12010366,2010366 Total (Diversion),Annual,1,2010,25.61,ACFT,U,Approved,2011-06-20 17:12:00
2010366,12010366,2010366 Total (Diversion),Annual,1,2011,15.04,ACFT,U,Approved,2012-07-06 07:51:00
2010366,12010366,2010366 Total (Diversion),Annual,1,2012,9.499,ACFT,K,Approved,2013-05-03 15:13:00
2010366,12010366,2010366 Total (Diversion),Annual,1,2013,0.0,ACFT,K,Approved,2014-04-04 13:52:00
2010366,12010366,2010366 Total (Diversion),Annual,1,2014,8.956,ACFT,K,Approved,2015-06-01 17:12:00
2010366,12010366,2010366 Total (Diversion),Annual,1,2015,0.0,ACFT,K,Approved,2016-05-30 14:30:00
2010366,12010366,2010366 Total (Diversion),Annual,1,2016,0.0,ACFT,K,Approved,2018-01-03 15:56:00
2010366,12010366,2010366 Total (Diversion),Annual,1,2017,0.0,ACFT,K,Approved,2018-05-25 09:41:00
2010366,12010366,2010366 Total (Diversion),Annual,1,2018,0.0,ACFT,K,Approved,2019-04-04 16:17:00
2010366,12010366,2010366 Total (Diversion),Annual,1,2019,0.0,ACFT,K,Approved,2020-04-01 21:05:00
2010366,12010366,2010366 Total (Diversion),Annual,1,2020,0.0,ACFT,K,Approved,2021-03-26 10:46:00
2010366,12010366,2010366 Total (Diversion),Annual,1,2021,0.0,ACFT,K,Approved,2022-03-30 09:30:00
2010366,12010366,2010366 Total (Diversion),Annual,1,2022,0.0,ACFT,K,Approved,2023-02-03 11:02:00
2010366,12010366,2010366 Total (Diversion),Annual,1,2023,0.0,ACFT,K,Approved,2024-01-31 12:20:00
2010366,12010366,2010366 Total (Diversion),Annual,1,2024,0.0,ACFT,K,Approved,2024-11-19 14:08:00
2010367,12010367,2010367 Total (Diversion),Annual,1,2009,1.11,ACFT,U,Approved,2010-06-29 16:23:00
2010367,12010367,2010367 Total (Diversion),Annual,1,2010,0.922,ACFT,U,Approved,2013-11-25 22:34:00
2010367,12010367,2010367 Total (Diversion),Annual,1,2011,0.458,ACFT,U,Approved,2013-11-25 16:43:00
2010367,12010367,2010367 Total (Diversion),Annual,1,2012,0.724,ACFT,K,Approved,2013-05-03 15:13:00
2010367,12010367,2010367 Total (Diversion),Annual,1,2013,0.1206,ACFT,K,Approved,2014-04-04 13:52:00
2010367,12010367,2010367 Total (Diversion),Annual,1,2014,0.0,ACFT,K,Approved,2015-06-01 17:12:00
2011362,12011362,2011362 Total (Diversion),Annual,1,2009,102.99,ACFT,U,Approved,2010-06-29 16:23:00
2011362,12011362,2011362 Total (Diversion),Annual,1,2010,81.2516,ACFT,U,Approved,2013-11-25 22:41:00
2011362,12011362,2011362 Total (Diversion),Annual,1,2011,23.4923,ACFT,U,Approved,2013-11-25 16:55:00
2011362,12011362,2011362 Total (Diversion),Annual,1,2012,88.9533,ACFT,K,Approved,2013-05-03 15:13:00
2011362,12011362,2011362 Total (Diversion),Annual,1,2013,18.5822,ACFT,K,Approved,2014-04-04 13:52:00
2011362,12011362,2011362 Total (Diversion),Annual,1,2014,0.0,ACFT,K,Approved,2015-06-01 17:12:00
2011741,12011741,2011741 Total (Diversion),Annual,1,2009,972.47,ACFT,U,Approved,2010-06-29 16:23:00
2011741,12011741,2011741 Total (Diversion),Annual,1,2010,606.903,ACFT,U,Approved,2013-11-25 22:43:00
2011741,12011741,2011741 Total (Diversion),Annual,1,2011,800.6,ACFT,U,Approved,2012-07-06 07:51:00
2011741,12011741,2011741 Total (Diversion),Annual,1,2012,239.431,ACFT,K,Approved,2013-05-03 15:13:00
2011741,12011741,2011741 Total (Diversion),Annual,1,2013,336.48,ACFT,K,Approved,2014-04-04 13:52:00
2011741,12011741,2011741 Total (Diversion),Annual,1,2014,373.555,ACFT,K,Approved,2015-06-01 17:12:00
2011741,12011741,2011741 Total (Diversion),Annual,1,2015,599.551,ACFT,K,Approved,2016-05-30 14:30:00
2011741,12011741,2011741 Total (Diversion),Annual,1,2016,213.227,ACFT,K,Approved,2018-01-03 15:56:00
2011741,12011741,2011741 Total (Diversion),Annual,1,2017,285.568,ACFT,K,Approved,2018-05-25 09:41:00
2011741,12011741,2011741 Total (Diversion),Annual,1,2018,366.526,ACFT,K,Approved,2019-04-04 16:17:00
2011741,12011741,2011741 Total (Diversion),Annual,1,2019,336.8568,ACFT,K,Approved,2020-04-01 21:05:00
2011741,12011741,2011741 Total (Diversion),Annual,1,2020,0.0,ACFT,K,Approved,2021-03-26 10:46:00
2011741,12011741,2011741 Total (Diversion),Annual,1,2021,408.6536,ACFT,K,Approved,2022-03-30 09:30:00
2011741,12011741,2011741 Total (Diversion),Annual,1,2022,155.1304,ACFT,K,Approved,2023-02-03 11:05:00
2011741,12011741,2011741 Total (Diversion),Annual,1,2023,60.6826,ACFT,K,Approved,2024-01-31 16:03:00
2011741,12011741,2011741 Total (Diversion),Annual,1,2024,0.0,ACFT,K,Approved,2024-11-19 14:08:00
2012068,12012068,2012068 Total (Diversion),Annual,1,2009,124.24,ACFT,U,Approved,2010-06-29 16:23:00
2012068,12012068,2012068 Total (Diversion),Annual,1,2010,127.59,ACFT,U,Approved,2011-06-20 17:12:00
2012068,12012068,2012068 Total (Diversion),Annual,1,2011,287.18,ACFT,U,Approved,2012-07-06 07:51:00
2012068,12012068,2012068 Total (Diversion),Annual,1,2012,329.8,ACFT,K,Approved,2013-05-03 15:13:00
2012068,12012068,2012068 Total (Diversion),Annual,1,2013,258.98,ACFT,K,Approved,2014-04-04 13:52:00
2012068,12012068,2012068 Total (Diversion),Annual,1,2014,311.49,ACFT,K,Approved,2015-06-01 17:12:00
2012068,12012068,2012068 Total (Diversion),Annual,1,2015,273.84,ACFT,K,Approved,2016-05-30 14:30:00
2012068,12012068,2012068 Total (Diversion),Annual,1,2016,325.26,ACFT,K,Approved,2018-01-03 15:56:00
2012068,12012068,2012068 Total (Diversion),Annual,1,2017,302.66,ACFT,K,Approved,2018-05-25 09:41:00
2012068,12012068,2012068 Total (Diversion),Annual,1,2018,235.26,ACFT,K,Approved,2019-04-04 16:17:00
2012068,12012068,2012068 Total (Diversion),Annual,1,2019,303.64,ACFT,K,Approved,2020-04-01 21:05:00
2012068,12012068,2012068 Total (Diversion),Annual,1,2020,260.8,ACFT,K,Approved,2021-03-26 10:46:00
2012068,12012068,2012068 Total (Diversion),Annual,1,2021,282.08,ACFT,K,Approved,2022-03-30 09:30:00
2012068,12012068,2012068 Total (Diversion),Annual,1,2022,279.09,ACFT,K,Approved,2023-02-03 11:01:00
2012068,12012068,2012068 Total (Diversion),Annual,1,2023,234.14,ACFT,K,Approved,2024-01-31 16:16:00
2012068,12012068,2012068 Total (Diversion),Annual,1,2024,234.5,ACFT,K,Approved,2024-10-29 11:31:00
2012069,12012069,2012069 Total (Diversion),Annual,1,2009,246.09,ACFT,U,Approved,2010-06-29 16:23:00
2012069,12012069,2012069 Total (Diversion),Annual,1,2010,123.93,ACFT,U,Approved,2011-06-20 17:12:00
2012069,12012069,2012069 Total (Diversion),Annual,1,2011,166.71,ACFT,U,Approved,2012-07-06 07:51:00
2012069,12012069,2012069 Total (Diversion),Annual,1,2012,157.53,ACFT,K,Approved,2013-05-03 15:13:00
2012069,12012069,2012069 Total (Diversion),Annual,1,2013,132.79,ACFT,K,Approved,2014-04-04 13:52:00
2012069,12012069,2012069 Total (Diversion),Annual,1,2014,142.91,ACFT,K,Approved,2015-06-01 17:12:00
2012069,12012069,2012069 Total (Diversion),Annual,1,2015,134.07,ACFT,K,Approved,2016-05-30 14:30:00
2012069,12012069,2012069 Total (Diversion),Annual,1,2016,152.64,ACFT,K,Approved,2018-01-03 15:56:00
2012069,12012069,2012069 Total (Diversion),Annual,1,2017,133.3,ACFT,K,Approved,2018-05-25 09:41:00
2012069,12012069,2012069 Total (Diversion),Annual,1,2018,65.58,ACFT,K,Approved,2019-11-08 12:15:00
2012069,12012069,2012069 Total (Diversion),Annual,1,2019,113.1594,ACFT,K,Approved,2020-04-01 21:05:00
2012069,12012069,2012069 Total (Diversion),Annual,1,2020,132.5714,ACFT,K,Approved,2021-03-26 10:46:00
2012069,12012069,2012069 Total (Diversion),Annual,1,2021,106.6816,ACFT,K,Approved,2022-03-30 09:30:00
2012069,12012069,2012069 Total (Diversion),Annual,1,2022,105.0569,ACFT,K,Approved,2023-02-03 11:03:00
2012069,12012069,2012069 Total (Diversion),Annual,1,2023,138.1088,ACFT,K,Approved,2024-01-31 16:19:00
2012069,12012069,2012069 Total (Diversion),Annual,1,2024,129.39,ACFT,K,Approved,2024-12-17 15:06:00
2012179,12012179,2012179 Total (Diversion),Annual,1,2009,266.05,ACFT,U,Approved,2010-06-29 16:23:00
2012179,12012179,2012179 Total (Diversion),Annual,1,2010,307.45,ACFT,U,Approved,2011-06-20 17:12:00
2012179,12012179,2012179 Total (Diversion),Annual,1,2011,167.69,ACFT,U,Approved,2012-07-06 07:51:00
2012179,12012179,2012179 Total (Diversion),Annual,1,2012,294.45,ACFT,K,Approved,2013-05-03 15:13:00
2012179,12012179,2012179 Total (Diversion),Annual,1,2013,252.83,ACFT,K,Approved,2014-04-04 13:52:00
2012179,12012179,2012179 Total (Diversion),Annual,1,2014,307.45,ACFT,K,Approved,2015-06-01 17:12:00
2012179,12012179,2012179 Total (Diversion),Annual,1,2015,244.399,ACFT,K,Approved,2016-05-30 14:30:00
2012179,12012179,2012179 Total (Diversion),Annual,1,2016,258.93,ACFT,K,Approved,2018-01-03 15:56:00
2012179,12012179,2012179 Total (Diversion),Annual,1,2017,288.966,ACFT,K,Approved,2018-05-25 09:41:00
2012179,12012179,2012179 Total (Diversion),Annual,1,2018,284.655,ACFT,K,Approved,2019-04-04 16:17:00
2012179,12012179,2012179 Total (Diversion),Annual,1,2019,172.315,ACFT,K,Approved,2020-04-01 21:05:00
2012179,12012179,2012179 Total (Diversion),Annual,1,2020,303.295,ACFT,K,Approved,2021-03-26 10:46:00
2012179,12012179,2012179 Total (Diversion),Annual,1,2021,240.14,ACFT,K,Approved,2022-03-30 09:30:00
2012179,12012179,2012179 Total (Diversion),Annual,1,2022,240.87,ACFT,K,Approved,2023-02-03 11:04:00
2012179,12012179,2012179 Total (Diversion),Annual,1,2023,254.52,ACFT,K,Approved,2024-01-31 16:53:00
2012179,12012179,2012179 Total (Diversion),Annual,1,2024,136.271,ACFT,K,Approved,2024-12-16 12:22:00
2013872,12013872,2013872 Total (Diversion),Annual,1,2009,146.16,ACFT,U,Approved,2010-06-29 16:23:00
2013872,12013872,2013872 Total (Diversion),Annual,1,2010,333.9256,ACFT,U,Approved,2013-11-26 11:39:00
2013872,12013872,2013872 Total (Diversion),Annual,1,2011,503.6873,ACFT,U,Approved,2013-11-25 18:21:00
2013872,12013872,2013872 Total (Diversion),Annual,1,2012,449.1132,ACFT,K,Approved,2013-05-03 15:13:00
2013872,12013872,2013872 Total (Diversion),Annual,1,2013,426.7994,ACFT,K,Approved,2014-04-04 13:52:00
2013872,12013872,2013872 Total (Diversion),Annual,1,2014,374.6989,ACFT,K,Approved,2015-06-01 17:12:00
2013872,12013872,2013872 Total (Diversion),Annual,1,2015,262.0523,ACFT,K,Approved,2016-05-30 14:30:00
2013872,12013872,2013872 Total (Diversion),Annual,1,2016,231.7942,ACFT,K,Approved,2018-01-03 15:56:00
2013872,12013872,2013872 Total (Diversion),Annual,1,2017,309.823,ACFT,K,Approved,2018-05-25 09:41:00
2013872,12013872,2013872 Total (Diversion),Annual,1,2018,535.269,ACFT,K,Approved,2019-05-08 16:31:00
2013872,12013872,2013872 Total (Diversion),Annual,1,2019,270.592,ACFT,K,Approved,2020-04-01 21:05:00
2013872,12013872,2013872 Total (Diversion),Annual,1,2020,537.777,ACFT,K,Approved,2021-03-26 10:46:00
2013872,12013872,2013872 Total (Diversion),Annual,1,2021,518.593,ACFT,K,Approved,2022-03-30 09:30:00
2013872,12013872,2013872 Total (Diversion),Annual,1,2022,503.344,ACFT,K,Approved,2023-02-03 11:04:00
2013872,12013872,2013872 Total (Diversion),Annual,1,2023,415.207,ACFT,K,Approved,2024-02-05 11:23:00
2013872,12013872,2013872 Total (Diversion),Annual,1,2024,298.715,ACFT,K,Approved,2024-12-02 11:49:00
2014462,12014462,2014462 Total (Diversion),Annual,1,2011,9.09,ACFT,K,Approved,2015-02-06 16:58:00
2014462,12014462,2014462 Total (Diversion),Annual,1,2012,84.652,ACFT,K,Approved,2015-02-06 17:11:00
2014462,12014462,2014462 Total (Diversion),Annual,1,2013,77.937,ACFT,K,Approved,2015-02-09 08:21:00
2014462,12014462,2014462 Total (Diversion),Annual,1,2014,102.426,ACFT,K,Approved,2015-06-01 17:12:00
2014462,12014462,2014462 Total (Diversion),Annual,1,2015,211.969,ACFT,K,Approved,2016-05-30 14:30:00
2014462,12014462,2014462 Total (Diversion),Annual,1,2016,24.284,ACFT,K,Approved,2018-01-03 15:56:00
2014462,12014462,2014462 Total (Diversion),Annual,1,2017,127.638,ACFT,K,Approved,2018-05-25 09:41:00
2014462,12014462,2014462 Total (Diversion),Annual,1,2018,95.63,ACFT,K,Approved,2019-04-04 16:17:00
2014462,12014462,2014462 Total (Diversion),Annual,1,2019,125.874,ACFT,K,Approved,2020-04-01 21:05:00
2014462,12014462,2014462 Total (Diversion),Annual,1,2020,97.975,ACFT,K,Approved,2021-03-26 10:46:00
2014462,12014462,2014462 Total (Diversion),Annual,1,2021,66.872,ACFT,K,Approved,2022-03-30 09:30:00
2014462,12014462,2014462 Total (Diversion),Annual,1,2022,82.063,ACFT,K,Approved,2023-02-03 11:02:00
2014462,12014462,2014462 Total (Diversion),Annual,1,2023,89.497,ACFT,K,Approved,2023-10-19 11:48:00
2014462,12014462,2014462 Total (Diversion),Annual,1,2024,106.032,ACFT,K,Approved,2024-11-07 10:09:00
2014498,12014498,2014498 Total (Diversion),Annual,1,2018,0.2504,ACFT,K,Approved,2019-04-04 16:17:00
2014498,12014498,2014498 Total (Diversion),Annual,1,2019,0.5433,ACFT,K,Approved,2020-04-01 21:05:00
2014498,12014498,2014498 Total (Diversion),Annual,1,2020,2.1118,ACFT,K,Approved,2021-03-26 10:46:00
2014498,12014498,2014498 Total (Diversion),Annual,1,2021,1.0498,ACFT,K,Approved,2022-03-30 09:30:00
2014498,12014498,2014498 Total (Diversion),Annual,1,2022,0.7777,ACFT,K,Approved,2023-02-03 11:04:00
2014498,12014498,2014498 Total (Diversion),Annual,1,2023,0.0,ACFT,K,Approved,2024-01-31 14:45:00
2014498,12014498,2014498 Total (Diversion),Annual,1,2024,0.0,ACFT,K,Approved,2024-11-22 13:25:00
