wdid,waterClassNum,wcIdentifier,measInterval,measCount,dataMeasDate,dataValue,measUnits,obsCode,approvalStatus,modified
2705004,12705004,2705004 Total (Diversion),Annual,1,2009,7.11,ACFT,U,Approved,2010-06-29 17:51:00
2705004,12705004,2705004 Total (Diversion),Annual,1,2010,18.43,ACFT,U,Approved,2011-03-16 10:32:00
2705004,12705004,2705004 Total (Diversion),Annual,1,2011,6.55,ACFT,U,Approved,2012-06-01 18:11:00
2705004,12705004,2705004 Total (Diversion),Annual,1,2012,2.38,ACFT,K,Approved,2013-05-03 18:20:00
2705004,12705004,2705004 Total (Diversion),Annual,1,2013,9.92,ACFT,K,Approved,2014-04-04 09:10:00
2705004,12705004,2705004 Total (Diversion),Annual,1,2014,16.29,ACFT,K,Approved,2015-04-22 09:31:00
2705004,12705004,2705004 Total (Diversion),Annual,1,2015,19.41,ACFT,K,Approved,2016-04-08 16:11:00
2705004,12705004,2705004 Total (Diversion),Annual,1,2016,10.26,ACFT,K,Approved,2017-03-10 13:00:00
2705004,12705004,2705004 Total (Diversion),Annual,1,2017,0.0,ACFT,K,Approved,2018-05-16 15:32:00
2705004,12705004,2705004 Total (Diversion),Annual,1,2018,60.47,ACFT,K,Approved,2019-03-31 17:20:00
2705004,12705004,2705004 Total (Diversion),Annual,1,2019,7.18,ACFT,K,Approved,2020-04-01 16:31:00
2705004,12705004,2705004 Total (Diversion),Annual,1,2020,60.47,ACFT,K,Approved,2021-03-25 14:16:00
2705004,12705004,2705004 Total (Diversion),Annual,1,2021,0.0,ACFT,K,Approved,2022-03-23 09:15:00
2705004,12705004,2705004 Total (Diversion),Annual,1,2022,0.08,ACFT,K,Approved,2023-02-03 11:04:00
2705004,12705004,2705004 Total (Diversion),Annual,1,2023,0.0,ACFT,K,Approved,2024-01-04 16:21:00
2705004,12705004,2705004 Total (Diversion),Annual,1,2024,0.0,ACFT,K,Approved,2024-10-28 15:56:00
2705016,12705016,2705016 Total (Diversion),Annual,1,2009,0.53,ACFT,U,Approved,2010-06-29 17:51:00
2705016,12705016,2705016 Total (Diversion),Annual,1,2010,1.11,ACFT,U,Approved,2011-03-16 10:32:00
2705016,12705016,2705016 Total (Diversion),Annual,1,2011,0.0,ACFT,U,Approved,2012-06-01 18:11:00
2705016,12705016,2705016 Total (Diversion),Annual,1,2012,74.8,ACFT,K,Approved,2013-05-03 18:20:00
2705016,12705016,2705016 Total (Diversion),Annual,1,2013,111.52,ACFT,K,Approved,2014-04-04 09:10:00
2705016,12705016,2705016 Total (Diversion),Annual,1,2014,89.62,ACFT,K,Approved,2015-04-22 09:31:00
2705016,12705016,2705016 Total (Diversion),Annual,1,2015,56.02,ACFT,K,Approved,2016-04-08 16:11:00
2705016,12705016,2705016 Total (Diversion),Annual,1,2016,71.19,ACFT,K,Approved,2017-03-10 13:00:00
2705016,12705016,2705016 Total (Diversion),Annual,1,2017,51.69,ACFT,K,Approved,2018-05-16 15:32:00
2705016,12705016,2705016 Total (Diversion),Annual,1,2018,144.1,ACFT,K,Approved,2019-03-31 17:20:00
2705016,12705016,2705016 Total (Diversion),Annual,1,2019,73.35,ACFT,K,Approved,2020-04-01 16:31:00
2705016,12705016,2705016 Total (Diversion),Annual,1,2020,116.91,ACFT,K,Approved,2021-03-25 14:16:00
2705016,12705016,2705016 Total (Diversion),Annual,1,2021,70.03,ACFT,K,Approved,2022-03-23 09:15:00
2705016,12705016,2705016 Total (Diversion),Annual,1,2022,49.0,ACFT,K,Approved,2023-02-03 11:02:00
2705016,12705016,2705016 Total (Diversion),Annual,1,2023,84.09,ACFT,K,Approved,2024-01-04 16:49:00
2705016,12705016,2705016 Total (Diversion),Annual,1,2024,38.88,ACFT,K,Approved,2024-11-27 09:13:00
2705061,12705061,2705061 Total (Diversion),Annual,1,2009,74.54,ACFT,U,Approved,2010-06-29 17:51:00
2705061,12705061,2705061 Total (Diversion),Annual,1,2010,14.64,ACFT,U,Approved,2011-03-16 10:32:00
2705061,12705061,2705061 Total (Diversion),Annual,1,2011,60.79,ACFT,U,Approved,2012-06-01 18:11:00
2705061,12705061,2705061 Total (Diversion),Annual,1,2012,151.5,ACFT,K,Approved,2013-05-03 18:20:00
2705061,12705061,2705061 Total (Diversion),Annual,1,2013,171.41,ACFT,K,Approved,2014-04-04 09:10:00
2705061,12705061,2705061 Total (Diversion),Annual,1,2014,111.56,ACFT,K,Approved,2015-04-22 09:31:00
2705061,12705061,2705061 Total (Diversion),Annual,1,2015,67.02,ACFT,K,Approved,2016-04-08 16:11:00
2705061,12705061,2705061 Total (Diversion),Annual,1,2016,88.18,ACFT,K,Approved,2017-03-10 13:00:00
2705061,12705061,2705061 Total (Diversion),Annual,1,2017,71.9,ACFT,K,Approved,2018-05-16 15:32:00
2705061,12705061,2705061 Total (Diversion),Annual,1,2018,127.83,ACFT,K,Approved,2019-03-31 17:20:00
2705061,12705061,2705061 Total (Diversion),Annual,1,2019,50.49,ACFT,K,Approved,2020-04-01 16:31:00
2705061,12705061,2705061 Total (Diversion),Annual,1,2020,126.0,ACFT,K,Approved,2021-03-25 14:16:00
2705061,12705061,2705061 Total (Diversion),Annual,1,2021,75.0,ACFT,K,Approved,2022-03-23 09:15:00
2705061,12705061,2705061 Total (Diversion),Annual,1,2022,11.84,ACFT,K,Approved,2023-02-03 11:03:00
2705061,12705061,2705061 Total (Diversion),Annual,1,2023,53.51,ACFT,K,Approved,2024-01-06 16:09:00
2705061,12705061,2705061 Total (Diversion),Annual,1,2024,17.89,ACFT,K,Approved,2024-11-27 09:16:00
2705120,12705120,2705120 Total (Diversion),Annual,1,2009,136.2,ACFT,U,Approved,2011-05-03 12:10:00
2705120,12705120,2705120 Total (Diversion),Annual,1,2010,148.8783,ACFT,U,Approved,2013-11-26 12:55:00
2705120,12705120,2705120 Total (Diversion),Annual,1,2011,186.2666,ACFT,U,Approved,2013-11-25 19:52:00
2705120,12705120,2705120 Total (Diversion),Annual,1,2012,158.6408,ACFT,K,Approved,2013-05-03 18:20:00
2705120,12705120,2705120 Total (Diversion),Annual,1,2013,145.4333,ACFT,K,Approved,2014-04-04 09:10:00
2705120,12705120,2705120 Total (Diversion),Annual,1,2014,95.64,ACFT,K,Approved,2015-04-22 09:31:00
2705120,12705120,2705120 Total (Diversion),Annual,1,2015,112.7767,ACFT,K,Approved,2016-04-08 16:11:00
2705120,12705120,2705120 Total (Diversion),Annual,1,2016,117.9808,ACFT,K,Approved,2017-03-10 13:00:00
2705120,12705120,2705120 Total (Diversion),Annual,1,2017,118.695,ACFT,K,Approved,2018-05-16 15:32:00
2705120,12705120,2705120 Total (Diversion),Annual,1,2018,129.885,ACFT,K,Approved,2019-03-31 17:20:00
2705120,12705120,2705120 Total (Diversion),Annual,1,2019,139.3867,ACFT,K,Approved,2020-04-01 16:31:00
2705120,12705120,2705120 Total (Diversion),Annual,1,2020,56.2758,ACFT,K,Approved,2021-03-25 14:16:00
2705120,12705120,2705120 Total (Diversion),Annual,1,2021,77.7825,ACFT,K,Approved,2022-03-23 09:15:00
2705120,12705120,2705120 Total (Diversion),Annual,1,2022,76.9665,ACFT,K,Approved,2023-02-03 11:05:00
2705120,12705120,2705120 Total (Diversion),Annual,1,2023,38.567,ACFT,K,Approved,2024-10-28 15:52:00
2705120,12705120,2705120 Total (Diversion),Annual,1,2024,15.358,ACFT,K,Approved,2024-11-25 09:50:00
2705122,12705122,2705122 Total (Diversion),Annual,1,2009,186.25,ACFT,U,Approved,2010-06-29 17:51:00
2705122,12705122,2705122 Total (Diversion),Annual,1,2010,265.79,ACFT,U,Approved,2011-03-16 10:32:00
2705122,12705122,2705122 Total (Diversion),Annual,1,2011,219.91,ACFT,U,Approved,2012-06-01 18:11:00
2705122,12705122,2705122 Total (Diversion),Annual,1,2012,172.61,ACFT,K,Approved,2013-05-03 18:20:00
2705122,12705122,2705122 Total (Diversion),Annual,1,2013,57.68,ACFT,K,Approved,2014-04-04 09:10:00
2705122,12705122,2705122 Total (Diversion),Annual,1,2014,159.26,ACFT,K,Approved,2015-04-22 09:31:00
2705122,12705122,2705122 Total (Diversion),Annual,1,2015,149.5,ACFT,K,Approved,2016-04-08 16:11:00
2705122,12705122,2705122 Total (Diversion),Annual,1,2016,171.21,ACFT,K,Approved,2017-03-10 13:00:00
2705122,12705122,2705122 Total (Diversion),Annual,1,2017,195.041,ACFT,K,Approved,2018-05-16 15:32:00
2705122,12705122,2705122 Total (Diversion),Annual,1,2018,171.328,ACFT,K,Approved,2019-03-31 17:20:00
2705122,12705122,2705122 Total (Diversion),Annual,1,2019,135.131,ACFT,K,Approved,2020-04-01 16:31:00
2705122,12705122,2705122 Total (Diversion),Annual,1,2020,187.433,ACFT,K,Approved,2021-03-25 14:16:00
2705122,12705122,2705122 Total (Diversion),Annual,1,2021,98.457,ACFT,K,Approved,2022-03-23 09:15:00
2705122,12705122,2705122 Total (Diversion),Annual,1,2022,155.814,ACFT,K,Approved,2023-02-03 11:04:00
2705122,12705122,2705122 Total (Diversion),Annual,1,2023,142.548,ACFT,K,Approved,2024-01-08 12:25:00
2705122,12705122,2705122 Total (Diversion),Annual,1,2024,41.144,ACFT,K,Approved,2024-11-18 13:09:00
2705129,12705129,2705129 Total (Diversion),Annual,1,2009,162.94,ACFT,U,Approved,2010-06-29 17:51:00
2705129,12705129,2705129 Total (Diversion),Annual,1,2010,215.14,ACFT,U,Approved,2011-03-16 10:32:00
2705129,12705129,2705129 Total (Diversion),Annual,1,2011,245.44,ACFT,U,Approved,2012-06-01 18:11:00
2705129,12705129,2705129 Total (Diversion),Annual,1,2012,203.71,ACFT,K,Approved,2013-05-03 18:20:00
2705129,12705129,2705129 Total (Diversion),Annual,1,2013,175.52,ACFT,K,Approved,2014-04-04 09:10:00
2705129,12705129,2705129 Total (Diversion),Annual,1,2014,184.5,ACFT,K,Approved,2015-04-22 09:31:00
2705129,12705129,2705129 Total (Diversion),Annual,1,2015,90.0,ACFT,K,Approved,2016-04-08 16:11:00
2705129,12705129,2705129 Total (Diversion),Annual,1,2016,211.55,ACFT,K,Approved,2017-03-10 13:00:00
2705129,12705129,2705129 Total (Diversion),Annual,1,2017,131.52,ACFT,K,Approved,2018-05-16 15:32:00
2705129,12705129,2705129 Total (Diversion),Annual,1,2018,193.08,ACFT,K,Approved,2019-03-31 17:20:00
2705129,12705129,2705129 Total (Diversion),Annual,1,2019,189.48,ACFT,K,Approved,2020-04-01 16:31:00
2705129,12705129,2705129 Total (Diversion),Annual,1,2020,233.4,ACFT,K,Approved,2021-03-25 14:16:00
2705129,12705129,2705129 Total (Diversion),Annual,1,2021,163.07,ACFT,K,Approved,2022-03-23 09:15:00
2705129,12705129,2705129 Total (Diversion),Annual,1,2022,189.64,ACFT,K,Approved,2023-02-03 11:03:00
2705129,12705129,2705129 Total (Diversion),Annual,1,2023,188.43,ACFT,K,Approved,2024-01-08 12:28:00
2705129,12705129,2705129 Total (Diversion),Annual,1,2024,143.04,ACFT,K,Approved,2024-10-28 15:56:00
2705141,12705141,2705141 Total (Diversion),Annual,1,2009,0.0,ACFT,U,Approved,2010-06-29 17:51:00
2705141,12705141,2705141 Total (Diversion),Annual,1,2010,0.0,ACFT,U,Approved,2011-03-16 10:32:00
2705141,12705141,2705141 Total (Diversion),Annual,1,2011,0.0,ACFT,U,Approved,2012-06-01 18:11:00
2705141,12705141,2705141 Total (Diversion),Annual,1,2012,0.0,ACFT,K,Approved,2013-05-03 18:20:00
2705141,12705141,2705141 Total (Diversion),Annual,1,2013,0.0,ACFT,K,Approved,2014-04-04 09:10:00
2705141,12705141,2705141 Total (Diversion),Annual,1,2014,0.0,ACFT,K,Approved,2015-04-22 09:31:00
2705141,12705141,2705141 Total (Diversion),Annual,1,2015,0.0,ACFT,K,Approved,2016-04-08 16:11:00
2705141,12705141,2705141 Total (Diversion),Annual,1,2016,0.0,ACFT,K,Approved,2017-03-10 13:00:00
2705141,12705141,2705141 Total (Diversion),Annual,1,2017,0.0,ACFT,K,Approved,2018-05-16 15:32:00
2705143,12705143,2705143 Total (Diversion),Annual,1,2009,126.75,ACFT,U,Approved,2010-06-29 17:51:00
2705143,12705143,2705143 Total (Diversion),Annual,1,2010,116.3,ACFT,U,Approved,2011-03-16 10:32:00
2705143,12705143,2705143 Total (Diversion),Annual,1,2011,179.09,ACFT,U,Approved,2012-06-01 18:11:00
2705143,12705143,2705143 Total (Diversion),Annual,1,2012,108.91,ACFT,K,Approved,2013-05-03 18:20:00
2705143,12705143,2705143 Total (Diversion),Annual,1,2013,31.875,ACFT,K,Approved,2014-04-04 09:10:00
2705143,12705143,2705143 Total (Diversion),Annual,1,2014,56.88,ACFT,K,Approved,2015-04-22 09:31:00
2705143,12705143,2705143 Total (Diversion),Annual,1,2015,51.965,ACFT,K,Approved,2016-04-08 16:11:00
2705143,12705143,2705143 Total (Diversion),Annual,1,2016,78.73,ACFT,K,Approved,2017-03-10 13:00:00
2705143,12705143,2705143 Total (Diversion),Annual,1,2017,126.4,ACFT,K,Approved,2018-05-16 15:32:00
2705143,12705143,2705143 Total (Diversion),Annual,1,2018,156.95,ACFT,K,Approved,2019-03-31 17:20:00
2705143,12705143,2705143 Total (Diversion),Annual,1,2019,145.46,ACFT,K,Approved,2020-04-01 16:31:00
2705143,12705143,2705143 Total (Diversion),Annual,1,2020,159.995,ACFT,K,Approved,2021-03-25 14:16:00
2705143,12705143,2705143 Total (Diversion),Annual,1,2021,117.615,ACFT,K,Approved,2022-03-23 09:15:00
2705143,12705143,2705143 Total (Diversion),Annual,1,2022,125.05,ACFT,K,Approved,2023-02-03 11:01:00
2705143,12705143,2705143 Total (Diversion),Annual,1,2023,116.185,ACFT,K,Approved,2024-01-08 12:37:00
2705143,12705143,2705143 Total (Diversion),Annual,1,2024,91.98,ACFT,K,Approved,2024-11-27 09:28:00
2705151,12705151,2705151 Total (Diversion),Annual,1,2009,134.65,ACFT,U,Approved,2010-06-29 17:51:00
2705151,12705151,2705151 Total (Diversion),Annual,1,2010,80.95,ACFT,U,Approved,2011-03-16 10:32:00
2705151,12705151,2705151 Total (Diversion),Annual,1,2011,149.18,ACFT,U,Approved,2012-06-01 18:11:00
2705151,12705151,2705151 Total (Diversion),Annual,1,2012,90.495,ACFT,K,Approved,2013-05-03 18:20:00
2705151,12705151,2705151 Total (Diversion),Annual,1,2013,90.315,ACFT,K,Approved,2014-04-04 09:10:00
2705151,12705151,2705151 Total (Diversion),Annual,1,2014,83.81,ACFT,K,Approved,2015-04-22 09:31:00
2705151,12705151,2705151 Total (Diversion),Annual,1,2015,82.255,ACFT,K,Approved,2016-04-08 16:11:00
2705151,12705151,2705151 Total (Diversion),Annual,1,2016,78.47,ACFT,K,Approved,2017-03-10 13:00:00
2705151,12705151,2705151 Total (Diversion),Annual,1,2017,99.235,ACFT,K,Approved,2018-05-16 15:32:00
2705151,12705151,2705151 Total (Diversion),Annual,1,2018,124.875,ACFT,K,Approved,2019-03-31 17:20:00
2705151,12705151,2705151 Total (Diversion),Annual,1,2019,95.49,ACFT,K,Approved,2020-04-01 16:31:00
2705151,12705151,2705151 Total (Diversion),Annual,1,2020,80.85,ACFT,K,Approved,2021-03-25 14:16:00
2705151,12705151,2705151 Total (Diversion),Annual,1,2021,52.595,ACFT,K,Approved,2022-03-23 09:15:00
2705151,12705151,2705151 Total (Diversion),Annual,1,2022,83.98,ACFT,K,Approved,2023-02-03 11:02:00
2705151,12705151,2705151 Total (Diversion),Annual,1,2023,97.73,ACFT,K,Approved,2024-01-08 12:43:00
2705151,12705151,2705151 Total (Diversion),Annual,1,2024,80.77,ACFT,K,Approved,2024-11-22 08:41:00
2705171,12705171,2705171 Total (Diversion),Annual,1,2017,0.1343,ACFT,K,Approved,2018-05-16 15:32:00
2705171,12705171,2705171 Total (Diversion),Annual,1,2018,0.9171,ACFT,K,Approved,2019-03-31 17:20:00
2705171,12705171,2705171 Total (Diversion),Annual,1,2019,0.6242,ACFT,K,Approved,2020-04-01 16:31:00
2705171,12705171,2705171 Total (Diversion),Annual,1,2020,0.2858,ACFT,K,Approved,2021-03-25 14:16:00
2705171,12705171,2705171 Total (Diversion),Annual,1,2021,0.6979,ACFT,K,Approved,2022-11-28 07:45:00
2705171,12705171,2705171 Total (Diversion),Annual,1,2022,0.3165,ACFT,K,Approved,2023-02-03 11:05:00
2705171,12705171,2705171 Total (Diversion),Annual,1,2023,0.5162,ACFT,K,Approved,2024-01-08 13:02:00
2705171,12705171,2705171 Total (Diversion),Annual,1,2024,0.402,ACFT,K,Approved,2024-11-19 11:06:00
2705190,12705190,2705190 Total (Diversion),Annual,1,2009,249.5,ACFT,U,Approved,2010-06-29 17:51:00
2705190,12705190,2705190 Total (Diversion),Annual,1,2010,315.33,ACFT,U,Approved,2011-03-16 10:32:00
2705190,12705190,2705190 Total (Diversion),Annual,1,2011,333.58,ACFT,U,Approved,2012-06-01 18:11:00
2705190,12705190,2705190 Total (Diversion),Annual,1,2012,214.17,ACFT,K,Approved,2013-05-03 18:20:00
2705190,12705190,2705190 Total (Diversion),Annual,1,2013,178.47,ACFT,K,Approved,2014-04-04 09:10:00
2705190,12705190,2705190 Total (Diversion),Annual,1,2014,150.18,ACFT,K,Approved,2015-04-22 09:31:00
2705190,12705190,2705190 Total (Diversion),Annual,1,2015,63.1,ACFT,K,Approved,2016-04-08 16:11:00
2705190,12705190,2705190 Total (Diversion),Annual,1,2016,66.6,ACFT,K,Approved,2017-03-10 13:00:00
2705190,12705190,2705190 Total (Diversion),Annual,1,2017,61.97,ACFT,K,Approved,2018-05-16 15:32:00
2705190,12705190,2705190 Total (Diversion),Annual,1,2018,116.91,ACFT,K,Approved,2019-03-31 17:20:00
2705190,12705190,2705190 Total (Diversion),Annual,1,2019,93.04,ACFT,K,Approved,2020-04-01 16:31:00
2705190,12705190,2705190 Total (Diversion),Annual,1,2020,166.135,ACFT,K,Approved,2021-03-25 14:16:00
2705190,12705190,2705190 Total (Diversion),Annual,1,2021,103.415,ACFT,K,Approved,2022-03-23 09:15:00
2705190,12705190,2705190 Total (Diversion),Annual,1,2022,140.48,ACFT,K,Approved,2023-02-03 11:01:00
2705190,12705190,2705190 Total (Diversion),Annual,1,2023,114.13,ACFT,K,Approved,2024-01-08 13:14:00
2705190,12705190,2705190 Total (Diversion),Annual,1,2024,102.59,ACFT,K,Approved,2024-11-22 13:25:00
2705196,12705196,2705196 Total (Diversion),Annual,1,2009,135.76,ACFT,U,Approved,2010-06-29 17:51:00
2705196,12705196,2705196 Total (Diversion),Annual,1,2010,199.64,ACFT,U,Approved,2011-03-16 10:32:00
2705196,12705196,2705196 Total (Diversion),Annual,1,2011,227.73,ACFT,U,Approved,2012-06-01 18:11:00
2705196,12705196,2705196 Total (Diversion),Annual,1,2012,170.92,ACFT,K,Approved,2013-05-03 18:20:00
2705196,12705196,2705196 Total (Diversion),Annual,1,2013,78.94,ACFT,K,Approved,2014-04-04 09:10:00
2705196,12705196,2705196 Total (Diversion),Annual,1,2014,46.42,ACFT,K,Approved,2015-04-22 09:31:00
2705196,12705196,2705196 Total (Diversion),Annual,1,2015,34.91,ACFT,K,Approved,2016-04-08 16:11:00
2705196,12705196,2705196 Total (Diversion),Annual,1,2016,48.44,ACFT,K,Approved,2017-03-10 13:00:00
2705196,12705196,2705196 Total (Diversion),Annual,1,2017,9.68,ACFT,K,Approved,2018-05-16 15:32:00
2705196,12705196,2705196 Total (Diversion),Annual,1,2018,151.65,ACFT,K,Approved,2019-08-21 16:30:00
2705196,12705196,2705196 Total (Diversion),Annual,1,2019,62.18,ACFT,K,Approved,2020-04-01 16:31:00
2705196,12705196,2705196 Total (Diversion),Annual,1,2020,54.72,ACFT,K,Approved,2021-03-25 14:16:00
2705196,12705196,2705196 Total (Diversion),Annual,1,2021,50.338,ACFT,K,Approved,2022-03-23 09:15:00
2705196,12705196,2705196 Total (Diversion),Annual,1,2022,52.377,ACFT,K,Approved,2023-02-03 11:03:00
2705196,12705196,2705196 Total (Diversion),Annual,1,2023,112.041,ACFT,K,Approved,2024-01-09 13:27:00
2705196,12705196,2705196 Total (Diversion),Annual,1,2024,104.152,ACFT,K,Approved,2024-11-27 09:11:00
2705197,12705197,2705197 Total (Diversion),Annual,1,2014,158.888,ACFT,K,Approved,2015-04-22 09:31:00
2705197,12705197,2705197 Total (Diversion),Annual,1,2015,7.364,ACFT,K,Approved,2016-04-08 16:11:00
2705197,12705197,2705197 Total (Diversion),Annual,1,2016,36.575,ACFT,K,Approved,2017-03-10 13:00:00
2705197,12705197,2705197 Total (Diversion),Annual,1,2017,0.0,ACFT,K,Approved,2018-05-16 15:32:00
2705197,12705197,2705197 Total (Diversion),Annual,1,2018,69.053,ACFT,K,Approved,2019-03-31 17:20:00
2705197,12705197,2705197 Total (Diversion),Annual,1,2019,45.304,ACFT,K,Approved,2020-04-01 16:31:00
2705197,12705197,2705197 Total (Diversion),Annual,1,2020,50.792,ACFT,K,Approved,2021-03-25 14:16:00
2705197,12705197,2705197 Total (Diversion),Annual,1,2021,5.306,ACFT,K,Approved,2022-03-23 09:15:00
2705197,12705197,2705197 Total (Diversion),Annual,1,2022,12.204,ACFT,K,Approved,2023-02-03 11:05:00
2705197,12705197,2705197 Total (Diversion),Annual,1,2023,20.426,ACFT,K,Approved,2024-01-08 13:19:00
2705197,12705197,2705197 Total (Diversion),Annual,1,2024,28.032,ACFT,K,Approved,2024-12-10 13:57:00
2705218,12705218,2705218 Total (Diversion),Annual,1,2009,223.85,ACFT,U,Approved,2010-06-29 17:51:00
2705218,12705218,2705218 Total (Diversion),Annual,1,2010,114.57,ACFT,U,Approved,2011-03-16 10:32:00
2705218,12705218,2705218 Total (Diversion),Annual,1,2011,127.745,ACFT,U,Approved,2013-11-25 19:57:00
2705218,12705218,2705218 Total (Diversion),Annual,1,2012,69.52,ACFT,K,Approved,2013-05-03 18:20:00
2705218,12705218,2705218 Total (Diversion),Annual,1,2013,59.685,ACFT,K,Approved,2014-04-04 09:10:00
2705218,12705218,2705218 Total (Diversion),Annual,1,2014,64.845,ACFT,K,Approved,2015-04-22 09:31:00
2705218,12705218,2705218 Total (Diversion),Annual,1,2015,50.51,ACFT,K,Approved,2016-04-08 16:11:00
2705218,12705218,2705218 Total (Diversion),Annual,1,2016,99.785,ACFT,K,Approved,2017-03-10 13:00:00
2705218,12705218,2705218 Total (Diversion),Annual,1,2017,90.97,ACFT,K,Approved,2018-05-16 15:32:00
2705218,12705218,2705218 Total (Diversion),Annual,1,2018,150.77,ACFT,K,Approved,2019-03-31 17:20:00
2705218,12705218,2705218 Total (Diversion),Annual,1,2019,111.5,ACFT,K,Approved,2020-04-01 16:31:00
2705218,12705218,2705218 Total (Diversion),Annual,1,2020,147.07,ACFT,K,Approved,2021-03-25 14:16:00
2705218,12705218,2705218 Total (Diversion),Annual,1,2021,131.035,ACFT,K,Approved,2022-03-23 09:15:00
2705218,12705218,2705218 Total (Diversion),Annual,1,2022,106.28,ACFT,K,Approved,2023-02-03 11:01:00
2705218,12705218,2705218 Total (Diversion),Annual,1,2023,116.639,ACFT,K,Approved,2024-01-12 09:14:00
2705218,12705218,2705218 Total (Diversion),Annual,1,2024,100.803,ACFT,K,Approved,2024-11-27 09:11:00
2705311,12705311,2705311 Total (Diversion),Annual,1,2009,74.57,ACFT,U,Approved,2010-06-29 17:51:00
2705311,12705311,2705311 Total (Diversion),Annual,1,2010,93.99,ACFT,U,Approved,2011-03-16 10:32:00
2705311,12705311,2705311 Total (Diversion),Annual,1,2011,139.54,ACFT,U,Approved,2012-06-01 18:11:00
2705311,12705311,2705311 Total (Diversion),Annual,1,2012,156.58,ACFT,K,Approved,2013-05-03 18:20:00
2705311,12705311,2705311 Total (Diversion),Annual,1,2013,101.09,ACFT,K,Approved,2014-04-04 09:10:00
2705311,12705311,2705311 Total (Diversion),Annual,1,2014,120.93,ACFT,K,Approved,2015-04-22 09:31:00
2705311,12705311,2705311 Total (Diversion),Annual,1,2015,139.29,ACFT,K,Approved,2016-04-08 16:11:00
2705311,12705311,2705311 Total (Diversion),Annual,1,2016,101.04,ACFT,K,Approved,2017-03-10 13:00:00
2705311,12705311,2705311 Total (Diversion),Annual,1,2017,78.5,ACFT,K,Approved,2018-05-16 15:32:00
2705311,12705311,2705311 Total (Diversion),Annual,1,2018,208.46,ACFT,K,Approved,2019-03-31 17:20:00
2705311,12705311,2705311 Total (Diversion),Annual,1,2019,99.13,ACFT,K,Approved,2020-04-01 16:31:00
2705311,12705311,2705311 Total (Diversion),Annual,1,2020,136.53,ACFT,K,Approved,2021-03-25 14:16:00
2705311,12705311,2705311 Total (Diversion),Annual,1,2021,103.23,ACFT,K,Approved,2025-03-14 12:29:00
2705311,12705311,2705311 Total (Diversion),Annual,1,2022,179.06,ACFT,K,Approved,2025-03-14 12:30:00
2705311,12705311,2705311 Total (Diversion),Annual,1,2023,31.74,ACFT,K,Approved,2025-03-14 12:31:00
2705311,12705311,2705311 Total (Diversion),Annual,1,2024,53.92,ACFT,K,Approved,2025-03-13 16:27:00
2705312,12705312,2705312 Total (Diversion),Annual,1,2009,121.39,ACFT,U,Approved,2010-06-29 17:51:00
2705312,12705312,2705312 Total (Diversion),Annual,1,2010,137.34,ACFT,U,Approved,2011-03-16 10:32:00
2705312,12705312,2705312 Total (Diversion),Annual,1,2011,129.34,ACFT,U,Approved,2012-06-01 18:11:00
2705312,12705312,2705312 Total (Diversion),Annual,1,2012,148.33,ACFT,K,Approved,2013-05-03 18:20:00
2705312,12705312,2705312 Total (Diversion),Annual,1,2013,146.53,ACFT,K,Approved,2014-04-04 09:10:00
2705312,12705312,2705312 Total (Diversion),Annual,1,2014,150.48,ACFT,K,Approved,2018-02-12 12:25:00
2705312,12705312,2705312 Total (Diversion),Annual,1,2015,107.29,ACFT,K,Approved,2016-04-08 16:11:00
2705312,12705312,2705312 Total (Diversion),Annual,1,2016,110.54,ACFT,K,Approved,2017-03-10 13:00:00
2705312,12705312,2705312 Total (Diversion),Annual,1,2017,71.85,ACFT,K,Approved,2018-05-16 15:32:00
2705312,12705312,2705312 Total (Diversion),Annual,1,2018,170.13,ACFT,K,Approved,2019-03-31 17:20:00
2705312,12705312,2705312 Total (Diversion),Annual,1,2019,36.2,ACFT,K,Approved,2020-04-01 16:31:00
2705312,12705312,2705312 Total (Diversion),Annual,1,2020,34.94,ACFT,K,Approved,2021-03-25 14:16:00
2705312,12705312,2705312 Total (Diversion),Annual,1,2021,81.97,ACFT,K,Approved,2022-03-23 09:15:00
2705312,12705312,2705312 Total (Diversion),Annual,1,2022,133.83,ACFT,K,Approved,2023-02-03 11:02:00
2705312,12705312,2705312 Total (Diversion),Annual,1,2023,103.56,ACFT,K,Approved,2024-01-08 15:53:00
2705312,12705312,2705312 Total (Diversion),Annual,1,2024,75.66,ACFT,K,Approved,2024-11-27 09:13:00
2705313,12705313,2705313 Total (Diversion),Annual,1,2009,138.02,ACFT,U,Approved,2010-06-29 17:51:00
2705313,12705313,2705313 Total (Diversion),Annual,1,2010,228.12,ACFT,U,Approved,2011-03-16 10:32:00
2705313,12705313,2705313 Total (Diversion),Annual,1,2011,201.07,ACFT,U,Approved,2012-06-01 18:11:00
2705313,12705313,2705313 Total (Diversion),Annual,1,2012,205.77,ACFT,K,Approved,2013-05-03 18:20:00
2705313,12705313,2705313 Total (Diversion),Annual,1,2013,87.48,ACFT,K,Approved,2014-04-04 09:10:00
2705313,12705313,2705313 Total (Diversion),Annual,1,2014,119.02,ACFT,K,Approved,2015-04-22 09:31:00
2705313,12705313,2705313 Total (Diversion),Annual,1,2015,80.25,ACFT,K,Approved,2016-04-08 16:11:00
2705313,12705313,2705313 Total (Diversion),Annual,1,2016,166.12,ACFT,K,Approved,2017-03-10 13:00:00
2705313,12705313,2705313 Total (Diversion),Annual,1,2017,156.98,ACFT,K,Approved,2018-05-16 15:32:00
2705313,12705313,2705313 Total (Diversion),Annual,1,2018,214.88,ACFT,K,Approved,2019-03-31 17:20:00
2705313,12705313,2705313 Total (Diversion),Annual,1,2019,117.51,ACFT,K,Approved,2020-04-01 16:31:00
2705313,12705313,2705313 Total (Diversion),Annual,1,2020,193.18,ACFT,K,Approved,2021-03-25 14:16:00
2705313,12705313,2705313 Total (Diversion),Annual,1,2021,137.17,ACFT,K,Approved,2022-03-23 09:15:00
2705313,12705313,2705313 Total (Diversion),Annual,1,2022,212.03,ACFT,K,Approved,2023-02-03 11:03:00
2705313,12705313,2705313 Total (Diversion),Annual,1,2023,257.285,ACFT,K,Approved,2024-01-09 15:57:00
2705313,12705313,2705313 Total (Diversion),Annual,1,2024,88.245,ACFT,K,Approved,2024-12-05 11:58:00
2705323,12705323,2705323 Total (Diversion),Annual,1,2009,169.3,ACFT,U,Approved,2010-06-29 17:51:00
2705323,12705323,2705323 Total (Diversion),Annual,1,2010,0.0,ACFT,U,Approved,2011-03-16 10:32:00
2705323,12705323,2705323 Total (Diversion),Annual,1,2011,223.6,ACFT,U,Approved,2012-06-01 18:11:00
2705323,12705323,2705323 Total (Diversion),Annual,1,2012,456.13,ACFT,K,Approved,2013-05-03 18:20:00
2705323,12705323,2705323 Total (Diversion),Annual,1,2013,272.47,ACFT,K,Approved,2014-04-04 09:10:00
2705323,12705323,2705323 Total (Diversion),Annual,1,2014,26.88,ACFT,K,Approved,2015-04-22 09:31:00
2705323,12705323,2705323 Total (Diversion),Annual,1,2015,0.0,ACFT,K,Approved,2016-04-08 16:11:00
2705323,12705323,2705323 Total (Diversion),Annual,1,2016,0.17,ACFT,K,Approved,2017-03-10 13:00:00
2705323,12705323,2705323 Total (Diversion),Annual,1,2017,0.0,ACFT,K,Approved,2018-05-16 15:32:00
2705323,12705323,2705323 Total (Diversion),Annual,1,2018,435.54,ACFT,K,Approved,2019-03-31 17:20:00
2705323,12705323,2705323 Total (Diversion),Annual,1,2019,0.0,ACFT,K,Approved,2020-04-01 16:31:00
2705323,12705323,2705323 Total (Diversion),Annual,1,2020,46.92,ACFT,K,Approved,2021-03-25 14:16:00
2705323,12705323,2705323 Total (Diversion),Annual,1,2021,150.068,ACFT,K,Approved,2022-03-23 09:15:00
2705323,12705323,2705323 Total (Diversion),Annual,1,2022,265.933,ACFT,K,Approved,2023-02-03 11:04:00
2705323,12705323,2705323 Total (Diversion),Annual,1,2023,132.252,ACFT,K,Approved,2024-01-08 15:57:00
2705323,12705323,2705323 Total (Diversion),Annual,1,2024,36.284,ACFT,K,Approved,2024-12-20 09:45:00
2705330,12705330,2705330 Total (Diversion),Annual,1,2009,35.5,ACFT,U,Approved,2010-06-29 17:51:00
2705330,12705330,2705330 Total (Diversion),Annual,1,2010,13.054,ACFT,U,Approved,2013-11-26 00:04:00
2705330,12705330,2705330 Total (Diversion),Annual,1,2011,0.0,ACFT,U,Approved,2012-06-01 18:11:00
2705330,12705330,2705330 Total (Diversion),Annual,1,2012,0.075,ACFT,K,Approved,2013-05-03 18:20:00
2705330,12705330,2705330 Total (Diversion),Annual,1,2013,0.0,ACFT,K,Approved,2014-04-04 09:10:00
2705330,12705330,2705330 Total (Diversion),Annual,1,2014,0.0,ACFT,K,Approved,2015-04-22 09:31:00
2705330,12705330,2705330 Total (Diversion),Annual,1,2015,0.0,ACFT,K,Approved,2016-04-08 16:11:00
2705330,12705330,2705330 Total (Diversion),Annual,1,2016,0.0,ACFT,K,Approved,2017-03-10 13:00:00
2705330,12705330,2705330 Total (Diversion),Annual,1,2017,0.454,ACFT,K,Approved,2018-05-16 15:32:00
2705330,12705330,2705330 Total (Diversion),Annual,1,2018,12.743,ACFT,K,Approved,2019-03-31 17:20:00
2705330,12705330,2705330 Total (Diversion),Annual,1,2019,57.896,ACFT,K,Approved,2020-04-01 16:31:00
2705330,12705330,2705330 Total (Diversion),Annual,1,2020,163.23,ACFT,K,Approved,2021-03-25 14:16:00
2705330,12705330,2705330 Total (Diversion),Annual,1,2021,101.104,ACFT,K,Approved,2022-03-23 09:15:00
2705330,12705330,2705330 Total (Diversion),Annual,1,2022,131.721,ACFT,K,Approved,2023-02-03 11:02:00
2705330,12705330,2705330 Total (Diversion),Annual,1,2023,100.376,ACFT,K,Approved,2024-01-08 16:01:00
2705330,12705330,2705330 Total (Diversion),Annual,1,2024,144.956,ACFT,K,Approved,2024-11-13 09:31:00
2705330,12705330,2705330 Total (Diversion),Annual,1,2025,125.438,ACFT,K,Provisional,2025-09-30 09:46:00
2705364,12705364,2705364 Total (Diversion),Annual,1,2009,154.34,ACFT,U,Approved,2010-06-29 17:51:00
2705364,12705364,2705364 Total (Diversion),Annual,1,2010,198.75,ACFT,U,Approved,2011-03-16 10:32:00
2705364,12705364,2705364 Total (Diversion),Annual,1,2011,155.12,ACFT,U,Approved,2012-06-01 18:11:00
2705364,12705364,2705364 Total (Diversion),Annual,1,2012,155.12,ACFT,K,Approved,2013-05-03 18:20:00
2705364,12705364,2705364 Total (Diversion),Annual,1,2013,64.58,ACFT,K,Approved,2014-04-04 09:10:00
2705364,12705364,2705364 Total (Diversion),Annual,1,2014,125.55,ACFT,K,Approved,2015-04-22 09:31:00
2705364,12705364,2705364 Total (Diversion),Annual,1,2015,195.81,ACFT,K,Approved,2016-04-08 16:11:00
2705364,12705364,2705364 Total (Diversion),Annual,1,2016,110.58,ACFT,K,Approved,2017-03-10 13:00:00
2705364,12705364,2705364 Total (Diversion),Annual,1,2017,216.72,ACFT,K,Approved,2018-05-16 15:32:00
2705364,12705364,2705364 Total (Diversion),Annual,1,2018,142.5,ACFT,K,Approved,2019-03-31 17:20:00
2705364,12705364,2705364 Total (Diversion),Annual,1,2019,108.05,ACFT,K,Approved,2020-04-01 16:31:00
2705364,12705364,2705364 Total (Diversion),Annual,1,2020,247.58,ACFT,K,Approved,2021-03-25 14:16:00
2705364,12705364,2705364 Total (Diversion),Annual,1,2021,85.215,ACFT,K,Approved,2022-03-23 09:15:00
2705364,12705364,2705364 Total (Diversion),Annual,1,2022,13.443,ACFT,K,Approved,2023-02-03 11:04:00
2705364,12705364,2705364 Total (Diversion),Annual,1,2023,246.02,ACFT,K,Approved,2025-03-14 12:31:00
2705364,12705364,2705364 Total (Diversion),Annual,1,2024,115.542,ACFT,K,Approved,2025-03-13 12:23:00
2705364,12705364,2705364 Total (Diversion),Annual,1,2025,1.898,ACFT,K,Provisional,2025-05-02 15:27:00
2705366,12705366,2705366 Total (Diversion),Annual,1,2009,10.85,ACFT,U,Approved,2010-06-29 17:51:00
2705366,12705366,2705366 Total (Diversion),Annual,1,2010,104.35,ACFT,U,Approved,2011-03-16 10:32:00
2705366,12705366,2705366 Total (Diversion),Annual,1,2011,103.39,ACFT,U,Approved,2012-06-01 18:11:00
2705366,12705366,2705366 Total (Diversion),Annual,1,2012,274.27,ACFT,K,Approved,2013-05-03 18:20:00
2705366,12705366,2705366 Total (Diversion),Annual,1,2013,283.61,ACFT,K,Approved,2014-04-04 09:10:00
2705366,12705366,2705366 Total (Diversion),Annual,1,2014,195.03,ACFT,K,Approved,2015-04-22 09:31:00
2705366,12705366,2705366 Total (Diversion),Annual,1,2015,169.27,ACFT,K,Approved,2016-04-08 16:11:00
2705366,12705366,2705366 Total (Diversion),Annual,1,2016,95.9,ACFT,K,Approved,2017-03-10 13:00:00
2705366,12705366,2705366 Total (Diversion),Annual,1,2017,52.55,ACFT,K,Approved,2018-05-16 15:32:00
2705366,12705366,2705366 Total (Diversion),Annual,1,2018,270.92,ACFT,K,Approved,2019-03-31 17:20:00
2705366,12705366,2705366 Total (Diversion),Annual,1,2019,147.01,ACFT,K,Approved,2020-04-01 16:31:00
2705366,12705366,2705366 Total (Diversion),Annual,1,2020,324.08,ACFT,K,Approved,2021-03-25 14:16:00
2705366,12705366,2705366 Total (Diversion),Annual,1,2021,106.469,ACFT,K,Approved,2025-03-14 12:29:00
2705366,12705366,2705366 Total (Diversion),Annual,1,2022,14.91,ACFT,K,Approved,2025-03-14 12:30:00
2705366,12705366,2705366 Total (Diversion),Annual,1,2023,168.08,ACFT,K,Approved,2025-03-14 12:31:00
2705366,12705366,2705366 Total (Diversion),Annual,1,2024,145.47,ACFT,K,Approved,2024-11-27 09:13:00
2705367,12705367,2705367 Total (Diversion),Annual,1,2009,65.2,ACFT,U,Approved,2010-06-29 17:51:00
2705367,12705367,2705367 Total (Diversion),Annual,1,2010,59.03,ACFT,U,Approved,2011-03-16 10:32:00
2705367,12705367,2705367 Total (Diversion),Annual,1,2011,30.23,ACFT,U,Approved,2012-06-01 18:11:00
2705367,12705367,2705367 Total (Diversion),Annual,1,2012,35.81,ACFT,K,Approved,2013-05-03 18:20:00
2705367,12705367,2705367 Total (Diversion),Annual,1,2013,33.16,ACFT,K,Approved,2014-04-04 09:10:00
2705367,12705367,2705367 Total (Diversion),Annual,1,2014,13.15,ACFT,K,Approved,2015-04-22 09:31:00
2705367,12705367,2705367 Total (Diversion),Annual,1,2015,7.88,ACFT,K,Approved,2016-04-08 16:11:00
2705367,12705367,2705367 Total (Diversion),Annual,1,2016,40.69,ACFT,K,Approved,2017-03-10 13:00:00
2705367,12705367,2705367 Total (Diversion),Annual,1,2017,52.18,ACFT,K,Approved,2018-05-16 15:32:00
2705367,12705367,2705367 Total (Diversion),Annual,1,2018,25.44,ACFT,K,Approved,2019-03-31 17:20:00
2705367,12705367,2705367 Total (Diversion),Annual,1,2019,46.9,ACFT,K,Approved,2020-04-01 16:31:00
2705367,12705367,2705367 Total (Diversion),Annual,1,2020,48.04,ACFT,K,Approved,2021-03-25 14:16:00
2705367,12705367,2705367 Total (Diversion),Annual,1,2021,26.45,ACFT,K,Approved,2022-03-23 09:15:00
2705367,12705367,2705367 Total (Diversion),Annual,1,2022,77.52,ACFT,K,Approved,2023-02-03 11:03:00
2705367,12705367,2705367 Total (Diversion),Annual,1,2023,47.54,ACFT,K,Approved,2024-01-08 16:36:00
2705367,12705367,2705367 Total (Diversion),Annual,1,2024,50.57,ACFT,K,Approved,2024-11-27 09:28:00
2705368,12705368,2705368 Total (Diversion),Annual,1,2009,165.73,ACFT,U,Approved,2010-06-29 17:51:00
2705368,12705368,2705368 Total (Diversion),Annual,1,2010,126.44,ACFT,U,Approved,2011-03-16 10:32:00
2705368,12705368,2705368 Total (Diversion),Annual,1,2011,125.12,ACFT,U,Approved,2012-06-01 18:11:00
2705368,12705368,2705368 Total (Diversion),Annual,1,2012,117.97,ACFT,K,Approved,2013-05-03 18:20:00
2705368,12705368,2705368 Total (Diversion),Annual,1,2013,103.47,ACFT,K,Approved,2014-04-04 09:10:00
2705368,12705368,2705368 Total (Diversion),Annual,1,2014,42.87,ACFT,K,Approved,2015-04-22 09:31:00
2705368,12705368,2705368 Total (Diversion),Annual,1,2015,50.25,ACFT,K,Approved,2016-04-08 16:11:00
2705368,12705368,2705368 Total (Diversion),Annual,1,2016,87.22,ACFT,K,Approved,2017-03-10 13:00:00
2705368,12705368,2705368 Total (Diversion),Annual,1,2017,154.98,ACFT,K,Approved,2018-05-16 15:32:00
2705368,12705368,2705368 Total (Diversion),Annual,1,2018,256.51,ACFT,K,Approved,2019-03-31 17:20:00
2705368,12705368,2705368 Total (Diversion),Annual,1,2019,103.4,ACFT,K,Approved,2020-04-01 16:31:00
2705368,12705368,2705368 Total (Diversion),Annual,1,2020,192.49,ACFT,K,Approved,2021-03-25 14:16:00
2705368,12705368,2705368 Total (Diversion),Annual,1,2021,118.41,ACFT,K,Approved,2022-03-23 09:15:00
2705368,12705368,2705368 Total (Diversion),Annual,1,2022,126.19,ACFT,K,Approved,2023-02-03 11:01:00
2705368,12705368,2705368 Total (Diversion),Annual,1,2023,33.77,ACFT,K,Approved,2024-01-08 16:37:00
2705368,12705368,2705368 Total (Diversion),Annual,1,2024,26.61,ACFT,K,Approved,2024-11-27 09:13:00
2705398,12705398,2705398 Total (Diversion),Annual,1,2013,90.845,ACFT,K,Approved,2014-04-04 09:10:00
2705398,12705398,2705398 Total (Diversion),Annual,1,2014,96.625,ACFT,K,Approved,2015-04-22 09:31:00
2705398,12705398,2705398 Total (Diversion),Annual,1,2015,83.29,ACFT,K,Approved,2016-04-08 16:11:00
2705398,12705398,2705398 Total (Diversion),Annual,1,2016,115.875,ACFT,K,Approved,2017-03-10 13:00:00
2705398,12705398,2705398 Total (Diversion),Annual,1,2017,150.14,ACFT,K,Approved,2018-05-16 15:32:00
2705398,12705398,2705398 Total (Diversion),Annual,1,2018,2.725,ACFT,K,Approved,2019-03-31 17:20:00
2705398,12705398,2705398 Total (Diversion),Annual,1,2019,96.755,ACFT,K,Approved,2020-04-01 16:31:00
2705398,12705398,2705398 Total (Diversion),Annual,1,2020,64.975,ACFT,K,Approved,2021-03-25 14:16:00
2705398,12705398,2705398 Total (Diversion),Annual,1,2021,71.18,ACFT,K,Approved,2022-03-23 09:15:00
2705398,12705398,2705398 Total (Diversion),Annual,1,2022,96.395,ACFT,K,Approved,2023-02-03 11:03:00
2705398,12705398,2705398 Total (Diversion),Annual,1,2023,39.125,ACFT,K,Approved,2024-01-08 17:13:00
2705398,12705398,2705398 Total (Diversion),Annual,1,2024,86.65,ACFT,K,Approved,2024-12-05 11:58:00
2705399,12705399,2705399 Total (Diversion),Annual,1,2009,197.51,ACFT,U,Approved,2010-06-29 17:51:00
2705399,12705399,2705399 Total (Diversion),Annual,1,2010,182.32,ACFT,U,Approved,2011-03-16 10:32:00
2705399,12705399,2705399 Total (Diversion),Annual,1,2011,210.93,ACFT,U,Approved,2012-06-01 18:11:00
2705399,12705399,2705399 Total (Diversion),Annual,1,2012,169.91,ACFT,K,Approved,2013-05-03 18:20:00
2705399,12705399,2705399 Total (Diversion),Annual,1,2013,100.065,ACFT,K,Approved,2014-04-04 09:10:00
2705399,12705399,2705399 Total (Diversion),Annual,1,2014,96.625,ACFT,K,Approved,2015-04-22 09:31:00
2705399,12705399,2705399 Total (Diversion),Annual,1,2015,83.29,ACFT,K,Approved,2016-04-08 16:11:00
2705399,12705399,2705399 Total (Diversion),Annual,1,2016,115.875,ACFT,K,Approved,2017-03-10 13:00:00
2705399,12705399,2705399 Total (Diversion),Annual,1,2017,150.14,ACFT,K,Approved,2018-05-16 15:32:00
2705399,12705399,2705399 Total (Diversion),Annual,1,2018,2.725,ACFT,K,Approved,2019-03-31 17:20:00
2705399,12705399,2705399 Total (Diversion),Annual,1,2019,96.755,ACFT,K,Approved,2020-04-01 16:31:00
2705399,12705399,2705399 Total (Diversion),Annual,1,2020,64.975,ACFT,K,Approved,2021-03-25 14:16:00
2705399,12705399,2705399 Total (Diversion),Annual,1,2021,71.18,ACFT,K,Approved,2022-03-23 09:15:00
2705399,12705399,2705399 Total (Diversion),Annual,1,2022,96.395,ACFT,K,Approved,2023-02-03 11:03:00
2705399,12705399,2705399 Total (Diversion),Annual,1,2023,39.125,ACFT,K,Approved,2024-01-08 17:13:00
2705399,12705399,2705399 Total (Diversion),Annual,1,2024,86.65,ACFT,K,Approved,2024-12-05 11:58:00
2705402,12705402,2705402 Total (Diversion),Annual,1,2009,84.77,ACFT,U,Approved,2010-06-29 17:51:00
2705402,12705402,2705402 Total (Diversion),Annual,1,2010,153.485,ACFT,U,Approved,2013-11-26 13:02:00
2705402,12705402,2705402 Total (Diversion),Annual,1,2011,111.915,ACFT,U,Approved,2013-11-25 20:05:00
2705402,12705402,2705402 Total (Diversion),Annual,1,2012,125.17,ACFT,K,Approved,2013-05-03 18:20:00
2705402,12705402,2705402 Total (Diversion),Annual,1,2013,69.96,ACFT,K,Approved,2014-04-04 09:10:00
2705402,12705402,2705402 Total (Diversion),Annual,1,2014,96.75,ACFT,K,Approved,2015-04-22 09:31:00
2705402,12705402,2705402 Total (Diversion),Annual,1,2015,82.765,ACFT,K,Approved,2016-04-08 16:11:00
2705402,12705402,2705402 Total (Diversion),Annual,1,2016,103.39,ACFT,K,Approved,2017-03-10 13:00:00
2705402,12705402,2705402 Total (Diversion),Annual,1,2017,79.055,ACFT,K,Approved,2018-05-16 15:32:00
2705402,12705402,2705402 Total (Diversion),Annual,1,2018,105.795,ACFT,K,Approved,2019-03-31 17:20:00
2705402,12705402,2705402 Total (Diversion),Annual,1,2019,140.105,ACFT,K,Approved,2020-04-01 16:31:00
2705402,12705402,2705402 Total (Diversion),Annual,1,2020,105.575,ACFT,K,Approved,2021-03-25 14:16:00
2705402,12705402,2705402 Total (Diversion),Annual,1,2021,76.43,ACFT,K,Approved,2022-03-23 09:15:00
2705402,12705402,2705402 Total (Diversion),Annual,1,2022,125.3,ACFT,K,Approved,2023-02-03 11:02:00
2705402,12705402,2705402 Total (Diversion),Annual,1,2023,122.305,ACFT,K,Approved,2024-01-08 17:18:00
2705402,12705402,2705402 Total (Diversion),Annual,1,2024,80.42,ACFT,K,Approved,2024-11-22 13:24:00
2705415,12705415,2705415 Total (Diversion),Annual,1,2009,143.69,ACFT,U,Approved,2010-06-29 17:51:00
2705415,12705415,2705415 Total (Diversion),Annual,1,2010,136.54,ACFT,U,Approved,2011-03-16 10:32:00
2705415,12705415,2705415 Total (Diversion),Annual,1,2011,156.395,ACFT,U,Approved,2013-11-25 20:07:00
2705415,12705415,2705415 Total (Diversion),Annual,1,2012,70.205,ACFT,K,Approved,2013-05-03 18:20:00
2705415,12705415,2705415 Total (Diversion),Annual,1,2013,54.165,ACFT,K,Approved,2014-04-04 09:10:00
2705415,12705415,2705415 Total (Diversion),Annual,1,2014,73.645,ACFT,K,Approved,2015-04-22 09:31:00
2705415,12705415,2705415 Total (Diversion),Annual,1,2015,38.18,ACFT,K,Approved,2016-04-08 16:11:00
2705415,12705415,2705415 Total (Diversion),Annual,1,2016,66.875,ACFT,K,Approved,2017-03-10 13:00:00
2705415,12705415,2705415 Total (Diversion),Annual,1,2017,71.77,ACFT,K,Approved,2018-05-16 15:32:00
2705415,12705415,2705415 Total (Diversion),Annual,1,2018,120.385,ACFT,K,Approved,2019-03-31 17:20:00
2705415,12705415,2705415 Total (Diversion),Annual,1,2019,93.185,ACFT,K,Approved,2020-04-01 16:31:00
2705415,12705415,2705415 Total (Diversion),Annual,1,2020,95.84,ACFT,K,Approved,2021-03-25 14:16:00
2705415,12705415,2705415 Total (Diversion),Annual,1,2021,74.185,ACFT,K,Approved,2022-03-23 09:15:00
2705415,12705415,2705415 Total (Diversion),Annual,1,2022,0.0,ACFT,K,Approved,2023-02-03 11:01:00
2705415,12705415,2705415 Total (Diversion),Annual,1,2023,0.055,ACFT,K,Approved,2024-01-08 17:22:00
2705415,12705415,2705415 Total (Diversion),Annual,1,2024,0.0,ACFT,K,Approved,2024-11-27 09:26:00
2705422,12705422,2705422 Total (Diversion),Annual,1,2009,77.08,ACFT,U,Approved,2010-06-29 17:51:00
2705422,12705422,2705422 Total (Diversion),Annual,1,2010,109.69,ACFT,U,Approved,2011-03-16 10:32:00
2705422,12705422,2705422 Total (Diversion),Annual,1,2011,99.46,ACFT,U,Approved,2012-06-01 18:11:00
2705422,12705422,2705422 Total (Diversion),Annual,1,2012,0.0,ACFT,K,Approved,2018-02-14 15:25:00
2705422,12705422,2705422 Total (Diversion),Annual,1,2013,0.001,ACFT,K,Approved,2014-04-04 09:10:00
2705422,12705422,2705422 Total (Diversion),Annual,1,2014,0.0,ACFT,K,Approved,2015-04-22 09:31:00
2705422,12705422,2705422 Total (Diversion),Annual,1,2015,0.0,ACFT,K,Approved,2016-04-08 16:11:00
2705422,12705422,2705422 Total (Diversion),Annual,1,2016,0.0,ACFT,K,Approved,2017-03-10 13:00:00
2705422,12705422,2705422 Total (Diversion),Annual,1,2017,0.0,ACFT,K,Approved,2018-05-16 15:32:00
2705422,12705422,2705422 Total (Diversion),Annual,1,2018,0.0,ACFT,K,Approved,2024-10-18 12:49:00
2705422,12705422,2705422 Total (Diversion),Annual,1,2019,0.0,ACFT,K,Approved,2024-10-18 12:47:00
2705422,12705422,2705422 Total (Diversion),Annual,1,2020,14.694,ACFT,K,Approved,2024-10-18 12:45:00
2705422,12705422,2705422 Total (Diversion),Annual,1,2021,114.43,ACFT,K,Approved,2024-10-18 13:01:00
2705422,12705422,2705422 Total (Diversion),Annual,1,2022,64.625,ACFT,K,Approved,2024-10-18 13:05:00
2705422,12705422,2705422 Total (Diversion),Annual,1,2023,127.39,ACFT,K,Approved,2024-01-08 17:25:00
2705422,12705422,2705422 Total (Diversion),Annual,1,2024,50.29,ACFT,K,Approved,2024-12-16 14:42:00
2705422,12705422,2705422 Total (Diversion),Annual,1,2025,0.05,ACFT,K,Provisional,2025-05-14 14:54:00
2705425,12705425,2705425 Total (Diversion),Annual,1,2025,0.0,ACFT,K,Provisional,2025-04-24 15:01:00
2705426,12705426,2705426 Total (Diversion),Annual,1,2009,195.52,ACFT,U,Approved,2010-06-29 17:51:00
2705426,12705426,2705426 Total (Diversion),Annual,1,2010,247.7,ACFT,U,Approved,2011-03-16 10:32:00
2705426,12705426,2705426 Total (Diversion),Annual,1,2011,243.66,ACFT,U,Approved,2012-06-01 18:11:00
2705426,12705426,2705426 Total (Diversion),Annual,1,2012,254.85,ACFT,K,Approved,2013-05-03 18:20:00
2705426,12705426,2705426 Total (Diversion),Annual,1,2013,140.64,ACFT,K,Approved,2014-04-04 09:10:00
2705426,12705426,2705426 Total (Diversion),Annual,1,2014,216.18,ACFT,K,Approved,2018-01-31 16:05:00
2705426,12705426,2705426 Total (Diversion),Annual,1,2015,151.81,ACFT,K,Approved,2016-04-08 16:11:00
2705426,12705426,2705426 Total (Diversion),Annual,1,2016,354.35,ACFT,K,Approved,2017-03-10 13:00:00
2705426,12705426,2705426 Total (Diversion),Annual,1,2017,278.03,ACFT,K,Approved,2018-05-16 15:32:00
2705426,12705426,2705426 Total (Diversion),Annual,1,2018,234.54,ACFT,K,Approved,2019-03-31 17:20:00
2705426,12705426,2705426 Total (Diversion),Annual,1,2019,206.81,ACFT,K,Approved,2020-04-01 16:31:00
2705426,12705426,2705426 Total (Diversion),Annual,1,2020,250.95,ACFT,K,Approved,2021-03-25 14:16:00
2705426,12705426,2705426 Total (Diversion),Annual,1,2021,216.89,ACFT,K,Approved,2022-03-23 09:15:00
2705426,12705426,2705426 Total (Diversion),Annual,1,2022,201.37,ACFT,K,Approved,2023-02-03 11:01:00
2705426,12705426,2705426 Total (Diversion),Annual,1,2023,220.508,ACFT,K,Approved,2024-01-09 13:55:00
2705426,12705426,2705426 Total (Diversion),Annual,1,2024,177.058,ACFT,K,Approved,2024-12-05 11:58:00
2705427,12705427,2705427 Total (Diversion),Annual,1,2009,123.15,ACFT,U,Approved,2010-06-29 17:51:00
2705427,12705427,2705427 Total (Diversion),Annual,1,2010,136.7,ACFT,U,Approved,2011-03-16 10:32:00
2705427,12705427,2705427 Total (Diversion),Annual,1,2011,155.725,ACFT,U,Approved,2013-11-25 20:07:00
2705427,12705427,2705427 Total (Diversion),Annual,1,2012,75.265,ACFT,K,Approved,2013-05-03 18:20:00
2705427,12705427,2705427 Total (Diversion),Annual,1,2013,57.625,ACFT,K,Approved,2014-04-04 09:10:00
2705427,12705427,2705427 Total (Diversion),Annual,1,2014,76.015,ACFT,K,Approved,2015-04-22 09:31:00
2705427,12705427,2705427 Total (Diversion),Annual,1,2015,37.21,ACFT,K,Approved,2016-04-08 16:11:00
2705427,12705427,2705427 Total (Diversion),Annual,1,2016,71.16,ACFT,K,Approved,2017-03-10 13:00:00
2705427,12705427,2705427 Total (Diversion),Annual,1,2017,69.365,ACFT,K,Approved,2018-05-16 15:32:00
2705427,12705427,2705427 Total (Diversion),Annual,1,2018,117.705,ACFT,K,Approved,2019-03-31 17:20:00
2705427,12705427,2705427 Total (Diversion),Annual,1,2019,101.815,ACFT,K,Approved,2020-04-01 16:31:00
2705427,12705427,2705427 Total (Diversion),Annual,1,2020,99.23,ACFT,K,Approved,2021-03-25 14:16:00
2705427,12705427,2705427 Total (Diversion),Annual,1,2021,84.375,ACFT,K,Approved,2022-03-23 09:15:00
2705427,12705427,2705427 Total (Diversion),Annual,1,2022,0.0,ACFT,K,Approved,2023-02-03 11:01:00
2705427,12705427,2705427 Total (Diversion),Annual,1,2023,0.04,ACFT,K,Approved,2024-01-08 17:26:00
2705427,12705427,2705427 Total (Diversion),Annual,1,2024,0.0,ACFT,K,Approved,2024-11-27 09:15:00
2705442,12705442,2705442 Total (Diversion),Annual,1,2015,59.03,ACFT,K,Approved,2016-04-08 16:11:00
2705442,12705442,2705442 Total (Diversion),Annual,1,2016,66.6,ACFT,K,Approved,2017-03-10 13:00:00
2705442,12705442,2705442 Total (Diversion),Annual,1,2017,61.97,ACFT,K,Approved,2018-05-16 15:32:00
2705442,12705442,2705442 Total (Diversion),Annual,1,2018,116.91,ACFT,K,Approved,2019-03-31 17:20:00
2705442,12705442,2705442 Total (Diversion),Annual,1,2019,93.04,ACFT,K,Approved,2020-04-01 16:31:00
2705442,12705442,2705442 Total (Diversion),Annual,1,2020,166.135,ACFT,K,Approved,2021-03-25 14:16:00
2705442,12705442,2705442 Total (Diversion),Annual,1,2021,103.415,ACFT,K,Approved,2022-03-23 09:15:00
2705442,12705442,2705442 Total (Diversion),Annual,1,2022,140.48,ACFT,K,Approved,2023-02-03 11:01:00
2705442,12705442,2705442 Total (Diversion),Annual,1,2023,114.13,ACFT,K,Approved,2024-01-08 13:14:00
2705442,12705442,2705442 Total (Diversion),Annual,1,2024,102.59,ACFT,K,Approved,2024-11-22 13:25:00
2705443,12705443,2705443 Total (Diversion),Annual,1,2009,216.37,ACFT,U,Approved,2010-06-29 17:51:00
2705443,12705443,2705443 Total (Diversion),Annual,1,2010,240.44,ACFT,U,Approved,2011-03-16 10:32:00
2705443,12705443,2705443 Total (Diversion),Annual,1,2011,303.73,ACFT,U,Approved,2012-06-01 18:11:00
2705443,12705443,2705443 Total (Diversion),Annual,1,2012,227.29,ACFT,K,Approved,2013-05-03 18:20:00
2705443,12705443,2705443 Total (Diversion),Annual,1,2013,210.81,ACFT,K,Approved,2014-04-04 09:10:00
2705443,12705443,2705443 Total (Diversion),Annual,1,2014,185.67,ACFT,K,Approved,2015-04-22 09:31:00
2705443,12705443,2705443 Total (Diversion),Annual,1,2015,60.185,ACFT,K,Approved,2016-04-08 16:11:00
2705443,12705443,2705443 Total (Diversion),Annual,1,2016,97.53,ACFT,K,Approved,2017-03-10 13:00:00
2705443,12705443,2705443 Total (Diversion),Annual,1,2017,124.015,ACFT,K,Approved,2018-05-16 15:32:00
2705443,12705443,2705443 Total (Diversion),Annual,1,2018,83.435,ACFT,K,Approved,2019-03-31 17:20:00
2705443,12705443,2705443 Total (Diversion),Annual,1,2019,102.48,ACFT,K,Approved,2020-04-01 16:31:00
2705443,12705443,2705443 Total (Diversion),Annual,1,2020,130.775,ACFT,K,Approved,2021-03-25 14:16:00
2705443,12705443,2705443 Total (Diversion),Annual,1,2021,98.675,ACFT,K,Approved,2022-03-23 09:15:00
2705443,12705443,2705443 Total (Diversion),Annual,1,2022,107.7,ACFT,K,Approved,2023-02-03 11:01:00
2705443,12705443,2705443 Total (Diversion),Annual,1,2023,110.255,ACFT,K,Approved,2024-01-08 17:33:00
2705443,12705443,2705443 Total (Diversion),Annual,1,2024,92.795,ACFT,K,Approved,2024-11-22 13:25:00
2705444,12705444,2705444 Total (Diversion),Annual,1,2009,104.97,ACFT,U,Approved,2010-06-29 17:51:00
2705444,12705444,2705444 Total (Diversion),Annual,1,2010,115.97,ACFT,U,Approved,2011-03-16 10:32:00
2705444,12705444,2705444 Total (Diversion),Annual,1,2011,149.3,ACFT,U,Approved,2012-06-01 18:11:00
2705444,12705444,2705444 Total (Diversion),Annual,1,2012,114.79,ACFT,K,Approved,2013-05-03 18:20:00
2705444,12705444,2705444 Total (Diversion),Annual,1,2013,110.24,ACFT,K,Approved,2014-04-04 09:10:00
2705444,12705444,2705444 Total (Diversion),Annual,1,2014,98.935,ACFT,K,Approved,2015-04-22 09:31:00
2705444,12705444,2705444 Total (Diversion),Annual,1,2015,93.215,ACFT,K,Approved,2016-04-08 16:11:00
2705444,12705444,2705444 Total (Diversion),Annual,1,2016,96.21,ACFT,K,Approved,2017-03-10 13:00:00
2705444,12705444,2705444 Total (Diversion),Annual,1,2017,35.905,ACFT,K,Approved,2018-05-16 15:32:00
2705444,12705444,2705444 Total (Diversion),Annual,1,2018,120.46,ACFT,K,Approved,2019-03-31 17:20:00
2705444,12705444,2705444 Total (Diversion),Annual,1,2019,99.93,ACFT,K,Approved,2020-04-01 16:31:00
2705444,12705444,2705444 Total (Diversion),Annual,1,2020,117.515,ACFT,K,Approved,2021-03-25 14:16:00
2705444,12705444,2705444 Total (Diversion),Annual,1,2021,63.59,ACFT,K,Approved,2022-03-23 09:15:00
2705444,12705444,2705444 Total (Diversion),Annual,1,2022,81.0,ACFT,K,Approved,2023-02-03 11:02:00
2705444,12705444,2705444 Total (Diversion),Annual,1,2023,104.9225,ACFT,K,Approved,2024-01-09 13:58:00
2705444,12705444,2705444 Total (Diversion),Annual,1,2024,65.374,ACFT,K,Approved,2024-11-22 13:25:00
2705445,12705445,2705445 Total (Diversion),Annual,1,2009,8.63,ACFT,U,Approved,2010-06-29 17:51:00
2705445,12705445,2705445 Total (Diversion),Annual,1,2010,15.32,ACFT,U,Approved,2011-03-16 10:32:00
2705445,12705445,2705445 Total (Diversion),Annual,1,2011,16.42,ACFT,U,Approved,2012-06-01 18:11:00
2705445,12705445,2705445 Total (Diversion),Annual,1,2012,24.78,ACFT,K,Approved,2013-05-03 18:20:00
2705445,12705445,2705445 Total (Diversion),Annual,1,2013,6.81,ACFT,K,Approved,2014-04-04 09:10:00
2705445,12705445,2705445 Total (Diversion),Annual,1,2014,13.86,ACFT,K,Approved,2015-04-22 09:31:00
2705445,12705445,2705445 Total (Diversion),Annual,1,2015,13.58,ACFT,K,Approved,2016-04-08 16:11:00
2705445,12705445,2705445 Total (Diversion),Annual,1,2016,9.12,ACFT,K,Approved,2017-03-10 13:00:00
2705445,12705445,2705445 Total (Diversion),Annual,1,2017,8.04,ACFT,K,Approved,2018-05-16 15:32:00
2705445,12705445,2705445 Total (Diversion),Annual,1,2018,6.01,ACFT,K,Approved,2019-03-31 17:20:00
2705445,12705445,2705445 Total (Diversion),Annual,1,2019,0.56,ACFT,K,Approved,2020-04-01 16:31:00
2705445,12705445,2705445 Total (Diversion),Annual,1,2020,10.5,ACFT,K,Approved,2021-03-25 14:16:00
2705445,12705445,2705445 Total (Diversion),Annual,1,2021,0.73,ACFT,K,Approved,2022-03-23 09:15:00
2705445,12705445,2705445 Total (Diversion),Annual,1,2022,3.52,ACFT,K,Approved,2023-02-03 11:01:00
2705445,12705445,2705445 Total (Diversion),Annual,1,2023,0.07,ACFT,K,Approved,2024-01-08 17:33:00
2705445,12705445,2705445 Total (Diversion),Annual,1,2024,9.0,ACFT,K,Approved,2024-11-25 09:50:00
2705539,12705539,2705539 Total (Diversion),Annual,1,2009,94.53,ACFT,U,Approved,2010-06-29 17:51:00
2705539,12705539,2705539 Total (Diversion),Annual,1,2010,123.525,ACFT,U,Approved,2013-11-26 00:09:00
2705539,12705539,2705539 Total (Diversion),Annual,1,2011,111.41,ACFT,U,Approved,2012-06-01 18:11:00
2705539,12705539,2705539 Total (Diversion),Annual,1,2012,103.51,ACFT,K,Approved,2013-05-03 18:20:00
2705539,12705539,2705539 Total (Diversion),Annual,1,2013,86.045,ACFT,K,Approved,2014-04-04 09:10:00
2705539,12705539,2705539 Total (Diversion),Annual,1,2014,86.63,ACFT,K,Approved,2015-04-22 09:31:00
2705539,12705539,2705539 Total (Diversion),Annual,1,2015,33.555,ACFT,K,Approved,2016-04-08 16:11:00
2705539,12705539,2705539 Total (Diversion),Annual,1,2016,106.03,ACFT,K,Approved,2017-03-10 13:00:00
2705539,12705539,2705539 Total (Diversion),Annual,1,2017,106.14,ACFT,K,Approved,2018-05-16 15:32:00
2705539,12705539,2705539 Total (Diversion),Annual,1,2018,106.36,ACFT,K,Approved,2019-03-31 17:20:00
2705539,12705539,2705539 Total (Diversion),Annual,1,2019,100.43,ACFT,K,Approved,2020-04-01 16:31:00
2705539,12705539,2705539 Total (Diversion),Annual,1,2020,101.085,ACFT,K,Approved,2021-03-25 14:16:00
2705539,12705539,2705539 Total (Diversion),Annual,1,2021,93.72,ACFT,K,Approved,2022-03-23 09:15:00
2705539,12705539,2705539 Total (Diversion),Annual,1,2022,79.97,ACFT,K,Approved,2023-02-03 11:01:00
2705539,12705539,2705539 Total (Diversion),Annual,1,2023,107.815,ACFT,K,Approved,2024-01-09 09:54:00
2705539,12705539,2705539 Total (Diversion),Annual,1,2024,83.315,ACFT,K,Approved,2024-11-18 13:09:00
2705669,12705669,2705669 Total (Diversion),Annual,1,2015,60.185,ACFT,K,Approved,2016-04-08 16:11:00
2705669,12705669,2705669 Total (Diversion),Annual,1,2016,97.53,ACFT,K,Approved,2017-03-10 13:00:00
2705669,12705669,2705669 Total (Diversion),Annual,1,2017,124.015,ACFT,K,Approved,2018-05-16 15:32:00
2705669,12705669,2705669 Total (Diversion),Annual,1,2018,83.435,ACFT,K,Approved,2019-03-31 17:20:00
2705669,12705669,2705669 Total (Diversion),Annual,1,2019,102.48,ACFT,K,Approved,2020-04-01 16:31:00
2705669,12705669,2705669 Total (Diversion),Annual,1,2020,130.775,ACFT,K,Approved,2021-03-25 14:16:00
2705669,12705669,2705669 Total (Diversion),Annual,1,2021,98.675,ACFT,K,Approved,2022-03-23 09:15:00
2705669,12705669,2705669 Total (Diversion),Annual,1,2022,107.7,ACFT,K,Approved,2023-02-03 11:01:00
2705669,12705669,2705669 Total (Diversion),Annual,1,2023,110.255,ACFT,K,Approved,2024-01-08 17:33:00
2705669,12705669,2705669 Total (Diversion),Annual,1,2024,92.795,ACFT,K,Approved,2024-11-22 13:25:00
2705670,12705670,2705670 Total (Diversion),Annual,1,2009,76.77,ACFT,U,Approved,2010-06-29 17:51:00
2705670,12705670,2705670 Total (Diversion),Annual,1,2010,113.9,ACFT,U,Approved,2011-03-16 10:32:00
2705670,12705670,2705670 Total (Diversion),Annual,1,2011,125.99,ACFT,K,Approved,2015-02-06 17:04:00
2705670,12705670,2705670 Total (Diversion),Annual,1,2012,92.91,ACFT,K,Approved,2013-05-03 18:20:00
2705670,12705670,2705670 Total (Diversion),Annual,1,2013,63.93,ACFT,K,Approved,2014-04-04 09:10:00
2705670,12705670,2705670 Total (Diversion),Annual,1,2014,3.36,ACFT,K,Approved,2015-04-22 09:31:00
2705670,12705670,2705670 Total (Diversion),Annual,1,2015,8.41,ACFT,K,Approved,2016-04-08 16:11:00
2705670,12705670,2705670 Total (Diversion),Annual,1,2016,0.0,ACFT,K,Approved,2017-03-10 13:00:00
2705670,12705670,2705670 Total (Diversion),Annual,1,2017,0.0,ACFT,K,Approved,2018-05-16 15:32:00
2705670,12705670,2705670 Total (Diversion),Annual,1,2018,0.0,ACFT,K,Approved,2019-03-31 17:20:00
2705670,12705670,2705670 Total (Diversion),Annual,1,2019,0.0,ACFT,K,Approved,2020-04-01 16:31:00
2705670,12705670,2705670 Total (Diversion),Annual,1,2021,0.0,ACFT,K,Approved,2022-03-23 09:15:00
2705670,12705670,2705670 Total (Diversion),Annual,1,2022,0.0,ACFT,K,Approved,2023-02-03 11:02:00
2705670,12705670,2705670 Total (Diversion),Annual,1,2023,0.0,ACFT,K,Approved,2024-01-09 10:27:00
2705670,12705670,2705670 Total (Diversion),Annual,1,2024,0.0,ACFT,K,Approved,2024-11-19 14:09:00
2705712,12705712,2705712 Total (Diversion),Annual,1,2009,312.02,ACFT,U,Approved,2010-06-29 17:51:00
2705712,12705712,2705712 Total (Diversion),Annual,1,2010,147.703,ACFT,U,Approved,2013-11-26 13:06:00
2705712,12705712,2705712 Total (Diversion),Annual,1,2011,98.237,ACFT,U,Approved,2013-11-25 20:16:00
2705712,12705712,2705712 Total (Diversion),Annual,1,2012,63.888,ACFT,K,Approved,2013-05-03 18:20:00
2705712,12705712,2705712 Total (Diversion),Annual,1,2013,33.137,ACFT,K,Approved,2014-04-04 09:10:00
2705712,12705712,2705712 Total (Diversion),Annual,1,2014,59.582,ACFT,K,Approved,2018-02-13 15:50:00
2705712,12705712,2705712 Total (Diversion),Annual,1,2015,1.175,ACFT,K,Approved,2016-04-08 16:11:00
2705712,12705712,2705712 Total (Diversion),Annual,1,2016,0.0,ACFT,K,Approved,2017-03-10 13:00:00
2705712,12705712,2705712 Total (Diversion),Annual,1,2017,0.031,ACFT,K,Approved,2018-05-16 15:32:00
2705712,12705712,2705712 Total (Diversion),Annual,1,2018,64.51,ACFT,K,Approved,2019-05-20 10:00:00
2705712,12705712,2705712 Total (Diversion),Annual,1,2019,0.006,ACFT,K,Approved,2020-04-01 16:31:00
2705712,12705712,2705712 Total (Diversion),Annual,1,2020,73.327,ACFT,K,Approved,2021-03-25 14:16:00
2705712,12705712,2705712 Total (Diversion),Annual,1,2021,43.657,ACFT,K,Approved,2022-03-23 09:15:00
2705712,12705712,2705712 Total (Diversion),Annual,1,2022,0.0,ACFT,K,Approved,2023-02-03 11:02:00
2705712,12705712,2705712 Total (Diversion),Annual,1,2023,68.306,ACFT,K,Approved,2024-01-09 10:29:00
2705712,12705712,2705712 Total (Diversion),Annual,1,2024,28.573,ACFT,K,Approved,2024-12-20 09:47:00
2705761,12705761,2705761 Total (Diversion),Annual,1,2009,266.18,ACFT,U,Approved,2010-06-29 17:51:00
2705761,12705761,2705761 Total (Diversion),Annual,1,2010,282.87,ACFT,U,Approved,2011-03-16 10:32:00
2705761,12705761,2705761 Total (Diversion),Annual,1,2011,232.73,ACFT,U,Approved,2012-06-01 18:11:00
2705761,12705761,2705761 Total (Diversion),Annual,1,2012,178.13,ACFT,K,Approved,2013-05-03 18:20:00
2705761,12705761,2705761 Total (Diversion),Annual,1,2013,161.13,ACFT,K,Approved,2014-04-04 09:10:00
2705761,12705761,2705761 Total (Diversion),Annual,1,2014,183.16,ACFT,K,Approved,2015-04-22 09:31:00
2705761,12705761,2705761 Total (Diversion),Annual,1,2015,156.78,ACFT,K,Approved,2016-04-08 16:11:00
2705761,12705761,2705761 Total (Diversion),Annual,1,2016,172.64,ACFT,K,Approved,2017-03-10 13:00:00
2705761,12705761,2705761 Total (Diversion),Annual,1,2017,230.63,ACFT,K,Approved,2018-05-16 15:32:00
2705761,12705761,2705761 Total (Diversion),Annual,1,2018,227.39,ACFT,K,Approved,2019-03-31 17:20:00
2705761,12705761,2705761 Total (Diversion),Annual,1,2019,154.97,ACFT,K,Approved,2020-04-01 16:31:00
2705761,12705761,2705761 Total (Diversion),Annual,1,2020,229.32,ACFT,K,Approved,2021-03-25 14:16:00
2705761,12705761,2705761 Total (Diversion),Annual,1,2021,215.38,ACFT,K,Approved,2022-03-23 09:15:00
2705761,12705761,2705761 Total (Diversion),Annual,1,2022,127.53,ACFT,K,Approved,2023-02-03 11:03:00
2705761,12705761,2705761 Total (Diversion),Annual,1,2023,148.41,ACFT,K,Approved,2024-01-09 11:06:00
2705761,12705761,2705761 Total (Diversion),Annual,1,2024,139.1,ACFT,K,Approved,2024-10-28 15:56:00
2705788,12705788,2705788 Total (Diversion),Annual,1,2009,94.53,ACFT,U,Approved,2010-06-29 17:51:00
2705788,12705788,2705788 Total (Diversion),Annual,1,2010,123.525,ACFT,U,Approved,2013-11-26 00:10:00
2705788,12705788,2705788 Total (Diversion),Annual,1,2011,111.41,ACFT,U,Approved,2012-06-01 18:11:00
2705788,12705788,2705788 Total (Diversion),Annual,1,2012,103.51,ACFT,K,Approved,2013-05-03 18:20:00
2705788,12705788,2705788 Total (Diversion),Annual,1,2013,86.045,ACFT,K,Approved,2014-04-04 09:10:00
2705788,12705788,2705788 Total (Diversion),Annual,1,2014,86.63,ACFT,K,Approved,2015-04-22 09:31:00
2705788,12705788,2705788 Total (Diversion),Annual,1,2015,33.555,ACFT,K,Approved,2016-04-08 16:11:00
2705788,12705788,2705788 Total (Diversion),Annual,1,2016,106.03,ACFT,K,Approved,2017-03-10 13:00:00
2705788,12705788,2705788 Total (Diversion),Annual,1,2017,106.14,ACFT,K,Approved,2018-05-16 15:32:00
2705788,12705788,2705788 Total (Diversion),Annual,1,2018,106.36,ACFT,K,Approved,2019-03-31 17:20:00
2705788,12705788,2705788 Total (Diversion),Annual,1,2019,100.43,ACFT,K,Approved,2020-04-01 16:31:00
2705788,12705788,2705788 Total (Diversion),Annual,1,2020,101.085,ACFT,K,Approved,2021-03-25 14:16:00
2705788,12705788,2705788 Total (Diversion),Annual,1,2021,93.72,ACFT,K,Approved,2022-03-23 09:15:00
2705788,12705788,2705788 Total (Diversion),Annual,1,2022,79.97,ACFT,K,Approved,2023-02-03 11:01:00
2705788,12705788,2705788 Total (Diversion),Annual,1,2023,107.815,ACFT,K,Approved,2024-01-09 09:54:00
2705788,12705788,2705788 Total (Diversion),Annual,1,2024,83.315,ACFT,K,Approved,2024-11-18 13:09:00
2705797,12705797,2705797 Total (Diversion),Annual,1,2009,110.5,ACFT,U,Approved,2021-02-25 11:45:00
2705797,12705797,2705797 Total (Diversion),Annual,1,2010,110.5,ACFT,K,Approved,2020-12-04 16:45:00
2705797,12705797,2705797 Total (Diversion),Annual,1,2011,113.405,ACFT,U,Approved,2020-12-04 16:45:00
2705797,12705797,2705797 Total (Diversion),Annual,1,2012,130.985,ACFT,K,Approved,2013-05-03 18:20:00
2705797,12705797,2705797 Total (Diversion),Annual,1,2013,94.67,ACFT,K,Approved,2014-04-04 09:10:00
2705797,12705797,2705797 Total (Diversion),Annual,1,2014,104.85,ACFT,K,Approved,2015-04-22 09:31:00
2705797,12705797,2705797 Total (Diversion),Annual,1,2015,122.995,ACFT,K,Approved,2016-04-08 16:11:00
2705797,12705797,2705797 Total (Diversion),Annual,1,2016,104.73,ACFT,K,Approved,2017-03-10 13:00:00
2705797,12705797,2705797 Total (Diversion),Annual,1,2017,110.645,ACFT,K,Approved,2018-05-16 15:32:00
2705797,12705797,2705797 Total (Diversion),Annual,1,2018,86.73,ACFT,K,Approved,2019-03-31 17:20:00
2705797,12705797,2705797 Total (Diversion),Annual,1,2019,72.985,ACFT,K,Approved,2020-04-01 16:31:00
2705797,12705797,2705797 Total (Diversion),Annual,1,2020,58.34,ACFT,K,Approved,2021-03-25 14:16:00
2705797,12705797,2705797 Total (Diversion),Annual,1,2021,160.807,ACFT,K,Approved,2022-03-23 09:15:00
2705797,12705797,2705797 Total (Diversion),Annual,1,2022,73.535,ACFT,K,Approved,2023-09-01 11:24:00
2705797,12705797,2705797 Total (Diversion),Annual,1,2023,95.62,ACFT,K,Approved,2024-01-09 11:08:00
2705797,12705797,2705797 Total (Diversion),Annual,1,2024,62.17,ACFT,K,Approved,2024-11-25 09:50:00
2705873,12705873,2705873 Total (Diversion),Annual,1,2009,223.85,ACFT,U,Approved,2010-06-29 17:51:00
2705873,12705873,2705873 Total (Diversion),Annual,1,2010,114.57,ACFT,U,Approved,2011-03-16 10:32:00
2705873,12705873,2705873 Total (Diversion),Annual,1,2011,127.745,ACFT,U,Approved,2013-11-25 20:18:00
2705873,12705873,2705873 Total (Diversion),Annual,1,2012,69.52,ACFT,K,Approved,2013-05-03 18:20:00
2705873,12705873,2705873 Total (Diversion),Annual,1,2013,59.685,ACFT,K,Approved,2014-04-04 09:10:00
2705873,12705873,2705873 Total (Diversion),Annual,1,2014,64.845,ACFT,K,Approved,2015-04-22 09:31:00
2705873,12705873,2705873 Total (Diversion),Annual,1,2015,50.51,ACFT,K,Approved,2016-04-08 16:11:00
2705873,12705873,2705873 Total (Diversion),Annual,1,2016,99.785,ACFT,K,Approved,2017-03-10 13:00:00
2705873,12705873,2705873 Total (Diversion),Annual,1,2017,90.97,ACFT,K,Approved,2018-05-16 15:32:00
2705873,12705873,2705873 Total (Diversion),Annual,1,2018,150.77,ACFT,K,Approved,2019-03-31 17:20:00
2705873,12705873,2705873 Total (Diversion),Annual,1,2019,111.5,ACFT,K,Approved,2020-04-01 16:31:00
2705873,12705873,2705873 Total (Diversion),Annual,1,2020,147.07,ACFT,K,Approved,2021-03-25 14:16:00
2705873,12705873,2705873 Total (Diversion),Annual,1,2021,131.035,ACFT,K,Approved,2022-03-23 09:15:00
2705873,12705873,2705873 Total (Diversion),Annual,1,2022,106.28,ACFT,K,Approved,2023-02-03 11:01:00
2705873,12705873,2705873 Total (Diversion),Annual,1,2023,116.639,ACFT,K,Approved,2024-01-12 09:14:00
2705873,12705873,2705873 Total (Diversion),Annual,1,2024,100.803,ACFT,K,Approved,2024-11-27 09:11:00
2706077,12706077,2706077 Total (Diversion),Annual,1,2021,0.0712,ACFT,K,Approved,2022-03-23 09:15:00
2706077,12706077,2706077 Total (Diversion),Annual,1,2022,0.0234,ACFT,K,Approved,2023-02-03 11:05:00
2706077,12706077,2706077 Total (Diversion),Annual,1,2023,0.0013,ACFT,K,Approved,2024-02-07 10:19:00
2706077,12706077,2706077 Total (Diversion),Annual,1,2024,0.0539,ACFT,K,Approved,2024-12-12 09:18:00
2706128,12706128,2706128 Total (Diversion),Annual,1,2009,104.97,ACFT,U,Approved,2010-06-29 17:51:00
2706128,12706128,2706128 Total (Diversion),Annual,1,2010,115.97,ACFT,U,Approved,2011-03-16 10:32:00
2706128,12706128,2706128 Total (Diversion),Annual,1,2011,149.3,ACFT,U,Approved,2012-06-01 18:11:00
2706128,12706128,2706128 Total (Diversion),Annual,1,2012,114.79,ACFT,K,Approved,2013-05-03 18:20:00
2706128,12706128,2706128 Total (Diversion),Annual,1,2013,110.24,ACFT,K,Approved,2014-04-04 09:10:00
2706128,12706128,2706128 Total (Diversion),Annual,1,2014,98.935,ACFT,K,Approved,2015-04-22 09:31:00
2706128,12706128,2706128 Total (Diversion),Annual,1,2015,93.215,ACFT,K,Approved,2016-04-08 16:11:00
2706128,12706128,2706128 Total (Diversion),Annual,1,2016,96.21,ACFT,K,Approved,2017-03-10 13:00:00
2706128,12706128,2706128 Total (Diversion),Annual,1,2017,35.905,ACFT,K,Approved,2018-05-16 15:32:00
2706128,12706128,2706128 Total (Diversion),Annual,1,2018,120.46,ACFT,K,Approved,2019-03-31 17:20:00
2706128,12706128,2706128 Total (Diversion),Annual,1,2019,99.93,ACFT,K,Approved,2020-04-01 16:31:00
2706128,12706128,2706128 Total (Diversion),Annual,1,2020,117.515,ACFT,K,Approved,2021-03-25 14:16:00
2706128,12706128,2706128 Total (Diversion),Annual,1,2021,63.59,ACFT,K,Approved,2022-03-23 09:15:00
2706128,12706128,2706128 Total (Diversion),Annual,1,2022,81.0,ACFT,K,Approved,2023-02-03 11:02:00
2706128,12706128,2706128 Total (Diversion),Annual,1,2023,104.9225,ACFT,K,Approved,2024-01-09 13:58:00
2706128,12706128,2706128 Total (Diversion),Annual,1,2024,65.374,ACFT,K,Approved,2024-11-22 13:25:00
2706150,12706150,2706150 Total (Diversion),Annual,1,2009,32.03,ACFT,U,Approved,2010-06-29 17:51:00
2706150,12706150,2706150 Total (Diversion),Annual,1,2010,3.651,ACFT,U,Approved,2013-11-26 13:09:00
2706150,12706150,2706150 Total (Diversion),Annual,1,2011,156.688,ACFT,U,Approved,2013-11-25 20:21:00
2706150,12706150,2706150 Total (Diversion),Annual,1,2012,148.08,ACFT,K,Approved,2013-05-03 18:20:00
2706150,12706150,2706150 Total (Diversion),Annual,1,2013,95.112,ACFT,K,Approved,2014-04-04 09:10:00
2706150,12706150,2706150 Total (Diversion),Annual,1,2014,87.728,ACFT,K,Approved,2015-04-22 09:31:00
2706150,12706150,2706150 Total (Diversion),Annual,1,2015,55.468,ACFT,K,Approved,2016-04-08 16:11:00
2706150,12706150,2706150 Total (Diversion),Annual,1,2016,57.482,ACFT,K,Approved,2017-03-10 13:00:00
2706150,12706150,2706150 Total (Diversion),Annual,1,2017,73.14,ACFT,K,Approved,2018-05-16 15:32:00
2706150,12706150,2706150 Total (Diversion),Annual,1,2018,158.979,ACFT,K,Approved,2019-03-31 17:20:00
2706150,12706150,2706150 Total (Diversion),Annual,1,2019,39.18,ACFT,K,Approved,2020-04-01 16:31:00
2706150,12706150,2706150 Total (Diversion),Annual,1,2020,87.987,ACFT,K,Approved,2021-03-25 14:16:00
2706150,12706150,2706150 Total (Diversion),Annual,1,2021,27.792,ACFT,K,Approved,2022-03-23 09:15:00
2706150,12706150,2706150 Total (Diversion),Annual,1,2022,7.102,ACFT,K,Approved,2023-02-03 11:01:00
2706150,12706150,2706150 Total (Diversion),Annual,1,2023,58.701,ACFT,K,Approved,2024-01-09 11:28:00
2706150,12706150,2706150 Total (Diversion),Annual,1,2024,14.977,ACFT,K,Approved,2024-11-27 09:28:00
2706193,12706193,2706193 Total (Diversion),Annual,1,2009,76.56,ACFT,U,Approved,2010-06-29 17:51:00
2706193,12706193,2706193 Total (Diversion),Annual,1,2010,0.67,ACFT,U,Approved,2011-03-16 10:32:00
2706193,12706193,2706193 Total (Diversion),Annual,1,2011,32.248,ACFT,U,Approved,2013-11-25 20:24:00
2706193,12706193,2706193 Total (Diversion),Annual,1,2012,207.102,ACFT,K,Approved,2013-05-03 18:20:00
2706193,12706193,2706193 Total (Diversion),Annual,1,2013,55.444,ACFT,K,Approved,2014-04-04 09:10:00
2706193,12706193,2706193 Total (Diversion),Annual,1,2014,130.03,ACFT,K,Approved,2015-04-22 09:31:00
2706193,12706193,2706193 Total (Diversion),Annual,1,2015,18.107,ACFT,K,Approved,2016-04-08 16:11:00
2706193,12706193,2706193 Total (Diversion),Annual,1,2016,36.032,ACFT,K,Approved,2017-03-10 13:00:00
2706193,12706193,2706193 Total (Diversion),Annual,1,2017,8.883,ACFT,K,Approved,2018-05-16 15:32:00
2706193,12706193,2706193 Total (Diversion),Annual,1,2018,199.067,ACFT,K,Approved,2019-03-31 17:20:00
2706193,12706193,2706193 Total (Diversion),Annual,1,2019,48.3754,ACFT,K,Approved,2020-04-01 16:31:00
2706193,12706193,2706193 Total (Diversion),Annual,1,2020,146.1321,ACFT,K,Approved,2021-03-25 14:16:00
2706193,12706193,2706193 Total (Diversion),Annual,1,2021,107.0459,ACFT,K,Approved,2022-03-23 09:15:00
2706193,12706193,2706193 Total (Diversion),Annual,1,2022,21.3191,ACFT,K,Approved,2023-02-03 11:02:00
2706193,12706193,2706193 Total (Diversion),Annual,1,2023,100.3379,ACFT,K,Approved,2024-01-09 12:13:00
2706193,12706193,2706193 Total (Diversion),Annual,1,2024,42.338,ACFT,K,Approved,2024-11-22 08:41:00
2706208,12706208,2706208 Total (Diversion),Annual,1,2009,235.71,ACFT,U,Approved,2010-06-29 17:51:00
2706208,12706208,2706208 Total (Diversion),Annual,1,2010,311.64,ACFT,U,Approved,2011-03-16 10:32:00
2706208,12706208,2706208 Total (Diversion),Annual,1,2011,213.31,ACFT,U,Approved,2012-06-01 18:11:00
2706208,12706208,2706208 Total (Diversion),Annual,1,2012,153.89,ACFT,K,Approved,2013-05-03 18:20:00
2706208,12706208,2706208 Total (Diversion),Annual,1,2013,166.33,ACFT,K,Approved,2014-04-04 09:10:00
2706208,12706208,2706208 Total (Diversion),Annual,1,2014,54.14,ACFT,K,Approved,2015-04-22 09:31:00
2706208,12706208,2706208 Total (Diversion),Annual,1,2015,99.04,ACFT,K,Approved,2016-04-08 16:11:00
2706208,12706208,2706208 Total (Diversion),Annual,1,2016,172.38,ACFT,K,Approved,2017-03-10 13:00:00
2706208,12706208,2706208 Total (Diversion),Annual,1,2017,153.17,ACFT,K,Approved,2018-05-16 15:32:00
2706208,12706208,2706208 Total (Diversion),Annual,1,2018,232.63,ACFT,K,Approved,2019-03-31 17:20:00
2706208,12706208,2706208 Total (Diversion),Annual,1,2019,204.78,ACFT,K,Approved,2020-04-01 16:31:00
2706208,12706208,2706208 Total (Diversion),Annual,1,2020,176.0,ACFT,K,Approved,2021-03-25 14:16:00
2706208,12706208,2706208 Total (Diversion),Annual,1,2021,218.31,ACFT,K,Approved,2022-03-23 09:15:00
2706208,12706208,2706208 Total (Diversion),Annual,1,2022,174.73,ACFT,K,Approved,2023-02-03 11:01:00
2706208,12706208,2706208 Total (Diversion),Annual,1,2023,194.48,ACFT,K,Approved,2024-01-09 12:21:00
2706208,12706208,2706208 Total (Diversion),Annual,1,2024,169.05,ACFT,K,Approved,2024-11-19 14:52:00
2706208,12706208,2706208 Total (Diversion),Annual,1,2025,0.0,ACFT,K,Provisional,2025-04-22 13:19:00
2706265,12706265,2706265 Total (Diversion),Annual,1,2009,106.73,ACFT,U,Approved,2010-06-29 17:51:00
2706265,12706265,2706265 Total (Diversion),Annual,1,2010,106.73,ACFT,U,Approved,2011-03-16 10:32:00
2706265,12706265,2706265 Total (Diversion),Annual,1,2011,112.43,ACFT,U,Approved,2012-06-01 18:11:00
2706265,12706265,2706265 Total (Diversion),Annual,1,2012,40.91,ACFT,K,Approved,2013-05-03 18:20:00
2706265,12706265,2706265 Total (Diversion),Annual,1,2013,100.751,ACFT,K,Approved,2014-04-04 09:10:00
2706265,12706265,2706265 Total (Diversion),Annual,1,2014,90.546,ACFT,K,Approved,2015-04-22 09:31:00
2706265,12706265,2706265 Total (Diversion),Annual,1,2015,107.367,ACFT,K,Approved,2016-04-08 16:11:00
2706265,12706265,2706265 Total (Diversion),Annual,1,2016,130.506,ACFT,K,Approved,2017-03-10 13:00:00
2706265,12706265,2706265 Total (Diversion),Annual,1,2017,121.954,ACFT,K,Approved,2018-05-16 15:32:00
2706265,12706265,2706265 Total (Diversion),Annual,1,2018,191.703,ACFT,K,Approved,2019-03-31 17:20:00
2706265,12706265,2706265 Total (Diversion),Annual,1,2019,139.727,ACFT,K,Approved,2020-04-01 16:31:00
2706265,12706265,2706265 Total (Diversion),Annual,1,2020,147.065,ACFT,K,Approved,2021-03-25 14:16:00
2706265,12706265,2706265 Total (Diversion),Annual,1,2021,157.342,ACFT,K,Approved,2022-03-23 09:15:00
2706265,12706265,2706265 Total (Diversion),Annual,1,2022,131.06,ACFT,K,Approved,2023-02-03 11:05:00
2706265,12706265,2706265 Total (Diversion),Annual,1,2023,79.089,ACFT,K,Approved,2024-01-09 12:38:00
2706265,12706265,2706265 Total (Diversion),Annual,1,2024,56.083,ACFT,K,Approved,2024-11-25 09:50:00
2706266,12706266,2706266 Total (Diversion),Annual,1,2009,143.69,ACFT,U,Approved,2010-06-29 17:51:00
2706266,12706266,2706266 Total (Diversion),Annual,1,2010,136.54,ACFT,U,Approved,2011-03-16 10:32:00
2706266,12706266,2706266 Total (Diversion),Annual,1,2011,156.395,ACFT,U,Approved,2013-11-25 20:28:00
2706266,12706266,2706266 Total (Diversion),Annual,1,2012,70.205,ACFT,K,Approved,2013-05-03 18:20:00
2706266,12706266,2706266 Total (Diversion),Annual,1,2013,54.165,ACFT,K,Approved,2014-04-04 09:10:00
2706266,12706266,2706266 Total (Diversion),Annual,1,2014,73.645,ACFT,K,Approved,2015-04-22 09:31:00
2706266,12706266,2706266 Total (Diversion),Annual,1,2015,38.18,ACFT,K,Approved,2016-04-08 16:11:00
2706266,12706266,2706266 Total (Diversion),Annual,1,2016,66.875,ACFT,K,Approved,2017-03-10 13:00:00
2706266,12706266,2706266 Total (Diversion),Annual,1,2017,71.77,ACFT,K,Approved,2018-05-16 15:32:00
2706266,12706266,2706266 Total (Diversion),Annual,1,2018,120.385,ACFT,K,Approved,2019-03-31 17:20:00
2706266,12706266,2706266 Total (Diversion),Annual,1,2019,93.185,ACFT,K,Approved,2020-04-01 16:31:00
2706266,12706266,2706266 Total (Diversion),Annual,1,2020,95.84,ACFT,K,Approved,2021-03-25 14:16:00
2706266,12706266,2706266 Total (Diversion),Annual,1,2021,74.185,ACFT,K,Approved,2022-03-23 09:15:00
2706266,12706266,2706266 Total (Diversion),Annual,1,2022,0.0,ACFT,K,Approved,2023-02-03 11:01:00
2706266,12706266,2706266 Total (Diversion),Annual,1,2023,0.055,ACFT,K,Approved,2024-01-08 17:22:00
2706266,12706266,2706266 Total (Diversion),Annual,1,2024,0.0,ACFT,K,Approved,2024-11-27 09:26:00
2706267,12706267,2706267 Total (Diversion),Annual,1,2009,266.1,ACFT,U,Approved,2010-06-29 17:51:00
2706267,12706267,2706267 Total (Diversion),Annual,1,2010,222.3,ACFT,U,Approved,2011-03-16 10:32:00
2706267,12706267,2706267 Total (Diversion),Annual,1,2011,335.9,ACFT,U,Approved,2012-06-01 18:11:00
2706267,12706267,2706267 Total (Diversion),Annual,1,2012,182.01,ACFT,K,Approved,2013-05-03 18:20:00
2706267,12706267,2706267 Total (Diversion),Annual,1,2013,40.29,ACFT,K,Approved,2014-04-04 09:10:00
2706267,12706267,2706267 Total (Diversion),Annual,1,2014,179.27,ACFT,K,Approved,2015-04-22 09:31:00
2706267,12706267,2706267 Total (Diversion),Annual,1,2015,70.5,ACFT,K,Approved,2016-04-08 16:11:00
2706267,12706267,2706267 Total (Diversion),Annual,1,2016,272.0,ACFT,K,Approved,2017-03-10 13:00:00
2706267,12706267,2706267 Total (Diversion),Annual,1,2017,316.0,ACFT,K,Approved,2018-05-16 15:32:00
2706267,12706267,2706267 Total (Diversion),Annual,1,2018,330.3,ACFT,K,Approved,2019-03-31 17:20:00
2706267,12706267,2706267 Total (Diversion),Annual,1,2019,327.94,ACFT,K,Approved,2020-04-01 16:31:00
2706267,12706267,2706267 Total (Diversion),Annual,1,2020,293.6,ACFT,K,Approved,2021-03-25 14:16:00
2706267,12706267,2706267 Total (Diversion),Annual,1,2021,236.66,ACFT,K,Approved,2022-03-23 09:15:00
2706267,12706267,2706267 Total (Diversion),Annual,1,2022,252.14,ACFT,K,Approved,2023-02-03 11:01:00
2706267,12706267,2706267 Total (Diversion),Annual,1,2023,229.5,ACFT,K,Approved,2024-01-09 12:38:00
2706267,12706267,2706267 Total (Diversion),Annual,1,2024,174.24,ACFT,K,Approved,2024-11-27 09:16:00
2706268,12706268,2706268 Total (Diversion),Annual,1,2009,98.7,ACFT,U,Approved,2010-06-29 17:51:00
2706268,12706268,2706268 Total (Diversion),Annual,1,2010,142.85,ACFT,U,Approved,2011-03-16 10:32:00
2706268,12706268,2706268 Total (Diversion),Annual,1,2011,128.115,ACFT,U,Approved,2013-11-25 20:28:00
2706268,12706268,2706268 Total (Diversion),Annual,1,2012,37.965,ACFT,K,Approved,2013-05-03 18:20:00
2706268,12706268,2706268 Total (Diversion),Annual,1,2013,92.885,ACFT,K,Approved,2014-04-04 09:10:00
2706268,12706268,2706268 Total (Diversion),Annual,1,2014,29.66,ACFT,K,Approved,2015-04-22 09:31:00
2706268,12706268,2706268 Total (Diversion),Annual,1,2015,73.9,ACFT,K,Approved,2016-04-08 16:11:00
2706268,12706268,2706268 Total (Diversion),Annual,1,2016,146.17,ACFT,K,Approved,2017-03-10 13:00:00
2706268,12706268,2706268 Total (Diversion),Annual,1,2017,154.67,ACFT,K,Approved,2018-05-16 15:32:00
2706268,12706268,2706268 Total (Diversion),Annual,1,2018,177.03,ACFT,K,Approved,2019-03-31 17:20:00
2706268,12706268,2706268 Total (Diversion),Annual,1,2019,163.465,ACFT,K,Approved,2020-04-01 16:31:00
2706268,12706268,2706268 Total (Diversion),Annual,1,2020,159.095,ACFT,K,Approved,2021-03-25 14:16:00
2706268,12706268,2706268 Total (Diversion),Annual,1,2021,124.625,ACFT,K,Approved,2022-03-23 09:15:00
2706268,12706268,2706268 Total (Diversion),Annual,1,2022,183.83,ACFT,K,Approved,2023-02-03 11:01:00
2706268,12706268,2706268 Total (Diversion),Annual,1,2023,158.235,ACFT,K,Approved,2024-01-08 17:22:00
2706268,12706268,2706268 Total (Diversion),Annual,1,2024,121.745,ACFT,K,Approved,2024-11-27 09:16:00
2706269,12706269,2706269 Total (Diversion),Annual,1,2009,123.15,ACFT,U,Approved,2010-06-29 17:51:00
2706269,12706269,2706269 Total (Diversion),Annual,1,2010,136.7,ACFT,U,Approved,2011-03-16 10:32:00
2706269,12706269,2706269 Total (Diversion),Annual,1,2011,155.725,ACFT,U,Approved,2013-11-25 20:29:00
2706269,12706269,2706269 Total (Diversion),Annual,1,2012,75.265,ACFT,K,Approved,2013-05-03 18:20:00
2706269,12706269,2706269 Total (Diversion),Annual,1,2013,57.625,ACFT,K,Approved,2014-04-04 09:10:00
2706269,12706269,2706269 Total (Diversion),Annual,1,2014,76.015,ACFT,K,Approved,2015-04-22 09:31:00
2706269,12706269,2706269 Total (Diversion),Annual,1,2015,37.21,ACFT,K,Approved,2016-04-08 16:11:00
2706269,12706269,2706269 Total (Diversion),Annual,1,2016,71.16,ACFT,K,Approved,2017-03-10 13:00:00
2706269,12706269,2706269 Total (Diversion),Annual,1,2017,69.365,ACFT,K,Approved,2018-05-16 15:32:00
2706269,12706269,2706269 Total (Diversion),Annual,1,2018,117.705,ACFT,K,Approved,2019-03-31 17:20:00
2706269,12706269,2706269 Total (Diversion),Annual,1,2019,101.815,ACFT,K,Approved,2020-04-01 16:31:00
2706269,12706269,2706269 Total (Diversion),Annual,1,2020,99.23,ACFT,K,Approved,2021-03-25 14:16:00
2706269,12706269,2706269 Total (Diversion),Annual,1,2021,84.375,ACFT,K,Approved,2022-03-23 09:15:00
2706269,12706269,2706269 Total (Diversion),Annual,1,2022,0.0,ACFT,K,Approved,2023-02-03 11:01:00
2706269,12706269,2706269 Total (Diversion),Annual,1,2023,0.04,ACFT,K,Approved,2024-01-08 17:26:00
2706269,12706269,2706269 Total (Diversion),Annual,1,2024,0.0,ACFT,K,Approved,2024-11-27 09:15:00
2706270,12706270,2706270 Total (Diversion),Annual,1,2009,77.08,ACFT,U,Approved,2010-06-29 17:51:00
2706270,12706270,2706270 Total (Diversion),Annual,1,2010,109.69,ACFT,U,Approved,2011-03-16 10:32:00
2706270,12706270,2706270 Total (Diversion),Annual,1,2011,99.46,ACFT,U,Approved,2012-06-01 18:11:00
2706270,12706270,2706270 Total (Diversion),Annual,1,2012,199.53,ACFT,K,Approved,2018-02-14 15:25:00
2706270,12706270,2706270 Total (Diversion),Annual,1,2013,148.779,ACFT,K,Approved,2014-04-04 09:10:00
2706270,12706270,2706270 Total (Diversion),Annual,1,2014,146.44,ACFT,K,Approved,2015-04-22 09:31:00
2706270,12706270,2706270 Total (Diversion),Annual,1,2015,123.58,ACFT,K,Approved,2016-04-08 16:11:00
2706270,12706270,2706270 Total (Diversion),Annual,1,2016,144.87,ACFT,K,Approved,2017-03-10 13:00:00
2706270,12706270,2706270 Total (Diversion),Annual,1,2017,141.33,ACFT,K,Approved,2018-05-16 15:32:00
2706270,12706270,2706270 Total (Diversion),Annual,1,2018,185.13,ACFT,K,Approved,2024-10-18 12:49:00
2706270,12706270,2706270 Total (Diversion),Annual,1,2019,169.84,ACFT,K,Approved,2024-10-18 12:47:00
2706270,12706270,2706270 Total (Diversion),Annual,1,2020,73.186,ACFT,K,Approved,2024-10-18 12:45:00
2706270,12706270,2706270 Total (Diversion),Annual,1,2021,114.43,ACFT,K,Approved,2024-10-18 13:01:00
2706270,12706270,2706270 Total (Diversion),Annual,1,2022,64.625,ACFT,K,Approved,2024-10-18 13:05:00
2706270,12706270,2706270 Total (Diversion),Annual,1,2023,127.39,ACFT,K,Approved,2024-01-08 17:25:00
2706270,12706270,2706270 Total (Diversion),Annual,1,2024,50.29,ACFT,K,Approved,2024-12-16 14:42:00
2706270,12706270,2706270 Total (Diversion),Annual,1,2025,0.05,ACFT,K,Provisional,2025-05-14 14:54:00
2706271,12706271,2706271 Total (Diversion),Annual,1,2009,110.5,ACFT,U,Approved,2021-02-25 11:30:00
2706271,12706271,2706271 Total (Diversion),Annual,1,2010,110.5,ACFT,U,Approved,2020-12-04 16:45:00
2706271,12706271,2706271 Total (Diversion),Annual,1,2011,113.405,ACFT,U,Approved,2013-11-25 20:29:00
2706271,12706271,2706271 Total (Diversion),Annual,1,2012,130.985,ACFT,K,Approved,2013-05-03 18:20:00
2706271,12706271,2706271 Total (Diversion),Annual,1,2013,94.67,ACFT,K,Approved,2014-04-04 09:10:00
2706271,12706271,2706271 Total (Diversion),Annual,1,2014,104.85,ACFT,K,Approved,2015-04-22 09:31:00
2706271,12706271,2706271 Total (Diversion),Annual,1,2015,122.995,ACFT,K,Approved,2016-04-08 16:11:00
2706271,12706271,2706271 Total (Diversion),Annual,1,2016,104.73,ACFT,K,Approved,2017-03-10 13:00:00
2706271,12706271,2706271 Total (Diversion),Annual,1,2017,110.645,ACFT,K,Approved,2018-05-16 15:32:00
2706271,12706271,2706271 Total (Diversion),Annual,1,2018,86.73,ACFT,K,Approved,2019-03-31 17:20:00
2706271,12706271,2706271 Total (Diversion),Annual,1,2019,72.985,ACFT,K,Approved,2020-04-01 16:31:00
2706271,12706271,2706271 Total (Diversion),Annual,1,2020,58.34,ACFT,K,Approved,2021-03-25 14:16:00
2706271,12706271,2706271 Total (Diversion),Annual,1,2021,102.845,ACFT,K,Approved,2022-03-23 09:15:00
2706271,12706271,2706271 Total (Diversion),Annual,1,2022,73.535,ACFT,K,Approved,2023-02-03 11:01:00
2706271,12706271,2706271 Total (Diversion),Annual,1,2023,95.62,ACFT,K,Approved,2024-01-09 11:08:00
2706271,12706271,2706271 Total (Diversion),Annual,1,2024,62.17,ACFT,K,Approved,2024-11-25 09:50:00
2706272,12706272,2706272 Total (Diversion),Annual,1,2009,50.41,ACFT,U,Approved,2010-06-29 17:51:00
2706272,12706272,2706272 Total (Diversion),Annual,1,2010,95.92,ACFT,U,Approved,2011-03-16 10:32:00
2706272,12706272,2706272 Total (Diversion),Annual,1,2011,183.94,ACFT,U,Approved,2012-06-01 18:11:00
2706272,12706272,2706272 Total (Diversion),Annual,1,2012,192.97,ACFT,K,Approved,2013-05-03 18:20:00
2706272,12706272,2706272 Total (Diversion),Annual,1,2013,75.95,ACFT,K,Approved,2014-04-04 09:10:00
2706272,12706272,2706272 Total (Diversion),Annual,1,2014,190.55,ACFT,K,Approved,2015-04-22 09:31:00
2706272,12706272,2706272 Total (Diversion),Annual,1,2015,74.69,ACFT,K,Approved,2016-04-08 16:11:00
2706272,12706272,2706272 Total (Diversion),Annual,1,2016,198.92,ACFT,K,Approved,2017-03-10 13:00:00
2706272,12706272,2706272 Total (Diversion),Annual,1,2017,91.12,ACFT,K,Approved,2018-05-16 15:32:00
2706272,12706272,2706272 Total (Diversion),Annual,1,2018,211.86,ACFT,K,Approved,2019-03-31 17:20:00
2706272,12706272,2706272 Total (Diversion),Annual,1,2019,103.0,ACFT,K,Approved,2020-04-01 16:31:00
2706272,12706272,2706272 Total (Diversion),Annual,1,2020,248.08,ACFT,K,Approved,2021-03-25 14:16:00
2706272,12706272,2706272 Total (Diversion),Annual,1,2021,217.02,ACFT,K,Approved,2022-03-23 09:15:00
2706272,12706272,2706272 Total (Diversion),Annual,1,2022,178.47,ACFT,K,Approved,2023-02-03 11:01:00
2706272,12706272,2706272 Total (Diversion),Annual,1,2023,100.11,ACFT,K,Approved,2024-01-09 12:40:00
2706272,12706272,2706272 Total (Diversion),Annual,1,2024,166.21,ACFT,K,Approved,2024-11-18 13:09:00
2706330,12706330,2706330 Total (Diversion),Annual,1,2015,0.0,ACFT,K,Approved,2016-04-08 16:11:00
2706330,12706330,2706330 Total (Diversion),Annual,1,2016,0.1616,ACFT,K,Approved,2017-03-10 13:00:00
2706330,12706330,2706330 Total (Diversion),Annual,1,2017,0.5522,ACFT,K,Approved,2018-05-16 15:32:00
2706330,12706330,2706330 Total (Diversion),Annual,1,2018,0.7309,ACFT,K,Approved,2019-03-31 17:20:00
2706330,12706330,2706330 Total (Diversion),Annual,1,2019,0.8328,ACFT,K,Approved,2020-04-01 16:31:00
2706330,12706330,2706330 Total (Diversion),Annual,1,2020,0.5784,ACFT,K,Approved,2021-03-25 14:16:00
2706330,12706330,2706330 Total (Diversion),Annual,1,2021,0.7736,ACFT,K,Approved,2022-03-23 09:15:00
2706330,12706330,2706330 Total (Diversion),Annual,1,2022,0.9793,ACFT,K,Approved,2023-02-03 11:05:00
2706330,12706330,2706330 Total (Diversion),Annual,1,2023,1.0411,ACFT,K,Approved,2024-01-09 13:11:00
2706330,12706330,2706330 Total (Diversion),Annual,1,2024,0.8561,ACFT,K,Approved,2024-11-22 14:59:00
2706341,12706341,2706341 Total (Diversion),Annual,1,2023,1.885,ACFT,K,Approved,2024-01-09 15:57:00
2706341,12706341,2706341 Total (Diversion),Annual,1,2024,88.245,ACFT,K,Approved,2024-12-05 11:58:00
2706348,12706348,2706348 Total (Diversion),Annual,1,2024,115.542,ACFT,K,Approved,2025-03-13 12:22:00
2706348,12706348,2706348 Total (Diversion),Annual,1,2025,0.0,ACFT,K,Provisional,2025-05-02 15:27:00
2706349,12706349,2706349 Total (Diversion),Annual,1,2023,5.4805,ACFT,K,Approved,2024-01-09 13:17:00
2706349,12706349,2706349 Total (Diversion),Annual,1,2024,0.5972,ACFT,K,Approved,2024-11-22 14:59:00
2706358,12706358,2706358 Total (Diversion),Annual,1,2024,41.144,ACFT,K,Approved,2025-09-24 10:52:00
2706359,12706359,2706359 Total (Diversion),Annual,1,2024,77.6555,ACFT,K,Approved,2025-09-24 11:38:00
