wdid,waterClassNum,wcIdentifier,measInterval,measCount,dataMeasDate,dataValue,measUnits,obsCode,approvalStatus,modified
4905038,14905038,4905038 Total (Diversion),Annual,1,2011,120.526,ACFT,K,Approved,2013-09-18 14:40:00
4905038,14905038,4905038 Total (Diversion),Annual,1,2012,170.0621,ACFT,K,Approved,2013-04-18 22:39:00
4905038,14905038,4905038 Total (Diversion),Annual,1,2013,148.6599,ACFT,K,Approved,2015-03-06 16:13:00
4905038,14905038,4905038 Total (Diversion),Annual,1,2014,92.841,ACFT,K,Approved,2015-03-30 12:01:00
4905038,14905038,4905038 Total (Diversion),Annual,1,2015,86.936,ACFT,K,Approved,2016-03-11 08:20:00
4905038,14905038,4905038 Total (Diversion),Annual,1,2016,110.642,ACFT,K,Approved,2017-03-24 08:51:00
4905038,14905038,4905038 Total (Diversion),Annual,1,2017,98.357,ACFT,K,Approved,2018-03-09 09:45:00
4905038,14905038,4905038 Total (Diversion),Annual,1,2018,98.233,ACFT,K,Approved,2019-03-12 12:55:00
4905038,14905038,4905038 Total (Diversion),Annual,1,2019,66.317,ACFT,K,Approved,2020-02-27 07:00:00
4905061,14905061,4905061 Total (Diversion),Annual,1,2013,0.0,ACFT,K,Approved,2014-03-26 16:10:00
4905061,14905061,4905061 Total (Diversion),Annual,1,2014,69.2374,ACFT,K,Approved,2015-03-30 12:01:00
4905061,14905061,4905061 Total (Diversion),Annual,1,2015,43.1366,ACFT,K,Approved,2016-03-11 08:20:00
4905061,14905061,4905061 Total (Diversion),Annual,1,2016,21.3072,ACFT,K,Approved,2017-03-24 08:51:00
4905061,14905061,4905061 Total (Diversion),Annual,1,2017,118.7772,ACFT,K,Approved,2018-03-09 09:45:00
4905061,14905061,4905061 Total (Diversion),Annual,1,2018,86.7746,ACFT,K,Approved,2019-03-12 12:55:00
4905061,14905061,4905061 Total (Diversion),Annual,1,2019,105.5538,ACFT,K,Approved,2020-02-27 07:00:00
4905061,14905061,4905061 Total (Diversion),Annual,1,2020,83.3553,ACFT,K,Approved,2021-03-11 13:45:00
4905061,14905061,4905061 Total (Diversion),Annual,1,2021,116.6605,ACFT,K,Approved,2022-03-03 11:45:00
4905061,14905061,4905061 Total (Diversion),Annual,1,2022,120.0917,ACFT,K,Approved,2022-11-28 08:38:00
4905061,14905061,4905061 Total (Diversion),Annual,1,2023,57.9151,ACFT,K,Approved,2023-11-27 07:37:00
4905061,14905061,4905061 Total (Diversion),Annual,1,2024,10.7125,ACFT,K,Approved,2024-11-18 07:09:00
4905064,14905064,4905064 Total (Diversion),Annual,1,2014,58.5448,ACFT,K,Approved,2015-03-30 12:01:00
4905064,14905064,4905064 Total (Diversion),Annual,1,2015,47.8206,ACFT,K,Approved,2016-03-11 08:20:00
4905064,14905064,4905064 Total (Diversion),Annual,1,2016,50.6757,ACFT,K,Approved,2017-03-24 08:51:00
4905064,14905064,4905064 Total (Diversion),Annual,1,2017,53.1403,ACFT,K,Approved,2018-03-09 09:45:00
4905064,14905064,4905064 Total (Diversion),Annual,1,2018,51.1442,ACFT,K,Approved,2019-03-12 12:55:00
4905064,14905064,4905064 Total (Diversion),Annual,1,2019,51.8645,ACFT,K,Approved,2020-02-27 07:00:00
4905064,14905064,4905064 Total (Diversion),Annual,1,2020,67.5046,ACFT,K,Approved,2021-03-11 13:45:00
4905064,14905064,4905064 Total (Diversion),Annual,1,2021,186.3667,ACFT,K,Approved,2022-03-03 11:45:00
4905064,14905064,4905064 Total (Diversion),Annual,1,2022,72.9031,ACFT,K,Approved,2022-11-28 07:02:00
4905064,14905064,4905064 Total (Diversion),Annual,1,2023,54.0249,ACFT,K,Approved,2023-11-27 07:37:00
4905064,14905064,4905064 Total (Diversion),Annual,1,2024,77.1581,ACFT,K,Approved,2024-11-18 07:13:00
4905073,14905073,4905073 Total (Diversion),Annual,1,2011,170.8468,ACFT,K,Approved,2013-12-13 09:43:00
4905073,14905073,4905073 Total (Diversion),Annual,1,2012,200.7345,ACFT,K,Approved,2013-12-12 16:31:00
4905073,14905073,4905073 Total (Diversion),Annual,1,2013,225.8674,ACFT,K,Approved,2015-03-06 16:11:00
4905073,14905073,4905073 Total (Diversion),Annual,1,2014,180.9876,ACFT,K,Approved,2015-03-30 12:01:00
4905073,14905073,4905073 Total (Diversion),Annual,1,2015,148.9324,ACFT,K,Approved,2016-03-11 08:20:00
4905073,14905073,4905073 Total (Diversion),Annual,1,2016,143.0639,ACFT,K,Approved,2017-03-24 08:51:00
4905073,14905073,4905073 Total (Diversion),Annual,1,2017,131.8375,ACFT,K,Approved,2018-03-09 09:45:00
4905073,14905073,4905073 Total (Diversion),Annual,1,2018,193.804,ACFT,K,Approved,2019-03-12 12:55:00
4905073,14905073,4905073 Total (Diversion),Annual,1,2019,180.465,ACFT,K,Approved,2020-02-27 07:00:00
4905073,14905073,4905073 Total (Diversion),Annual,1,2020,176.683,ACFT,K,Approved,2021-03-11 13:45:00
4905073,14905073,4905073 Total (Diversion),Annual,1,2021,177.815,ACFT,K,Approved,2022-03-03 11:45:00
4905073,14905073,4905073 Total (Diversion),Annual,1,2022,193.235,ACFT,K,Approved,2022-11-07 06:47:00
4905073,14905073,4905073 Total (Diversion),Annual,1,2023,179.44,ACFT,K,Approved,2023-11-17 06:09:00
4905073,14905073,4905073 Total (Diversion),Annual,1,2024,176.231,ACFT,K,Approved,2024-12-04 06:24:00
4905095,14905095,4905095 Total (Diversion),Annual,1,2011,553.931,ACFT,K,Approved,2013-09-18 14:40:00
4905095,14905095,4905095 Total (Diversion),Annual,1,2012,310.4305,ACFT,K,Approved,2013-12-12 16:32:00
4905095,14905095,4905095 Total (Diversion),Annual,1,2013,261.6292,ACFT,K,Approved,2014-03-26 16:10:00
4905095,14905095,4905095 Total (Diversion),Annual,1,2014,243.3312,ACFT,K,Approved,2015-03-30 12:01:00
4905095,14905095,4905095 Total (Diversion),Annual,1,2015,155.068,ACFT,K,Approved,2016-03-11 08:20:00
4905095,14905095,4905095 Total (Diversion),Annual,1,2016,187.3611,ACFT,K,Approved,2017-03-24 08:51:00
4905095,14905095,4905095 Total (Diversion),Annual,1,2017,127.292,ACFT,K,Approved,2018-03-09 09:45:00
4905095,14905095,4905095 Total (Diversion),Annual,1,2018,188.9885,ACFT,K,Approved,2019-03-12 12:55:00
4905095,14905095,4905095 Total (Diversion),Annual,1,2019,92.0349,ACFT,K,Approved,2020-02-27 07:00:00
4905095,14905095,4905095 Total (Diversion),Annual,1,2020,41.873,ACFT,K,Approved,2021-03-11 13:45:00
4905098,14905098,4905098 Total (Diversion),Annual,1,2011,91.9498,ACFT,K,Approved,2013-12-13 09:43:00
4905098,14905098,4905098 Total (Diversion),Annual,1,2012,188.8247,ACFT,K,Approved,2013-04-18 23:21:00
4905098,14905098,4905098 Total (Diversion),Annual,1,2013,229.219,ACFT,K,Approved,2015-03-06 16:11:00
4905098,14905098,4905098 Total (Diversion),Annual,1,2014,153.1805,ACFT,K,Approved,2015-03-30 12:01:00
4905098,14905098,4905098 Total (Diversion),Annual,1,2015,117.2241,ACFT,K,Approved,2016-03-11 08:20:00
4905098,14905098,4905098 Total (Diversion),Annual,1,2016,138.028,ACFT,K,Approved,2017-03-24 08:51:00
4905098,14905098,4905098 Total (Diversion),Annual,1,2017,117.9053,ACFT,K,Approved,2018-03-09 09:45:00
4905098,14905098,4905098 Total (Diversion),Annual,1,2018,156.084,ACFT,K,Approved,2019-03-12 12:55:00
4905098,14905098,4905098 Total (Diversion),Annual,1,2019,140.398,ACFT,K,Approved,2020-02-27 07:00:00
4905098,14905098,4905098 Total (Diversion),Annual,1,2020,156.424,ACFT,K,Approved,2021-03-11 13:45:00
4905098,14905098,4905098 Total (Diversion),Annual,1,2021,154.236,ACFT,K,Approved,2022-03-03 11:45:00
4905098,14905098,4905098 Total (Diversion),Annual,1,2022,171.261,ACFT,K,Approved,2022-11-07 06:47:00
4905098,14905098,4905098 Total (Diversion),Annual,1,2023,143.177,ACFT,K,Approved,2023-11-17 06:09:00
4905098,14905098,4905098 Total (Diversion),Annual,1,2024,196.869,ACFT,K,Approved,2024-12-04 06:24:00
4905121,14905121,4905121 Total (Diversion),Annual,1,2011,206.661,ACFT,K,Approved,2013-09-18 14:40:00
4905121,14905121,4905121 Total (Diversion),Annual,1,2012,229.719,ACFT,K,Approved,2013-04-18 23:43:00
4905121,14905121,4905121 Total (Diversion),Annual,2,2013,205.4427,ACFT,K,Approved,2014-03-26 16:10:00
4905121,14905121,4905121 Total (Diversion),Annual,2,2014,193.8404,ACFT,K,Approved,2015-03-30 12:01:00
4905121,14905121,4905121 Total (Diversion),Annual,2,2015,167.7341,ACFT,K,Approved,2016-03-11 08:20:00
4905121,14905121,4905121 Total (Diversion),Annual,2,2016,169.4984,ACFT,K,Approved,2017-03-24 08:51:00
4905121,14905121,4905121 Total (Diversion),Annual,2,2017,326.3462,ACFT,K,Approved,2018-03-09 09:45:00
4905121,14905121,4905121 Total (Diversion),Annual,2,2018,176.447,ACFT,K,Approved,2019-03-12 12:55:00
4905121,14905121,4905121 Total (Diversion),Annual,2,2019,166.556,ACFT,K,Approved,2020-02-27 07:00:00
4905121,14905121,4905121 Total (Diversion),Annual,2,2020,201.104,ACFT,K,Approved,2021-03-11 13:45:00
4905121,14905121,4905121 Total (Diversion),Annual,2,2021,165.288,ACFT,K,Approved,2022-03-03 11:45:00
4905121,14905121,4905121 Total (Diversion),Annual,2,2022,162.4704,ACFT,K,Approved,2022-10-20 13:28:00
4905121,14905121,4905121 Total (Diversion),Annual,2,2023,143.9939,ACFT,K,Approved,2023-11-30 08:24:00
4905121,14905121,4905121 Total (Diversion),Annual,2,2024,167.0545,ACFT,K,Approved,2024-12-16 07:01:00
4905144,14905144,4905144 Total (Diversion),Annual,1,2011,353.789,ACFT,K,Approved,2013-09-18 14:40:00
4905144,14905144,4905144 Total (Diversion),Annual,1,2012,395.453,ACFT,K,Approved,2013-04-19 00:06:00
4905144,14905144,4905144 Total (Diversion),Annual,1,2013,332.7652,ACFT,K,Approved,2014-03-26 16:10:00
4905144,14905144,4905144 Total (Diversion),Annual,1,2014,340.6065,ACFT,K,Approved,2015-03-30 12:01:00
4905144,14905144,4905144 Total (Diversion),Annual,1,2015,290.1445,ACFT,K,Approved,2016-03-11 08:20:00
4905144,14905144,4905144 Total (Diversion),Annual,1,2016,349.9681,ACFT,K,Approved,2017-03-24 08:51:00
4905144,14905144,4905144 Total (Diversion),Annual,1,2017,228.3352,ACFT,K,Approved,2018-03-09 09:45:00
4905144,14905144,4905144 Total (Diversion),Annual,1,2018,308.906,ACFT,K,Approved,2019-03-12 12:55:00
4905144,14905144,4905144 Total (Diversion),Annual,1,2019,234.916,ACFT,K,Approved,2020-02-27 07:00:00
4905144,14905144,4905144 Total (Diversion),Annual,1,2020,386.304,ACFT,K,Approved,2021-03-11 13:45:00
4905144,14905144,4905144 Total (Diversion),Annual,1,2021,317.738,ACFT,K,Approved,2022-03-03 11:45:00
4905144,14905144,4905144 Total (Diversion),Annual,1,2022,385.057,ACFT,K,Approved,2022-11-30 06:40:00
4905144,14905144,4905144 Total (Diversion),Annual,1,2023,260.259,ACFT,K,Approved,2023-11-28 08:36:00
4905144,14905144,4905144 Total (Diversion),Annual,1,2024,389.815,ACFT,K,Approved,2024-12-03 06:25:00
4905154,14905154,4905154 Total (Diversion),Annual,2,2011,317.6151,ACFT,K,Approved,2013-09-18 14:40:00
4905154,14905154,4905154 Total (Diversion),Annual,2,2012,389.5911,ACFT,K,Approved,2013-04-19 00:17:00
4905154,14905154,4905154 Total (Diversion),Annual,2,2013,271.282,ACFT,K,Approved,2014-03-26 16:10:00
4905154,14905154,4905154 Total (Diversion),Annual,2,2014,252.369,ACFT,K,Approved,2015-03-30 12:01:00
4905154,14905154,4905154 Total (Diversion),Annual,2,2015,162.221,ACFT,K,Approved,2016-03-11 08:20:00
4905154,14905154,4905154 Total (Diversion),Annual,2,2016,220.872,ACFT,K,Approved,2017-03-24 08:51:00
4905154,14905154,4905154 Total (Diversion),Annual,1,2017,148.154,ACFT,K,Approved,2018-03-09 09:45:00
4905154,14905154,4905154 Total (Diversion),Annual,1,2018,179.184,ACFT,K,Approved,2019-03-12 12:55:00
4905154,14905154,4905154 Total (Diversion),Annual,1,2019,164.218,ACFT,K,Approved,2020-02-27 07:00:00
4905154,14905154,4905154 Total (Diversion),Annual,1,2020,220.849,ACFT,K,Approved,2021-03-11 13:45:00
4905154,14905154,4905154 Total (Diversion),Annual,1,2021,239.141,ACFT,K,Approved,2022-03-03 11:45:00
4905154,14905154,4905154 Total (Diversion),Annual,1,2022,363.441,ACFT,K,Approved,2023-09-20 22:19:00
4905154,14905154,4905154 Total (Diversion),Annual,1,2023,0.0,ACFT,K,Approved,2023-12-04 07:30:00
4905154,14905154,4905154 Total (Diversion),Annual,1,2024,0.0,ACFT,K,Approved,2024-11-13 07:42:00
4905154,14905154,4905154 Total (Diversion),Annual,1,2025,0.0,ACFT,K,Provisional,2025-01-26 19:52:00
4905164,14905164,4905164 Total (Diversion),Annual,1,2011,333.778,ACFT,K,Approved,2013-09-18 14:40:00
4905164,14905164,4905164 Total (Diversion),Annual,1,2012,468.601,ACFT,K,Approved,2013-04-19 00:27:00
4905164,14905164,4905164 Total (Diversion),Annual,1,2013,325.236,ACFT,K,Approved,2014-03-26 16:10:00
4905164,14905164,4905164 Total (Diversion),Annual,1,2014,368.955,ACFT,K,Approved,2015-03-30 12:01:00
4905164,14905164,4905164 Total (Diversion),Annual,1,2015,113.01,ACFT,K,Approved,2016-03-11 08:20:00
4905164,14905164,4905164 Total (Diversion),Annual,1,2016,142.443,ACFT,K,Approved,2017-03-24 08:51:00
4905164,14905164,4905164 Total (Diversion),Annual,1,2017,185.131,ACFT,K,Approved,2018-03-09 09:45:00
4905164,14905164,4905164 Total (Diversion),Annual,1,2018,230.284,ACFT,K,Approved,2019-03-12 12:55:00
4905164,14905164,4905164 Total (Diversion),Annual,1,2019,211.927,ACFT,K,Approved,2020-02-27 07:00:00
4905164,14905164,4905164 Total (Diversion),Annual,1,2020,288.623,ACFT,K,Approved,2021-03-11 13:45:00
4905164,14905164,4905164 Total (Diversion),Annual,1,2021,309.504,ACFT,K,Approved,2022-03-03 11:45:00
4905164,14905164,4905164 Total (Diversion),Annual,1,2022,335.444,ACFT,K,Approved,2022-11-28 07:35:00
4905164,14905164,4905164 Total (Diversion),Annual,1,2023,234.108,ACFT,K,Approved,2023-11-21 06:29:00
4905164,14905164,4905164 Total (Diversion),Annual,1,2024,264.91,ACFT,K,Approved,2024-11-13 07:25:00
4905172,14905172,4905172 Total (Diversion),Annual,1,2011,191.763,ACFT,K,Approved,2013-09-18 14:40:00
4905172,14905172,4905172 Total (Diversion),Annual,1,2012,242.335,ACFT,K,Approved,2013-04-19 00:33:00
4905172,14905172,4905172 Total (Diversion),Annual,1,2013,189.763,ACFT,K,Approved,2014-03-26 16:10:00
4905172,14905172,4905172 Total (Diversion),Annual,1,2014,208.601,ACFT,K,Approved,2015-03-30 12:01:00
4905172,14905172,4905172 Total (Diversion),Annual,1,2015,78.792,ACFT,K,Approved,2016-03-11 08:20:00
4905172,14905172,4905172 Total (Diversion),Annual,1,2016,117.786,ACFT,K,Approved,2017-03-24 08:51:00
4905172,14905172,4905172 Total (Diversion),Annual,1,2017,95.048,ACFT,K,Approved,2018-03-09 09:45:00
4905172,14905172,4905172 Total (Diversion),Annual,1,2018,134.205,ACFT,K,Approved,2019-03-12 12:55:00
4905172,14905172,4905172 Total (Diversion),Annual,1,2019,91.285,ACFT,K,Approved,2020-02-27 07:00:00
4905172,14905172,4905172 Total (Diversion),Annual,1,2020,136.859,ACFT,K,Approved,2021-03-11 13:45:00
4905172,14905172,4905172 Total (Diversion),Annual,1,2021,151.432,ACFT,K,Approved,2022-03-03 11:45:00
4905172,14905172,4905172 Total (Diversion),Annual,1,2022,215.481,ACFT,K,Approved,2022-11-18 09:53:00
4905172,14905172,4905172 Total (Diversion),Annual,1,2023,119.93,ACFT,K,Approved,2023-12-04 07:35:00
4905172,14905172,4905172 Total (Diversion),Annual,1,2024,169.661,ACFT,K,Approved,2024-11-13 07:25:00
4905173,14905173,4905173 Total (Diversion),Annual,1,2011,266.341,ACFT,K,Approved,2013-09-18 14:40:00
4905173,14905173,4905173 Total (Diversion),Annual,1,2012,398.38,ACFT,K,Approved,2013-04-19 00:34:00
4905173,14905173,4905173 Total (Diversion),Annual,1,2013,319.078,ACFT,K,Approved,2014-03-26 16:10:00
4905173,14905173,4905173 Total (Diversion),Annual,1,2014,234.917,ACFT,K,Approved,2015-03-30 12:01:00
4905173,14905173,4905173 Total (Diversion),Annual,1,2015,309.575,ACFT,K,Approved,2016-03-11 08:20:00
4905173,14905173,4905173 Total (Diversion),Annual,1,2016,267.627,ACFT,K,Approved,2017-03-24 08:51:00
4905173,14905173,4905173 Total (Diversion),Annual,1,2017,201.616,ACFT,K,Approved,2018-03-09 09:45:00
4905173,14905173,4905173 Total (Diversion),Annual,1,2018,244.659,ACFT,K,Approved,2019-03-12 12:55:00
4905173,14905173,4905173 Total (Diversion),Annual,1,2019,250.78,ACFT,K,Approved,2020-02-27 07:00:00
4905173,14905173,4905173 Total (Diversion),Annual,1,2020,375.803,ACFT,K,Approved,2021-03-11 13:45:00
4905173,14905173,4905173 Total (Diversion),Annual,1,2021,316.3307,ACFT,K,Approved,2022-03-03 11:45:00
4905173,14905173,4905173 Total (Diversion),Annual,1,2022,382.9682,ACFT,K,Approved,2022-12-02 08:19:00
4905173,14905173,4905173 Total (Diversion),Annual,1,2023,281.5384,ACFT,K,Approved,2023-12-05 07:15:00
4905173,14905173,4905173 Total (Diversion),Annual,1,2024,370.1605,ACFT,K,Approved,2024-12-03 06:25:00
4905174,14905174,4905174 Total (Diversion),Annual,1,2011,323.709,ACFT,K,Approved,2013-09-18 14:40:00
4905174,14905174,4905174 Total (Diversion),Annual,1,2012,249.911,ACFT,K,Approved,2013-04-19 00:36:00
4905174,14905174,4905174 Total (Diversion),Annual,1,2013,216.597,ACFT,K,Approved,2014-03-26 16:10:00
4905174,14905174,4905174 Total (Diversion),Annual,1,2014,313.518,ACFT,K,Approved,2015-03-30 12:01:00
4905174,14905174,4905174 Total (Diversion),Annual,1,2015,233.445,ACFT,K,Approved,2016-03-11 08:20:00
4905174,14905174,4905174 Total (Diversion),Annual,1,2016,273.111,ACFT,K,Approved,2017-03-24 08:51:00
4905174,14905174,4905174 Total (Diversion),Annual,1,2017,166.317,ACFT,K,Approved,2018-03-09 09:45:00
4905174,14905174,4905174 Total (Diversion),Annual,1,2018,241.553,ACFT,K,Approved,2019-03-12 12:55:00
4905174,14905174,4905174 Total (Diversion),Annual,1,2019,171.257,ACFT,K,Approved,2020-02-27 07:00:00
4905174,14905174,4905174 Total (Diversion),Annual,1,2020,294.995,ACFT,K,Approved,2021-03-11 13:45:00
4905174,14905174,4905174 Total (Diversion),Annual,1,2021,262.682,ACFT,K,Approved,2022-03-03 11:45:00
4905174,14905174,4905174 Total (Diversion),Annual,1,2022,291.109,ACFT,K,Approved,2022-12-02 08:19:00
4905174,14905174,4905174 Total (Diversion),Annual,1,2023,244.558,ACFT,K,Approved,2023-12-05 07:20:00
4905174,14905174,4905174 Total (Diversion),Annual,1,2024,282.683,ACFT,K,Approved,2024-12-03 06:25:00
4905176,14905176,4905176 Total (Diversion),Annual,1,2011,109.6268,ACFT,K,Approved,2013-09-18 14:40:00
4905176,14905176,4905176 Total (Diversion),Annual,1,2012,144.9712,ACFT,K,Approved,2013-04-19 00:37:00
4905176,14905176,4905176 Total (Diversion),Annual,1,2013,123.8327,ACFT,K,Approved,2014-03-26 16:10:00
4905176,14905176,4905176 Total (Diversion),Annual,1,2014,130.0134,ACFT,K,Approved,2015-03-30 12:01:00
4905176,14905176,4905176 Total (Diversion),Annual,1,2015,138.2718,ACFT,K,Approved,2016-03-11 08:20:00
4905176,14905176,4905176 Total (Diversion),Annual,1,2016,124.4311,ACFT,K,Approved,2017-03-24 08:51:00
4905176,14905176,4905176 Total (Diversion),Annual,1,2017,114.3253,ACFT,K,Approved,2018-03-09 09:45:00
4905176,14905176,4905176 Total (Diversion),Annual,1,2018,92.8645,ACFT,K,Approved,2019-03-12 12:55:00
4905176,14905176,4905176 Total (Diversion),Annual,1,2019,109.8876,ACFT,K,Approved,2020-02-27 07:00:00
4905176,14905176,4905176 Total (Diversion),Annual,1,2020,176.6421,ACFT,K,Approved,2021-03-11 13:45:00
4905176,14905176,4905176 Total (Diversion),Annual,1,2021,134.7763,ACFT,K,Approved,2022-03-03 11:45:00
4905176,14905176,4905176 Total (Diversion),Annual,1,2022,143.5533,ACFT,K,Approved,2022-12-29 07:04:00
4905176,14905176,4905176 Total (Diversion),Annual,1,2023,152.2444,ACFT,K,Approved,2023-12-14 09:45:00
4905176,14905176,4905176 Total (Diversion),Annual,1,2024,123.581,ACFT,K,Approved,2024-12-23 09:30:00
4905177,14905177,4905177 Total (Diversion),Annual,1,2011,140.5046,ACFT,K,Approved,2013-09-18 14:40:00
4905177,14905177,4905177 Total (Diversion),Annual,1,2012,141.2647,ACFT,K,Approved,2013-04-19 00:38:00
4905177,14905177,4905177 Total (Diversion),Annual,1,2013,90.8352,ACFT,K,Approved,2014-03-26 16:10:00
4905177,14905177,4905177 Total (Diversion),Annual,1,2014,81.8933,ACFT,K,Approved,2015-03-30 12:01:00
4905177,14905177,4905177 Total (Diversion),Annual,1,2015,66.6931,ACFT,K,Approved,2016-03-11 08:20:00
4905177,14905177,4905177 Total (Diversion),Annual,1,2016,64.4773,ACFT,K,Approved,2017-03-24 08:51:00
4905177,14905177,4905177 Total (Diversion),Annual,1,2017,36.6824,ACFT,K,Approved,2018-03-09 09:45:00
4905177,14905177,4905177 Total (Diversion),Annual,1,2018,54.8042,ACFT,K,Approved,2019-03-12 12:55:00
4905177,14905177,4905177 Total (Diversion),Annual,1,2019,52.2754,ACFT,K,Approved,2020-02-27 07:00:00
4905177,14905177,4905177 Total (Diversion),Annual,1,2020,56.2189,ACFT,K,Approved,2021-03-11 13:45:00
4905177,14905177,4905177 Total (Diversion),Annual,1,2021,40.2025,ACFT,K,Approved,2022-03-03 11:45:00
4905177,14905177,4905177 Total (Diversion),Annual,1,2022,0.5217,ACFT,K,Approved,2022-12-29 11:47:00
4905177,14905177,4905177 Total (Diversion),Annual,1,2023,9.8235,ACFT,K,Approved,2023-12-14 09:34:00
4905177,14905177,4905177 Total (Diversion),Annual,1,2024,9.5442,ACFT,K,Approved,2024-12-23 09:29:00
4905192,14905192,4905192 Total (Diversion),Annual,1,2011,236.378,ACFT,K,Approved,2013-09-18 14:40:00
4905192,14905192,4905192 Total (Diversion),Annual,1,2012,241.328,ACFT,K,Approved,2013-04-19 00:51:00
4905192,14905192,4905192 Total (Diversion),Annual,1,2013,155.921,ACFT,K,Approved,2014-03-26 16:10:00
4905192,14905192,4905192 Total (Diversion),Annual,1,2014,118.206,ACFT,K,Approved,2015-03-30 12:01:00
4905192,14905192,4905192 Total (Diversion),Annual,1,2015,166.143,ACFT,K,Approved,2016-03-11 08:20:00
4905192,14905192,4905192 Total (Diversion),Annual,1,2016,87.729,ACFT,K,Approved,2017-03-24 08:51:00
4905192,14905192,4905192 Total (Diversion),Annual,1,2017,145.799,ACFT,K,Approved,2018-03-09 09:45:00
4905192,14905192,4905192 Total (Diversion),Annual,1,2018,146.555,ACFT,K,Approved,2019-03-12 12:55:00
4905192,14905192,4905192 Total (Diversion),Annual,1,2019,154.047,ACFT,K,Approved,2020-02-27 07:00:00
4905192,14905192,4905192 Total (Diversion),Annual,1,2020,268.58,ACFT,K,Approved,2021-03-11 13:45:00
4905192,14905192,4905192 Total (Diversion),Annual,1,2021,229.416,ACFT,K,Approved,2022-03-03 11:45:00
4905192,14905192,4905192 Total (Diversion),Annual,1,2022,200.973,ACFT,K,Approved,2022-12-13 06:58:00
4905192,14905192,4905192 Total (Diversion),Annual,1,2023,135.888,ACFT,K,Approved,2023-12-01 09:55:00
4905192,14905192,4905192 Total (Diversion),Annual,1,2024,161.377,ACFT,K,Approved,2024-12-05 11:34:00
4905253,14905253,4905253 Total (Diversion),Annual,1,2011,162.497,ACFT,K,Approved,2013-09-18 14:40:00
4905253,14905253,4905253 Total (Diversion),Annual,1,2012,172.425,ACFT,K,Approved,2013-04-19 01:42:00
4905253,14905253,4905253 Total (Diversion),Annual,1,2013,187.034,ACFT,K,Approved,2014-03-26 16:10:00
4905253,14905253,4905253 Total (Diversion),Annual,1,2014,172.576,ACFT,K,Approved,2015-03-30 12:01:00
4905253,14905253,4905253 Total (Diversion),Annual,1,2015,91.228,ACFT,K,Approved,2016-03-11 08:20:00
4905253,14905253,4905253 Total (Diversion),Annual,1,2016,154.2909,ACFT,K,Approved,2017-03-24 08:51:00
4905253,14905253,4905253 Total (Diversion),Annual,1,2017,82.5151,ACFT,K,Approved,2018-03-09 09:45:00
4905253,14905253,4905253 Total (Diversion),Annual,1,2018,77.7252,ACFT,K,Approved,2019-03-12 12:55:00
4905253,14905253,4905253 Total (Diversion),Annual,1,2019,112.4488,ACFT,K,Approved,2020-02-27 07:00:00
4905253,14905253,4905253 Total (Diversion),Annual,1,2020,165.3305,ACFT,K,Approved,2021-03-11 13:45:00
4905253,14905253,4905253 Total (Diversion),Annual,1,2021,170.6544,ACFT,K,Approved,2022-03-03 11:45:00
4905253,14905253,4905253 Total (Diversion),Annual,1,2022,166.8173,ACFT,K,Approved,2022-12-07 06:52:00
4905253,14905253,4905253 Total (Diversion),Annual,1,2023,99.4732,ACFT,K,Approved,2023-12-01 09:55:00
4905253,14905253,4905253 Total (Diversion),Annual,1,2024,90.9028,ACFT,K,Approved,2024-12-03 06:23:00
4905263,14905263,4905263 Total (Diversion),Annual,1,2011,202.93,ACFT,K,Approved,2013-09-18 14:40:00
4905263,14905263,4905263 Total (Diversion),Annual,1,2012,270.165,ACFT,K,Approved,2013-04-19 01:51:00
4905263,14905263,4905263 Total (Diversion),Annual,1,2013,194.262,ACFT,K,Approved,2014-03-26 16:10:00
4905263,14905263,4905263 Total (Diversion),Annual,1,2014,187.267,ACFT,K,Approved,2015-03-30 12:01:00
4905263,14905263,4905263 Total (Diversion),Annual,1,2015,152.105,ACFT,K,Approved,2016-03-11 08:20:00
4905263,14905263,4905263 Total (Diversion),Annual,1,2016,146.86,ACFT,K,Approved,2017-03-24 08:51:00
4905263,14905263,4905263 Total (Diversion),Annual,1,2017,125.443,ACFT,K,Approved,2018-03-09 09:45:00
4905263,14905263,4905263 Total (Diversion),Annual,1,2018,126.317,ACFT,K,Approved,2019-03-12 12:55:00
4905263,14905263,4905263 Total (Diversion),Annual,1,2019,109.455,ACFT,K,Approved,2020-02-27 07:00:00
4905263,14905263,4905263 Total (Diversion),Annual,1,2020,145.728,ACFT,K,Approved,2021-03-11 13:45:00
4905263,14905263,4905263 Total (Diversion),Annual,1,2021,110.204,ACFT,K,Approved,2022-03-03 11:45:00
4905263,14905263,4905263 Total (Diversion),Annual,1,2022,146.508,ACFT,K,Approved,2022-11-28 07:29:00
4905263,14905263,4905263 Total (Diversion),Annual,1,2023,40.928,ACFT,K,Approved,2023-12-04 07:35:00
4905263,14905263,4905263 Total (Diversion),Annual,1,2024,117.811,ACFT,K,Approved,2024-11-26 08:21:00
4905265,14905265,4905265 Total (Diversion),Annual,1,2011,157.437,ACFT,K,Approved,2013-09-18 14:40:00
4905265,14905265,4905265 Total (Diversion),Annual,1,2012,201.95,ACFT,K,Approved,2013-04-19 01:52:00
4905265,14905265,4905265 Total (Diversion),Annual,1,2013,186.637,ACFT,K,Approved,2014-03-26 16:10:00
4905265,14905265,4905265 Total (Diversion),Annual,1,2014,176.66,ACFT,K,Approved,2015-03-30 12:01:00
4905265,14905265,4905265 Total (Diversion),Annual,1,2015,128.053,ACFT,K,Approved,2016-03-11 08:20:00
4905265,14905265,4905265 Total (Diversion),Annual,1,2016,125.54,ACFT,K,Approved,2017-03-24 08:51:00
4905265,14905265,4905265 Total (Diversion),Annual,1,2017,120.25,ACFT,K,Approved,2018-03-09 09:45:00
4905265,14905265,4905265 Total (Diversion),Annual,1,2018,128.191,ACFT,K,Approved,2019-03-12 12:55:00
4905265,14905265,4905265 Total (Diversion),Annual,1,2019,119.359,ACFT,K,Approved,2020-02-27 07:00:00
4905265,14905265,4905265 Total (Diversion),Annual,1,2020,159.567,ACFT,K,Approved,2021-03-11 13:45:00
4905265,14905265,4905265 Total (Diversion),Annual,1,2021,116.179,ACFT,K,Approved,2022-03-03 11:45:00
4905265,14905265,4905265 Total (Diversion),Annual,1,2022,153.105,ACFT,K,Approved,2022-11-28 07:29:00
4905265,14905265,4905265 Total (Diversion),Annual,1,2023,126.115,ACFT,K,Approved,2023-12-04 07:35:00
4905265,14905265,4905265 Total (Diversion),Annual,1,2024,42.529,ACFT,K,Approved,2024-11-27 12:03:00
4905266,14905266,4905266 Total (Diversion),Annual,1,2011,152.061,ACFT,K,Approved,2013-09-18 14:40:00
4905266,14905266,4905266 Total (Diversion),Annual,1,2012,208.893,ACFT,K,Approved,2013-04-19 01:53:00
4905266,14905266,4905266 Total (Diversion),Annual,1,2013,167.324,ACFT,K,Approved,2014-03-26 16:10:00
4905266,14905266,4905266 Total (Diversion),Annual,1,2014,162.189,ACFT,K,Approved,2015-03-30 12:01:00
4905266,14905266,4905266 Total (Diversion),Annual,1,2015,144.697,ACFT,K,Approved,2016-03-11 08:20:00
4905266,14905266,4905266 Total (Diversion),Annual,1,2016,127.81,ACFT,K,Approved,2017-03-24 08:51:00
4905266,14905266,4905266 Total (Diversion),Annual,1,2017,117.589,ACFT,K,Approved,2018-03-09 09:45:00
4905266,14905266,4905266 Total (Diversion),Annual,1,2018,84.611,ACFT,K,Approved,2019-03-12 12:55:00
4905266,14905266,4905266 Total (Diversion),Annual,1,2019,0.06,ACFT,K,Approved,2020-02-27 07:00:00
4905266,14905266,4905266 Total (Diversion),Annual,1,2020,143.869,ACFT,K,Approved,2021-03-11 13:45:00
4905266,14905266,4905266 Total (Diversion),Annual,1,2021,109.349,ACFT,K,Approved,2022-03-03 11:45:00
4905266,14905266,4905266 Total (Diversion),Annual,1,2022,252.527,ACFT,K,Approved,2022-11-28 07:29:00
4905266,14905266,4905266 Total (Diversion),Annual,1,2023,245.328,ACFT,K,Approved,2023-12-04 07:36:00
4905266,14905266,4905266 Total (Diversion),Annual,1,2024,216.202,ACFT,K,Approved,2024-11-26 08:23:00
4905294,14905294,4905294 Total (Diversion),Annual,1,2011,8.8323,ACFT,K,Approved,2013-09-18 14:40:00
4905294,14905294,4905294 Total (Diversion),Annual,1,2012,49.7589,ACFT,K,Approved,2013-04-19 02:20:00
4905294,14905294,4905294 Total (Diversion),Annual,1,2013,41.8074,ACFT,K,Approved,2014-03-26 16:10:00
4905294,14905294,4905294 Total (Diversion),Annual,1,2014,11.0879,ACFT,K,Approved,2015-03-30 12:01:00
4905294,14905294,4905294 Total (Diversion),Annual,1,2015,1.1416,ACFT,K,Approved,2016-03-11 08:20:00
4905294,14905294,4905294 Total (Diversion),Annual,1,2016,2.2035,ACFT,K,Approved,2017-03-24 08:51:00
4905294,14905294,4905294 Total (Diversion),Annual,1,2017,0.8593,ACFT,K,Approved,2018-03-09 09:45:00
4905294,14905294,4905294 Total (Diversion),Annual,1,2018,57.344,ACFT,K,Approved,2019-03-12 12:55:00
4905294,14905294,4905294 Total (Diversion),Annual,1,2019,85.7826,ACFT,K,Approved,2020-02-27 07:00:00
4905294,14905294,4905294 Total (Diversion),Annual,1,2020,95.9589,ACFT,K,Approved,2021-03-11 13:45:00
4905294,14905294,4905294 Total (Diversion),Annual,1,2021,96.342,ACFT,K,Approved,2022-03-03 11:45:00
4905294,14905294,4905294 Total (Diversion),Annual,1,2022,86.1759,ACFT,K,Approved,2022-11-08 06:59:00
4905294,14905294,4905294 Total (Diversion),Annual,1,2023,88.4919,ACFT,K,Approved,2023-11-16 07:40:00
4905294,14905294,4905294 Total (Diversion),Annual,1,2024,87.3779,ACFT,K,Approved,2024-10-22 08:06:00
4905308,14905308,4905308 Total (Diversion),Annual,1,2011,388.888,ACFT,K,Approved,2013-09-18 14:40:00
4905308,14905308,4905308 Total (Diversion),Annual,1,2012,473.704,ACFT,K,Approved,2013-04-19 02:33:00
4905308,14905308,4905308 Total (Diversion),Annual,1,2013,240.286,ACFT,K,Approved,2014-03-26 16:10:00
4905308,14905308,4905308 Total (Diversion),Annual,1,2014,277.234,ACFT,K,Approved,2015-03-30 12:01:00
4905308,14905308,4905308 Total (Diversion),Annual,1,2015,250.36,ACFT,K,Approved,2016-03-11 08:20:00
4905308,14905308,4905308 Total (Diversion),Annual,1,2016,276.887,ACFT,K,Approved,2017-03-24 08:51:00
4905308,14905308,4905308 Total (Diversion),Annual,1,2017,176.421,ACFT,K,Approved,2018-03-09 09:45:00
4905308,14905308,4905308 Total (Diversion),Annual,1,2018,241.511,ACFT,K,Approved,2019-03-12 12:55:00
4905308,14905308,4905308 Total (Diversion),Annual,1,2019,204.47,ACFT,K,Approved,2020-02-27 07:00:00
4905308,14905308,4905308 Total (Diversion),Annual,1,2020,361.356,ACFT,K,Approved,2021-03-11 13:45:00
4905308,14905308,4905308 Total (Diversion),Annual,1,2021,320.807,ACFT,K,Approved,2022-03-03 11:45:00
4905308,14905308,4905308 Total (Diversion),Annual,1,2022,341.236,ACFT,K,Approved,2022-11-28 07:07:00
4905308,14905308,4905308 Total (Diversion),Annual,1,2023,333.053,ACFT,K,Approved,2023-11-27 07:41:00
4905308,14905308,4905308 Total (Diversion),Annual,1,2024,378.747,ACFT,K,Approved,2024-11-18 07:20:00
4905378,14905378,4905378 Total (Diversion),Annual,1,2011,244.175,ACFT,K,Approved,2013-09-18 14:40:00
4905378,14905378,4905378 Total (Diversion),Annual,1,2012,285.886,ACFT,K,Approved,2013-04-19 03:43:00
4905378,14905378,4905378 Total (Diversion),Annual,1,2013,194.169,ACFT,K,Approved,2014-03-26 16:10:00
4905378,14905378,4905378 Total (Diversion),Annual,1,2014,17.085,ACFT,K,Approved,2015-03-30 12:01:00
4905378,14905378,4905378 Total (Diversion),Annual,1,2015,88.848,ACFT,K,Approved,2016-03-11 08:20:00
4905378,14905378,4905378 Total (Diversion),Annual,1,2016,133.106,ACFT,K,Approved,2017-03-24 08:51:00
4905378,14905378,4905378 Total (Diversion),Annual,1,2017,77.837,ACFT,K,Approved,2018-03-09 09:45:00
4905378,14905378,4905378 Total (Diversion),Annual,1,2018,124.477,ACFT,K,Approved,2019-03-12 12:55:00
4905378,14905378,4905378 Total (Diversion),Annual,1,2019,167.006,ACFT,K,Approved,2020-02-27 07:00:00
4905378,14905378,4905378 Total (Diversion),Annual,1,2020,160.469,ACFT,K,Approved,2021-03-11 13:45:00
4905378,14905378,4905378 Total (Diversion),Annual,1,2021,228.808,ACFT,K,Approved,2022-03-03 11:45:00
4905378,14905378,4905378 Total (Diversion),Annual,1,2022,242.53,ACFT,K,Approved,2022-11-28 12:07:00
4905378,14905378,4905378 Total (Diversion),Annual,1,2023,176.223,ACFT,K,Approved,2023-12-04 07:35:00
4905378,14905378,4905378 Total (Diversion),Annual,1,2024,289.908,ACFT,K,Approved,2024-12-16 11:54:00
4905380,14905380,4905380 Total (Diversion),Annual,1,2011,232.014,ACFT,K,Approved,2013-09-18 14:40:00
4905380,14905380,4905380 Total (Diversion),Annual,1,2012,273.575,ACFT,K,Approved,2013-04-19 03:46:00
4905380,14905380,4905380 Total (Diversion),Annual,1,2013,184.504,ACFT,K,Approved,2014-03-26 16:10:00
4905380,14905380,4905380 Total (Diversion),Annual,1,2014,194.185,ACFT,K,Approved,2015-03-30 12:01:00
4905380,14905380,4905380 Total (Diversion),Annual,1,2015,93.359,ACFT,K,Approved,2016-03-11 08:20:00
4905380,14905380,4905380 Total (Diversion),Annual,1,2016,129.701,ACFT,K,Approved,2017-03-24 08:51:00
4905380,14905380,4905380 Total (Diversion),Annual,1,2017,75.838,ACFT,K,Approved,2018-03-09 09:45:00
4905380,14905380,4905380 Total (Diversion),Annual,1,2018,113.459,ACFT,K,Approved,2019-03-12 12:55:00
4905380,14905380,4905380 Total (Diversion),Annual,1,2019,137.293,ACFT,K,Approved,2020-02-27 07:00:00
4905380,14905380,4905380 Total (Diversion),Annual,1,2020,219.924,ACFT,K,Approved,2021-03-11 13:45:00
4905380,14905380,4905380 Total (Diversion),Annual,1,2021,187.223,ACFT,K,Approved,2022-03-03 11:45:00
4905380,14905380,4905380 Total (Diversion),Annual,1,2022,215.024,ACFT,K,Approved,2022-11-28 12:07:00
4905380,14905380,4905380 Total (Diversion),Annual,1,2023,149.151,ACFT,K,Approved,2023-12-04 07:35:00
4905380,14905380,4905380 Total (Diversion),Annual,1,2024,256.533,ACFT,K,Approved,2024-12-16 11:54:00
4905381,14905381,4905381 Total (Diversion),Annual,1,2011,66.864,ACFT,K,Approved,2013-09-18 14:40:00
4905381,14905381,4905381 Total (Diversion),Annual,1,2012,204.332,ACFT,K,Approved,2013-04-19 03:47:00
4905381,14905381,4905381 Total (Diversion),Annual,1,2013,110.47,ACFT,K,Approved,2014-03-26 16:10:00
4905381,14905381,4905381 Total (Diversion),Annual,1,2014,54.602,ACFT,K,Approved,2015-03-30 12:01:00
4905381,14905381,4905381 Total (Diversion),Annual,1,2015,153.504,ACFT,K,Approved,2016-03-11 08:20:00
4905381,14905381,4905381 Total (Diversion),Annual,1,2016,144.018,ACFT,K,Approved,2017-03-24 08:51:00
4905381,14905381,4905381 Total (Diversion),Annual,1,2017,109.182,ACFT,K,Approved,2018-03-09 09:45:00
4905381,14905381,4905381 Total (Diversion),Annual,1,2018,135.661,ACFT,K,Approved,2019-03-12 12:55:00
4905381,14905381,4905381 Total (Diversion),Annual,1,2019,157.185,ACFT,K,Approved,2020-02-27 07:00:00
4905381,14905381,4905381 Total (Diversion),Annual,1,2020,192.298,ACFT,K,Approved,2021-03-11 13:45:00
4905381,14905381,4905381 Total (Diversion),Annual,1,2021,170.545,ACFT,K,Approved,2022-03-03 11:45:00
4905381,14905381,4905381 Total (Diversion),Annual,1,2022,213.199,ACFT,K,Approved,2022-11-14 07:36:00
4905381,14905381,4905381 Total (Diversion),Annual,1,2023,132.684,ACFT,K,Approved,2023-11-17 06:09:00
4905381,14905381,4905381 Total (Diversion),Annual,1,2024,2.689,ACFT,K,Approved,2024-12-05 08:05:00
4905382,14905382,4905382 Total (Diversion),Annual,1,2011,243.396,ACFT,K,Approved,2013-09-18 14:40:00
4905382,14905382,4905382 Total (Diversion),Annual,1,2012,278.672,ACFT,K,Approved,2013-04-19 03:49:00
4905382,14905382,4905382 Total (Diversion),Annual,1,2013,273.458,ACFT,K,Approved,2014-03-26 16:10:00
4905382,14905382,4905382 Total (Diversion),Annual,1,2014,286.517,ACFT,K,Approved,2015-03-30 12:01:00
4905382,14905382,4905382 Total (Diversion),Annual,1,2015,242.663,ACFT,K,Approved,2016-03-11 08:20:00
4905382,14905382,4905382 Total (Diversion),Annual,1,2016,241.863,ACFT,K,Approved,2017-03-24 08:51:00
4905382,14905382,4905382 Total (Diversion),Annual,1,2017,258.836,ACFT,K,Approved,2018-03-09 09:45:00
4905382,14905382,4905382 Total (Diversion),Annual,1,2018,227.13,ACFT,K,Approved,2019-03-12 12:55:00
4905382,14905382,4905382 Total (Diversion),Annual,1,2019,205.564,ACFT,K,Approved,2020-02-27 07:00:00
4905382,14905382,4905382 Total (Diversion),Annual,1,2020,283.299,ACFT,K,Approved,2021-03-11 13:45:00
4905382,14905382,4905382 Total (Diversion),Annual,1,2021,246.898,ACFT,K,Approved,2022-03-03 11:45:00
4905382,14905382,4905382 Total (Diversion),Annual,1,2022,293.814,ACFT,K,Approved,2022-11-28 07:07:00
4905382,14905382,4905382 Total (Diversion),Annual,1,2023,282.468,ACFT,K,Approved,2023-11-27 07:40:00
4905382,14905382,4905382 Total (Diversion),Annual,1,2024,317.323,ACFT,K,Approved,2024-11-18 07:19:00
4905475,14905475,4905475 Total (Diversion),Annual,1,2011,235.188,ACFT,K,Approved,2013-09-18 14:40:00
4905475,14905475,4905475 Total (Diversion),Annual,1,2012,286.113,ACFT,K,Approved,2013-04-19 04:15:00
4905475,14905475,4905475 Total (Diversion),Annual,1,2013,299.95,ACFT,K,Approved,2014-03-26 16:10:00
4905475,14905475,4905475 Total (Diversion),Annual,1,2014,228.563,ACFT,K,Approved,2015-03-30 12:01:00
4905475,14905475,4905475 Total (Diversion),Annual,1,2015,121.469,ACFT,K,Approved,2016-03-11 08:20:00
4905475,14905475,4905475 Total (Diversion),Annual,1,2016,213.027,ACFT,K,Approved,2017-03-24 08:51:00
4905475,14905475,4905475 Total (Diversion),Annual,1,2017,183.549,ACFT,K,Approved,2018-03-09 09:45:00
4905475,14905475,4905475 Total (Diversion),Annual,1,2018,226.521,ACFT,K,Approved,2019-03-12 12:55:00
4905475,14905475,4905475 Total (Diversion),Annual,1,2019,177.183,ACFT,K,Approved,2020-02-27 07:00:00
4905475,14905475,4905475 Total (Diversion),Annual,1,2020,235.593,ACFT,K,Approved,2021-03-11 13:45:00
4905475,14905475,4905475 Total (Diversion),Annual,1,2021,198.488,ACFT,K,Approved,2022-03-03 11:45:00
4905475,14905475,4905475 Total (Diversion),Annual,1,2022,240.437,ACFT,K,Approved,2022-11-14 07:36:00
4905475,14905475,4905475 Total (Diversion),Annual,1,2023,225.794,ACFT,K,Approved,2023-11-17 06:09:00
4905475,14905475,4905475 Total (Diversion),Annual,1,2024,245.78,ACFT,K,Approved,2024-11-21 07:40:00
4905476,14905476,4905476 Total (Diversion),Annual,1,2011,0.2787,ACFT,K,Approved,2013-09-18 14:40:00
4905476,14905476,4905476 Total (Diversion),Annual,1,2012,0.0,ACFT,K,Approved,2013-04-19 04:15:00
4905476,14905476,4905476 Total (Diversion),Annual,1,2013,90.1159,ACFT,K,Approved,2014-03-26 16:10:00
4905476,14905476,4905476 Total (Diversion),Annual,1,2014,93.4178,ACFT,K,Approved,2015-03-30 12:01:00
4905476,14905476,4905476 Total (Diversion),Annual,1,2015,65.0821,ACFT,K,Approved,2016-03-11 08:20:00
4905476,14905476,4905476 Total (Diversion),Annual,1,2016,4.3716,ACFT,K,Approved,2017-03-24 08:51:00
4905476,14905476,4905476 Total (Diversion),Annual,1,2017,49.7082,ACFT,K,Approved,2018-03-09 09:45:00
4905476,14905476,4905476 Total (Diversion),Annual,1,2018,68.5119,ACFT,K,Approved,2019-03-12 12:55:00
4905476,14905476,4905476 Total (Diversion),Annual,1,2019,77.5205,ACFT,K,Approved,2020-02-27 07:00:00
4905476,14905476,4905476 Total (Diversion),Annual,1,2020,50.2137,ACFT,K,Approved,2021-03-11 13:45:00
4905476,14905476,4905476 Total (Diversion),Annual,1,2021,77.6365,ACFT,K,Approved,2022-03-03 11:45:00
4905476,14905476,4905476 Total (Diversion),Annual,1,2022,94.1624,ACFT,K,Approved,2022-11-14 07:36:00
4905476,14905476,4905476 Total (Diversion),Annual,1,2023,98.7993,ACFT,K,Approved,2023-11-14 09:57:00
4905476,14905476,4905476 Total (Diversion),Annual,1,2024,17.9134,ACFT,K,Approved,2024-11-21 07:37:00
4905477,14905477,4905477 Total (Diversion),Annual,1,2011,263.217,ACFT,K,Approved,2013-09-18 14:40:00
4905477,14905477,4905477 Total (Diversion),Annual,1,2012,284.499,ACFT,K,Approved,2013-04-19 04:16:00
4905477,14905477,4905477 Total (Diversion),Annual,1,2013,171.52,ACFT,K,Approved,2014-03-26 16:10:00
4905477,14905477,4905477 Total (Diversion),Annual,1,2014,218.269,ACFT,K,Approved,2015-03-30 12:01:00
4905477,14905477,4905477 Total (Diversion),Annual,1,2015,155.335,ACFT,K,Approved,2016-03-11 08:20:00
4905477,14905477,4905477 Total (Diversion),Annual,1,2016,188.19,ACFT,K,Approved,2017-03-24 08:51:00
4905477,14905477,4905477 Total (Diversion),Annual,1,2017,94.08,ACFT,K,Approved,2018-03-09 09:45:00
4905477,14905477,4905477 Total (Diversion),Annual,1,2018,212.068,ACFT,K,Approved,2019-03-12 12:55:00
4905477,14905477,4905477 Total (Diversion),Annual,1,2019,178.16,ACFT,K,Approved,2020-02-27 07:00:00
4905477,14905477,4905477 Total (Diversion),Annual,1,2020,245.403,ACFT,K,Approved,2021-03-11 13:45:00
4905477,14905477,4905477 Total (Diversion),Annual,1,2021,175.577,ACFT,K,Approved,2022-03-03 11:45:00
4905477,14905477,4905477 Total (Diversion),Annual,1,2022,201.881,ACFT,K,Approved,2022-11-18 09:53:00
4905477,14905477,4905477 Total (Diversion),Annual,1,2023,179.41,ACFT,K,Approved,2023-11-13 06:23:00
4905477,14905477,4905477 Total (Diversion),Annual,1,2024,224.309,ACFT,K,Approved,2024-11-14 06:21:00
4905478,14905478,4905478 Total (Diversion),Annual,1,2011,121.8812,ACFT,K,Approved,2013-12-13 09:44:00
4905478,14905478,4905478 Total (Diversion),Annual,1,2012,80.8036,ACFT,K,Approved,2013-12-12 16:38:00
4905478,14905478,4905478 Total (Diversion),Annual,1,2013,72.0027,ACFT,K,Approved,2014-03-26 16:10:00
4905478,14905478,4905478 Total (Diversion),Annual,1,2014,84.9373,ACFT,K,Approved,2015-03-30 12:01:00
4905478,14905478,4905478 Total (Diversion),Annual,1,2015,287.6405,ACFT,K,Approved,2016-03-11 08:20:00
4905478,14905478,4905478 Total (Diversion),Annual,1,2016,63.5921,ACFT,K,Approved,2017-03-24 08:51:00
4905478,14905478,4905478 Total (Diversion),Annual,1,2017,84.4743,ACFT,K,Approved,2018-03-09 09:45:00
4905478,14905478,4905478 Total (Diversion),Annual,1,2018,84.5589,ACFT,K,Approved,2019-03-12 12:55:00
4905478,14905478,4905478 Total (Diversion),Annual,1,2019,85.0893,ACFT,K,Approved,2020-02-27 07:00:00
4905478,14905478,4905478 Total (Diversion),Annual,1,2020,109.5946,ACFT,K,Approved,2021-03-11 13:45:00
4905478,14905478,4905478 Total (Diversion),Annual,1,2021,106.3518,ACFT,K,Approved,2022-03-03 11:45:00
4905478,14905478,4905478 Total (Diversion),Annual,1,2022,134.6638,ACFT,K,Approved,2022-12-06 07:34:00
4905478,14905478,4905478 Total (Diversion),Annual,1,2023,116.2927,ACFT,K,Approved,2023-12-14 08:59:00
4905478,14905478,4905478 Total (Diversion),Annual,1,2024,79.8433,ACFT,K,Approved,2024-12-12 10:28:00
4905482,14905482,4905482 Total (Diversion),Annual,1,2011,278.464,ACFT,K,Approved,2013-09-18 14:40:00
4905482,14905482,4905482 Total (Diversion),Annual,1,2012,282.841,ACFT,K,Approved,2013-04-19 04:17:00
4905482,14905482,4905482 Total (Diversion),Annual,1,2013,257.66,ACFT,K,Approved,2014-03-26 16:10:00
4905482,14905482,4905482 Total (Diversion),Annual,1,2014,264.846,ACFT,K,Approved,2015-03-30 12:01:00
4905482,14905482,4905482 Total (Diversion),Annual,1,2015,235.161,ACFT,K,Approved,2016-03-11 08:20:00
4905482,14905482,4905482 Total (Diversion),Annual,1,2016,219.436,ACFT,K,Approved,2017-03-24 08:51:00
4905482,14905482,4905482 Total (Diversion),Annual,1,2017,196.306,ACFT,K,Approved,2018-03-09 09:45:00
4905482,14905482,4905482 Total (Diversion),Annual,1,2018,146.896,ACFT,K,Approved,2019-03-12 12:55:00
4905482,14905482,4905482 Total (Diversion),Annual,1,2019,122.24,ACFT,K,Approved,2020-02-27 07:00:00
4905482,14905482,4905482 Total (Diversion),Annual,1,2020,232.718,ACFT,K,Approved,2021-03-11 13:45:00
4905482,14905482,4905482 Total (Diversion),Annual,1,2021,223.968,ACFT,K,Approved,2022-03-03 11:45:00
4905482,14905482,4905482 Total (Diversion),Annual,1,2022,226.691,ACFT,K,Approved,2022-11-28 07:07:00
4905482,14905482,4905482 Total (Diversion),Annual,1,2023,194.196,ACFT,K,Approved,2023-11-27 07:40:00
4905482,14905482,4905482 Total (Diversion),Annual,1,2024,0.0,ACFT,K,Approved,2024-10-10 12:34:00
4905483,14905483,4905483 Total (Diversion),Annual,1,2011,204.793,ACFT,K,Approved,2013-09-18 14:40:00
4905483,14905483,4905483 Total (Diversion),Annual,1,2012,204.604,ACFT,K,Approved,2013-04-19 04:17:00
4905483,14905483,4905483 Total (Diversion),Annual,1,2013,185.045,ACFT,K,Approved,2014-03-26 16:10:00
4905483,14905483,4905483 Total (Diversion),Annual,1,2014,176.643,ACFT,K,Approved,2015-03-30 12:01:00
4905483,14905483,4905483 Total (Diversion),Annual,1,2015,191.648,ACFT,K,Approved,2016-03-11 08:20:00
4905483,14905483,4905483 Total (Diversion),Annual,1,2016,193.691,ACFT,K,Approved,2017-03-24 08:51:00
4905483,14905483,4905483 Total (Diversion),Annual,1,2017,182.036,ACFT,K,Approved,2018-03-09 09:45:00
4905483,14905483,4905483 Total (Diversion),Annual,1,2018,159.081,ACFT,K,Approved,2019-03-12 12:55:00
4905483,14905483,4905483 Total (Diversion),Annual,1,2019,105.833,ACFT,K,Approved,2020-02-27 07:00:00
4905483,14905483,4905483 Total (Diversion),Annual,1,2020,185.957,ACFT,K,Approved,2021-03-11 13:45:00
4905483,14905483,4905483 Total (Diversion),Annual,1,2021,199.35,ACFT,K,Approved,2022-03-03 11:45:00
4905483,14905483,4905483 Total (Diversion),Annual,1,2022,200.372,ACFT,K,Approved,2022-12-01 07:33:00
4905483,14905483,4905483 Total (Diversion),Annual,1,2023,158.536,ACFT,K,Approved,2023-12-04 07:35:00
4905483,14905483,4905483 Total (Diversion),Annual,1,2024,0.0,ACFT,K,Approved,2024-10-10 12:34:00
4905488,14905488,4905488 Total (Diversion),Annual,1,2011,235.758,ACFT,K,Approved,2013-09-18 14:40:00
4905488,14905488,4905488 Total (Diversion),Annual,1,2012,236.154,ACFT,K,Approved,2013-04-19 04:18:00
4905488,14905488,4905488 Total (Diversion),Annual,1,2013,196.741,ACFT,K,Approved,2014-03-26 16:10:00
4905488,14905488,4905488 Total (Diversion),Annual,1,2014,194.929,ACFT,K,Approved,2015-03-30 12:01:00
4905488,14905488,4905488 Total (Diversion),Annual,1,2015,130.564,ACFT,K,Approved,2016-03-11 08:20:00
4905488,14905488,4905488 Total (Diversion),Annual,1,2016,176.092,ACFT,K,Approved,2017-03-24 08:51:00
4905488,14905488,4905488 Total (Diversion),Annual,1,2017,169.567,ACFT,K,Approved,2018-03-09 09:45:00
4905488,14905488,4905488 Total (Diversion),Annual,1,2018,149.283,ACFT,K,Approved,2019-03-12 12:55:00
4905488,14905488,4905488 Total (Diversion),Annual,1,2019,102.513,ACFT,K,Approved,2020-02-27 07:00:00
4905488,14905488,4905488 Total (Diversion),Annual,1,2020,198.713,ACFT,K,Approved,2021-03-11 13:45:00
4905488,14905488,4905488 Total (Diversion),Annual,1,2021,75.315,ACFT,K,Approved,2022-03-03 11:45:00
4905488,14905488,4905488 Total (Diversion),Annual,1,2022,205.817,ACFT,K,Approved,2022-12-01 07:33:00
4905488,14905488,4905488 Total (Diversion),Annual,1,2023,142.023,ACFT,K,Approved,2023-12-01 09:55:00
4905488,14905488,4905488 Total (Diversion),Annual,1,2024,196.444,ACFT,K,Approved,2024-12-10 06:15:00
4905491,14905491,4905491 Total (Diversion),Annual,1,2011,104.222,ACFT,K,Approved,2013-09-18 14:40:00
4905491,14905491,4905491 Total (Diversion),Annual,1,2012,143.887,ACFT,K,Approved,2013-12-12 16:38:00
4905491,14905491,4905491 Total (Diversion),Annual,1,2013,102.8035,ACFT,K,Approved,2014-03-26 16:10:00
4905491,14905491,4905491 Total (Diversion),Annual,1,2014,129.7233,ACFT,K,Approved,2015-03-30 12:01:00
4905491,14905491,4905491 Total (Diversion),Annual,1,2015,102.8129,ACFT,K,Approved,2016-03-11 08:20:00
4905491,14905491,4905491 Total (Diversion),Annual,1,2016,89.3953,ACFT,K,Approved,2017-03-24 08:51:00
4905491,14905491,4905491 Total (Diversion),Annual,1,2017,95.588,ACFT,K,Approved,2018-03-09 09:45:00
4905491,14905491,4905491 Total (Diversion),Annual,1,2018,139.436,ACFT,K,Approved,2019-03-12 12:55:00
4905491,14905491,4905491 Total (Diversion),Annual,1,2019,112.681,ACFT,K,Approved,2020-02-27 07:00:00
4905491,14905491,4905491 Total (Diversion),Annual,1,2020,156.355,ACFT,K,Approved,2021-03-11 13:45:00
4905491,14905491,4905491 Total (Diversion),Annual,1,2021,145.243,ACFT,K,Approved,2022-03-03 11:45:00
4905491,14905491,4905491 Total (Diversion),Annual,1,2022,173.262,ACFT,K,Approved,2022-11-17 08:33:00
4905491,14905491,4905491 Total (Diversion),Annual,1,2023,149.624,ACFT,K,Approved,2023-11-20 06:33:00
4905491,14905491,4905491 Total (Diversion),Annual,1,2024,136.682,ACFT,K,Approved,2024-11-14 06:20:00
4905555,14905555,4905555 Total (Diversion),Annual,1,2011,106.666,ACFT,K,Approved,2013-09-18 14:40:00
4905555,14905555,4905555 Total (Diversion),Annual,1,2012,179.482,ACFT,K,Approved,2013-04-19 04:32:00
4905555,14905555,4905555 Total (Diversion),Annual,1,2013,139.694,ACFT,K,Approved,2014-03-26 16:10:00
4905555,14905555,4905555 Total (Diversion),Annual,1,2014,124.123,ACFT,K,Approved,2015-03-30 12:01:00
4905555,14905555,4905555 Total (Diversion),Annual,1,2015,114.024,ACFT,K,Approved,2016-03-11 08:20:00
4905555,14905555,4905555 Total (Diversion),Annual,1,2016,119.821,ACFT,K,Approved,2017-03-24 08:51:00
4905555,14905555,4905555 Total (Diversion),Annual,1,2017,99.586,ACFT,K,Approved,2018-03-09 09:45:00
4905555,14905555,4905555 Total (Diversion),Annual,1,2018,151.973,ACFT,K,Approved,2019-03-12 12:55:00
4905555,14905555,4905555 Total (Diversion),Annual,1,2019,132.581,ACFT,K,Approved,2020-02-27 07:00:00
4905555,14905555,4905555 Total (Diversion),Annual,1,2020,109.082,ACFT,K,Approved,2021-03-11 13:45:00
4905555,14905555,4905555 Total (Diversion),Annual,1,2021,138.507,ACFT,K,Approved,2022-03-03 11:45:00
4905555,14905555,4905555 Total (Diversion),Annual,1,2022,142.445,ACFT,K,Approved,2022-11-10 06:59:00
4905555,14905555,4905555 Total (Diversion),Annual,1,2023,132.296,ACFT,K,Approved,2023-12-04 07:35:00
4905555,14905555,4905555 Total (Diversion),Annual,1,2024,162.368,ACFT,K,Approved,2024-11-19 06:20:00
4905588,14905588,4905588 Total (Diversion),Annual,1,2011,166.903,ACFT,K,Approved,2013-09-18 14:40:00
4905588,14905588,4905588 Total (Diversion),Annual,1,2012,244.241,ACFT,K,Approved,2013-04-19 04:39:00
4905588,14905588,4905588 Total (Diversion),Annual,1,2013,178.816,ACFT,K,Approved,2014-03-26 16:10:00
4905588,14905588,4905588 Total (Diversion),Annual,1,2014,165.289,ACFT,K,Approved,2015-03-30 12:01:00
4905588,14905588,4905588 Total (Diversion),Annual,1,2015,153.393,ACFT,K,Approved,2016-03-11 08:20:00
4905588,14905588,4905588 Total (Diversion),Annual,1,2016,196.277,ACFT,K,Approved,2017-03-24 08:51:00
4905588,14905588,4905588 Total (Diversion),Annual,1,2017,88.836,ACFT,K,Approved,2018-03-09 09:45:00
4905588,14905588,4905588 Total (Diversion),Annual,1,2018,146.452,ACFT,K,Approved,2019-03-12 12:55:00
4905588,14905588,4905588 Total (Diversion),Annual,1,2019,144.63,ACFT,K,Approved,2020-02-27 07:00:00
4905588,14905588,4905588 Total (Diversion),Annual,1,2020,114.959,ACFT,K,Approved,2021-03-11 13:45:00
4905588,14905588,4905588 Total (Diversion),Annual,1,2021,88.819,ACFT,K,Approved,2022-03-03 11:45:00
4905588,14905588,4905588 Total (Diversion),Annual,1,2022,0.332,ACFT,K,Approved,2022-11-10 06:59:00
4905588,14905588,4905588 Total (Diversion),Annual,1,2023,0.0,ACFT,K,Approved,2023-12-13 10:46:00
4905588,14905588,4905588 Total (Diversion),Annual,1,2024,0.0,ACFT,K,Approved,2024-12-05 17:05:00
4905589,14905589,4905589 Total (Diversion),Annual,1,2011,446.083,ACFT,K,Approved,2013-09-18 14:40:00
4905589,14905589,4905589 Total (Diversion),Annual,1,2012,546.48,ACFT,K,Approved,2013-04-19 04:39:00
4905589,14905589,4905589 Total (Diversion),Annual,1,2013,440.83,ACFT,K,Approved,2014-03-26 16:10:00
4905589,14905589,4905589 Total (Diversion),Annual,1,2014,386.467,ACFT,K,Approved,2015-03-30 12:01:00
4905589,14905589,4905589 Total (Diversion),Annual,1,2015,289.786,ACFT,K,Approved,2016-03-11 08:20:00
4905589,14905589,4905589 Total (Diversion),Annual,1,2016,351.183,ACFT,K,Approved,2017-03-24 08:51:00
4905589,14905589,4905589 Total (Diversion),Annual,1,2017,264.246,ACFT,K,Approved,2018-03-09 09:45:00
4905589,14905589,4905589 Total (Diversion),Annual,1,2018,424.281,ACFT,K,Approved,2019-03-12 12:55:00
4905589,14905589,4905589 Total (Diversion),Annual,1,2019,314.874,ACFT,K,Approved,2020-02-27 07:00:00
4905589,14905589,4905589 Total (Diversion),Annual,1,2020,515.66,ACFT,K,Approved,2021-03-11 13:45:00
4905589,14905589,4905589 Total (Diversion),Annual,1,2021,347.061,ACFT,K,Approved,2022-03-03 11:45:00
4905589,14905589,4905589 Total (Diversion),Annual,1,2022,422.554,ACFT,K,Approved,2022-11-18 09:53:00
4905589,14905589,4905589 Total (Diversion),Annual,1,2023,338.747,ACFT,K,Approved,2023-11-13 06:23:00
4905589,14905589,4905589 Total (Diversion),Annual,1,2024,424.789,ACFT,K,Approved,2024-11-14 06:25:00
4905592,14905592,4905592 Total (Diversion),Annual,1,2011,315.865,ACFT,K,Approved,2013-09-18 14:40:00
4905592,14905592,4905592 Total (Diversion),Annual,1,2012,345.206,ACFT,K,Approved,2013-04-19 04:40:00
4905592,14905592,4905592 Total (Diversion),Annual,1,2013,275.842,ACFT,K,Approved,2014-03-26 16:10:00
4905592,14905592,4905592 Total (Diversion),Annual,1,2014,276.894,ACFT,K,Approved,2015-03-30 12:01:00
4905592,14905592,4905592 Total (Diversion),Annual,1,2015,248.06,ACFT,K,Approved,2016-03-11 08:20:00
4905592,14905592,4905592 Total (Diversion),Annual,1,2016,140.602,ACFT,K,Approved,2017-03-24 08:51:00
4905592,14905592,4905592 Total (Diversion),Annual,1,2017,128.193,ACFT,K,Approved,2018-03-09 09:45:00
4905592,14905592,4905592 Total (Diversion),Annual,1,2018,261.514,ACFT,K,Approved,2019-03-12 12:55:00
4905592,14905592,4905592 Total (Diversion),Annual,1,2019,257.465,ACFT,K,Approved,2020-02-27 07:00:00
4905592,14905592,4905592 Total (Diversion),Annual,1,2020,308.348,ACFT,K,Approved,2021-03-11 13:45:00
4905592,14905592,4905592 Total (Diversion),Annual,1,2021,226.894,ACFT,K,Approved,2022-03-03 11:45:00
4905592,14905592,4905592 Total (Diversion),Annual,1,2022,361.549,ACFT,K,Approved,2022-11-17 08:33:00
4905592,14905592,4905592 Total (Diversion),Annual,1,2023,274.966,ACFT,K,Approved,2023-11-20 06:33:00
4905592,14905592,4905592 Total (Diversion),Annual,1,2024,353.719,ACFT,K,Approved,2024-11-14 06:24:00
4905669,14905669,4905669 Total (Diversion),Annual,1,2011,76.274,ACFT,K,Approved,2013-09-18 14:40:00
4905669,14905669,4905669 Total (Diversion),Annual,1,2012,98.855,ACFT,K,Approved,2013-04-19 04:57:00
4905669,14905669,4905669 Total (Diversion),Annual,1,2013,97.018,ACFT,K,Approved,2014-03-26 16:10:00
4905669,14905669,4905669 Total (Diversion),Annual,1,2014,58.919,ACFT,K,Approved,2015-03-30 12:01:00
4905669,14905669,4905669 Total (Diversion),Annual,1,2015,46.906,ACFT,K,Approved,2016-03-11 08:20:00
4905669,14905669,4905669 Total (Diversion),Annual,1,2016,76.776,ACFT,K,Approved,2017-03-24 08:51:00
4905669,14905669,4905669 Total (Diversion),Annual,1,2017,70.705,ACFT,K,Approved,2018-03-09 09:45:00
4905669,14905669,4905669 Total (Diversion),Annual,1,2018,72.866,ACFT,K,Approved,2019-03-12 12:55:00
4905669,14905669,4905669 Total (Diversion),Annual,1,2019,44.688,ACFT,K,Approved,2020-02-27 07:00:00
4905670,14905670,4905670 Total (Diversion),Annual,1,2011,83.8066,ACFT,K,Approved,2013-09-18 14:40:00
4905670,14905670,4905670 Total (Diversion),Annual,1,2012,9.8515,ACFT,K,Approved,2013-04-19 04:57:00
4905670,14905670,4905670 Total (Diversion),Annual,1,2013,105.9093,ACFT,K,Approved,2014-03-26 16:10:00
4905670,14905670,4905670 Total (Diversion),Annual,1,2014,72.8622,ACFT,K,Approved,2015-03-30 12:01:00
4905670,14905670,4905670 Total (Diversion),Annual,1,2015,43.1043,ACFT,K,Approved,2016-03-11 08:20:00
4905670,14905670,4905670 Total (Diversion),Annual,1,2016,79.1274,ACFT,K,Approved,2017-03-24 08:51:00
4905670,14905670,4905670 Total (Diversion),Annual,1,2017,71.3486,ACFT,K,Approved,2018-03-09 09:45:00
4905670,14905670,4905670 Total (Diversion),Annual,1,2018,73.3687,ACFT,K,Approved,2019-03-12 12:55:00
4905670,14905670,4905670 Total (Diversion),Annual,1,2019,46.1596,ACFT,K,Approved,2020-02-27 07:00:00
4905672,14905672,4905672 Total (Diversion),Annual,1,2011,10.709,ACFT,K,Approved,2013-09-18 14:40:00
4905672,14905672,4905672 Total (Diversion),Annual,1,2012,150.1306,ACFT,K,Approved,2013-12-12 16:40:00
4905672,14905672,4905672 Total (Diversion),Annual,1,2013,113.3985,ACFT,K,Approved,2014-03-26 16:10:00
4905672,14905672,4905672 Total (Diversion),Annual,1,2014,127.9595,ACFT,K,Approved,2015-03-30 12:01:00
4905672,14905672,4905672 Total (Diversion),Annual,1,2015,113.3932,ACFT,K,Approved,2016-03-11 08:20:00
4905672,14905672,4905672 Total (Diversion),Annual,1,2016,98.518,ACFT,K,Approved,2017-03-24 08:51:00
4905672,14905672,4905672 Total (Diversion),Annual,1,2017,134.298,ACFT,K,Approved,2018-03-09 09:45:00
4905672,14905672,4905672 Total (Diversion),Annual,1,2018,109.965,ACFT,K,Approved,2019-03-12 12:55:00
4905672,14905672,4905672 Total (Diversion),Annual,1,2019,121.203,ACFT,K,Approved,2020-02-27 07:00:00
4905672,14905672,4905672 Total (Diversion),Annual,1,2020,156.7522,ACFT,K,Approved,2021-03-11 13:45:00
4905672,14905672,4905672 Total (Diversion),Annual,1,2021,78.9807,ACFT,K,Approved,2022-03-03 11:45:00
4905672,14905672,4905672 Total (Diversion),Annual,1,2022,140.2446,ACFT,K,Approved,2022-12-01 07:33:00
4905672,14905672,4905672 Total (Diversion),Annual,1,2023,94.1159,ACFT,K,Approved,2023-11-28 08:35:00
4905672,14905672,4905672 Total (Diversion),Annual,1,2024,89.6038,ACFT,K,Approved,2024-12-02 06:32:00
4905673,14905673,4905673 Total (Diversion),Annual,1,2011,107.921,ACFT,K,Approved,2013-09-18 14:40:00
4905673,14905673,4905673 Total (Diversion),Annual,1,2012,125.7966,ACFT,K,Approved,2013-12-12 16:40:00
4905673,14905673,4905673 Total (Diversion),Annual,1,2013,80.6103,ACFT,K,Approved,2014-03-26 16:10:00
4905673,14905673,4905673 Total (Diversion),Annual,1,2014,82.2035,ACFT,K,Approved,2015-03-30 12:01:00
4905673,14905673,4905673 Total (Diversion),Annual,1,2015,70.7824,ACFT,K,Approved,2016-03-11 08:20:00
4905673,14905673,4905673 Total (Diversion),Annual,1,2016,65.4001,ACFT,K,Approved,2017-03-24 08:51:00
4905673,14905673,4905673 Total (Diversion),Annual,1,2017,97.506,ACFT,K,Approved,2018-03-09 09:45:00
4905673,14905673,4905673 Total (Diversion),Annual,1,2018,11.313,ACFT,K,Approved,2019-03-12 12:55:00
4905673,14905673,4905673 Total (Diversion),Annual,1,2020,77.611,ACFT,K,Approved,2021-03-11 13:45:00
4905673,14905673,4905673 Total (Diversion),Annual,1,2021,68.035,ACFT,K,Approved,2022-03-03 11:45:00
4905673,14905673,4905673 Total (Diversion),Annual,1,2022,74.712,ACFT,K,Approved,2022-12-01 07:25:00
4905673,14905673,4905673 Total (Diversion),Annual,1,2023,56.34,ACFT,K,Approved,2023-11-28 08:35:00
4905673,14905673,4905673 Total (Diversion),Annual,1,2024,40.0583,ACFT,K,Approved,2024-12-02 06:32:00
4905709,14905709,4905709 Total (Diversion),Annual,1,2011,185.837,ACFT,K,Approved,2013-09-18 14:40:00
4905709,14905709,4905709 Total (Diversion),Annual,1,2012,223.067,ACFT,K,Approved,2013-12-12 16:41:00
4905709,14905709,4905709 Total (Diversion),Annual,1,2013,132.5494,ACFT,K,Approved,2014-03-26 16:10:00
4905709,14905709,4905709 Total (Diversion),Annual,1,2014,102.7707,ACFT,K,Approved,2015-03-30 12:01:00
4905709,14905709,4905709 Total (Diversion),Annual,1,2015,125.4853,ACFT,K,Approved,2016-03-11 08:20:00
4905709,14905709,4905709 Total (Diversion),Annual,1,2016,83.1237,ACFT,K,Approved,2017-03-24 08:51:00
4905709,14905709,4905709 Total (Diversion),Annual,1,2017,97.936,ACFT,K,Approved,2018-03-09 09:45:00
4905709,14905709,4905709 Total (Diversion),Annual,1,2018,119.267,ACFT,K,Approved,2019-03-12 12:55:00
4905709,14905709,4905709 Total (Diversion),Annual,1,2019,133.42,ACFT,K,Approved,2020-02-27 07:00:00
4905709,14905709,4905709 Total (Diversion),Annual,1,2020,190.176,ACFT,K,Approved,2021-03-11 13:45:00
4905709,14905709,4905709 Total (Diversion),Annual,1,2021,134.364,ACFT,K,Approved,2022-03-03 11:45:00
4905709,14905709,4905709 Total (Diversion),Annual,1,2022,134.356,ACFT,K,Approved,2022-11-10 06:59:00
4905709,14905709,4905709 Total (Diversion),Annual,1,2023,150.084,ACFT,K,Approved,2023-12-04 07:35:00
4905709,14905709,4905709 Total (Diversion),Annual,1,2024,155.133,ACFT,K,Approved,2024-11-19 06:20:00
4905716,14905716,4905716 Total (Diversion),Annual,1,2011,165.985,ACFT,K,Approved,2013-09-18 14:40:00
4905716,14905716,4905716 Total (Diversion),Annual,1,2012,218.685,ACFT,K,Approved,2013-04-19 05:08:00
4905716,14905716,4905716 Total (Diversion),Annual,1,2013,180.4256,ACFT,K,Approved,2014-03-26 16:10:00
4905716,14905716,4905716 Total (Diversion),Annual,1,2014,96.9951,ACFT,K,Approved,2015-03-30 12:01:00
4905716,14905716,4905716 Total (Diversion),Annual,1,2015,128.4771,ACFT,K,Approved,2016-03-11 08:20:00
4905716,14905716,4905716 Total (Diversion),Annual,1,2016,91.5,ACFT,K,Approved,2017-03-24 08:51:00
4905716,14905716,4905716 Total (Diversion),Annual,1,2017,111.1388,ACFT,K,Approved,2018-03-09 09:45:00
4905716,14905716,4905716 Total (Diversion),Annual,1,2018,141.0051,ACFT,K,Approved,2019-03-12 12:55:00
4905716,14905716,4905716 Total (Diversion),Annual,1,2019,127.3752,ACFT,K,Approved,2020-02-27 07:00:00
4905716,14905716,4905716 Total (Diversion),Annual,1,2020,115.2254,ACFT,K,Approved,2021-03-11 13:45:00
4905716,14905716,4905716 Total (Diversion),Annual,1,2021,110.5101,ACFT,K,Approved,2022-03-03 11:45:00
4905716,14905716,4905716 Total (Diversion),Annual,1,2022,125.375,ACFT,K,Approved,2022-11-10 06:59:00
4905716,14905716,4905716 Total (Diversion),Annual,1,2023,126.319,ACFT,K,Approved,2023-12-04 07:35:00
4905716,14905716,4905716 Total (Diversion),Annual,1,2024,126.885,ACFT,K,Approved,2024-11-19 06:19:00
4905722,14905722,4905722 Total (Diversion),Annual,1,2011,365.5,ACFT,K,Approved,2013-09-18 14:40:00
4905722,14905722,4905722 Total (Diversion),Annual,1,2012,454.144,ACFT,K,Approved,2013-04-19 05:09:00
4905722,14905722,4905722 Total (Diversion),Annual,1,2013,399.373,ACFT,K,Approved,2014-03-26 16:10:00
4905722,14905722,4905722 Total (Diversion),Annual,1,2014,324.459,ACFT,K,Approved,2015-03-30 12:01:00
4905722,14905722,4905722 Total (Diversion),Annual,1,2015,215.25,ACFT,K,Approved,2016-03-11 08:20:00
4905722,14905722,4905722 Total (Diversion),Annual,1,2016,251.098,ACFT,K,Approved,2017-03-24 08:51:00
4905722,14905722,4905722 Total (Diversion),Annual,1,2017,152.7376,ACFT,K,Approved,2018-03-09 09:45:00
4905722,14905722,4905722 Total (Diversion),Annual,1,2018,189.5718,ACFT,K,Approved,2019-03-12 12:55:00
4905722,14905722,4905722 Total (Diversion),Annual,1,2019,189.3083,ACFT,K,Approved,2020-02-27 07:00:00
4905722,14905722,4905722 Total (Diversion),Annual,1,2020,256.4036,ACFT,K,Approved,2021-03-11 13:45:00
4905722,14905722,4905722 Total (Diversion),Annual,1,2021,241.293,ACFT,K,Approved,2022-03-03 11:45:00
4905722,14905722,4905722 Total (Diversion),Annual,1,2022,306.1278,ACFT,K,Approved,2022-11-29 06:29:00
4905722,14905722,4905722 Total (Diversion),Annual,1,2023,211.382,ACFT,K,Approved,2023-11-29 09:36:00
4905722,14905722,4905722 Total (Diversion),Annual,1,2024,255.4914,ACFT,K,Approved,2024-11-27 08:02:00
4905751,14905751,4905751 Total (Diversion),Annual,1,2011,220.4744,ACFT,K,Approved,2013-09-18 14:40:00
4905751,14905751,4905751 Total (Diversion),Annual,1,2012,229.0859,ACFT,K,Approved,2013-04-19 05:14:00
4905751,14905751,4905751 Total (Diversion),Annual,1,2013,203.4553,ACFT,K,Approved,2014-03-26 16:10:00
4905751,14905751,4905751 Total (Diversion),Annual,1,2014,180.799,ACFT,K,Approved,2015-03-30 12:01:00
4905751,14905751,4905751 Total (Diversion),Annual,1,2015,156.229,ACFT,K,Approved,2016-03-11 08:20:00
4905751,14905751,4905751 Total (Diversion),Annual,1,2016,172.967,ACFT,K,Approved,2017-03-24 08:51:00
4905751,14905751,4905751 Total (Diversion),Annual,1,2017,127.6909,ACFT,K,Approved,2018-03-09 09:45:00
4905751,14905751,4905751 Total (Diversion),Annual,1,2018,172.2196,ACFT,K,Approved,2019-03-12 12:55:00
4905751,14905751,4905751 Total (Diversion),Annual,1,2019,95.1236,ACFT,K,Approved,2020-02-27 07:00:00
4905751,14905751,4905751 Total (Diversion),Annual,1,2020,233.521,ACFT,K,Approved,2021-03-11 13:45:00
4905751,14905751,4905751 Total (Diversion),Annual,1,2021,136.2515,ACFT,K,Approved,2022-03-03 11:45:00
4905751,14905751,4905751 Total (Diversion),Annual,1,2022,184.241,ACFT,K,Approved,2022-11-21 07:10:00
4905751,14905751,4905751 Total (Diversion),Annual,1,2023,176.073,ACFT,K,Approved,2023-11-27 07:39:00
4905751,14905751,4905751 Total (Diversion),Annual,1,2024,188.003,ACFT,K,Approved,2024-11-18 07:17:00
4905913,14905913,4905913 Total (Diversion),Annual,1,2011,8.2167,ACFT,K,Approved,2013-09-18 14:40:00
4905913,14905913,4905913 Total (Diversion),Annual,1,2012,9.526,ACFT,K,Approved,2013-04-19 05:28:00
4905913,14905913,4905913 Total (Diversion),Annual,1,2013,18.6068,ACFT,K,Approved,2014-03-26 16:10:00
4905913,14905913,4905913 Total (Diversion),Annual,1,2014,4.186,ACFT,K,Approved,2015-03-30 12:01:00
4905913,14905913,4905913 Total (Diversion),Annual,1,2015,1.0604,ACFT,K,Approved,2016-03-11 08:20:00
4905913,14905913,4905913 Total (Diversion),Annual,1,2016,8.3124,ACFT,K,Approved,2017-03-24 08:51:00
4905913,14905913,4905913 Total (Diversion),Annual,1,2017,0.1985,ACFT,K,Approved,2018-03-09 09:45:00
4905913,14905913,4905913 Total (Diversion),Annual,1,2018,0.0,ACFT,K,Approved,2019-03-12 12:55:00
4905913,14905913,4905913 Total (Diversion),Annual,1,2019,0.2456,ACFT,K,Approved,2020-02-27 07:00:00
4905913,14905913,4905913 Total (Diversion),Annual,1,2020,10.6183,ACFT,K,Approved,2021-03-11 13:45:00
4905913,14905913,4905913 Total (Diversion),Annual,1,2021,7.9966,ACFT,K,Approved,2022-03-03 11:45:00
4905913,14905913,4905913 Total (Diversion),Annual,1,2022,7.5105,ACFT,K,Approved,2022-11-28 13:33:00
4905913,14905913,4905913 Total (Diversion),Annual,1,2023,4.8857,ACFT,K,Approved,2023-11-27 07:33:00
4905913,14905913,4905913 Total (Diversion),Annual,1,2024,4.5607,ACFT,K,Approved,2024-12-04 06:21:00
4905913,14905913,4905913 Total (Diversion),Annual,1,2025,2.0991,ACFT,K,Provisional,2025-03-27 09:46:00
4905914,14905914,4905914 Total (Diversion),Annual,1,2011,27.0934,ACFT,K,Approved,2013-09-18 14:40:00
4905914,14905914,4905914 Total (Diversion),Annual,1,2012,35.5405,ACFT,K,Approved,2013-04-19 05:28:00
4905914,14905914,4905914 Total (Diversion),Annual,1,2013,15.8432,ACFT,K,Approved,2014-03-26 16:10:00
4905914,14905914,4905914 Total (Diversion),Annual,1,2014,8.6739,ACFT,K,Approved,2015-03-30 12:01:00
4905914,14905914,4905914 Total (Diversion),Annual,1,2015,17.8333,ACFT,K,Approved,2016-03-11 08:20:00
4905914,14905914,4905914 Total (Diversion),Annual,1,2016,19.7879,ACFT,K,Approved,2017-03-24 08:51:00
4905914,14905914,4905914 Total (Diversion),Annual,1,2017,20.4151,ACFT,K,Approved,2018-03-09 09:45:00
4905914,14905914,4905914 Total (Diversion),Annual,1,2018,21.6495,ACFT,K,Approved,2019-03-12 12:55:00
4905914,14905914,4905914 Total (Diversion),Annual,1,2019,59.8906,ACFT,K,Approved,2020-02-27 07:00:00
4905914,14905914,4905914 Total (Diversion),Annual,1,2020,10.5542,ACFT,K,Approved,2021-03-11 13:45:00
4905914,14905914,4905914 Total (Diversion),Annual,1,2021,9.9069,ACFT,K,Approved,2022-03-03 11:45:00
4905914,14905914,4905914 Total (Diversion),Annual,1,2022,17.4825,ACFT,K,Approved,2022-11-28 13:49:00
4905914,14905914,4905914 Total (Diversion),Annual,1,2023,10.0414,ACFT,K,Approved,2023-11-27 07:33:00
4905914,14905914,4905914 Total (Diversion),Annual,1,2024,12.3952,ACFT,K,Approved,2024-12-04 06:22:00
4906061,14906061,4906061 Total (Diversion),Annual,2,2011,57.1491,ACFT,K,Approved,2013-09-18 14:40:00
4906061,14906061,4906061 Total (Diversion),Annual,2,2012,59.2971,ACFT,K,Approved,2013-04-19 05:34:00
4906061,14906061,4906061 Total (Diversion),Annual,2,2013,48.7871,ACFT,K,Approved,2014-03-26 16:10:00
4906061,14906061,4906061 Total (Diversion),Annual,2,2014,57.566,ACFT,K,Approved,2015-03-30 12:01:00
4906061,14906061,4906061 Total (Diversion),Annual,2,2015,58.3091,ACFT,K,Approved,2016-03-11 08:20:00
4906061,14906061,4906061 Total (Diversion),Annual,2,2016,53.9471,ACFT,K,Approved,2017-03-24 08:51:00
4906061,14906061,4906061 Total (Diversion),Annual,2,2017,51.3671,ACFT,K,Approved,2018-03-09 09:45:00
4906061,14906061,4906061 Total (Diversion),Annual,2,2018,50.114,ACFT,K,Approved,2019-03-12 12:55:00
4906061,14906061,4906061 Total (Diversion),Annual,2,2019,48.91,ACFT,K,Approved,2020-02-27 07:00:00
4906061,14906061,4906061 Total (Diversion),Annual,2,2020,57.7751,ACFT,K,Approved,2021-03-11 13:45:00
4906061,14906061,4906061 Total (Diversion),Annual,1,2021,37.848,ACFT,K,Approved,2022-03-03 11:45:00
4906061,14906061,4906061 Total (Diversion),Annual,1,2022,47.805,ACFT,K,Approved,2022-11-16 07:25:00
4906061,14906061,4906061 Total (Diversion),Annual,1,2023,45.796,ACFT,K,Approved,2023-11-17 06:09:00
4906061,14906061,4906061 Total (Diversion),Annual,1,2024,21.816,ACFT,K,Approved,2024-11-21 07:37:00
4906155,14906155,4906155 Total (Diversion),Annual,1,2011,2.8848,ACFT,K,Approved,2013-09-18 14:40:00
4906155,14906155,4906155 Total (Diversion),Annual,1,2012,4.2688,ACFT,K,Approved,2013-04-19 05:51:00
4906155,14906155,4906155 Total (Diversion),Annual,1,2013,23.1762,ACFT,K,Approved,2014-03-26 16:10:00
4906155,14906155,4906155 Total (Diversion),Annual,1,2014,49.0439,ACFT,K,Approved,2015-03-30 12:01:00
4906155,14906155,4906155 Total (Diversion),Annual,1,2015,42.1174,ACFT,K,Approved,2016-03-11 08:20:00
4906155,14906155,4906155 Total (Diversion),Annual,1,2016,27.8103,ACFT,K,Approved,2017-03-24 08:51:00
4906155,14906155,4906155 Total (Diversion),Annual,1,2017,30.0137,ACFT,K,Approved,2018-03-09 09:45:00
4906155,14906155,4906155 Total (Diversion),Annual,1,2018,41.6203,ACFT,K,Approved,2019-03-12 12:55:00
4906155,14906155,4906155 Total (Diversion),Annual,1,2019,22.6177,ACFT,K,Approved,2020-02-27 07:00:00
4906155,14906155,4906155 Total (Diversion),Annual,1,2020,12.9047,ACFT,K,Approved,2021-03-11 13:45:00
4906155,14906155,4906155 Total (Diversion),Annual,1,2021,31.5544,ACFT,K,Approved,2022-03-03 11:45:00
4906155,14906155,4906155 Total (Diversion),Annual,1,2022,71.2197,ACFT,K,Approved,2022-12-29 07:03:00
4906155,14906155,4906155 Total (Diversion),Annual,1,2023,20.9175,ACFT,K,Approved,2023-12-14 09:46:00
4906155,14906155,4906155 Total (Diversion),Annual,1,2024,71.0509,ACFT,K,Approved,2024-12-23 09:31:00
4906170,14906170,4906170 Total (Diversion),Annual,1,2011,0.0,ACFT,K,Approved,2013-09-18 14:40:00
4906170,14906170,4906170 Total (Diversion),Annual,1,2012,0.0,ACFT,K,Approved,2013-04-19 05:53:00
4906170,14906170,4906170 Total (Diversion),Annual,1,2014,0.0,ACFT,K,Approved,2015-03-30 12:01:00
4906170,14906170,4906170 Total (Diversion),Annual,1,2016,0.0,ACFT,K,Approved,2017-03-24 08:51:00
4906170,14906170,4906170 Total (Diversion),Annual,1,2017,0.0,ACFT,K,Approved,2018-03-09 09:45:00
4906170,14906170,4906170 Total (Diversion),Annual,1,2018,0.0,ACFT,K,Approved,2019-03-12 12:55:00
4906170,14906170,4906170 Total (Diversion),Annual,1,2020,0.0,ACFT,K,Approved,2021-03-11 13:45:00
