dri_field_id,all_app,year,area_m2,annual_precip_eff_mm,annual_net_et_mm,pumping_mm,pumping_net_et_factor_annual,pumping_AF
132_8,18242_72370,2018,888724.9487,208.1454084,309.1202789,510.9068698,1.7,368.1092979
23_10,18786_18787_86252_86253,2018,996460.3134,185.8824971,592.5413436,989.4703008,1.7,799.3379687
127,18788_18789,2018,460230.121,175.8687745,482.1546308,540.9889525,1.1,201.8510943
47,18794_31111,2018,496100.9482,175.8687745,398.3295218,269.1494165,0.7,108.2508144
149_30,18834_19052,2018,974741.6237,208.9531263,345.9369384,431.1574844,1.2,340.7164593
173_122,18975_34950,2018,981944.0191,210.7703153,523.2749942,726.9388741,1.4,578.6984192
35_229,18978_42019_42020,2018,954900.5352,171.6883679,641.6370445,473.2476511,0.7,366.3652524
46_229,18981_39553,2018,971151.3766,171.1559329,725.347824,292.1278874,0.4,229.9998861
44_137,18988_80780,2018,1004986.202,208.8058997,649.484571,406.795499,0.6,331.4392298
1,18989_80781,2018,481071.5331,210.7703153,590.2940982,920.1575622,1.6,358.8719638
48,18999_42021,2018,502448.0874,175.8687745,52.70086333,93.9781789,1.8,38.28123104
223_37_69,19014_83615_83616_83617,2018,1564039.786,202.090081,537.7354315,739.209304,1.4,937.3092299
14_20_15_21,19145_29873_30102_36070_50650_81268,2018,1998714.469,217.3508288,515.1795365,1063.044274,2.1,1722.541848
67_61,19191_24214,2018,923158.9682,201.4373129,537.0179107,555.0549252,1,415.4130413
57_56,19192_29765,2018,964236.8648,226.9914611,602.3652944,1099.594495,1.8,859.5753669
146_154,19378_20000_24605,2018,985431.7608,185.1111645,542.8215152,662.318386,1.2,529.1283605
9_131,19492_20015,2018,1051985.859,185.0851516,646.3280057,500.2197195,0.8,426.6172217
74_75,19563_19971_28160,2018,1035844.551,196.6705998,605.9787963,1003.031013,1.7,842.3190448
27_29,19760_28061,2018,1001830.771,208.4810041,516.6437341,691.2163002,1.3,561.4046567
103_100,19904_24609_78905,2018,916970.9172,178.5932509,559.0046197,743.403865,1.3,552.6472957
28,19965_78447,2018,521585.1496,195.9058812,366.5432266,970.9182909,2.6,410.5589967
22,19966_80581,2018,496116.7602,196.167987,690.5807925,1534.692153,2.2,617.2666943
90_71,19972_19973_34948_46348,2018,1017577.838,176.7671725,599.4751966,748.4970398,1.2,617.4835606
184_188,20087_24607,2018,1005446.791,173.4784402,615.1555379,927.0123855,1.5,755.6354107
179_182,20088_24606,2018,990768.2512,173.9918499,573.5615025,868.1802309,1.5,697.3481395
45,20694_21399,2018,506553.4339,228.5448048,593.849816,747.1222387,1.3,306.8206603
160_53,21085_23462_23803,2018,1014827.143,188.7016542,624.1546705,797.351346,1.3,656.0085184
228_39,22648_22921,2018,995480.7869,175.343144,640.2515451,191.3374428,0.3,154.4189235
31,22922_36321_36322,2018,533815.2814,177.0353987,669.555903,754.4531506,1.1,326.5058383
68_185,23272_28641,2018,969341.5545,197.840217,548.4379838,647.7195435,1.2,509.0160831
165_166,24127_24128,2018,1080329.377,175.8687745,617.3615487,700.7839087,1.1,613.7732826
161_191,24129_24130,2018,993254.2394,171.6766351,655.3783758,531.6189122,0.8,428.0835334
6_148_187_190,24262_24263_24264_24265,2018,1958137.71,169.6467728,585.2805207,630.7980152,1.1,1001.385324
55,28035_28036,2018,499698.5761,170.3037405,612.7699143,949.1948158,1.5,384.5308095
181_180,29278_70249,2018,999514.3901,212.7134774,618.5372164,714.6937057,1.2,579.1308246
178,30927_30928,2018,510743.9756,223.2143213,310.1312094,0,0,0
143,31455_81004,2018,514288.876,210.7703153,622.9792506,711.9337809,1.1,296.8345191
4,33668_33669,2018,524721.6388,208.5242037,558.1683071,756.7782372,1.4,321.9328406
3,33670_33671,2018,462084.5578,197.159687,521.9516999,831.781965,1.6,311.6008457
58_59,34596_48225_48226,2018,954984.8725,169.7439905,521.1213721,533.7427935,1,413.2341353
16,34939_48437,2018,532670.3378,224.8670397,573.3429584,870.8127059,1.5,376.0546328
92_17,39156_55535,2018,977699.3701,213.3964857,562.0433059,550.0283463,1,435.9714802
230,39552_39554,2018,520340.3719,170.6246457,561.7956267,827.3049631,1.5,348.9963023
150,40010_40013,2018,515270.5215,212.6970348,542.3404022,1710.590886,3.2,714.5771485
183,40011_40014,2018,502103.8053,197.840217,597.6211912,701.1354381,1.2,285.4060034
134_133,43268_43270_43836,2018,1068425.839,204.5817209,578.8552041,790.1472207,1.4,684.4158717
186,43269_43837_43838_43839_43840,2018,553946.6617,169.7439905,590.9763693,866.8594727,1.5,389.2999264
129_43_63_42,43271_43272_43273_43274,2018,2056839.524,169.6532264,577.5807943,666.4362145,1.2,1111.288118
217_216,44451_44452,2018,1048741.718,224.8670397,521.1181696,671.0972607,1.3,570.5867509
144_112,48871_48872_70587_70588,2018,824286.9765,223.2143213,441.3706051,754.7084015,1.7,504.342185
109_139,50581_50582,2018,930136.0187,237.7682871,583.5626816,762.9180262,1.3,575.2968707
194,77569_81269,2018,493773.6721,175.8687745,577.6400112,546.926915,0.9,218.9398916
110,77646_77695_77696_80718,2018,1035833.602,223.2143213,476.8207634,603.3868829,1.3,506.7030669
213,77666_83567,2018,590187.6449,234.1770797,558.5383815,0,0,0
83_82,78771_78772_78773_78774_78775,2018,986711.298,197.3355971,625.3761287,116.442329,0.2,93.14695387
111_0,80717_80879_80880_80881_80926,2018,620184.9862,204.092547,511.9659508,644.4867962,1.3,324.0432247
78,86032_86033_86035_86037,2018,507471.1176,175.8687745,634.3034618,0.002216494,0,0.000911897
41_40,19541_19542,2018,963365.1053,178.5909013,651.6824572,904.5302959,1.4,706.4504428
104,42891_64630_64631_64632_64633,2018,477775.9847,204.1381205,30.40941489,374.701154,12.3,145.1366249
13_62,24574_29405,2018,1041634.108,169.6597778,613.3160354,755.8935252,1.2,638.3274055
99_97,34561_34562,2018,1020934.079,203.8677827,628.9139136,927.384278,1.5,767.5825674
96,22352_70940,2018,537937.4506,203.8677827,507.625762,660.503515,1.3,288.0544484
232,18796,2018,552919.1582,186.6799344,105.6185728,0,0,0
52,18797,2018,484412.7848,186.9358118,40.26350205,0,0,0
125,18802,2018,492514.3163,218.7131591,322.8657538,749.7268923,2.3,299.3571399
11,18851,2018,522493.5235,209.5888494,574.6149992,719.1046397,1.3,304.6075582
114,19292,2018,445619.7197,169.6467728,596.167195,936.9654872,1.6,338.4976578
231,19293,2018,487190.5337,177.4988431,582.7969067,816.3023336,1.4,322.4167174
174,19324,2018,493310.2698,210.7703153,437.1620061,736.6540129,1.7,294.6126487
175,19360,2018,475598.4635,208.1454084,653.0492161,640.2817096,1,246.876193
19,19361,2018,511605.6457,218.7919387,499.8825518,869.2427804,1.7,360.5322288
72,19379,2018,500542.8946,178.5909013,614.449882,49.09413626,0.1,19.9222597
113,19381,2018,670959.1793,178.5909013,364.6491774,379.7331863,1,206.5581451
44_238,19526,2018,1000931.142,206.8032803,680.3147003,1593.62191,2.3,1293.174602
169,20046,2018,499581.6233,223.2143213,671.1646475,735.3770465,1.1,297.8408054
18,20366,2018,522551.7297,224.8670397,615.8064127,944.7873046,1.5,400.2496965
195,20487,2018,499845.7165,171.609073,628.7839554,912.4887368,1.5,369.7695629
79,21426,2018,522538.4752,175.8687745,587.3208837,726.7082434,1.2,307.8548735
25,21428,2018,510719.012,175.8687745,633.1690574,766.3297993,1.2,317.2965951
119,21841,2018,513628.744,169.6467728,643.5767232,757.3933542,1.2,315.3831473
80,21843,2018,510432.9486,171.6335622,603.7502712,759.145939,1.3,314.1460811
50,21844,2018,506473.3941,171.672595,661.6405749,618.0289779,0.9,253.7658325
34,21929,2018,514504.6294,178.5909013,557.3266575,624.1486298,1.1,260.3424461
141,21930,2018,496406.4664,188.7016542,586.948791,671.245035,1.1,270.1383167
197,22194,2018,501481.4018,172.5235776,611.0555904,1031.714538,1.7,419.4517923
70,22195,2018,514665.159,176.4374933,767.8932521,776.6129468,1,324.0388395
120,22316,2018,499808.7099,188.7016542,487.5715169,673.6360481,1.4,272.958619
102,22353,2018,498590.883,203.8677827,706.6203498,835.2037179,1.2,337.6015444
158,22566,2018,475380.8065,169.6467728,489.2596999,784.7159585,1.6,302.427863
193_192,22982,2018,1000454.874,181.3594475,601.565242,666.9161097,1.1,540.9241674
36,24272,2018,496483.1114,197.159687,594.3378898,1020.799796,1.7,410.8778478
85,26437,2018,520976.3802,210.8675357,514.3396465,363.4299975,0.7,153.4993277
147,27976,2018,504131.055,176.4294759,715.3305049,796.8411418,1.1,325.6738387
145,28561,2018,494110.8824,223.2143213,642.5763568,760.0217185,1.2,304.4514836
177,29557,2018,487855.1428,231.380699,470.2321139,1284.145828,2.7,507.8937931
77,31062,2018,489959.3503,175.8687745,326.6553229,0,0,0
73,31063,2018,509278.0844,175.8687745,667.0185502,0,0,0
153,31108,2018,496979.0708,175.8687745,623.47075,589.5976466,0.9,237.553544
156,31110,2018,488885.968,175.8687745,630.5998842,647.1658484,1,256.5020475
155,31113,2018,483791.5951,175.8687745,636.6170618,623.6670599,1,244.6125858
152,31114,2018,491598.5843,175.8687745,496.0648322,0,0,0
142,31454,2018,532807.0859,210.7703153,641.8827728,695.7367447,1.1,300.5263838
65,33018,2018,493740.8459,169.6467728,699.3725167,991.982634,1.4,397.0734039
93,33019,2018,492895.1501,169.6467728,636.5920782,970.3499146,1.5,387.7489136
126,33817,2018,498928.7687,181.7032632,649.0813253,756.0185765,1.2,305.8008485
159,33818,2018,500610.3311,181.6862835,633.9366349,684.2888457,1.1,277.7198625
128,35009,2018,528584.0098,169.6467728,684.3202453,1123.590656,1.6,481.4928171
162,35012,2018,498863.5292,180.4063357,752.2931747,18.78226841,0,7.596218881
33,35013,2018,509698.547,177.3328671,649.60054,809.7866102,1.2,334.6198188
86,40402,2018,520783.8802,210.8675357,460.0873345,490.9979288,1.1,207.3026558
176,43397,2018,488411.7752,210.9266943,358.3793569,853.2660875,2.4,337.8611717
89,46461,2018,533231.2393,211.1409849,447.1392025,486.2499499,1.1,210.2048959
84,47591,2018,504859.0521,210.8675357,542.5593057,184.2395405,0.3,75.40856254
167,49185,2018,499917.1715,231.380699,397.0307281,490.2809722,1.2,198.7059016
87,50095,2018,523467.6309,210.8675357,234.5447399,236.5977427,1,100.4079503
196,63497,2018,464782.5092,196.3819372,628.0472679,1275.505594,2,480.617762
219,67172,2018,504821.3891,223.2143213,561.8808772,780.1745438,1.4,319.2987336
215,71748,2018,514904.5049,218.6145345,607.7306269,995.033343,1.6,415.3670081
170,73899,2018,504765.158,226.2281012,338.8238318,500.3503452,1.5,204.7534585
49,76358,2018,489104.5052,175.8687745,547.1368396,0,0,0
124,78062,2018,484372.6803,175.8687745,564.8216912,585.8341842,1,230.0498861
220,78568,2018,386200.1408,223.2143213,480.3743088,617.7664427,1.3,193.4213518
130,78906,2018,497485.1461,178.5909013,541.0425302,748.1479423,1.4,301.741661
132_8,18242_72370,2019,888724.9487,290.6309685,530.5244541,424.1622955,0.8,305.6096796
23_10,18786_18787_86252_86253,2019,996460.3134,304.8478093,466.6251613,1026.510582,2.2,829.2607496
127,18788_18789,2019,460230.121,304.3483252,359.3081112,428.6712449,1.2,159.9436725
47,18794_31111,2019,496100.9482,304.3483252,371.3606508,459.6295298,1.2,184.8611511
149_30,18834_19052,2019,974741.6237,307.925785,458.7312947,514.9256791,1.1,406.9131595
151_32,18835_19053,2019,1060215.191,305.4103151,365.7113124,1343.312923,3.7,1154.6195
66_81,18927_18928,2019,1015127.552,337.2699812,392.1184793,1289.181264,3.3,1060.96797
173_122,18975_34950,2019,981944.0191,320.5436567,414.5666932,615.4577046,1.5,489.9509621
35_229,18978_42019_42020,2019,954900.5352,287.0025059,558.5330307,812.6087848,1.5,629.0820923
46_229,18981_39553,2019,971151.3766,289.3335856,582.7048817,294.3982759,0.5,231.787422
44_137,18988_80780,2019,1004986.202,319.4632708,455.6590616,351.6381726,0.8,286.499446
1,18989_80781,2019,481071.5331,320.5436567,453.9677256,682.4064551,1.5,266.1463153
48,18999_42021,2019,502448.0874,304.3483252,448.3545794,712.1216471,1.6,290.0768415
223_37_69,19014_83615_83616_83617,2019,1564039.786,304.4247017,540.7074473,624.1774959,1.2,791.4501682
14_20_15_21,19145_29873_30102_36070_50650_81268,2019,1998714.469,292.9802872,441.6196698,509.7894002,1.2,826.0555059
67_61,19191_24214,2019,923158.9682,315.4107083,294.3302279,336.4084803,1.1,251.7741282
57_56,19192_29765,2019,964236.8648,351.4095535,502.6773117,722.0772852,1.4,564.4624905
146_154,19378_20000_24605,2019,985431.7608,330.3873737,382.1414088,487.8376658,1.3,389.7351331
9_131,19492_20015,2019,1051985.859,330.3375095,484.6496662,366.2472856,0.8,312.3575368
74_75,19563_19971_28160,2019,1035844.551,303.1526339,433.2834018,633.4746148,1.5,531.9753082
27_29,19760_28061,2019,1001830.771,307.8250841,501.4438969,411.4944115,0.8,334.2150333
103_100,19904_24609_78905,2019,916970.9172,317.8903394,439.6051172,625.4498408,1.4,464.9601373
28,19965_78447,2019,521585.1496,305.3477753,172.3750041,169.2034635,1,71.54876456
22,19966_80581,2019,496116.7602,305.3608491,523.9312922,623.5041944,1.2,250.7788758
90_71,19972_19973_34948_46348,2019,1017577.838,295.3523038,422.1873463,541.4148924,1.3,446.6481198
184_188,20087_24607,2019,1005446.791,305.3433454,488.4433789,691.2844965,1.4,563.4865861
179_182,20088_24606,2019,990768.2512,305.346815,545.0602876,709.2094739,1.3,569.6581073
45,20694_21399,2019,506553.4339,300.0420381,579.9084294,532.3789602,0.9,218.6320466
160_53,21085_23462_23803,2019,1014827.143,337.2699812,471.6974751,611.6376059,1.3,503.215404
228_39,22648_22921,2019,995480.7869,290.8738949,548.141453,379.8263515,0.7,306.538937
31,22922_36321_36322,2019,533815.2814,292.666447,565.0456655,564.4965368,1,244.2980254
68_185,23272_28641,2019,969341.5545,303.1093366,560.1517198,717.8541415,1.3,564.1319719
165_166,24127_24128,2019,1080329.377,304.3483252,569.4355451,540.8642211,0.9,473.7095192
161_191,24129_24130,2019,993254.2394,298.6837424,605.5030148,671.3351509,1.1,540.5893524
6_148_187_190,24262_24263_24264_24265,2019,1958137.71,295.940913,496.1061263,666.1304986,1.3,1057.475276
55,28035_28036,2019,499698.5761,287.9911692,551.1997833,699.0126641,1.3,283.1788597
181_180,29278_70249,2019,999514.3901,306.5849317,525.7657316,608.4504929,1.2,493.0397916
178,30927_30928,2019,510743.9756,309.038777,464.9824729,246.0813538,0.5,101.8942397
143,31455_81004,2019,514288.876,320.5436567,510.27597,620.2665286,1.2,258.6146657
4,33668_33669,2019,524721.6388,307.8342983,480.6262974,586.2373248,1.2,249.3848765
3,33670_33671,2019,462084.5578,305.4103151,452.6155177,658.8994679,1.5,246.8358777
58_59,34596_48225_48226,2019,954984.8725,290.4539686,550.8335167,670.2177653,1.2,518.8957342
16,34939_48437,2019,532670.3378,308.5962818,552.0277223,529.4960249,1,228.6593109
92_17,39156_55535,2019,977699.3701,292.0444388,497.4751287,546.02883,1.1,432.8013253
230,39552_39554,2019,520340.3719,291.6596401,602.2968106,806.0550814,1.3,340.0320987
150,40010_40013,2019,515270.5215,306.5810893,287.6042923,330.8926635,1.2,138.226117
183,40011_40014,2019,502103.8053,303.1093366,489.3143293,518.2725307,1.1,210.9693557
171,42367_42368_42369_42370_56652,2019,489245.8584,304.3483252,435.5274367,490.6546872,1.1,194.6125229
134_133,43268_43270_43836,2019,1068425.839,298.7411054,423.518242,471.39638,1.1,408.3177867
186,43269_43837_43838_43839_43840,2019,553946.6617,290.4539686,498.8933711,562.7746218,1.1,252.7377571
129_43_63_42,43271_43272_43273_43274,2019,2056839.524,295.5766732,517.5393021,518.6171783,1,864.7986037
217_216,44451_44452,2019,1048741.718,308.5962818,469.0229487,540.8970302,1.2,459.886662
135,44604_44605_44606_44607_44609_44610,2019,506211.5057,308.7624616,523.402232,655.1931455,1.3,268.8865198
144_112,48871_48872_70587_70588,2019,824286.9765,309.038777,506.405351,541.7583628,1.1,362.0359809
109_139,50581_50582,2019,930136.0187,286.376231,453.6512123,952.5012921,2.1,718.2567378
194,77569_81269,2019,493773.6721,304.3483252,284.9673562,235.2680043,0.8,94.17995335
110,77646_77695_77696_80718,2019,1035833.602,309.038777,441.3834311,540.6801084,1.2,454.0441249
213,77666_83567,2019,590187.6449,296.566398,236.2298534,2052.507239,8.7,982.0700891
83_82,78771_78772_78773_78774_78775,2019,986711.298,315.8555903,495.765945,604.3709405,1.2,483.460891
111_0,80717_80879_80880_80881_80926,2019,620184.9862,304.5703859,390.8065301,576.7055113,1.5,289.9632928
78,86032_86033_86035_86037,2019,507471.1176,304.3483252,546.6398005,291.594025,0.5,119.9658466
41_40,19541_19542,2019,963365.1053,317.8886853,500.0865114,716.8838164,1.4,559.8959944
104,42891_64630_64631_64632_64633,2019,477775.9847,306.372626,401.4884503,512.6694259,1.3,198.5772112
13_62,24574_29405,2019,1041634.108,295.2069121,532.1034491,693.7419971,1.3,585.842469
99_97,34561_34562,2019,1020934.079,300.3658654,463.7792324,683.2747028,1.5,565.5365991
96,22352_70940,2019,537937.4506,300.3658654,469.7288823,508.5841178,1.1,221.8003601
232,18796,2019,552919.1582,332.0834318,126.110484,0,0,0
52,18797,2019,484412.7848,332.7398635,235.0615054,334.4007416,1.4,131.325935
125,18802,2019,492514.3163,293.4755661,287.3901113,593.0655915,2.1,236.804123
11,18851,2019,522493.5235,306.7844351,461.0712323,538.4761706,1.2,228.0946366
114,19292,2019,445619.7197,295.940913,452.7495484,903.3519565,2,326.3540927
231,19293,2019,487190.5337,315.2089111,404.307032,654.6968487,1.6,258.5870457
174,19324,2019,493310.2698,320.5436567,440.0249374,863.4966258,2,345.3412641
175,19360,2019,475598.4635,290.6309685,536.233275,667.152131,1.2,257.2367378
19,19361,2019,511605.6457,293.4967717,486.076542,805.7365599,1.7,334.1920167
72,19379,2019,500542.8946,317.8886853,502.4864481,704.1840202,1.4,285.7558559
113,19381,2019,670959.1793,317.8886853,474.9879747,563.4697,1.2,306.5027242
44_238,19526,2019,1000931.142,318.3618737,512.1192624,515.2628775,1,418.119795
169,20046,2019,499581.6233,309.038777,547.2442912,624.4058596,1.1,252.8954976
18,20366,2019,522551.7297,308.5962818,547.4349173,600.5631466,1.1,254.4225732
195,20487,2019,499845.7165,298.5924499,498.1846443,568.2633608,1.1,230.2784529
79,21426,2019,522538.4752,304.3483252,479.6963665,593.9933451,1.2,251.6329597
25,21428,2019,510719.012,304.3483252,602.5617306,534.3249861,0.9,221.2356859
119,21841,2019,513628.744,295.940913,506.7558532,555.7514254,1.1,231.4182356
80,21843,2019,510432.9486,298.6255406,475.8638341,609.1707685,1.3,252.0840853
50,21844,2019,506473.3941,298.6782833,382.0085789,238.4370595,0.6,97.90346582
34,21929,2019,514504.6294,317.8886853,546.5342421,484.8145646,0.9,202.2239634
141,21930,2019,496406.4664,337.2699812,507.3372245,497.5105774,1,200.2199836
197,22194,2019,501481.4018,293.88306,585.7241735,697.4352106,1.2,283.5478596
70,22195,2019,514665.159,298.6535149,621.497646,579.353033,0.9,241.7328803
120,22316,2019,499808.7099,337.2699812,407.8100409,486.4063671,1.2,197.0927931
102,22353,2019,498590.883,300.3658654,502.0913116,608.2194481,1.2,245.8511865
158,22566,2019,475380.8065,295.940913,501.7867826,666.5036377,1.3,256.8690857
76,22567,2019,503186.8506,295.940913,553.7392886,1332.393215,2.4,543.5373202
193_192,22982,2019,1000454.874,318.4341774,524.8512452,524.1992935,1,425.1690164
36,24272,2019,496483.1114,305.4103151,483.7733557,780.3348415,1.6,314.0893068
85,26437,2019,520976.3802,287.5335004,415.1910405,260.9069605,0.6,110.1974061
147,27976,2019,504131.055,298.7337956,555.5868283,577.2433559,1,235.9228832
145,28561,2019,494110.8824,309.038777,546.5847054,620.4527845,1.1,248.5425958
177,29557,2019,487855.1428,292.577949,436.1440473,557.86995,1.3,220.6436986
164,29895,2019,490848.55,309.038777,496.4741115,514.7299969,1,204.8305181
168,30913,2019,505420.0986,292.577949,403.5503077,1046.439682,2.6,428.7798627
153,31108,2019,496979.0708,304.3483252,462.4529781,480.4751014,1,193.5872095
156,31110,2019,488885.968,304.3483252,478.9203257,995.1769187,2.1,394.4350863
155,31113,2019,483791.5951,304.3483252,489.7772076,566.3427465,1.2,222.1290374
152,31114,2019,491598.5843,304.3483252,522.6681546,550.8359316,1.1,219.5333772
142,31454,2019,532807.0859,320.5436567,423.4498519,592.9822384,1.4,256.141147
65,33018,2019,493740.8459,295.940913,558.2385877,718.3273878,1.3,287.533966
93,33019,2019,492895.1501,295.940913,512.2155916,664.2550759,1.3,265.4343347
126,33817,2019,498928.7687,323.8547699,513.15023,560.0551478,1.1,226.5358878
159,33818,2019,500610.3311,323.8222215,489.5792813,539.8963103,1.1,219.1178915
128,35009,2019,528584.0098,295.940913,410.5001731,635.7648025,1.5,272.4445813
162,35012,2019,498863.5292,320.6053484,567.096602,624.8840607,1.1,252.7253895
33,35013,2019,509698.547,314.8016267,517.5394611,663.445377,1.3,274.1487314
86,40402,2019,520783.8802,287.5335004,410.0554765,485.9585599,1.2,205.1750001
176,43397,2019,488411.7752,287.5480483,394.1283256,460.4482133,1.2,182.320117
89,46461,2019,533231.2393,287.600745,379.3604451,412.4675546,1.1,178.3089117
26,46505,2019,507704.2288,305.4103151,592.6316493,673.792208,1.1,277.3348444
84,47591,2019,504859.0521,287.5335004,419.8665832,363.9705659,0.9,148.9718065
167,49185,2019,499917.1715,292.577949,389.9553162,422.7441551,1.1,171.3339151
157,49188,2019,504360.4301,287.6158521,426.3249663,382.6907552,0.9,156.4792119
87,50095,2019,523467.6309,287.5335004,391.6467381,519.8632638,1.3,220.6208907
24,51647,2019,498886.8415,292.666447,633.5063016,792.7231958,1.3,320.6205009
196,63497,2019,464782.5092,263.9042467,532.42518,1113.891872,2.1,419.7207921
219,67172,2019,504821.3891,309.038777,526.0552892,612.867881,1.2,250.8258438
215,71748,2019,514904.5049,294.4351624,516.3022008,881.2736572,1.7,367.8791318
170,73899,2019,504765.158,295.4984172,431.9174919,564.0321259,1.3,230.8133283
49,76358,2019,489104.5052,304.3483252,417.4002713,526.297989,1.3,208.6897153
124,78062,2019,484372.6803,304.3483252,441.1350847,554.5370657,1.3,217.7598921
220,78568,2019,386200.1408,309.038777,472.2986609,624.3565462,1.3,195.4846991
130,78906,2019,497485.1461,317.8886853,343.8795139,633.6464499,1.8,255.5611283
132_8,18242_72370,2020,888724.9487,88.98282107,790.3174631,945.8351425,1.2,681.475883
23_10,18786_18787_86252_86253,2020,996460.3134,74.09384432,715.0407755,695.1494318,1,561.5725245
127,18788_18789,2020,460230.121,69.20886105,524.3290061,255.365769,0.5,95.28079947
47,18794_31111,2020,496100.9482,69.20886105,588.8029362,557.5295141,0.9,224.2361316
149_30,18834_19052,2020,974741.6237,91.55798384,615.8311531,700.8601355,1.1,553.8453872
151_32,18835_19053,2020,1060215.191,79.5951834,777.552488,535.9536307,0.7,460.6689199
66_81,18927_18928,2020,1015127.552,73.20360002,708.2235068,501.8031031,0.7,412.9729734
173_122,18975_34950,2020,981944.0191,82.49136965,705.2471316,759.3178923,1.1,604.4745708
35_229,18978_42019_42020,2020,954900.5352,70.40728257,882.7838256,1061.333099,1.2,821.6323266
46_229,18981_39553,2020,971151.3766,69.73011101,910.1945388,525.9728922,0.6,414.1121423
44_137,18988_80780,2020,1004986.202,81.71361568,801.238605,449.1621203,0.6,365.9577049
1,18989_80781,2020,481071.5331,82.49136965,786.0224437,945.4247352,1.2,368.72645
48,18999_42021,2020,502448.0874,69.20886105,867.3654586,935.5627911,1.1,381.0937366
223_37_69,19014_83615_83616_83617,2020,1564039.786,85.82171868,712.2881998,755.2467643,1.1,957.6445524
14_20_15_21,19145_29873_30102_36070_50650_81268,2020,1998714.469,94.11513227,679.1186805,423.7946178,0.6,686.7107815
67_61,19191_24214,2020,923158.9682,78.79623529,289.4736328,337.9584663,1.2,252.9341656
57_56,19192_29765,2020,964236.8648,91.47239382,811.8353946,1030.017449,1.3,805.1855755
146_154,19378_20000_24605,2020,985431.7608,71.82046943,550.2014606,513.4728013,0.9,410.2151281
9_131,19492_20015,2020,1051985.859,71.8104487,745.6787621,876.5851863,1.2,747.6041471
74_75,19563_19971_28160,2020,1035844.551,82.58372392,675.3122708,768.9620609,1.1,645.7540994
27_29,19760_28061,2020,1001830.771,91.07908167,760.1649938,740.4469839,1,601.3897309
103_100,19904_24609_78905,2020,916970.9172,69.31037105,831.7131817,917.6206336,1.1,682.1602436
28,19965_78447,2020,521585.1496,78.9835407,571.5941226,573.8222748,1,242.6444116
22,19966_80581,2020,496116.7602,79.11140347,786.7229748,928.5298832,1.2,373.462893
90_71,19972_19973_34948_46348,2020,1017577.838,72.90040049,725.0752801,682.3253899,0.9,562.8942919
184_188,20087_24607,2020,1005446.791,68.4524578,740.3950119,726.5201911,1,592.2082505
179_182,20088_24606,2020,990768.2512,68.93747108,812.8223542,873.655262,1.1,701.745847
45,20694_21399,2020,506553.4339,87.83356767,719.2146522,822.3964221,1.1,337.7335063
160_53,21085_23462_23803,2020,1014827.143,73.20360002,788.1946043,940.2909242,1.2,773.6098511
228_39,22648_22921,2020,995480.7869,72.8647009,735.5529537,1071.039264,1.5,864.3824633
31,22922_36321_36322,2020,533815.2814,74.00254839,833.6410555,985.1531761,1.2,426.3462395
68_185,23272_28641,2020,969341.5545,83.98939703,803.1040575,1114.624864,1.4,875.9377238
165_166,24127_24128,2020,1080329.377,69.20886105,821.5996316,841.1411156,1,736.7034791
161_191,24129_24130,2020,993254.2394,68.26683692,867.9964278,948.3510001,1.1,763.6550125
6_148_187_190,24262_24263_24264_24265,2020,1958137.71,67.81070245,813.6747284,863.8431651,1.1,1371.342089
55,28035_28036,2020,499698.5761,70.7664145,826.3437152,847.0182868,1,343.137807
181_180,29278_70249,2020,999514.3901,92.24336987,747.387262,893.7906408,1.2,724.2567085
178,30927_30928,2020,510743.9756,98.07085339,719.573264,816.8487713,1.1,338.2303582
143,31455_81004,2020,514288.876,82.49136965,727.0111712,950.3024949,1.3,396.2202548
4,33668_33669,2020,524721.6388,91.12290164,751.8069648,848.8785724,1.1,361.1122475
3,33670_33671,2020,462084.5578,79.5951834,738.1210133,1880.857433,2.5,704.6038401
58_59,34596_48225_48226,2020,954984.8725,69.80807134,499.0848351,553.950444,1.1,428.8792945
16,34939_48437,2020,532670.3378,98.07085339,785.5409515,1003.916902,1.3,433.5347881
92_17,39156_55535,2020,977699.3701,91.91192772,753.4134081,667.222304,0.9,528.8634621
230,39552_39554,2020,520340.3719,69.05439923,884.7816739,1014.360666,1.1,427.9052314
150,40010_40013,2020,515270.5215,92.23424499,596.8840445,898.6670129,1.5,375.4064849
183,40011_40014,2020,502103.8053,83.98939703,632.8105544,703.5057282,1.1,286.3708599
171,42367_42368_42369_42370_56652,2020,489245.8584,69.20886105,595.6475614,635.7184041,1.1,252.1503732
134_133,43268_43270_43836,2020,1068425.839,87.31881307,799.7054311,923.8094993,1.2,800.1925049
186,43269_43837_43838_43839_43840,2020,553946.6617,69.80807134,729.2370698,843.1198207,1.2,378.6386312
129_43_63_42,43271_43272_43273_43274,2020,2056839.524,67.94329379,840.1530641,805.8703913,1,1343.795806
217_216,44451_44452,2020,1048741.718,98.07085339,760.2806682,882.435583,1.2,750.2728467
135,44604_44605_44606_44607_44609_44610,2020,506211.5057,98.07085339,806.7543802,1001.110234,1.2,410.8483866
144_112,48871_48872_70587_70588,2020,824286.9765,98.07085339,734.1191883,744.4504783,1,497.487215
60,48948_55727,2020,508144.7321,70.7715225,829.6152505,872.7569129,1.1,359.54098
109_139,50581_50582,2020,930136.0187,104.059271,629.4856954,1010.44942,1.6,761.9539313
194,77569_81269,2020,493773.6721,69.20886105,566.5135701,557.922567,1,223.3415525
110,77646_77695_77696_80718,2020,1035833.602,98.07085339,683.0384511,860.1743948,1.3,722.3441814
213,77666_83567,2020,590187.6449,103.5694317,302.6795134,405.4914201,1.3,194.0168529
83_82,78771_78772_78773_78774_78775,2020,986711.298,77.09290208,759.8161531,821.9328164,1.1,657.4974823
111_0,80717_80879_80880_80881_80926,2020,620184.9862,87.45915152,640.7504928,744.0071789,1.2,374.0813418
38_198_136,85131_85132_85133_85134,2020,1371164.982,120.4210167,570.6545105,426.1092501,0.7,473.6726926
78,86032_86033_86035_86037,2020,507471.1176,69.20886105,878.0370665,1018.21435,1.2,418.907577
41_40,19541_19542,2020,963365.1053,69.30872974,747.8796453,773.9813139,1,604.4899153
104,42891_64630_64631_64632_64633,2020,477775.9847,80.4635194,705.7139993,1203.533641,1.7,466.1763351
13_62,24574_29405,2020,1041634.108,68.07789499,834.4955395,993.9545593,1.2,839.3621772
99_97,34561_34562,2020,1020934.079,86.98545081,707.8199657,922.8681933,1.3,763.8446694
96,22352_70940,2020,537937.4506,86.98545081,756.3249204,395.5294586,0.5,172.4957058
232,18796,2020,552919.1582,72.57426014,67.338398,0,0,0
52,18797,2020,484412.7848,72.65391206,454.2933871,442.8568073,1,173.9188256
125,18802,2020,492514.3163,94.87762455,705.9631211,972.2331307,1.4,388.2012668
11,18851,2020,522493.5235,91.01452007,709.1107255,696.9653023,1,295.2294939
114,19292,2020,445619.7197,67.81070245,724.801159,1008.049143,1.4,364.1780604
231,19293,2020,487190.5337,69.12582393,836.4803029,1009.702118,1.2,398.8042532
174,19324,2020,493310.2698,82.49136965,832.7369347,1026.42224,1.2,410.5006823
175,19360,2020,475598.4635,88.98282107,752.0037375,797.9782913,1.1,307.6799472
19,19361,2020,511605.6457,94.92156865,725.0569018,1109.742162,1.5,460.2831615
72,19379,2020,500542.8946,69.30872974,793.855617,807.4422603,1,327.6577537
113,19381,2020,670959.1793,69.30872974,776.6525918,939.737139,1.2,511.1756552
44_238,19526,2020,1000931.142,80.92073601,794.8878625,701.6984463,0.9,569.406459
169,20046,2020,499581.6233,98.07085339,739.3993501,799.6320573,1.1,323.8652296
18,20366,2020,522551.7297,98.07085339,694.401216,1013.193145,1.5,429.229147
195,20487,2020,499845.7165,68.25165491,686.587158,840.5900164,1.2,340.6339064
79,21426,2020,522538.4752,69.20886105,755.5396012,755.8084479,1,320.1825715
25,21428,2020,510719.012,69.20886105,865.5468105,821.7131141,0.9,340.2278934
119,21841,2020,513628.744,67.81070245,813.5905463,819.6979768,1,341.3271668
80,21843,2020,510432.9486,68.25715791,791.654382,865.1067378,1.1,357.9942636
50,21844,2020,506473.3941,68.26592906,876.1755312,1124.051882,1.3,461.541403
34,21929,2020,514504.6294,69.30872974,856.6178487,822.8861823,1,343.2390801
141,21930,2020,496406.4664,73.20360002,729.9598744,700.3215169,1,281.8399628
197,22194,2020,501481.4018,69.87650584,775.1083649,1057.580454,1.4,429.967787
70,22195,2020,514665.159,71.54574042,887.4552123,933.4459145,1.1,389.4768071
120,22316,2020,499808.7099,73.20360002,818.1398658,791.6420211,1,320.7748657
102,22353,2020,498590.883,86.98545081,811.706433,939.2777177,1.2,379.6697755
158,22566,2020,475380.8065,67.81070245,750.9987141,768.9796908,1,296.3631389
76,22567,2020,503186.8506,67.81070245,784.5257202,634.412132,0.8,258.8024812
193_192,22982,2020,1000454.874,70.91804914,739.9218397,720.3455262,1,584.2598467
36,24272,2020,496483.1114,79.5951834,639.7607954,673.8755355,1.1,271.2388177
85,26437,2020,520976.3802,91.08005939,551.1729644,540.9285456,1,228.4681195
147,27976,2020,504131.055,71.51279701,834.4282046,926.763266,1.1,378.7738039
145,28561,2020,494110.8824,98.07085339,726.1629793,831.6456026,1.1,333.142766
177,29557,2020,487855.1428,101.1667762,661.0683256,569.894511,0.9,225.3995446
164,29895,2020,490848.55,98.07085339,702.7073577,679.3196492,1,270.3269608
168,30913,2020,505420.0986,101.1667762,617.8354979,627.972708,1,257.3125392
77,31062,2020,489959.3503,69.20886105,422.8271274,156.79835,0.4,62.28295526
73,31063,2020,509278.0844,69.20886105,838.0641975,806.9215799,1,333.1608725
153,31108,2020,496979.0708,69.20886105,739.9444654,696.9736523,0.9,280.8161839
156,31110,2020,488885.968,69.20886105,667.7712834,611.3587034,0.9,242.3100038
155,31113,2020,483791.5951,69.20886105,779.3602941,827.4511094,1.1,324.5400767
152,31114,2020,491598.5843,69.20886105,711.279548,833.607201,1.2,332.2306944
142,31454,2020,532807.0859,82.49136965,786.9555407,905.9064056,1.2,391.310044
65,33018,2020,493740.8459,67.81070245,883.8120771,1107.155416,1.3,443.1750663
93,33019,2020,492895.1501,67.81070245,856.0594406,984.0401791,1.1,393.2195022
126,33817,2020,498928.7687,70.50767566,796.326721,769.0736985,1,311.0814958
159,33818,2020,500610.3311,70.50113471,781.0464183,870.9908393,1.1,353.4932033
128,35009,2020,528584.0098,67.81070245,907.2893452,957.7116613,1.1,410.4086158
162,35012,2020,498863.5292,70.23941962,834.9441163,886.6764389,1.1,358.6035594
33,35013,2020,509698.547,69.09802507,872.795138,1060.184105,1.2,438.0890086
86,40402,2020,520783.8802,91.08005939,594.4388161,567.3872889,1,239.5547618
176,43397,2020,488411.7752,91.10914882,615.1148515,612.2460055,1,242.4263144
163,46287,2020,523984.459,71.58161883,826.2285925,757.7936013,0.9,321.9118864
89,46461,2020,533231.2393,91.21451963,648.0907314,516.9119343,0.8,223.4600114
26,46505,2020,507704.2288,79.5951834,737.423576,808.7445037,1.1,332.8816042
84,47591,2020,504859.0521,91.08005939,628.7798578,673.3200913,1.1,275.5874231
167,49185,2020,499917.1715,101.1667762,582.6964636,537.2169274,0.9,217.7285678
157,49188,2020,504360.4301,91.24472723,592.2294174,498.7341144,0.8,203.9284203
87,50095,2020,523467.6309,91.08005939,540.2496175,824.3193611,1.5,349.8267417
24,51647,2020,498886.8415,74.00254839,875.8290853,1018.191089,1.2,411.8120155
196,63497,2020,464782.5092,87.08531944,770.167147,1363.041385,1.8,513.6017456
219,67172,2020,504821.3891,98.07085339,767.3711775,851.1554003,1.1,348.3487683
215,71748,2020,514904.5049,94.82057658,734.7545399,945.7771782,1.3,394.8055003
170,73899,2020,504765.158,99.06953899,749.7456346,830.3988261,1.1,339.8159574
49,76358,2020,489104.5052,69.20886105,480.6581189,572.2930321,1.2,226.9278478
124,78062,2020,484372.6803,69.20886105,492.5309244,319.6175851,0.6,125.5098986
220,78568,2020,386200.1408,98.07085339,734.6954014,842.6789329,1.1,263.8409713
130,78906,2020,497485.1461,69.30872974,692.4641106,926.2842022,1.3,373.5872518
132_8,18242_72370,2021,888724.9487,247.8734991,577.9573608,835.2406659,1.4,601.7923682
23_10,18786_18787_86252_86253,2021,996460.3134,222.0881544,610.1007602,624.1021453,1,504.1773773
127,18788_18789,2021,460230.121,217.6684122,396.3354278,394.9469806,1,147.3606436
47,18794_31111,2021,496100.9482,217.6684122,422.5223926,448.9891711,1.1,180.5816415
149_30,18834_19052,2021,974741.6237,231.4458567,638.163337,605.4876635,0.9,478.4785614
151_32,18835_19053,2021,1060215.191,227.0655512,588.5130317,537.486409,0.9,461.9863909
66_81,18927_18928,2021,1015127.552,223.5176522,619.8270696,633.6525556,1,521.4821877
173_122,18975_34950,2021,981944.0191,223.1340961,605.8003359,648.0660961,1.1,515.9097122
35_229,18978_42019_42020,2021,954900.5352,211.4356153,738.7600938,939.2313224,1.3,727.1070859
46_229,18981_39553,2021,971151.3766,210.0602147,769.4091543,421.0563087,0.5,331.5085865
44_137,18988_80780,2021,1004986.202,223.0331816,629.2939627,438.1451188,0.7,356.9815327
1,18989_80781,2021,481071.5331,223.1340961,746.0951979,841.9789097,1.1,328.381396
48,18999_42021,2021,502448.0874,217.6684122,633.5090305,739.6430747,1.2,301.2874665
223_37_69,19014_83615_83616_83617,2021,1564039.786,234.9913944,577.2749715,623.2304528,1.1,790.249328
14_20_15_21,19145_29873_30102_36070_50650_81268,2021,1998714.469,248.7279443,572.1815333,604.647162,1.1,979.7616763
67_61,19191_24214,2021,923158.9682,222.6546482,453.4657764,370.1227271,0.8,277.0064741
57_56,19192_29765,2021,964236.8648,244.9842477,662.5310274,1161.399105,1.8,907.8892869
146_154,19378_20000_24605,2021,985431.7608,221.5085967,550.2801521,563.4680087,1,450.1564655
9_131,19492_20015,2021,1051985.859,221.4940412,718.6380323,727.6589067,1,620.5909304
74_75,19563_19971_28160,2021,1035844.551,233.1836659,439.6367479,513.1456832,1.2,430.9262386
27_29,19760_28061,2021,1001830.771,231.2705016,632.3564833,635.4276718,1,516.0932313
103_100,19904_24609_78905,2021,916970.9172,217.8634335,653.5106668,712.7935304,1.1,529.8915375
28,19965_78447,2021,521585.1496,226.5121608,579.4300672,550.6318847,1,232.8382071
22,19966_80581,2021,496116.7602,226.627846,658.9725417,696.4087956,1.1,280.1017482
90_71,19972_19973_34948_46348,2021,1017577.838,219.366792,645.3168124,579.9989015,0.9,478.4785614
184_188,20087_24607,2021,1005446.791,211.1733428,687.0443512,663.5861307,1,540.908823
179_182,20088_24606,2021,990768.2512,212.1221216,667.0346718,655.4983871,1,526.5157676
45,20694_21399,2021,506553.4339,218.2317849,570.7430229,682.3033427,1.2,280.2014869
160_53,21085_23462_23803,2021,1014827.143,223.5176522,672.1307085,778.3946496,1.2,640.412189
228_39,22648_22921,2021,995480.7869,217.2032834,692.2511156,915.2748749,1.3,738.6727805
31,22922_36321_36322,2021,533815.2814,219.8738611,727.3561546,835.4594695,1.1,361.5630662
68_185,23272_28641,2021,969341.5545,235.6955758,675.318962,856.9365679,1.3,673.4311164
165_166,24127_24128,2021,1080329.377,217.6684122,599.5761068,635.2778053,1.1,556.4005381
161_191,24129_24130,2021,993254.2394,209.915651,559.6014484,599.694573,1.1,482.9011269
6_148_187_190,24262_24263_24264_24265,2021,1958137.71,206.1617115,673.404827,779.087348,1.2,1236.793106
55,28035_28036,2021,499698.5761,209.4756979,713.9023087,829.0494876,1.2,335.8584195
181_180,29278_70249,2021,999514.3901,237.1569395,639.6828857,743.5983403,1.2,602.5528371
178,30927_30928,2021,510743.9756,238.1886939,672.3843393,831.6815127,1.2,344.3721113
143,31455_81004,2021,514288.876,223.1340961,726.5679835,679.4520413,0.9,283.2915439
4,33668_33669,2021,524721.6388,231.2865468,568.4308575,795.2415721,1.4,338.2951116
3,33670_33671,2021,462084.5578,227.0655512,557.999468,939.0510632,1.7,351.7858258
58_59,34596_48225_48226,2021,954984.8725,209.613721,436.61165,637.2505175,1.5,493.3718446
16,34939_48437,2021,532670.3378,247.9693892,608.3822692,1003.845837,1.7,433.5040993
92_17,39156_55535,2021,977699.3701,248.3747175,573.4548788,589.3846706,1,467.1666633
230,39552_39554,2021,520340.3719,208.6877792,699.4346649,870.0673491,1.2,367.0354962
150,40010_40013,2021,515270.5215,237.1553239,676.0044407,765.8939919,1.1,319.9422781
183,40011_40014,2021,502103.8053,235.6955758,655.9613506,684.4921414,1,278.6311401
171,42367_42368_42369_42370_56652,2021,489245.8584,217.6684122,521.1802301,469.9111822,0.9,186.3848509
134_133,43268_43270_43836,2021,1068425.839,248.5924662,623.4494187,752.9495252,1.2,652.1956822
186,43269_43837_43838_43839_43840,2021,553946.6617,209.613721,583.5665108,712.223726,1.2,319.8542012
129_43_63_42,43271_43272_43273_43274,2021,2056839.524,206.3908663,676.7073072,703.9674787,1,1173.871823
217_216,44451_44452,2021,1048741.718,247.9693892,639.836978,777.9434714,1.2,661.4305612
135,44604_44605_44606_44607_44609_44610,2021,506211.5057,244.296233,605.6334667,892.5159657,1.5,366.2820857
144_112,48871_48872_70587_70588,2021,824286.9765,238.1886939,606.3246205,648.7415181,1.1,433.5286503
60,48948_55727,2021,508144.7321,209.4749623,693.2498706,792.3250447,1.1,326.4062637
109_139,50581_50582,2021,930136.0187,248.8822637,568.1300558,1003.002214,1.8,756.3381846
194,77569_81269,2021,493773.6721,217.6684122,563.2263295,502.7882303,0.9,201.2707687
110,77646_77695_77696_80718,2021,1035833.602,238.1886939,541.8684818,737.2860736,1.4,619.1468945
213,77666_83567,2021,590187.6449,255.1709382,596.131157,683.264078,1.1,326.9236772
83_82,78771_78772_78773_78774_78775,2021,986711.298,221.793878,482.928662,586.8781678,1.2,469.4677108
111_0,80717_80879_80880_80881_80926,2021,620184.9862,236.3098949,493.3749998,586.6911198,1.2,294.9839834
38_198_136,85131_85132_85133_85134,2021,1371164.982,266.011623,423.9065552,448.7832553,1.1,498.8776302
78,86032_86033_86035_86037,2021,507471.1176,217.6684122,771.8401438,974.936676,1.3,401.1025388
41_40,19541_19542,2021,963365.1053,217.8601889,709.6371774,693.5473607,1,541.6699057
104,42891_64630_64631_64632_64633,2021,477775.9847,219.2985783,534.2784839,904.2148201,1.7,350.2382788
13_62,24574_29405,2021,1041634.108,206.6234946,679.3499605,886.4316126,1.3,748.5625589
99_97,34561_34562,2021,1020934.079,248.7365018,673.1783324,912.3492015,1.4,755.1382518
232,18796,2021,552919.1582,222.5961502,-48.27006832,0,0,0
52,18797,2021,484412.7848,222.7127794,298.0658236,346.0851419,1.2,135.9146353
125,18802,2021,492514.3163,248.8821971,657.7719231,926.0025599,1.4,369.741943
11,18851,2021,522493.5235,234.5737743,594.6043846,683.3376712,1.1,289.4569273
114,19292,2021,445619.7197,206.1617115,608.3787901,1013.434783,1.7,366.1237314
231,19293,2021,487190.5337,216.4318308,632.6782491,779.3488413,1.2,307.8211158
174,19324,2021,493310.2698,223.1340961,698.5516857,898.7201978,1.3,359.4283521
175,19360,2021,475598.4635,247.8734991,502.9283553,631.9006214,1.3,243.6446605
19,19361,2021,511605.6457,248.8897167,594.6463,770.1248345,1.3,319.4214888
72,19379,2021,500542.8946,217.8601889,658.9812239,733.3764159,1.1,297.6020464
113,19381,2021,670959.1793,217.8601889,660.6840661,653.7213039,1,355.5956256
44_238,19526,2021,1000931.142,222.9303046,627.5803118,545.6805759,0.9,442.802811
169,20046,2021,499581.6233,238.1886939,746.7242928,671.3394998,0.9,271.9044581
18,20366,2021,522551.7297,247.9693892,558.5731904,911.4355637,1.6,386.1205649
195,20487,2021,499845.7165,209.7907047,604.9117422,558.2471138,0.9,226.2195499
79,21426,2021,522538.4752,217.6684122,610.3246172,703.8453494,1.2,298.1694827
25,21428,2021,510719.012,217.6684122,770.572955,754.859119,1,312.5471937
119,21841,2021,513628.744,206.1617115,645.3001587,617.3662227,1,257.0750077
80,21843,2021,510432.9486,209.8359938,644.184476,809.7235319,1.3,335.0758547
50,21844,2021,506473.3941,209.9081794,683.2496336,890.9886623,1.3,365.8444632
34,21929,2021,514504.6294,217.8601889,742.9176181,611.0451358,0.8,254.8767677
141,21930,2021,496406.4664,223.5176522,585.4272481,649.5501515,1.1,261.4073481
197,22194,2021,501481.4018,211.9829619,788.9938338,889.4347842,1.1,361.6068209
70,22195,2021,514665.159,218.7435487,745.202078,909.1796808,1.2,379.3518121
120,22316,2021,499808.7099,223.5176522,702.6112513,712.8905862,1,288.8646332
102,22353,2021,498590.883,248.7365018,691.1227327,790.508384,1.1,319.5350374
158,22566,2021,475380.8065,206.1617115,623.736552,594.145632,1,228.9824641
76,22567,2021,503186.8506,206.1617115,553.583194,506.7882521,0.9,206.739516
193_192,22982,2021,1000454.874,220.1710667,600.9965839,665.0204835,1.1,539.3866577
36,24272,2021,496483.1114,227.0655512,717.9220764,700.7799001,1,282.0679807
85,26437,2021,520976.3802,245.3803816,491.8076044,483.3884902,1,204.165338
147,27976,2021,504131.055,218.7283923,727.4265288,683.4253298,0.9,279.320104
145,28561,2021,494110.8824,238.1886939,652.9786168,839.2905603,1.3,336.2052032
177,29557,2021,487855.1428,251.4213983,531.0268002,506.025384,1,200.1386027
164,29895,2021,490848.55,238.1886939,582.1178786,565.8421152,1,225.1699616
168,30913,2021,505420.0986,251.4213983,506.4158582,572.4386492,1.1,234.5573947
77,31062,2021,489959.3503,217.6684122,473.8206148,478.7313605,1,190.1601892
73,31063,2021,509278.0844,217.6684122,707.3522894,705.0984692,1,291.1202613
153,31108,2021,496979.0708,217.6684122,638.1768817,640.1040987,1,257.902992
156,31110,2021,488885.968,217.6684122,485.1992196,439.1444934,0.9,174.0534702
155,31113,2021,483791.5951,217.6684122,680.0865774,706.550742,1,277.1209433
152,31114,2021,491598.5843,217.6684122,628.9290943,617.3864278,1,246.0568015
142,31454,2021,532807.0859,223.1340961,677.320665,640.2423488,0.9,276.5553484
65,33018,2021,493740.8459,206.1617115,725.9451436,984.6861523,1.4,394.1527492
93,33019,2021,492895.1501,206.1617115,731.020814,742.7310268,1,296.7930892
126,33817,2021,498928.7687,219.6017084,699.3017893,651.4908469,0.9,263.5205801
159,33818,2021,500610.3311,219.5922074,671.3194636,675.955538,1,274.3377745
128,35009,2021,528584.0098,206.1617115,760.2617843,872.7759214,1.1,374.0110644
162,35012,2021,498863.5292,218.2288153,696.5421954,785.0708804,1.1,317.5106496
33,35013,2021,509698.547,216.2147424,673.6228609,802.6532121,1.2,331.6721579
86,40402,2021,520783.8802,245.3803816,503.3224453,551.7029528,1.1,232.9327287
176,43397,2021,488411.7752,245.3978035,500.3279903,453.3116082,0.9,179.4942907
163,46287,2021,523984.459,218.7600554,729.372334,1132.498518,1.6,481.0871109
89,46461,2021,533231.2393,245.4609109,561.6707606,496.4327522,0.9,214.6069013
26,46505,2021,507704.2288,227.0655512,520.0970176,908.5517919,1.7,373.9625761
84,47591,2021,504859.0521,245.3803816,528.1918236,542.3354653,1,221.9759002
167,49185,2021,499917.1715,251.4213983,542.8033695,609.2023031,1.1,246.9035099
157,49188,2021,504360.4301,245.4790025,537.0214372,503.9991238,0.9,206.0812409
87,50095,2021,523467.6309,245.3803816,503.3421638,563.5997521,1.1,239.1818926
24,51647,2021,498886.8415,219.8738611,748.1663231,1089.176345,1.5,440.522325
196,63497,2021,464782.5092,223.4217613,626.3895008,912.9793986,1.5,344.0158296
219,67172,2021,504821.3891,238.1886939,621.9573369,771.5137695,1.2,315.7541751
215,71748,2021,514904.5049,248.8290496,576.4239026,866.9526111,1.5,361.9009501
170,73899,2021,504765.158,249.5995028,591.5323882,683.5318031,1.2,279.7150077
49,76358,2021,489104.5052,217.6684122,426.3067484,389.3112339,0.9,154.371197
124,78062,2021,484372.6803,217.6684122,352.0721063,356.7696438,1,140.0990555
220,78568,2021,386200.1408,238.1886939,585.0202413,781.7321519,1.3,244.7586646
130,78906,2021,497485.1461,217.8601889,607.4639494,778.1581687,1.3,313.8453307
132_8,18242_72370,2022,888724.9487,283.0825624,540.0114764,2291.812304,4.2,1651.254794
23_10,18786_18787_86252_86253,2022,996460.3134,208.0829875,594.1480247,764.151036,1.3,617.315079
127,18788_18789,2022,460230.121,194.8626021,493.8372229,560.7759051,1.1,209.2339031
47,18794_31111,2022,496100.9482,194.8626021,618.2622934,599.5366832,1,241.1312463
149_30,18834_19052,2022,974741.6237,236.0335321,627.5744575,714.9152878,1.1,564.952284
151_32,18835_19053,2022,1060215.191,222.9714361,569.4700271,562.8470528,1,483.784658
66_81,18927_18928,2022,1015127.552,207.2077012,614.0759062,478.072894,0.8,393.4435306
173_122,18975_34950,2022,981944.0191,221.9268522,608.3109275,624.3388817,1,497.0210519
35_229,18978_42019_42020,2022,954900.5352,215.9442297,700.3819615,937.9029227,1.3,726.0787036
46_229,18981_39553,2022,971151.3766,210.322448,776.8325011,472.8151306,0.6,372.2596536
44_137,18988_80780,2022,1004986.202,220.0080316,579.7653254,377.0700479,0.7,307.2202287
1,18989_80781,2022,481071.5331,221.9268522,696.9742319,812.1903833,1.2,316.7635303
48,18999_42021,2022,502448.0874,194.8626021,658.0174432,727.8223466,1.1,296.472391
223_37_69,19014_83615_83616_83617,2022,1564039.786,250.0436749,592.4419943,681.5203521,1.2,864.1602763
14_20_15_21,19145_29873_30102_36070_50650_81268,2022,1998714.469,283.619116,509.5884151,481.9190355,0.9,780.8947627
67_61,19191_24214,2022,923158.9682,212.8104734,401.7190379,513.8039737,1.3,384.5400908
57_56,19192_29765,2022,964236.8648,234.7344143,651.8914459,2004.688895,3.1,1567.106056
146_154,19378_20000_24605,2022,985431.7608,201.0701837,680.945105,708.9171869,1,566.3562974
9_131,19492_20015,2022,1051985.859,201.0257177,677.0472108,715.313562,1.1,610.0620839
74_75,19563_19971_28160,2022,1035844.551,243.8083209,647.7140532,640.322989,1,537.7263926
27_29,19760_28061,2022,1001830.771,235.5106223,642.4787751,644.2266382,1,523.2397363
103_100,19904_24609_78905,2022,916970.9172,189.9290022,663.3477037,786.7330722,1.2,584.8582787
28,19965_78447,2022,521585.1496,221.3161281,589.2331949,475.8273428,0.8,201.2066291
22,19966_80581,2022,496116.7602,221.6621671,662.1541182,658.8879211,1,265.0105222
90_71,19972_19973_34948_46348,2022,1017577.838,216.6550118,624.6779536,563.1509477,0.9,464.5795959
184_188,20087_24607,2022,1005446.791,192.4757442,683.987831,736.606357,1.1,600.4297847
179_182,20088_24606,2022,990768.2512,193.3402423,702.2953327,665.3098874,0.9,534.3966559
45,20694_21399,2022,506553.4339,224.0575252,680.6750205,786.0521363,1.2,322.8079998
160_53,21085_23462_23803,2022,1014827.143,207.2077012,703.1435945,848.8190761,1.2,698.3527993
228_39,22648_22921,2022,995480.7869,220.8772502,649.0461113,828.7256253,1.3,668.8231904
31,22922_36321_36322,2022,533815.2814,223.1613647,628.2322277,562.4457535,0.9,243.4105048
68_185,23272_28641,2022,969341.5545,250.9853113,648.2877194,889.7744274,1.4,699.2370362
165_166,24127_24128,2022,1080329.377,194.8626021,706.5154129,651.7463095,0.9,570.8242824
161_191,24129_24130,2022,993254.2394,194.5426938,651.9738708,719.939444,1.1,579.7277221
6_148_187_190,24262_24263_24264_24265,2022,1958137.71,194.387792,731.3563482,757.6678637,1,1202.789896
55,28035_28036,2022,499698.5761,197.880809,670.6732338,861.1387934,1.3,348.8582026
181_180,29278_70249,2022,999514.3901,260.336694,654.9587415,805.9197336,1.2,653.0531277
178,30927_30928,2022,510743.9756,266.9389726,585.3644029,703.8337023,1.2,291.4345147
143,31455_81004,2022,514288.876,221.9268522,691.1971116,715.4300026,1,298.2922379
4,33668_33669,2022,524721.6388,235.558469,552.0397536,696.833728,1.3,296.4324956
3,33670_33671,2022,462084.5578,222.9714361,554.0230547,789.7125115,1.4,295.8408535
58_59,34596_48225_48226,2022,954984.8725,194.0079437,649.7855183,800.2871735,1.2,619.5980201
16,34939_48437,2022,532670.3378,282.322864,515.8570654,811.3173332,1.6,350.3619547
92_17,39156_55535,2022,977699.3701,283.5513611,553.5434358,620.4748117,1.1,491.8097838
230,39552_39554,2022,520340.3719,204.7127853,647.5831378,890.4151475,1.4,375.6191585
150,40010_40013,2022,515270.5215,260.3263559,654.0848205,830.3531628,1.3,346.8692604
171,42367_42368_42369_42370_56652,2022,489245.8584,194.8626021,496.144718,384.438812,0.8,152.483221
134_133,43268_43270_43836,2022,1068425.839,280.1553815,561.937286,729.7288664,1.3,632.0822311
186,43269_43837_43838_43839_43840,2022,553946.6617,194.0079437,705.140266,726.4989514,1,326.2650951
129_43_63_42,43271_43272_43273_43274,2022,2056839.524,194.3625766,675.2514787,635.055565,0.9,1058.960615
217_216,44451_44452,2022,1048741.718,282.322864,568.300042,782.1384023,1.4,664.9972155
135,44604_44605_44606_44607_44609_44610,2022,506211.5057,276.5454183,555.1686305,769.3083577,1.4,315.7185761
144_112,48871_48872_70587_70588,2022,824286.9765,266.9389726,568.853265,686.9681571,1.2,459.0740221
60,48948_55727,2022,508144.7321,197.9014515,639.2372546,781.4488265,1.2,321.9256963
109_139,50581_50582,2022,930136.0187,241.5241256,572.6167399,1222.921684,2.1,922.1738032
194,77569_81269,2022,493773.6721,194.8626021,686.14404,653.3868914,1,261.5568026
110,77646_77695_77696_80718,2022,1035833.602,266.9389726,470.5308039,690.3994301,1.5,579.7731416
213,77666_83567,2022,590187.6449,282.6641649,522.1009964,644.5202571,1.2,308.38579
83_82,78771_78772_78773_78774_78775,2022,986711.298,208.7016665,623.4455649,587.5338063,0.9,469.9921827
111_0,80717_80879_80880_80881_80926,2022,620184.9862,254.9163882,499.999202,615.4455217,1.2,309.4414853
38_198_136,85131_85132_85133_85134,2022,1371164.982,260.623897,450.0939053,628.2162298,1.4,698.3393883
78,86032_86033_86035_86037,2022,507471.1176,194.8626021,751.0218956,722.0929587,1,297.079109
41_40,19541_19542,2022,963365.1053,189.924565,662.234906,687.9126617,1,537.2691292
104,42891_64630_64631_64632_64633,2022,477775.9847,216.9267666,600.0077122,975.7743184,1.6,377.9561119
13_62,24574_29405,2022,1041634.108,194.3369789,644.0244091,752.3102991,1.2,635.3014881
99_97,34561_34562,2022,1020934.079,279.5689591,582.5866627,886.9805226,1.5,734.1409629
232,18796,2022,552919.1582,205.2628274,405.0787913,486.0679206,1.2,217.884467
52,18797,2022,484412.7848,205.5089789,643.8910536,625.8570947,1,245.7867399
125,18802,2022,492514.3163,284.026016,596.8113013,905.3275416,1.5,361.4866511
11,18851,2022,522493.5235,249.1349767,578.3672388,656.6620001,1.1,278.1573047
114,19292,2022,445619.7197,194.387792,674.8428424,1061.667693,1.6,383.548842
174,19324,2022,493310.2698,221.9268522,705.1166519,903.9604168,1.3,361.5240914
175,19360,2022,475598.4635,283.0825624,674.0154126,754.0352828,1.1,290.736651
19,19361,2022,511605.6457,284.0330492,527.7406656,840.4012043,1.6,348.5697278
72,19379,2022,500542.8946,189.924565,692.5756869,861.5685512,1.2,349.6220473
113,19381,2022,670959.1793,189.924565,665.8372643,815.0469628,1.2,443.3496857
44_238,19526,2022,1000931.142,218.0518939,647.2673141,665.0822389,1,539.6935458
169,20046,2022,499581.6233,266.9389726,701.449241,657.7074448,0.9,266.383233
18,20366,2022,522551.7297,282.322864,656.8386848,1140.616499,1.7,483.2107771
195,20487,2022,499845.7165,194.537538,704.6197916,768.857148,1.1,311.5654584
79,21426,2022,522538.4752,194.8626021,644.7131771,575.6508712,0.9,243.8625511
25,21428,2022,510719.012,194.8626021,734.6318284,621.2074592,0.8,257.2091178
119,21841,2022,513628.744,194.387792,672.7452785,707.5431707,1.1,294.6252311
80,21843,2022,510432.9486,194.5394068,661.806748,684.288135,1,283.1687886
50,21844,2022,506473.3941,194.5423855,690.1162062,949.5851938,1.4,389.9044961
34,21929,2022,514504.6294,189.924565,675.8185544,602.0617746,0.9,251.1296631
141,21930,2022,496406.4664,207.2077012,545.73721,633.3380873,1.2,254.8829055
197,22194,2022,501481.4018,206.1082368,767.5429747,664.4042689,0.9,270.1188662
70,22195,2022,514665.159,208.6579938,717.6445333,729.4849252,1,304.3748492
120,22316,2022,499808.7099,207.2077012,706.5332278,693.0020242,1,280.8057497
102,22353,2022,498590.883,279.5689591,618.5472515,853.4553881,1.4,344.9791361
158,22566,2022,475380.8065,194.387792,704.9023445,778.1879794,1.1,299.9119937
76,22567,2022,503186.8506,194.387792,658.2819299,700.7788365,1.1,285.8761561
193_192,22982,2022,1000454.874,200.1445734,675.5213334,703.5346136,1,570.6248051
36,24272,2022,496483.1114,222.9714361,688.159716,670.7213043,1,269.9692213
85,26437,2022,520976.3802,271.7820516,413.8532771,509.3360463,1.2,215.1246216
147,27976,2022,504131.055,208.4635177,682.3333069,675.3293697,1,276.0112357
145,28561,2022,494110.8824,266.9389726,690.5187174,740.6959642,1.1,296.7099225
177,29557,2022,487855.1428,278.8092603,534.5933929,711.3400337,1.3,281.342804
164,29895,2022,490848.55,266.9389726,626.0075757,601.7076816,1,239.4422259
168,30913,2022,505420.0986,278.8092603,472.0816554,614.394021,1.3,251.7486565
77,31062,2022,489959.3503,194.8626021,499.8193091,476.8075965,1,189.3960376
73,31063,2022,509278.0844,194.8626021,711.3493251,678.0576285,1,279.9556694
153,31108,2022,496979.0708,194.8626021,683.655197,740.1085342,1.1,298.1955681
156,31110,2022,488885.968,194.8626021,486.1725622,382.4090033,0.8,151.566546
155,31113,2022,483791.5951,194.8626021,725.7749603,711.1867323,1,278.9392558
152,31114,2022,491598.5843,194.8626021,631.866517,688.504681,1.1,274.4006866
142,31454,2022,532807.0859,221.9268522,655.4541053,661.9257307,1,285.9215756
65,33018,2022,493740.8459,194.387792,758.4136209,1067.730494,1.4,427.3939557
93,33019,2022,492895.1501,194.387792,708.8411609,689.5973484,1,275.5610307
126,33817,2022,498928.7687,195.2447796,645.2607637,662.6665971,1,268.0410429
159,33818,2022,500610.3311,195.2157547,660.9325004,743.5742302,1.1,301.7809427
128,35009,2022,528584.0098,194.387792,788.1243116,695.8583316,0.9,298.1964888
162,35012,2022,498863.5292,195.3732888,605.5261965,645.340938,1.1,260.9988799
33,35013,2022,509698.547,190.5523391,708.7752311,968.8595292,1.4,400.3518903
86,40402,2022,520783.8802,271.7820516,456.7029675,541.137941,1.2,228.4721091
176,43397,2022,488411.7752,271.8023176,527.2251988,591.169459,1.1,234.0807974
163,46287,2022,523984.459,208.8697962,448.0807755,621.62258,1.4,264.0662272
89,46461,2022,533231.2393,271.8757273,573.043707,585.9979383,1,253.3257549
26,46505,2022,507704.2288,222.9714361,724.6167543,694.7284536,1,285.9522644
84,47591,2022,504859.0521,271.7820516,466.9394699,643.304312,1.4,263.3020757
157,49188,2022,504360.4301,271.8967723,485.6851702,532.7664147,1.1,217.8439578
87,50095,2022,523467.6309,271.7820516,560.6895354,685.8075944,1.2,291.0447668
24,51647,2022,498886.8415,223.1613647,713.9919923,946.0805764,1.3,382.6465908
219,67172,2022,504821.3891,266.9389726,562.3706143,683.6537764,1.2,279.7960876
215,71748,2022,514904.5049,283.8173402,481.7190588,835.4213139,1.7,348.7385163
170,73899,2022,504765.158,284.6969251,526.8842229,706.2899263,1.3,289.028091
49,76358,2022,489104.5052,194.8626021,598.1653464,564.9668565,0.9,224.0228443
124,78062,2022,484372.6803,194.8626021,438.9642778,267.9599759,0.6,105.2245901
220,78568,2022,386200.1408,266.9389726,521.1362918,676.4034113,1.3,211.7804612
130,78906,2022,497485.1461,189.924565,598.8719991,689.1471069,1.2,277.9455519
