app,year,AF_pumped,geometry
18242,2018,184.05464895,POINT (-115.93314038699998 39.80316062000003)
72370,2018,184.05464895,POINT (-115.94107638899999 39.80226461900003)
18786,2018,199.834492175,POINT (-115.95022837599998 39.69067160700007)
18787,2018,199.834492175,POINT (-115.95956237799999 39.69066460700003)
86252,2018,199.834492175,POINT (-115.95938237799999 39.69047560700005)
86253,2018,199.834492175,POINT (-115.94999437599995 39.690741607000064)
18788,2018,100.92554715,POINT (-115.95024237599995 39.68338560700005)
18789,2018,100.92554715,POINT (-115.959812377 39.68360560600007)
18794,2018,54.1254072,POINT (-115.96873037699999 39.67626560400004)
31111,2018,54.1254072,POINT (-115.96873037699999 39.67626560400004)
18834,2018,170.35822965,POINT (-115.90844036699997 39.68022861000003)
19052,2018,170.35822965,POINT (-115.91289136899996 39.69108661100006)
18975,2018,289.3492096,POINT (-115.97162636899998 39.610297598000045)
34950,2018,289.3492096,POINT (-115.96699536899996 39.610379598000065)
18978,2018,122.12175079999999,POINT (-116.00220538899998 39.71606260600004)
42019,2018,122.12175079999999,POINT (-116.01531039199995 39.71895160500003)
42020,2018,122.12175079999999,POINT (-116.01531039199995 39.71895160500003)
18981,2018,114.99994305,POINT (-116.00208538799995 39.70890460600003)
39553,2018,114.99994305,POINT (-116.00640038899996 39.71223460500005)
18988,2018,165.7196149,POINT (-115.98148437099996 39.60310359600004)
80780,2018,165.7196149,POINT (-115.98148437099996 39.60310359600004)
18989,2018,179.4359819,POINT (-115.98161237199997 39.610665597000036)
80781,2018,179.4359819,POINT (-115.98161237199997 39.610665597000036)
18999,2018,19.14061552,POINT (-115.99230038399998 39.687121604000026)
42021,2018,19.14061552,POINT (-115.98879638299996 39.69000860500006)
19014,2018,234.327307475,POINT (-115.91252437299994 39.72030961300004)
83615,2018,234.327307475,POINT (-115.92179637499999 39.72031761300008)
83616,2018,234.327307475,POINT (-115.92172537399995 39.71307961200006)
83617,2018,234.327307475,POINT (-115.91734937299998 39.71700061300004)
19145,2018,287.090308,POINT (-115.91263338699997 39.82414162400005)
29873,2018,287.090308,POINT (-115.91263338699997 39.82414162400005)
30102,2018,287.090308,POINT (-115.91426038799995 39.83123762400004)
36070,2018,287.090308,POINT (-115.90401438499998 39.82509762500007)
50650,2018,287.090308,POINT (-115.92126838999997 39.83134562400005)
81268,2018,287.090308,POINT (-115.903012387 39.83347562600005)
19191,2018,207.70652065,POINT (-116.03705737899998 39.58917059100003)
24214,2018,207.70652065,POINT (-116.03706837899995 39.59610359100003)
19192,2018,429.78768345,POINT (-116.04641338099998 39.58897759000007)
29765,2018,429.78768345,POINT (-116.04641338099998 39.58897759000007)
19378,2018,176.37612016666665,POINT (-115.99760237899994 39.64704559900008)
20000,2018,176.37612016666665,POINT (-115.98822237799999 39.647145600000044)
24605,2018,176.37612016666665,POINT (-115.98822237799999 39.647145600000044)
19492,2018,213.30861085,POINT (-115.98808237699996 39.63969560000004)
20015,2018,213.30861085,POINT (-115.99757237799997 39.640065599000025)
19563,2018,280.77301493333334,POINT (-115.95003537899998 39.712207610000064)
19971,2018,280.77301493333334,POINT (-115.95385037999995 39.716023610000036)
28160,2018,280.77301493333334,POINT (-115.94955237999994 39.72084561100007)
19760,2018,280.70232835,POINT (-115.90869336999998 39.695103611000036)
28061,2018,280.70232835,POINT (-115.917236372 39.70180761100005)
19904,2018,184.21576523333331,POINT (-116.025472386 39.66143559900007)
24609,2018,184.21576523333331,POINT (-116.025472386 39.66143559900007)
78905,2018,184.21576523333331,POINT (-116.00933538299995 39.65817560000005)
19965,2018,205.27949835,POINT (-115.95034637699996 39.69790560900003)
78447,2018,205.27949835,POINT (-115.95114237799999 39.69822560800003)
19966,2018,308.63334715,POINT (-115.95039237799995 39.70499860900003)
80581,2018,308.63334715,POINT (-115.95029237799997 39.704845609000074)
19972,2018,154.37089015,POINT (-115.95924438099996 39.716151609000065)
19973,2018,154.37089015,POINT (-115.95926137999999 39.708928609000054)
34948,2018,154.37089015,POINT (-115.959368381 39.712436609000065)
46348,2018,154.37089015,POINT (-115.95948438199997 39.720004610000046)
20087,2018,377.81770535,POINT (-116.02536438799996 39.67600560000005)
24607,2018,377.81770535,POINT (-116.02528338699994 39.66865560000008)
20088,2018,348.67406975,POINT (-116.04696239199995 39.67614559900005)
24606,2018,348.67406975,POINT (-116.02540238699999 39.66804559900004)
20694,2018,153.41033015,POINT (-115.99984937099998 39.585312593000026)
21399,2018,153.41033015,POINT (-115.990892369 39.581447593000064)
21085,2018,218.66950613333333,POINT (-115.97854837499995 39.64701760100007)
23462,2018,218.66950613333333,POINT (-115.97908637499995 39.63653960000005)
23803,2018,218.66950613333333,POINT (-115.97876837499996 39.63962660000004)
22648,2018,77.20946175,POINT (-115.99213738799995 39.719285607000074)
22921,2018,77.20946175,POINT (-115.99730138799998 39.719282607000025)
22922,2018,108.83527943333333,POINT (-115.96886038399998 39.719640609000066)
36321,2018,108.83527943333333,POINT (-115.96886038399998 39.719640609000066)
36322,2018,108.83527943333333,POINT (-115.96886038399998 39.719640609000066)
23272,2018,254.50804155,POINT (-115.92181137699998 39.73693961400005)
28641,2018,254.50804155,POINT (-115.92560237899994 39.74442561500007)
24127,2018,306.8866413,POINT (-115.98784038499997 39.70502260600006)
24128,2018,306.8866413,POINT (-115.98804538399997 39.69773360500005)
24129,2018,214.0417667,POINT (-115.99721738699998 39.704974605000075)
24130,2018,214.0417667,POINT (-115.99731538599997 39.69779760500006)
24262,2018,250.346331,POINT (-116.01605738999996 39.70503060400006)
24263,2018,250.346331,POINT (-116.00664238899998 39.70510560500003)
24264,2018,250.346331,POINT (-116.00666738799998 39.69777660400007)
24265,2018,250.346331,POINT (-116.01600038999999 39.69778860300005)
28035,2018,192.26540475,POINT (-116.04410139599997 39.71226160200007)
28036,2018,192.26540475,POINT (-116.04410139599997 39.71226160200007)
29278,2018,289.5654123,POINT (-115.91647237799998 39.74943561600003)
70249,2018,289.5654123,POINT (-115.91548937599998 39.74271461500007)
30927,2018,0.0,POINT (-115.89302837199995 39.74042361700003)
30928,2018,0.0,POINT (-115.89302837199995 39.74042361700003)
31455,2018,148.41725955,POINT (-115.97644336999997 39.60647159700005)
81004,2018,148.41725955,POINT (-115.97626236999997 39.606455597000036)
33668,2018,160.9664203,POINT (-115.91290336799995 39.67649160900004)
33669,2018,160.9664203,POINT (-115.90837736599997 39.66570260800006)
33670,2018,155.80042285,POINT (-115.92663736799994 39.666376607000075)
33671,2018,155.80042285,POINT (-115.92214136899997 39.67651760800004)
34596,2018,137.74471176666665,POINT (-116.04391139499995 39.704972602000055)
48225,2018,137.74471176666665,POINT (-116.05112439699997 39.70406060100004)
48226,2018,137.74471176666665,POINT (-116.05112439699997 39.70406060100004)
34939,2018,188.0273164,POINT (-115.879178374 39.76936162100003)
48437,2018,188.0273164,POINT (-115.879178374 39.76936162100003)
39156,2018,217.9857401,POINT (-115.91184938499998 39.820135624000045)
55535,2018,217.9857401,POINT (-115.92372238799999 39.81843062300004)
39552,2018,174.49815115,POINT (-116.01574339099994 39.71220360500007)
39554,2018,174.49815115,POINT (-116.01574339099994 39.71220360500007)
40010,2018,357.28857425,POINT (-115.91178837499996 39.733241615000054)
40013,2018,357.28857425,POINT (-115.91178837499996 39.733241615000054)
40011,2018,142.7030017,POINT (-115.92137737699994 39.73324761400005)
40014,2018,142.7030017,POINT (-115.92137737699994 39.73324761400005)
43268,2018,228.1386239,POINT (-115.93535638699996 39.79126961900005)
43270,2018,228.1386239,POINT (-115.93557438599998 39.78410561800007)
43836,2018,228.1386239,POINT (-115.93535638699996 39.79126961900005)
43269,2018,77.85998528,POINT (-116.04413939299997 39.69060260100008)
43837,2018,77.85998528,POINT (-116.04413939299997 39.69060260100008)
43838,2018,77.85998528,POINT (-116.04413939299997 39.69060260100008)
43839,2018,77.85998528,POINT (-116.04413939299997 39.69060260100008)
43840,2018,77.85998528,POINT (-116.04413939299997 39.69060260100008)
43271,2018,277.8220295,POINT (-116.034749391 39.690612601000055)
43272,2018,277.8220295,POINT (-116.02539638999997 39.690634602000046)
43273,2018,277.8220295,POINT (-116.03473938999997 39.68339460000004)
43274,2018,277.8220295,POINT (-116.02569638899996 39.68343260100005)
44451,2018,285.29337545,POINT (-115.89298137499998 39.762443620000056)
44452,2018,285.29337545,POINT (-115.89809837499996 39.75881761900007)
48871,2018,126.08554625,POINT (-115.89155236799996 39.71667161500005)
48872,2018,126.08554625,POINT (-115.89155236799996 39.71667161500005)
70587,2018,126.08554625,POINT (-115.89843736999995 39.720145615000035)
70588,2018,126.08554625,POINT (-115.89843736999995 39.720145615000035)
50581,2018,287.64843535,POINT (-116.04103343299994 39.99300363100008)
50582,2018,287.64843535,POINT (-116.04663143299996 39.98875263000008)
77569,2018,109.4699458,POINT (-115.97100237899997 39.68359560600004)
81269,2018,109.4699458,POINT (-115.96904637799997 39.68349660500007)
77646,2018,126.675766725,POINT (-115.88899136899994 39.724145615000054)
77695,2018,126.675766725,POINT (-115.88899136899994 39.724145615000054)
77696,2018,126.675766725,POINT (-115.88899136899994 39.724145615000054)
80718,2018,126.675766725,POINT (-115.90031137199998 39.724767615000076)
77666,2018,0.0,POINT (-115.87517138199996 39.84699062900006)
83567,2018,0.0,POINT (-115.87517138199996 39.84699062900006)
78771,2018,18.629390774,POINT (-116.00490237799994 39.62151559600005)
78772,2018,18.629390774,POINT (-116.00461337799999 39.62845459700003)
78773,2018,18.629390774,POINT (-116.00461337799999 39.62845459700003)
78774,2018,18.629390774,POINT (-116.00466237799998 39.62103559600007)
78775,2018,18.629390774,POINT (-116.00466237799998 39.62103559600007)
80717,2018,64.80864494,POINT (-115.91592037399994 39.72434961400006)
80879,2018,64.80864494,POINT (-115.91592037399994 39.72434961400006)
80880,2018,64.80864494,POINT (-115.91592037399994 39.72434961400006)
80881,2018,64.80864494,POINT (-115.91592037399994 39.72434961400006)
80926,2018,64.80864494,POINT (-115.91592037399994 39.72434961400006)
86032,2018,0.00022797425,POINT (-115.96902337999995 39.697803607000026)
86033,2018,0.00022797425,POINT (-115.96902337999995 39.697803607000026)
86035,2018,0.00022797425,POINT (-115.96902337999995 39.697803607000026)
86037,2018,0.00022797425,POINT (-115.96902337999995 39.697803607000026)
19541,2018,353.2252214,POINT (-116.00667038199998 39.65427960000005)
19542,2018,353.2252214,POINT (-116.00658238199998 39.66157560000005)
42891,2018,29.027324979999996,POINT (-115.95486236899995 39.63086560100004)
64630,2018,29.027324979999996,POINT (-115.95486236899995 39.63086560100004)
64631,2018,29.027324979999996,POINT (-115.95486236899995 39.63086560100004)
64632,2018,29.027324979999996,POINT (-115.95486236899995 39.63086560100004)
64633,2018,29.027324979999996,POINT (-115.95486236899995 39.63086560100004)
24574,2018,319.16370275,POINT (-116.03477539299996 39.69771360200008)
29405,2018,319.16370275,POINT (-116.03463639299997 39.70511260300003)
34561,2018,383.7912837,POINT (-115.93983638399999 39.76901361600005)
34562,2018,383.7912837,POINT (-115.93801138599997 39.77692761700007)
22352,2018,144.0272242,POINT (-115.93083938299998 39.76941961700004)
70940,2018,144.0272242,POINT (-115.93493338299999 39.766193616000066)
18796,2018,0.0,POINT (-115.968953377 39.669121604000054)
18797,2018,0.0,POINT (-115.97886237799997 39.668955604000075)
18802,2018,299.3571399,POINT (-115.90749038299998 39.80228862200005)
18851,2018,304.6075582,POINT (-115.91708237199998 39.709591612000054)
19292,2018,338.4976578,POINT (-116.00679938499997 39.67599960200005)
19293,2018,322.4167174,POINT (-116.006797383 39.66880660100003)
19324,2018,294.6126487,POINT (-115.96275936899997 39.617614599000035)
19360,2018,246.876193,POINT (-115.92118738599999 39.81285562200003)
19361,2018,360.5322288,POINT (-115.91190638499995 39.812927623000064)
19379,2018,19.9222597,POINT (-116.00695238099996 39.64694559900005)
19381,2018,206.5581451,POINT (-116.00659737999996 39.63981559800004)
19526,2018,1293.174602,POINT (-115.99082037 39.58862759400006)
20046,2018,297.8408054,POINT (-115.90248437499997 39.74769661700003)
20366,2018,400.2496965,POINT (-115.87924137399995 39.776454622000074)
20487,2018,369.7695629,POINT (-115.99723038299999 39.67311660200005)
21426,2018,307.8548735,POINT (-115.98786238199995 39.68336560400007)
21428,2018,317.2965951,POINT (-115.96892538099996 39.70502160800004)
21841,2018,315.3831473,POINT (-116.01598438699995 39.67606360100007)
21843,2018,314.1460811,POINT (-115.99738338399999 39.68327360300003)
21844,2018,253.7658325,POINT (-115.99715538499999 39.69060260400005)
21929,2018,260.3424461,POINT (-116.01604038399995 39.66154759900007)
21930,2018,270.1383167,POINT (-115.98822837899996 39.66163360100006)
22194,2018,419.4517923,POINT (-115.99707038799994 39.712287606000075)
22195,2018,324.0388395,POINT (-115.98767738599997 39.71226560700006)
22316,2018,272.958619,POINT (-115.98820737899996 39.65431060100008)
22353,2018,337.6015444,POINT (-115.93079338299998 39.77664961800008)
22566,2018,302.427863,POINT (-116.02542838999995 39.697759602000076)
22982,2018,540.9241674,POINT (-115.98852038099994 39.675534603000074)
24272,2018,410.8778478,POINT (-115.91803237099998 39.69538561100006)
26437,2018,153.4993277,POINT (-115.92214038999998 39.83868162500005)
27976,2018,325.6738387,POINT (-115.96899338299994 39.712403608000045)
28561,2018,304.4514836,POINT (-115.902457374 39.740543616000025)
29557,2018,507.8937931,POINT (-115.90316238899999 39.85335562700004)
31062,2018,0.0,POINT (-115.96412238 39.69607560700007)
31063,2018,0.0,POINT (-115.95959137999995 39.70495460800004)
31108,2018,237.553544,POINT (-115.97796238099994 39.69070560500006)
31110,2018,256.5020475,POINT (-115.97809438099995 39.68347560500007)
31113,2018,244.6125858,POINT (-115.97837638299995 39.70519060700008)
31114,2018,0.0,POINT (-115.97810338199997 39.69790160700006)
31454,2018,300.5263838,POINT (-115.96708636899996 39.606496598000035)
33018,2018,397.0734039,POINT (-116.00649538699997 39.69050260300003)
33019,2018,387.7489136,POINT (-116.01036238599994 39.68060260200008)
33817,2018,305.8008485,POINT (-115.99731238099997 39.66165260100007)
33818,2018,277.7198625,POINT (-115.99740237999998 39.654337600000076)
35009,2018,481.4928171,POINT (-116.01608938799995 39.69048860300006)
35012,2018,7.596218881,POINT (-115.99725338199994 39.66886060100006)
35013,2018,334.6198188,POINT (-116.01596238499997 39.66868560000006)
40402,2018,207.3026558,POINT (-115.93563539499996 39.849313625000036)
43397,2018,337.8611717,POINT (-115.91324038999994 39.85425662700004)
46461,2018,210.2048959,POINT (-115.92034439099996 39.84676262600004)
47591,2018,75.40856254,POINT (-115.92645239199999 39.84917562500004)
49185,2018,198.7059016,POINT (-115.91241038799996 39.83852062600005)
50095,2018,100.4079503,POINT (-115.93349239199995 39.838755623000054)
63497,2018,480.617762,POINT (-116.06391242599994 39.91289862100007)
67172,2018,319.2987336,POINT (-115.88427936899996 39.72484461600004)
71748,2018,415.3670081,POINT (-115.91183638299998 39.79760162100007)
73899,2018,204.7534585,POINT (-115.90121838299996 39.81235462400008)
76358,2018,0.0,POINT (-115.97644737999997 39.679432605000045)
78062,2018,230.0498861,POINT (-115.96967037899998 39.690846606000036)
78568,2018,193.4213518,POINT (-115.88391436999996 39.73476861800003)
78906,2018,301.741661,POINT (-116.00933538299995 39.65817560000005)
18242,2019,152.8048398,POINT (-115.93314038699998 39.80316062000003)
72370,2019,152.8048398,POINT (-115.94107638899999 39.80226461900003)
18786,2019,207.3151874,POINT (-115.95022837599998 39.69067160700007)
18787,2019,207.3151874,POINT (-115.95956237799999 39.69066460700003)
86252,2019,207.3151874,POINT (-115.95938237799999 39.69047560700005)
86253,2019,207.3151874,POINT (-115.94999437599995 39.690741607000064)
18788,2019,79.97183625,POINT (-115.95024237599995 39.68338560700005)
18789,2019,79.97183625,POINT (-115.959812377 39.68360560600007)
18794,2019,92.43057555,POINT (-115.96873037699999 39.67626560400004)
31111,2019,92.43057555,POINT (-115.96873037699999 39.67626560400004)
18834,2019,203.45657975,POINT (-115.90844036699997 39.68022861000003)
19052,2019,203.45657975,POINT (-115.91289136899996 39.69108661100006)
18835,2019,577.30975,POINT (-115.91779836899997 39.68020860900003)
19053,2019,577.30975,POINT (-115.92208137199998 39.691123610000034)
18927,2019,530.483985,POINT (-115.97849237799994 39.66180560200007)
18928,2019,530.483985,POINT (-115.97857237699998 39.65459560200003)
18975,2019,244.97548105,POINT (-115.97162636899998 39.610297598000045)
34950,2019,244.97548105,POINT (-115.96699536899996 39.610379598000065)
18978,2019,209.69403076666666,POINT (-116.00220538899998 39.71606260600004)
42019,2019,209.69403076666666,POINT (-116.01531039199995 39.71895160500003)
42020,2019,209.69403076666666,POINT (-116.01531039199995 39.71895160500003)
18981,2019,115.893711,POINT (-116.00208538799995 39.70890460600003)
39553,2019,115.893711,POINT (-116.00640038899996 39.71223460500005)
18988,2019,143.249723,POINT (-115.98148437099996 39.60310359600004)
80780,2019,143.249723,POINT (-115.98148437099996 39.60310359600004)
18989,2019,133.07315765,POINT (-115.98161237199997 39.610665597000036)
80781,2019,133.07315765,POINT (-115.98161237199997 39.610665597000036)
18999,2019,145.03842075,POINT (-115.99230038399998 39.687121604000026)
42021,2019,145.03842075,POINT (-115.98879638299996 39.69000860500006)
19014,2019,197.86254205,POINT (-115.91252437299994 39.72030961300004)
83615,2019,197.86254205,POINT (-115.92179637499999 39.72031761300008)
83616,2019,197.86254205,POINT (-115.92172537399995 39.71307961200006)
83617,2019,197.86254205,POINT (-115.91734937299998 39.71700061300004)
19145,2019,137.67591765,POINT (-115.91263338699997 39.82414162400005)
29873,2019,137.67591765,POINT (-115.91263338699997 39.82414162400005)
30102,2019,137.67591765,POINT (-115.91426038799995 39.83123762400004)
36070,2019,137.67591765,POINT (-115.90401438499998 39.82509762500007)
50650,2019,137.67591765,POINT (-115.92126838999997 39.83134562400005)
81268,2019,137.67591765,POINT (-115.903012387 39.83347562600005)
19191,2019,125.8870641,POINT (-116.03705737899998 39.58917059100003)
24214,2019,125.8870641,POINT (-116.03706837899995 39.59610359100003)
19192,2019,282.23124525,POINT (-116.04641338099998 39.58897759000007)
29765,2019,282.23124525,POINT (-116.04641338099998 39.58897759000007)
19378,2019,129.91171103333332,POINT (-115.99760237899994 39.64704559900008)
20000,2019,129.91171103333332,POINT (-115.98822237799999 39.647145600000044)
24605,2019,129.91171103333332,POINT (-115.98822237799999 39.647145600000044)
19492,2019,156.1787684,POINT (-115.98808237699996 39.63969560000004)
20015,2019,156.1787684,POINT (-115.99757237799997 39.640065599000025)
19563,2019,177.32510273333332,POINT (-115.95003537899998 39.712207610000064)
19971,2019,177.32510273333332,POINT (-115.95385037999995 39.716023610000036)
28160,2019,177.32510273333332,POINT (-115.94955237999994 39.72084561100007)
19760,2019,167.10751665,POINT (-115.90869336999998 39.695103611000036)
28061,2019,167.10751665,POINT (-115.917236372 39.70180761100005)
19904,2019,154.98671243333334,POINT (-116.025472386 39.66143559900007)
24609,2019,154.98671243333334,POINT (-116.025472386 39.66143559900007)
78905,2019,154.98671243333334,POINT (-116.00933538299995 39.65817560000005)
19965,2019,35.77438228,POINT (-115.95034637699996 39.69790560900003)
78447,2019,35.77438228,POINT (-115.95114237799999 39.69822560800003)
19966,2019,125.3894379,POINT (-115.95039237799995 39.70499860900003)
80581,2019,125.3894379,POINT (-115.95029237799997 39.704845609000074)
19972,2019,111.66202995,POINT (-115.95924438099996 39.716151609000065)
19973,2019,111.66202995,POINT (-115.95926137999999 39.708928609000054)
34948,2019,111.66202995,POINT (-115.959368381 39.712436609000065)
46348,2019,111.66202995,POINT (-115.95948438199997 39.720004610000046)
20087,2019,281.74329305,POINT (-116.02536438799996 39.67600560000005)
24607,2019,281.74329305,POINT (-116.02528338699994 39.66865560000008)
20088,2019,284.82905365,POINT (-116.04696239199995 39.67614559900005)
24606,2019,284.82905365,POINT (-116.02540238699999 39.66804559900004)
20694,2019,109.3160233,POINT (-115.99984937099998 39.585312593000026)
21399,2019,109.3160233,POINT (-115.990892369 39.581447593000064)
21085,2019,167.73846799999998,POINT (-115.97854837499995 39.64701760100007)
23462,2019,167.73846799999998,POINT (-115.97908637499995 39.63653960000005)
23803,2019,167.73846799999998,POINT (-115.97876837499996 39.63962660000004)
22648,2019,153.2694685,POINT (-115.99213738799995 39.719285607000074)
22921,2019,153.2694685,POINT (-115.99730138799998 39.719282607000025)
22922,2019,81.43267513333333,POINT (-115.96886038399998 39.719640609000066)
36321,2019,81.43267513333333,POINT (-115.96886038399998 39.719640609000066)
36322,2019,81.43267513333333,POINT (-115.96886038399998 39.719640609000066)
23272,2019,282.06598595,POINT (-115.92181137699998 39.73693961400005)
28641,2019,282.06598595,POINT (-115.92560237899994 39.74442561500007)
24127,2019,236.8547596,POINT (-115.98784038499997 39.70502260600006)
24128,2019,236.8547596,POINT (-115.98804538399997 39.69773360500005)
24129,2019,270.2946762,POINT (-115.99721738699998 39.704974605000075)
24130,2019,270.2946762,POINT (-115.99731538599997 39.69779760500006)
24262,2019,264.368819,POINT (-116.01605738999996 39.70503060400006)
24263,2019,264.368819,POINT (-116.00664238899998 39.70510560500003)
24264,2019,264.368819,POINT (-116.00666738799998 39.69777660400007)
24265,2019,264.368819,POINT (-116.01600038999999 39.69778860300005)
28035,2019,141.58942985,POINT (-116.04410139599997 39.71226160200007)
28036,2019,141.58942985,POINT (-116.04410139599997 39.71226160200007)
29278,2019,246.5198958,POINT (-115.91647237799998 39.74943561600003)
70249,2019,246.5198958,POINT (-115.91548937599998 39.74271461500007)
30927,2019,50.94711985,POINT (-115.89302837199995 39.74042361700003)
30928,2019,50.94711985,POINT (-115.89302837199995 39.74042361700003)
31455,2019,129.30733285,POINT (-115.97644336999997 39.60647159700005)
81004,2019,129.30733285,POINT (-115.97626236999997 39.606455597000036)
33668,2019,124.69243825,POINT (-115.91290336799995 39.67649160900004)
33669,2019,124.69243825,POINT (-115.90837736599997 39.66570260800006)
33670,2019,123.41793885,POINT (-115.92663736799994 39.666376607000075)
33671,2019,123.41793885,POINT (-115.92214136899997 39.67651760800004)
34596,2019,172.96524473333332,POINT (-116.04391139499995 39.704972602000055)
48225,2019,172.96524473333332,POINT (-116.05112439699997 39.70406060100004)
48226,2019,172.96524473333332,POINT (-116.05112439699997 39.70406060100004)
34939,2019,114.32965545,POINT (-115.879178374 39.76936162100003)
48437,2019,114.32965545,POINT (-115.879178374 39.76936162100003)
39156,2019,216.40066265,POINT (-115.91184938499998 39.820135624000045)
55535,2019,216.40066265,POINT (-115.92372238799999 39.81843062300004)
39552,2019,170.01604935,POINT (-116.01574339099994 39.71220360500007)
39554,2019,170.01604935,POINT (-116.01574339099994 39.71220360500007)
40010,2019,69.1130585,POINT (-115.91178837499996 39.733241615000054)
40013,2019,69.1130585,POINT (-115.91178837499996 39.733241615000054)
40011,2019,105.48467785,POINT (-115.92137737699994 39.73324761400005)
40014,2019,105.48467785,POINT (-115.92137737699994 39.73324761400005)
42367,2019,38.922504579999995,POINT (-115.95956937499994 39.67587760500004)
42368,2019,38.922504579999995,POINT (-115.95956937499994 39.67587760500004)
42369,2019,38.922504579999995,POINT (-115.95956937499994 39.67587760500004)
42370,2019,38.922504579999995,POINT (-115.95956937499994 39.67587760500004)
56652,2019,38.922504579999995,POINT (-115.95956937499994 39.67587760500004)
43268,2019,136.1059289,POINT (-115.93535638699996 39.79126961900005)
43270,2019,136.1059289,POINT (-115.93557438599998 39.78410561800007)
43836,2019,136.1059289,POINT (-115.93535638699996 39.79126961900005)
43269,2019,50.547551420000005,POINT (-116.04413939299997 39.69060260100008)
43837,2019,50.547551420000005,POINT (-116.04413939299997 39.69060260100008)
43838,2019,50.547551420000005,POINT (-116.04413939299997 39.69060260100008)
43839,2019,50.547551420000005,POINT (-116.04413939299997 39.69060260100008)
43840,2019,50.547551420000005,POINT (-116.04413939299997 39.69060260100008)
43271,2019,216.199650925,POINT (-116.034749391 39.690612601000055)
43272,2019,216.199650925,POINT (-116.02539638999997 39.690634602000046)
43273,2019,216.199650925,POINT (-116.03473938999997 39.68339460000004)
43274,2019,216.199650925,POINT (-116.02569638899996 39.68343260100005)
44451,2019,229.943331,POINT (-115.89298137499998 39.762443620000056)
44452,2019,229.943331,POINT (-115.89809837499996 39.75881761900007)
44604,2019,44.81441996666666,POINT (-115.88055437199995 39.75842362000003)
44605,2019,44.81441996666666,POINT (-115.88055437199995 39.75842362000003)
44606,2019,44.81441996666666,POINT (-115.88055437199995 39.75842362000003)
44607,2019,44.81441996666666,POINT (-115.88055437199995 39.75842362000003)
44609,2019,44.81441996666666,POINT (-115.88055437199995 39.75842362000003)
44610,2019,44.81441996666666,POINT (-115.88055437199995 39.75842362000003)
48871,2019,90.508995225,POINT (-115.89155236799996 39.71667161500005)
48872,2019,90.508995225,POINT (-115.89155236799996 39.71667161500005)
70587,2019,90.508995225,POINT (-115.89843736999995 39.720145615000035)
70588,2019,90.508995225,POINT (-115.89843736999995 39.720145615000035)
50581,2019,359.1283689,POINT (-116.04103343299994 39.99300363100008)
50582,2019,359.1283689,POINT (-116.04663143299996 39.98875263000008)
77569,2019,47.089976675,POINT (-115.97100237899997 39.68359560600004)
81269,2019,47.089976675,POINT (-115.96904637799997 39.68349660500007)
77646,2019,113.511031225,POINT (-115.88899136899994 39.724145615000054)
77695,2019,113.511031225,POINT (-115.88899136899994 39.724145615000054)
77696,2019,113.511031225,POINT (-115.88899136899994 39.724145615000054)
80718,2019,113.511031225,POINT (-115.90031137199998 39.724767615000076)
77666,2019,491.03504455,POINT (-115.87517138199996 39.84699062900006)
83567,2019,491.03504455,POINT (-115.87517138199996 39.84699062900006)
78771,2019,96.6921782,POINT (-116.00490237799994 39.62151559600005)
78772,2019,96.6921782,POINT (-116.00461337799999 39.62845459700003)
78773,2019,96.6921782,POINT (-116.00461337799999 39.62845459700003)
78774,2019,96.6921782,POINT (-116.00466237799998 39.62103559600007)
78775,2019,96.6921782,POINT (-116.00466237799998 39.62103559600007)
80717,2019,57.992658559999995,POINT (-115.91592037399994 39.72434961400006)
80879,2019,57.992658559999995,POINT (-115.91592037399994 39.72434961400006)
80880,2019,57.992658559999995,POINT (-115.91592037399994 39.72434961400006)
80881,2019,57.992658559999995,POINT (-115.91592037399994 39.72434961400006)
80926,2019,57.992658559999995,POINT (-115.91592037399994 39.72434961400006)
86032,2019,29.99146165,POINT (-115.96902337999995 39.697803607000026)
86033,2019,29.99146165,POINT (-115.96902337999995 39.697803607000026)
86035,2019,29.99146165,POINT (-115.96902337999995 39.697803607000026)
86037,2019,29.99146165,POINT (-115.96902337999995 39.697803607000026)
19541,2019,279.9479972,POINT (-116.00667038199998 39.65427960000005)
19542,2019,279.9479972,POINT (-116.00658238199998 39.66157560000005)
42891,2019,39.71544224,POINT (-115.95486236899995 39.63086560100004)
64630,2019,39.71544224,POINT (-115.95486236899995 39.63086560100004)
64631,2019,39.71544224,POINT (-115.95486236899995 39.63086560100004)
64632,2019,39.71544224,POINT (-115.95486236899995 39.63086560100004)
64633,2019,39.71544224,POINT (-115.95486236899995 39.63086560100004)
24574,2019,292.9212345,POINT (-116.03477539299996 39.69771360200008)
29405,2019,292.9212345,POINT (-116.03463639299997 39.70511260300003)
34561,2019,282.76829955,POINT (-115.93983638399999 39.76901361600005)
34562,2019,282.76829955,POINT (-115.93801138599997 39.77692761700007)
22352,2019,110.90018005,POINT (-115.93083938299998 39.76941961700004)
70940,2019,110.90018005,POINT (-115.93493338299999 39.766193616000066)
18796,2019,0.0,POINT (-115.968953377 39.669121604000054)
18797,2019,131.325935,POINT (-115.97886237799997 39.668955604000075)
18802,2019,236.804123,POINT (-115.90749038299998 39.80228862200005)
18851,2019,228.0946366,POINT (-115.91708237199998 39.709591612000054)
19292,2019,326.3540927,POINT (-116.00679938499997 39.67599960200005)
19293,2019,258.5870457,POINT (-116.006797383 39.66880660100003)
19324,2019,345.3412641,POINT (-115.96275936899997 39.617614599000035)
19360,2019,257.2367378,POINT (-115.92118738599999 39.81285562200003)
19361,2019,334.1920167,POINT (-115.91190638499995 39.812927623000064)
19379,2019,285.7558559,POINT (-116.00695238099996 39.64694559900005)
19381,2019,306.5027242,POINT (-116.00659737999996 39.63981559800004)
19526,2019,418.119795,POINT (-115.99082037 39.58862759400006)
20046,2019,252.8954976,POINT (-115.90248437499997 39.74769661700003)
20366,2019,254.4225732,POINT (-115.87924137399995 39.776454622000074)
20487,2019,230.2784529,POINT (-115.99723038299999 39.67311660200005)
21426,2019,251.6329597,POINT (-115.98786238199995 39.68336560400007)
21428,2019,221.2356859,POINT (-115.96892538099996 39.70502160800004)
21841,2019,231.4182356,POINT (-116.01598438699995 39.67606360100007)
21843,2019,252.0840853,POINT (-115.99738338399999 39.68327360300003)
21844,2019,97.90346582,POINT (-115.99715538499999 39.69060260400005)
21929,2019,202.2239634,POINT (-116.01604038399995 39.66154759900007)
21930,2019,200.2199836,POINT (-115.98822837899996 39.66163360100006)
22194,2019,283.5478596,POINT (-115.99707038799994 39.712287606000075)
22195,2019,241.7328803,POINT (-115.98767738599997 39.71226560700006)
22316,2019,197.0927931,POINT (-115.98820737899996 39.65431060100008)
22353,2019,245.8511865,POINT (-115.93079338299998 39.77664961800008)
22566,2019,256.8690857,POINT (-116.02542838999995 39.697759602000076)
22567,2019,543.5373202,POINT (-116.02534839199996 39.70495460300003)
22982,2019,425.1690164,POINT (-115.98852038099994 39.675534603000074)
24272,2019,314.0893068,POINT (-115.91803237099998 39.69538561100006)
26437,2019,110.1974061,POINT (-115.92214038999998 39.83868162500005)
27976,2019,235.9228832,POINT (-115.96899338299994 39.712403608000045)
28561,2019,248.5425958,POINT (-115.902457374 39.740543616000025)
29557,2019,220.6436986,POINT (-115.90316238899999 39.85335562700004)
29895,2019,204.8305181,POINT (-115.89322037299996 39.747649618000025)
30913,2019,428.7798627,POINT (-115.90758238899997 39.848855627000034)
31108,2019,193.5872095,POINT (-115.97796238099994 39.69070560500006)
31110,2019,394.4350863,POINT (-115.97809438099995 39.68347560500007)
31113,2019,222.1290374,POINT (-115.97837638299995 39.70519060700008)
31114,2019,219.5333772,POINT (-115.97810338199997 39.69790160700006)
31454,2019,256.141147,POINT (-115.96708636899996 39.606496598000035)
33018,2019,287.533966,POINT (-116.00649538699997 39.69050260300003)
33019,2019,265.4343347,POINT (-116.01036238599994 39.68060260200008)
33817,2019,226.5358878,POINT (-115.99731238099997 39.66165260100007)
33818,2019,219.1178915,POINT (-115.99740237999998 39.654337600000076)
35009,2019,272.4445813,POINT (-116.01608938799995 39.69048860300006)
35012,2019,252.7253895,POINT (-115.99725338199994 39.66886060100006)
35013,2019,274.1487314,POINT (-116.01596238499997 39.66868560000006)
40402,2019,205.1750001,POINT (-115.93563539499996 39.849313625000036)
43397,2019,182.320117,POINT (-115.91324038999994 39.85425662700004)
46461,2019,178.3089117,POINT (-115.92034439099996 39.84676262600004)
46505,2019,277.3348444,POINT (-115.92211537299994 39.705557611000074)
47591,2019,148.9718065,POINT (-115.92645239199999 39.84917562500004)
49185,2019,171.3339151,POINT (-115.91241038799996 39.83852062600005)
49188,2019,156.4792119,POINT (-115.91648738899994 39.84173462500007)
50095,2019,220.6208907,POINT (-115.93349239199995 39.838755623000054)
51647,2019,320.6205009,POINT (-115.97841238499996 39.71960560900004)
63497,2019,419.7207921,POINT (-116.06391242599994 39.91289862100007)
67172,2019,250.8258438,POINT (-115.88427936899996 39.72484461600004)
71748,2019,367.8791318,POINT (-115.91183638299998 39.79760162100007)
73899,2019,230.8133283,POINT (-115.90121838299996 39.81235462400008)
76358,2019,208.6897153,POINT (-115.97644737999997 39.679432605000045)
78062,2019,217.7598921,POINT (-115.96967037899998 39.690846606000036)
78568,2019,195.4846991,POINT (-115.88391436999996 39.73476861800003)
78906,2019,255.5611283,POINT (-116.00933538299995 39.65817560000005)
18242,2020,340.7379415,POINT (-115.93314038699998 39.80316062000003)
72370,2020,340.7379415,POINT (-115.94107638899999 39.80226461900003)
18786,2020,140.393131125,POINT (-115.95022837599998 39.69067160700007)
18787,2020,140.393131125,POINT (-115.95956237799999 39.69066460700003)
86252,2020,140.393131125,POINT (-115.95938237799999 39.69047560700005)
86253,2020,140.393131125,POINT (-115.94999437599995 39.690741607000064)
18788,2020,47.640399735,POINT (-115.95024237599995 39.68338560700005)
18789,2020,47.640399735,POINT (-115.959812377 39.68360560600007)
18794,2020,112.1180658,POINT (-115.96873037699999 39.67626560400004)
31111,2020,112.1180658,POINT (-115.96873037699999 39.67626560400004)
18834,2020,276.9226936,POINT (-115.90844036699997 39.68022861000003)
19052,2020,276.9226936,POINT (-115.91289136899996 39.69108661100006)
18835,2020,230.33445995,POINT (-115.91779836899997 39.68020860900003)
19053,2020,230.33445995,POINT (-115.92208137199998 39.691123610000034)
18927,2020,206.4864867,POINT (-115.97849237799994 39.66180560200007)
18928,2020,206.4864867,POINT (-115.97857237699998 39.65459560200003)
18975,2020,302.2372854,POINT (-115.97162636899998 39.610297598000045)
34950,2020,302.2372854,POINT (-115.96699536899996 39.610379598000065)
18978,2020,273.8774422,POINT (-116.00220538899998 39.71606260600004)
42019,2020,273.8774422,POINT (-116.01531039199995 39.71895160500003)
42020,2020,273.8774422,POINT (-116.01531039199995 39.71895160500003)
18981,2020,207.05607115,POINT (-116.00208538799995 39.70890460600003)
39553,2020,207.05607115,POINT (-116.00640038899996 39.71223460500005)
18988,2020,182.97885245,POINT (-115.98148437099996 39.60310359600004)
80780,2020,182.97885245,POINT (-115.98148437099996 39.60310359600004)
18989,2020,184.363225,POINT (-115.98161237199997 39.610665597000036)
80781,2020,184.363225,POINT (-115.98161237199997 39.610665597000036)
18999,2020,190.5468683,POINT (-115.99230038399998 39.687121604000026)
42021,2020,190.5468683,POINT (-115.98879638299996 39.69000860500006)
19014,2020,239.4111381,POINT (-115.91252437299994 39.72030961300004)
83615,2020,239.4111381,POINT (-115.92179637499999 39.72031761300008)
83616,2020,239.4111381,POINT (-115.92172537399995 39.71307961200006)
83617,2020,239.4111381,POINT (-115.91734937299998 39.71700061300004)
19145,2020,114.45179691666668,POINT (-115.91263338699997 39.82414162400005)
29873,2020,114.45179691666668,POINT (-115.91263338699997 39.82414162400005)
30102,2020,114.45179691666668,POINT (-115.91426038799995 39.83123762400004)
36070,2020,114.45179691666668,POINT (-115.90401438499998 39.82509762500007)
50650,2020,114.45179691666668,POINT (-115.92126838999997 39.83134562400005)
81268,2020,114.45179691666668,POINT (-115.903012387 39.83347562600005)
19191,2020,126.4670828,POINT (-116.03705737899998 39.58917059100003)
24214,2020,126.4670828,POINT (-116.03706837899995 39.59610359100003)
19192,2020,402.59278775,POINT (-116.04641338099998 39.58897759000007)
29765,2020,402.59278775,POINT (-116.04641338099998 39.58897759000007)
19378,2020,136.73837603333334,POINT (-115.99760237899994 39.64704559900008)
20000,2020,136.73837603333334,POINT (-115.98822237799999 39.647145600000044)
24605,2020,136.73837603333334,POINT (-115.98822237799999 39.647145600000044)
19492,2020,373.80207355,POINT (-115.98808237699996 39.63969560000004)
20015,2020,373.80207355,POINT (-115.99757237799997 39.640065599000025)
19563,2020,215.25136646666667,POINT (-115.95003537899998 39.712207610000064)
19971,2020,215.25136646666667,POINT (-115.95385037999995 39.716023610000036)
28160,2020,215.25136646666667,POINT (-115.94955237999994 39.72084561100007)
19760,2020,300.69486545,POINT (-115.90869336999998 39.695103611000036)
28061,2020,300.69486545,POINT (-115.917236372 39.70180761100005)
19904,2020,227.38674786666664,POINT (-116.025472386 39.66143559900007)
24609,2020,227.38674786666664,POINT (-116.025472386 39.66143559900007)
78905,2020,227.38674786666664,POINT (-116.00933538299995 39.65817560000005)
19965,2020,121.3222058,POINT (-115.95034637699996 39.69790560900003)
78447,2020,121.3222058,POINT (-115.95114237799999 39.69822560800003)
19966,2020,186.7314465,POINT (-115.95039237799995 39.70499860900003)
80581,2020,186.7314465,POINT (-115.95029237799997 39.704845609000074)
19972,2020,140.723572975,POINT (-115.95924438099996 39.716151609000065)
19973,2020,140.723572975,POINT (-115.95926137999999 39.708928609000054)
34948,2020,140.723572975,POINT (-115.959368381 39.712436609000065)
46348,2020,140.723572975,POINT (-115.95948438199997 39.720004610000046)
20087,2020,296.10412525,POINT (-116.02536438799996 39.67600560000005)
24607,2020,296.10412525,POINT (-116.02528338699994 39.66865560000008)
20088,2020,350.8729235,POINT (-116.04696239199995 39.67614559900005)
24606,2020,350.8729235,POINT (-116.02540238699999 39.66804559900004)
20694,2020,168.86675315,POINT (-115.99984937099998 39.585312593000026)
21399,2020,168.86675315,POINT (-115.990892369 39.581447593000064)
21085,2020,257.86995036666667,POINT (-115.97854837499995 39.64701760100007)
23462,2020,257.86995036666667,POINT (-115.97908637499995 39.63653960000005)
23803,2020,257.86995036666667,POINT (-115.97876837499996 39.63962660000004)
22648,2020,432.19123165,POINT (-115.99213738799995 39.719285607000074)
22921,2020,432.19123165,POINT (-115.99730138799998 39.719282607000025)
22922,2020,142.11541316666668,POINT (-115.96886038399998 39.719640609000066)
36321,2020,142.11541316666668,POINT (-115.96886038399998 39.719640609000066)
36322,2020,142.11541316666668,POINT (-115.96886038399998 39.719640609000066)
23272,2020,437.9688619,POINT (-115.92181137699998 39.73693961400005)
28641,2020,437.9688619,POINT (-115.92560237899994 39.74442561500007)
24127,2020,368.35173955,POINT (-115.98784038499997 39.70502260600006)
24128,2020,368.35173955,POINT (-115.98804538399997 39.69773360500005)
24129,2020,381.82750625,POINT (-115.99721738699998 39.704974605000075)
24130,2020,381.82750625,POINT (-115.99731538599997 39.69779760500006)
24262,2020,342.83552225,POINT (-116.01605738999996 39.70503060400006)
24263,2020,342.83552225,POINT (-116.00664238899998 39.70510560500003)
24264,2020,342.83552225,POINT (-116.00666738799998 39.69777660400007)
24265,2020,342.83552225,POINT (-116.01600038999999 39.69778860300005)
28035,2020,171.5689035,POINT (-116.04410139599997 39.71226160200007)
28036,2020,171.5689035,POINT (-116.04410139599997 39.71226160200007)
29278,2020,362.12835425,POINT (-115.91647237799998 39.74943561600003)
70249,2020,362.12835425,POINT (-115.91548937599998 39.74271461500007)
30927,2020,169.1151791,POINT (-115.89302837199995 39.74042361700003)
30928,2020,169.1151791,POINT (-115.89302837199995 39.74042361700003)
31455,2020,198.1101274,POINT (-115.97644336999997 39.60647159700005)
81004,2020,198.1101274,POINT (-115.97626236999997 39.606455597000036)
33668,2020,180.55612375,POINT (-115.91290336799995 39.67649160900004)
33669,2020,180.55612375,POINT (-115.90837736599997 39.66570260800006)
33670,2020,352.30192005,POINT (-115.92663736799994 39.666376607000075)
33671,2020,352.30192005,POINT (-115.92214136899997 39.67651760800004)
34596,2020,142.95976483333334,POINT (-116.04391139499995 39.704972602000055)
48225,2020,142.95976483333334,POINT (-116.05112439699997 39.70406060100004)
48226,2020,142.95976483333334,POINT (-116.05112439699997 39.70406060100004)
34939,2020,216.76739405,POINT (-115.879178374 39.76936162100003)
48437,2020,216.76739405,POINT (-115.879178374 39.76936162100003)
39156,2020,264.43173105,POINT (-115.91184938499998 39.820135624000045)
55535,2020,264.43173105,POINT (-115.92372238799999 39.81843062300004)
39552,2020,213.9526157,POINT (-116.01574339099994 39.71220360500007)
39554,2020,213.9526157,POINT (-116.01574339099994 39.71220360500007)
40010,2020,187.70324245,POINT (-115.91178837499996 39.733241615000054)
40013,2020,187.70324245,POINT (-115.91178837499996 39.733241615000054)
40011,2020,143.18542995,POINT (-115.92137737699994 39.73324761400005)
40014,2020,143.18542995,POINT (-115.92137737699994 39.73324761400005)
42367,2020,50.43007464,POINT (-115.95956937499994 39.67587760500004)
42368,2020,50.43007464,POINT (-115.95956937499994 39.67587760500004)
42369,2020,50.43007464,POINT (-115.95956937499994 39.67587760500004)
42370,2020,50.43007464,POINT (-115.95956937499994 39.67587760500004)
56652,2020,50.43007464,POINT (-115.95956937499994 39.67587760500004)
43268,2020,266.7308349666667,POINT (-115.93535638699996 39.79126961900005)
43270,2020,266.7308349666667,POINT (-115.93557438599998 39.78410561800007)
43836,2020,266.7308349666667,POINT (-115.93535638699996 39.79126961900005)
43269,2020,75.72772624000001,POINT (-116.04413939299997 39.69060260100008)
43837,2020,75.72772624000001,POINT (-116.04413939299997 39.69060260100008)
43838,2020,75.72772624000001,POINT (-116.04413939299997 39.69060260100008)
43839,2020,75.72772624000001,POINT (-116.04413939299997 39.69060260100008)
43840,2020,75.72772624000001,POINT (-116.04413939299997 39.69060260100008)
43271,2020,335.9489515,POINT (-116.034749391 39.690612601000055)
43272,2020,335.9489515,POINT (-116.02539638999997 39.690634602000046)
43273,2020,335.9489515,POINT (-116.03473938999997 39.68339460000004)
43274,2020,335.9489515,POINT (-116.02569638899996 39.68343260100005)
44451,2020,375.13642335,POINT (-115.89298137499998 39.762443620000056)
44452,2020,375.13642335,POINT (-115.89809837499996 39.75881761900007)
44604,2020,68.4747311,POINT (-115.88055437199995 39.75842362000003)
44605,2020,68.4747311,POINT (-115.88055437199995 39.75842362000003)
44606,2020,68.4747311,POINT (-115.88055437199995 39.75842362000003)
44607,2020,68.4747311,POINT (-115.88055437199995 39.75842362000003)
44609,2020,68.4747311,POINT (-115.88055437199995 39.75842362000003)
44610,2020,68.4747311,POINT (-115.88055437199995 39.75842362000003)
48871,2020,124.37180375,POINT (-115.89155236799996 39.71667161500005)
48872,2020,124.37180375,POINT (-115.89155236799996 39.71667161500005)
70587,2020,124.37180375,POINT (-115.89843736999995 39.720145615000035)
70588,2020,124.37180375,POINT (-115.89843736999995 39.720145615000035)
48948,2020,179.77049,POINT (-116.05326139799996 39.712211601000035)
55727,2020,179.77049,POINT (-116.05326139799996 39.712211601000035)
50581,2020,380.97696565,POINT (-116.04103343299994 39.99300363100008)
50582,2020,380.97696565,POINT (-116.04663143299996 39.98875263000008)
77569,2020,111.67077625,POINT (-115.97100237899997 39.68359560600004)
81269,2020,111.67077625,POINT (-115.96904637799997 39.68349660500007)
77646,2020,180.58604535,POINT (-115.88899136899994 39.724145615000054)
77695,2020,180.58604535,POINT (-115.88899136899994 39.724145615000054)
77696,2020,180.58604535,POINT (-115.88899136899994 39.724145615000054)
80718,2020,180.58604535,POINT (-115.90031137199998 39.724767615000076)
77666,2020,97.00842645,POINT (-115.87517138199996 39.84699062900006)
83567,2020,97.00842645,POINT (-115.87517138199996 39.84699062900006)
78771,2020,131.49949646,POINT (-116.00490237799994 39.62151559600005)
78772,2020,131.49949646,POINT (-116.00461337799999 39.62845459700003)
78773,2020,131.49949646,POINT (-116.00461337799999 39.62845459700003)
78774,2020,131.49949646,POINT (-116.00466237799998 39.62103559600007)
78775,2020,131.49949646,POINT (-116.00466237799998 39.62103559600007)
80717,2020,74.81626836000001,POINT (-115.91592037399994 39.72434961400006)
80879,2020,74.81626836000001,POINT (-115.91592037399994 39.72434961400006)
80880,2020,74.81626836000001,POINT (-115.91592037399994 39.72434961400006)
80881,2020,74.81626836000001,POINT (-115.91592037399994 39.72434961400006)
80926,2020,74.81626836000001,POINT (-115.91592037399994 39.72434961400006)
85131,2020,118.41817315,POINT (-116.02181543899997 40.07506364100004)
85132,2020,118.41817315,POINT (-116.02179643899996 40.07502764100008)
85133,2020,118.41817315,POINT (-116.02111843999995 40.07833864100007)
85134,2020,118.41817315,POINT (-116.02111843999995 40.07833864100007)
86032,2020,104.72689425,POINT (-115.96902337999995 39.697803607000026)
86033,2020,104.72689425,POINT (-115.96902337999995 39.697803607000026)
86035,2020,104.72689425,POINT (-115.96902337999995 39.697803607000026)
86037,2020,104.72689425,POINT (-115.96902337999995 39.697803607000026)
19541,2020,302.24495765,POINT (-116.00667038199998 39.65427960000005)
19542,2020,302.24495765,POINT (-116.00658238199998 39.66157560000005)
42891,2020,93.23526702000001,POINT (-115.95486236899995 39.63086560100004)
64630,2020,93.23526702000001,POINT (-115.95486236899995 39.63086560100004)
64631,2020,93.23526702000001,POINT (-115.95486236899995 39.63086560100004)
64632,2020,93.23526702000001,POINT (-115.95486236899995 39.63086560100004)
64633,2020,93.23526702000001,POINT (-115.95486236899995 39.63086560100004)
24574,2020,419.6810886,POINT (-116.03477539299996 39.69771360200008)
29405,2020,419.6810886,POINT (-116.03463639299997 39.70511260300003)
34561,2020,381.9223347,POINT (-115.93983638399999 39.76901361600005)
34562,2020,381.9223347,POINT (-115.93801138599997 39.77692761700007)
22352,2020,86.2478529,POINT (-115.93083938299998 39.76941961700004)
70940,2020,86.2478529,POINT (-115.93493338299999 39.766193616000066)
18796,2020,0.0,POINT (-115.968953377 39.669121604000054)
18797,2020,173.9188256,POINT (-115.97886237799997 39.668955604000075)
18802,2020,388.2012668,POINT (-115.90749038299998 39.80228862200005)
18851,2020,295.2294939,POINT (-115.91708237199998 39.709591612000054)
19292,2020,364.1780604,POINT (-116.00679938499997 39.67599960200005)
19293,2020,398.8042532,POINT (-116.006797383 39.66880660100003)
19324,2020,410.5006823,POINT (-115.96275936899997 39.617614599000035)
19360,2020,307.6799472,POINT (-115.92118738599999 39.81285562200003)
19361,2020,460.2831615,POINT (-115.91190638499995 39.812927623000064)
19379,2020,327.6577537,POINT (-116.00695238099996 39.64694559900005)
19381,2020,511.1756552,POINT (-116.00659737999996 39.63981559800004)
19526,2020,569.406459,POINT (-115.99082037 39.58862759400006)
20046,2020,323.8652296,POINT (-115.90248437499997 39.74769661700003)
20366,2020,429.229147,POINT (-115.87924137399995 39.776454622000074)
20487,2020,340.6339064,POINT (-115.99723038299999 39.67311660200005)
21426,2020,320.1825715,POINT (-115.98786238199995 39.68336560400007)
21428,2020,340.2278934,POINT (-115.96892538099996 39.70502160800004)
21841,2020,341.3271668,POINT (-116.01598438699995 39.67606360100007)
21843,2020,357.9942636,POINT (-115.99738338399999 39.68327360300003)
21844,2020,461.541403,POINT (-115.99715538499999 39.69060260400005)
21929,2020,343.2390801,POINT (-116.01604038399995 39.66154759900007)
21930,2020,281.8399628,POINT (-115.98822837899996 39.66163360100006)
22194,2020,429.967787,POINT (-115.99707038799994 39.712287606000075)
22195,2020,389.4768071,POINT (-115.98767738599997 39.71226560700006)
22316,2020,320.7748657,POINT (-115.98820737899996 39.65431060100008)
22353,2020,379.6697755,POINT (-115.93079338299998 39.77664961800008)
22566,2020,296.3631389,POINT (-116.02542838999995 39.697759602000076)
22567,2020,258.8024812,POINT (-116.02534839199996 39.70495460300003)
22982,2020,584.2598467,POINT (-115.98852038099994 39.675534603000074)
24272,2020,271.2388177,POINT (-115.91803237099998 39.69538561100006)
26437,2020,228.4681195,POINT (-115.92214038999998 39.83868162500005)
27976,2020,378.7738039,POINT (-115.96899338299994 39.712403608000045)
28561,2020,333.142766,POINT (-115.902457374 39.740543616000025)
29557,2020,225.3995446,POINT (-115.90316238899999 39.85335562700004)
29895,2020,270.3269608,POINT (-115.89322037299996 39.747649618000025)
30913,2020,257.3125392,POINT (-115.90758238899997 39.848855627000034)
31062,2020,62.28295526,POINT (-115.96412238 39.69607560700007)
31063,2020,333.1608725,POINT (-115.95959137999995 39.70495460800004)
31108,2020,280.8161839,POINT (-115.97796238099994 39.69070560500006)
31110,2020,242.3100038,POINT (-115.97809438099995 39.68347560500007)
31113,2020,324.5400767,POINT (-115.97837638299995 39.70519060700008)
31114,2020,332.2306944,POINT (-115.97810338199997 39.69790160700006)
31454,2020,391.310044,POINT (-115.96708636899996 39.606496598000035)
33018,2020,443.1750663,POINT (-116.00649538699997 39.69050260300003)
33019,2020,393.2195022,POINT (-116.01036238599994 39.68060260200008)
33817,2020,311.0814958,POINT (-115.99731238099997 39.66165260100007)
33818,2020,353.4932033,POINT (-115.99740237999998 39.654337600000076)
35009,2020,410.4086158,POINT (-116.01608938799995 39.69048860300006)
35012,2020,358.6035594,POINT (-115.99725338199994 39.66886060100006)
35013,2020,438.0890086,POINT (-116.01596238499997 39.66868560000006)
40402,2020,239.5547618,POINT (-115.93563539499996 39.849313625000036)
43397,2020,242.4263144,POINT (-115.91324038999994 39.85425662700004)
46287,2020,321.9118864,POINT (-115.97852538399997 39.71245060700005)
46461,2020,223.4600114,POINT (-115.92034439099996 39.84676262600004)
46505,2020,332.8816042,POINT (-115.92211537299994 39.705557611000074)
47591,2020,275.5874231,POINT (-115.92645239199999 39.84917562500004)
49185,2020,217.7285678,POINT (-115.91241038799996 39.83852062600005)
49188,2020,203.9284203,POINT (-115.91648738899994 39.84173462500007)
50095,2020,349.8267417,POINT (-115.93349239199995 39.838755623000054)
51647,2020,411.8120155,POINT (-115.97841238499996 39.71960560900004)
63497,2020,513.6017456,POINT (-116.06391242599994 39.91289862100007)
67172,2020,348.3487683,POINT (-115.88427936899996 39.72484461600004)
71748,2020,394.8055003,POINT (-115.91183638299998 39.79760162100007)
73899,2020,339.8159574,POINT (-115.90121838299996 39.81235462400008)
76358,2020,226.9278478,POINT (-115.97644737999997 39.679432605000045)
78062,2020,125.5098986,POINT (-115.96967037899998 39.690846606000036)
78568,2020,263.8409713,POINT (-115.88391436999996 39.73476861800003)
78906,2020,373.5872518,POINT (-116.00933538299995 39.65817560000005)
18242,2021,300.8961841,POINT (-115.93314038699998 39.80316062000003)
72370,2021,300.8961841,POINT (-115.94107638899999 39.80226461900003)
18786,2021,126.044344325,POINT (-115.95022837599998 39.69067160700007)
18787,2021,126.044344325,POINT (-115.95956237799999 39.69066460700003)
86252,2021,126.044344325,POINT (-115.95938237799999 39.69047560700005)
86253,2021,126.044344325,POINT (-115.94999437599995 39.690741607000064)
18788,2021,73.6803218,POINT (-115.95024237599995 39.68338560700005)
18789,2021,73.6803218,POINT (-115.959812377 39.68360560600007)
18794,2021,90.29082075,POINT (-115.96873037699999 39.67626560400004)
31111,2021,90.29082075,POINT (-115.96873037699999 39.67626560400004)
18834,2021,239.2392807,POINT (-115.90844036699997 39.68022861000003)
19052,2021,239.2392807,POINT (-115.91289136899996 39.69108661100006)
18835,2021,230.99319545,POINT (-115.91779836899997 39.68020860900003)
19053,2021,230.99319545,POINT (-115.92208137199998 39.691123610000034)
18927,2021,260.74109385,POINT (-115.97849237799994 39.66180560200007)
18928,2021,260.74109385,POINT (-115.97857237699998 39.65459560200003)
18975,2021,257.9548561,POINT (-115.97162636899998 39.610297598000045)
34950,2021,257.9548561,POINT (-115.96699536899996 39.610379598000065)
18978,2021,242.36902863333333,POINT (-116.00220538899998 39.71606260600004)
42019,2021,242.36902863333333,POINT (-116.01531039199995 39.71895160500003)
42020,2021,242.36902863333333,POINT (-116.01531039199995 39.71895160500003)
18981,2021,165.75429325,POINT (-116.00208538799995 39.70890460600003)
39553,2021,165.75429325,POINT (-116.00640038899996 39.71223460500005)
18988,2021,178.49076635,POINT (-115.98148437099996 39.60310359600004)
80780,2021,178.49076635,POINT (-115.98148437099996 39.60310359600004)
18989,2021,164.190698,POINT (-115.98161237199997 39.610665597000036)
80781,2021,164.190698,POINT (-115.98161237199997 39.610665597000036)
18999,2021,150.64373325,POINT (-115.99230038399998 39.687121604000026)
42021,2021,150.64373325,POINT (-115.98879638299996 39.69000860500006)
19014,2021,197.562332,POINT (-115.91252437299994 39.72030961300004)
83615,2021,197.562332,POINT (-115.92179637499999 39.72031761300008)
83616,2021,197.562332,POINT (-115.92172537399995 39.71307961200006)
83617,2021,197.562332,POINT (-115.91734937299998 39.71700061300004)
19145,2021,163.29361271666667,POINT (-115.91263338699997 39.82414162400005)
29873,2021,163.29361271666667,POINT (-115.91263338699997 39.82414162400005)
30102,2021,163.29361271666667,POINT (-115.91426038799995 39.83123762400004)
36070,2021,163.29361271666667,POINT (-115.90401438499998 39.82509762500007)
50650,2021,163.29361271666667,POINT (-115.92126838999997 39.83134562400005)
81268,2021,163.29361271666667,POINT (-115.903012387 39.83347562600005)
19191,2021,138.50323705,POINT (-116.03705737899998 39.58917059100003)
24214,2021,138.50323705,POINT (-116.03706837899995 39.59610359100003)
19192,2021,453.94464345,POINT (-116.04641338099998 39.58897759000007)
29765,2021,453.94464345,POINT (-116.04641338099998 39.58897759000007)
19378,2021,150.05215516666667,POINT (-115.99760237899994 39.64704559900008)
20000,2021,150.05215516666667,POINT (-115.98822237799999 39.647145600000044)
24605,2021,150.05215516666667,POINT (-115.98822237799999 39.647145600000044)
19492,2021,310.2954652,POINT (-115.98808237699996 39.63969560000004)
20015,2021,310.2954652,POINT (-115.99757237799997 39.640065599000025)
19563,2021,143.64207953333332,POINT (-115.95003537899998 39.712207610000064)
19971,2021,143.64207953333332,POINT (-115.95385037999995 39.716023610000036)
28160,2021,143.64207953333332,POINT (-115.94955237999994 39.72084561100007)
19760,2021,258.04661565,POINT (-115.90869336999998 39.695103611000036)
28061,2021,258.04661565,POINT (-115.917236372 39.70180761100005)
19904,2021,176.6305125,POINT (-116.025472386 39.66143559900007)
24609,2021,176.6305125,POINT (-116.025472386 39.66143559900007)
78905,2021,176.6305125,POINT (-116.00933538299995 39.65817560000005)
19965,2021,116.41910355,POINT (-115.95034637699996 39.69790560900003)
78447,2021,116.41910355,POINT (-115.95114237799999 39.69822560800003)
19966,2021,140.0508741,POINT (-115.95039237799995 39.70499860900003)
80581,2021,140.0508741,POINT (-115.95029237799997 39.704845609000074)
19972,2021,119.61964035,POINT (-115.95924438099996 39.716151609000065)
19973,2021,119.61964035,POINT (-115.95926137999999 39.708928609000054)
34948,2021,119.61964035,POINT (-115.959368381 39.712436609000065)
46348,2021,119.61964035,POINT (-115.95948438199997 39.720004610000046)
20087,2021,270.4544115,POINT (-116.02536438799996 39.67600560000005)
24607,2021,270.4544115,POINT (-116.02528338699994 39.66865560000008)
20088,2021,263.2578838,POINT (-116.04696239199995 39.67614559900005)
24606,2021,263.2578838,POINT (-116.02540238699999 39.66804559900004)
20694,2021,140.10074345,POINT (-115.99984937099998 39.585312593000026)
21399,2021,140.10074345,POINT (-115.990892369 39.581447593000064)
21085,2021,213.47072966666667,POINT (-115.97854837499995 39.64701760100007)
23462,2021,213.47072966666667,POINT (-115.97908637499995 39.63653960000005)
23803,2021,213.47072966666667,POINT (-115.97876837499996 39.63962660000004)
22648,2021,369.33639025,POINT (-115.99213738799995 39.719285607000074)
22921,2021,369.33639025,POINT (-115.99730138799998 39.719282607000025)
22922,2021,120.52102206666666,POINT (-115.96886038399998 39.719640609000066)
36321,2021,120.52102206666666,POINT (-115.96886038399998 39.719640609000066)
36322,2021,120.52102206666666,POINT (-115.96886038399998 39.719640609000066)
23272,2021,336.7155582,POINT (-115.92181137699998 39.73693961400005)
28641,2021,336.7155582,POINT (-115.92560237899994 39.74442561500007)
24127,2021,278.20026905,POINT (-115.98784038499997 39.70502260600006)
24128,2021,278.20026905,POINT (-115.98804538399997 39.69773360500005)
24129,2021,241.45056345,POINT (-115.99721738699998 39.704974605000075)
24130,2021,241.45056345,POINT (-115.99731538599997 39.69779760500006)
24262,2021,309.1982765,POINT (-116.01605738999996 39.70503060400006)
24263,2021,309.1982765,POINT (-116.00664238899998 39.70510560500003)
24264,2021,309.1982765,POINT (-116.00666738799998 39.69777660400007)
24265,2021,309.1982765,POINT (-116.01600038999999 39.69778860300005)
28035,2021,167.92920975,POINT (-116.04410139599997 39.71226160200007)
28036,2021,167.92920975,POINT (-116.04410139599997 39.71226160200007)
29278,2021,301.27641855,POINT (-115.91647237799998 39.74943561600003)
70249,2021,301.27641855,POINT (-115.91548937599998 39.74271461500007)
30927,2021,172.18605565,POINT (-115.89302837199995 39.74042361700003)
30928,2021,172.18605565,POINT (-115.89302837199995 39.74042361700003)
31455,2021,141.64577195,POINT (-115.97644336999997 39.60647159700005)
81004,2021,141.64577195,POINT (-115.97626236999997 39.606455597000036)
33668,2021,169.1475558,POINT (-115.91290336799995 39.67649160900004)
33669,2021,169.1475558,POINT (-115.90837736599997 39.66570260800006)
33670,2021,175.8929129,POINT (-115.92663736799994 39.666376607000075)
33671,2021,175.8929129,POINT (-115.92214136899997 39.67651760800004)
34596,2021,164.45728153333332,POINT (-116.04391139499995 39.704972602000055)
48225,2021,164.45728153333332,POINT (-116.05112439699997 39.70406060100004)
48226,2021,164.45728153333332,POINT (-116.05112439699997 39.70406060100004)
34939,2021,216.75204965,POINT (-115.879178374 39.76936162100003)
48437,2021,216.75204965,POINT (-115.879178374 39.76936162100003)
39156,2021,233.58333165,POINT (-115.91184938499998 39.820135624000045)
55535,2021,233.58333165,POINT (-115.92372238799999 39.81843062300004)
39552,2021,183.5177481,POINT (-116.01574339099994 39.71220360500007)
39554,2021,183.5177481,POINT (-116.01574339099994 39.71220360500007)
40010,2021,159.97113905,POINT (-115.91178837499996 39.733241615000054)
40013,2021,159.97113905,POINT (-115.91178837499996 39.733241615000054)
40011,2021,139.31557005,POINT (-115.92137737699994 39.73324761400005)
40014,2021,139.31557005,POINT (-115.92137737699994 39.73324761400005)
42367,2021,37.27697018,POINT (-115.95956937499994 39.67587760500004)
42368,2021,37.27697018,POINT (-115.95956937499994 39.67587760500004)
42369,2021,37.27697018,POINT (-115.95956937499994 39.67587760500004)
42370,2021,37.27697018,POINT (-115.95956937499994 39.67587760500004)
56652,2021,37.27697018,POINT (-115.95956937499994 39.67587760500004)
43268,2021,217.3985607333333,POINT (-115.93535638699996 39.79126961900005)
43270,2021,217.3985607333333,POINT (-115.93557438599998 39.78410561800007)
43836,2021,217.3985607333333,POINT (-115.93535638699996 39.79126961900005)
43269,2021,63.970840239999994,POINT (-116.04413939299997 39.69060260100008)
43837,2021,63.970840239999994,POINT (-116.04413939299997 39.69060260100008)
43838,2021,63.970840239999994,POINT (-116.04413939299997 39.69060260100008)
43839,2021,63.970840239999994,POINT (-116.04413939299997 39.69060260100008)
43840,2021,63.970840239999994,POINT (-116.04413939299997 39.69060260100008)
43271,2021,293.46795575,POINT (-116.034749391 39.690612601000055)
43272,2021,293.46795575,POINT (-116.02539638999997 39.690634602000046)
43273,2021,293.46795575,POINT (-116.03473938999997 39.68339460000004)
43274,2021,293.46795575,POINT (-116.02569638899996 39.68343260100005)
44451,2021,330.7152806,POINT (-115.89298137499998 39.762443620000056)
44452,2021,330.7152806,POINT (-115.89809837499996 39.75881761900007)
44604,2021,61.04701428333333,POINT (-115.88055437199995 39.75842362000003)
44605,2021,61.04701428333333,POINT (-115.88055437199995 39.75842362000003)
44606,2021,61.04701428333333,POINT (-115.88055437199995 39.75842362000003)
44607,2021,61.04701428333333,POINT (-115.88055437199995 39.75842362000003)
44609,2021,61.04701428333333,POINT (-115.88055437199995 39.75842362000003)
44610,2021,61.04701428333333,POINT (-115.88055437199995 39.75842362000003)
48871,2021,108.382162575,POINT (-115.89155236799996 39.71667161500005)
48872,2021,108.382162575,POINT (-115.89155236799996 39.71667161500005)
70587,2021,108.382162575,POINT (-115.89843736999995 39.720145615000035)
70588,2021,108.382162575,POINT (-115.89843736999995 39.720145615000035)
48948,2021,163.20313185,POINT (-116.05326139799996 39.712211601000035)
55727,2021,163.20313185,POINT (-116.05326139799996 39.712211601000035)
50581,2021,378.1690923,POINT (-116.04103343299994 39.99300363100008)
50582,2021,378.1690923,POINT (-116.04663143299996 39.98875263000008)
77569,2021,100.63538435,POINT (-115.97100237899997 39.68359560600004)
81269,2021,100.63538435,POINT (-115.96904637799997 39.68349660500007)
77646,2021,154.786723625,POINT (-115.88899136899994 39.724145615000054)
77695,2021,154.786723625,POINT (-115.88899136899994 39.724145615000054)
77696,2021,154.786723625,POINT (-115.88899136899994 39.724145615000054)
80718,2021,154.786723625,POINT (-115.90031137199998 39.724767615000076)
77666,2021,163.4618386,POINT (-115.87517138199996 39.84699062900006)
83567,2021,163.4618386,POINT (-115.87517138199996 39.84699062900006)
78771,2021,93.89354216000001,POINT (-116.00490237799994 39.62151559600005)
78772,2021,93.89354216000001,POINT (-116.00461337799999 39.62845459700003)
78773,2021,93.89354216000001,POINT (-116.00461337799999 39.62845459700003)
78774,2021,93.89354216000001,POINT (-116.00466237799998 39.62103559600007)
78775,2021,93.89354216000001,POINT (-116.00466237799998 39.62103559600007)
80717,2021,58.99679668,POINT (-115.91592037399994 39.72434961400006)
80879,2021,58.99679668,POINT (-115.91592037399994 39.72434961400006)
80880,2021,58.99679668,POINT (-115.91592037399994 39.72434961400006)
80881,2021,58.99679668,POINT (-115.91592037399994 39.72434961400006)
80926,2021,58.99679668,POINT (-115.91592037399994 39.72434961400006)
85131,2021,124.71940755,POINT (-116.02181543899997 40.07506364100004)
85132,2021,124.71940755,POINT (-116.02179643899996 40.07502764100008)
85133,2021,124.71940755,POINT (-116.02111843999995 40.07833864100007)
85134,2021,124.71940755,POINT (-116.02111843999995 40.07833864100007)
86032,2021,100.2756347,POINT (-115.96902337999995 39.697803607000026)
86033,2021,100.2756347,POINT (-115.96902337999995 39.697803607000026)
86035,2021,100.2756347,POINT (-115.96902337999995 39.697803607000026)
86037,2021,100.2756347,POINT (-115.96902337999995 39.697803607000026)
19541,2021,270.83495285,POINT (-116.00667038199998 39.65427960000005)
19542,2021,270.83495285,POINT (-116.00658238199998 39.66157560000005)
42891,2021,70.04765576,POINT (-115.95486236899995 39.63086560100004)
64630,2021,70.04765576,POINT (-115.95486236899995 39.63086560100004)
64631,2021,70.04765576,POINT (-115.95486236899995 39.63086560100004)
64632,2021,70.04765576,POINT (-115.95486236899995 39.63086560100004)
64633,2021,70.04765576,POINT (-115.95486236899995 39.63086560100004)
24574,2021,374.28127945,POINT (-116.03477539299996 39.69771360200008)
29405,2021,374.28127945,POINT (-116.03463639299997 39.70511260300003)
34561,2021,377.5691259,POINT (-115.93983638399999 39.76901361600005)
34562,2021,377.5691259,POINT (-115.93801138599997 39.77692761700007)
18796,2021,0.0,POINT (-115.968953377 39.669121604000054)
18797,2021,135.9146353,POINT (-115.97886237799997 39.668955604000075)
18802,2021,369.741943,POINT (-115.90749038299998 39.80228862200005)
18851,2021,289.4569273,POINT (-115.91708237199998 39.709591612000054)
19292,2021,366.1237314,POINT (-116.00679938499997 39.67599960200005)
19293,2021,307.8211158,POINT (-116.006797383 39.66880660100003)
19324,2021,359.4283521,POINT (-115.96275936899997 39.617614599000035)
19360,2021,243.6446605,POINT (-115.92118738599999 39.81285562200003)
19361,2021,319.4214888,POINT (-115.91190638499995 39.812927623000064)
19379,2021,297.6020464,POINT (-116.00695238099996 39.64694559900005)
19381,2021,355.5956256,POINT (-116.00659737999996 39.63981559800004)
19526,2021,442.802811,POINT (-115.99082037 39.58862759400006)
20046,2021,271.9044581,POINT (-115.90248437499997 39.74769661700003)
20366,2021,386.1205649,POINT (-115.87924137399995 39.776454622000074)
20487,2021,226.2195499,POINT (-115.99723038299999 39.67311660200005)
21426,2021,298.1694827,POINT (-115.98786238199995 39.68336560400007)
21428,2021,312.5471937,POINT (-115.96892538099996 39.70502160800004)
21841,2021,257.0750077,POINT (-116.01598438699995 39.67606360100007)
21843,2021,335.0758547,POINT (-115.99738338399999 39.68327360300003)
21844,2021,365.8444632,POINT (-115.99715538499999 39.69060260400005)
21929,2021,254.8767677,POINT (-116.01604038399995 39.66154759900007)
21930,2021,261.4073481,POINT (-115.98822837899996 39.66163360100006)
22194,2021,361.6068209,POINT (-115.99707038799994 39.712287606000075)
22195,2021,379.3518121,POINT (-115.98767738599997 39.71226560700006)
22316,2021,288.8646332,POINT (-115.98820737899996 39.65431060100008)
22353,2021,319.5350374,POINT (-115.93079338299998 39.77664961800008)
22566,2021,228.9824641,POINT (-116.02542838999995 39.697759602000076)
22567,2021,206.739516,POINT (-116.02534839199996 39.70495460300003)
22982,2021,539.3866577,POINT (-115.98852038099994 39.675534603000074)
24272,2021,282.0679807,POINT (-115.91803237099998 39.69538561100006)
26437,2021,204.165338,POINT (-115.92214038999998 39.83868162500005)
27976,2021,279.320104,POINT (-115.96899338299994 39.712403608000045)
28561,2021,336.2052032,POINT (-115.902457374 39.740543616000025)
29557,2021,200.1386027,POINT (-115.90316238899999 39.85335562700004)
29895,2021,225.1699616,POINT (-115.89322037299996 39.747649618000025)
30913,2021,234.5573947,POINT (-115.90758238899997 39.848855627000034)
31062,2021,190.1601892,POINT (-115.96412238 39.69607560700007)
31063,2021,291.1202613,POINT (-115.95959137999995 39.70495460800004)
31108,2021,257.902992,POINT (-115.97796238099994 39.69070560500006)
31110,2021,174.0534702,POINT (-115.97809438099995 39.68347560500007)
31113,2021,277.1209433,POINT (-115.97837638299995 39.70519060700008)
31114,2021,246.0568015,POINT (-115.97810338199997 39.69790160700006)
31454,2021,276.5553484,POINT (-115.96708636899996 39.606496598000035)
33018,2021,394.1527492,POINT (-116.00649538699997 39.69050260300003)
33019,2021,296.7930892,POINT (-116.01036238599994 39.68060260200008)
33817,2021,263.5205801,POINT (-115.99731238099997 39.66165260100007)
33818,2021,274.3377745,POINT (-115.99740237999998 39.654337600000076)
35009,2021,374.0110644,POINT (-116.01608938799995 39.69048860300006)
35012,2021,317.5106496,POINT (-115.99725338199994 39.66886060100006)
35013,2021,331.6721579,POINT (-116.01596238499997 39.66868560000006)
40402,2021,232.9327287,POINT (-115.93563539499996 39.849313625000036)
43397,2021,179.4942907,POINT (-115.91324038999994 39.85425662700004)
46287,2021,481.0871109,POINT (-115.97852538399997 39.71245060700005)
46461,2021,214.6069013,POINT (-115.92034439099996 39.84676262600004)
46505,2021,373.9625761,POINT (-115.92211537299994 39.705557611000074)
47591,2021,221.9759002,POINT (-115.92645239199999 39.84917562500004)
49185,2021,246.9035099,POINT (-115.91241038799996 39.83852062600005)
49188,2021,206.0812409,POINT (-115.91648738899994 39.84173462500007)
50095,2021,239.1818926,POINT (-115.93349239199995 39.838755623000054)
51647,2021,440.522325,POINT (-115.97841238499996 39.71960560900004)
63497,2021,344.0158296,POINT (-116.06391242599994 39.91289862100007)
67172,2021,315.7541751,POINT (-115.88427936899996 39.72484461600004)
71748,2021,361.9009501,POINT (-115.91183638299998 39.79760162100007)
73899,2021,279.7150077,POINT (-115.90121838299996 39.81235462400008)
76358,2021,154.371197,POINT (-115.97644737999997 39.679432605000045)
78062,2021,140.0990555,POINT (-115.96967037899998 39.690846606000036)
78568,2021,244.7586646,POINT (-115.88391436999996 39.73476861800003)
78906,2021,313.8453307,POINT (-116.00933538299995 39.65817560000005)
18242,2022,825.627397,POINT (-115.93314038699998 39.80316062000003)
72370,2022,825.627397,POINT (-115.94107638899999 39.80226461900003)
18786,2022,154.32876975,POINT (-115.95022837599998 39.69067160700007)
18787,2022,154.32876975,POINT (-115.95956237799999 39.69066460700003)
86252,2022,154.32876975,POINT (-115.95938237799999 39.69047560700005)
86253,2022,154.32876975,POINT (-115.94999437599995 39.690741607000064)
18788,2022,104.61695155,POINT (-115.95024237599995 39.68338560700005)
18789,2022,104.61695155,POINT (-115.959812377 39.68360560600007)
18794,2022,120.56562315,POINT (-115.96873037699999 39.67626560400004)
31111,2022,120.56562315,POINT (-115.96873037699999 39.67626560400004)
18834,2022,282.476142,POINT (-115.90844036699997 39.68022861000003)
19052,2022,282.476142,POINT (-115.91289136899996 39.69108661100006)
18835,2022,241.892329,POINT (-115.91779836899997 39.68020860900003)
19053,2022,241.892329,POINT (-115.92208137199998 39.691123610000034)
18927,2022,196.7217653,POINT (-115.97849237799994 39.66180560200007)
18928,2022,196.7217653,POINT (-115.97857237699998 39.65459560200003)
18975,2022,248.51052595,POINT (-115.97162636899998 39.610297598000045)
34950,2022,248.51052595,POINT (-115.96699536899996 39.610379598000065)
18978,2022,242.02623453333334,POINT (-116.00220538899998 39.71606260600004)
42019,2022,242.02623453333334,POINT (-116.01531039199995 39.71895160500003)
42020,2022,242.02623453333334,POINT (-116.01531039199995 39.71895160500003)
18981,2022,186.1298268,POINT (-116.00208538799995 39.70890460600003)
39553,2022,186.1298268,POINT (-116.00640038899996 39.71223460500005)
18988,2022,153.61011435,POINT (-115.98148437099996 39.60310359600004)
80780,2022,153.61011435,POINT (-115.98148437099996 39.60310359600004)
18989,2022,158.38176515,POINT (-115.98161237199997 39.610665597000036)
80781,2022,158.38176515,POINT (-115.98161237199997 39.610665597000036)
18999,2022,148.2361955,POINT (-115.99230038399998 39.687121604000026)
42021,2022,148.2361955,POINT (-115.98879638299996 39.69000860500006)
19014,2022,216.040069075,POINT (-115.91252437299994 39.72030961300004)
83615,2022,216.040069075,POINT (-115.92179637499999 39.72031761300008)
83616,2022,216.040069075,POINT (-115.92172537399995 39.71307961200006)
83617,2022,216.040069075,POINT (-115.91734937299998 39.71700061300004)
19145,2022,130.14912711666668,POINT (-115.91263338699997 39.82414162400005)
29873,2022,130.14912711666668,POINT (-115.91263338699997 39.82414162400005)
30102,2022,130.14912711666668,POINT (-115.91426038799995 39.83123762400004)
36070,2022,130.14912711666668,POINT (-115.90401438499998 39.82509762500007)
50650,2022,130.14912711666668,POINT (-115.92126838999997 39.83134562400005)
81268,2022,130.14912711666668,POINT (-115.903012387 39.83347562600005)
19191,2022,192.2700454,POINT (-116.03705737899998 39.58917059100003)
24214,2022,192.2700454,POINT (-116.03706837899995 39.59610359100003)
19192,2022,783.553028,POINT (-116.04641338099998 39.58897759000007)
29765,2022,783.553028,POINT (-116.04641338099998 39.58897759000007)
19378,2022,188.78543246666666,POINT (-115.99760237899994 39.64704559900008)
20000,2022,188.78543246666666,POINT (-115.98822237799999 39.647145600000044)
24605,2022,188.78543246666666,POINT (-115.98822237799999 39.647145600000044)
19492,2022,305.03104195,POINT (-115.98808237699996 39.63969560000004)
20015,2022,305.03104195,POINT (-115.99757237799997 39.640065599000025)
19563,2022,179.24213086666668,POINT (-115.95003537899998 39.712207610000064)
19971,2022,179.24213086666668,POINT (-115.95385037999995 39.716023610000036)
28160,2022,179.24213086666668,POINT (-115.94955237999994 39.72084561100007)
19760,2022,261.61986815,POINT (-115.90869336999998 39.695103611000036)
28061,2022,261.61986815,POINT (-115.917236372 39.70180761100005)
19904,2022,194.95275956666669,POINT (-116.025472386 39.66143559900007)
24609,2022,194.95275956666669,POINT (-116.025472386 39.66143559900007)
78905,2022,194.95275956666669,POINT (-116.00933538299995 39.65817560000005)
19965,2022,100.60331455,POINT (-115.95034637699996 39.69790560900003)
78447,2022,100.60331455,POINT (-115.95114237799999 39.69822560800003)
19966,2022,132.5052611,POINT (-115.95039237799995 39.70499860900003)
80581,2022,132.5052611,POINT (-115.95029237799997 39.704845609000074)
19972,2022,116.144898975,POINT (-115.95924438099996 39.716151609000065)
19973,2022,116.144898975,POINT (-115.95926137999999 39.708928609000054)
34948,2022,116.144898975,POINT (-115.959368381 39.712436609000065)
46348,2022,116.144898975,POINT (-115.95948438199997 39.720004610000046)
20087,2022,300.21489235,POINT (-116.02536438799996 39.67600560000005)
24607,2022,300.21489235,POINT (-116.02528338699994 39.66865560000008)
20088,2022,267.19832795,POINT (-116.04696239199995 39.67614559900005)
24606,2022,267.19832795,POINT (-116.02540238699999 39.66804559900004)
20694,2022,161.4039999,POINT (-115.99984937099998 39.585312593000026)
21399,2022,161.4039999,POINT (-115.990892369 39.581447593000064)
21085,2022,232.78426643333333,POINT (-115.97854837499995 39.64701760100007)
23462,2022,232.78426643333333,POINT (-115.97908637499995 39.63653960000005)
23803,2022,232.78426643333333,POINT (-115.97876837499996 39.63962660000004)
22648,2022,334.4115952,POINT (-115.99213738799995 39.719285607000074)
22921,2022,334.4115952,POINT (-115.99730138799998 39.719282607000025)
22922,2022,81.13683493333333,POINT (-115.96886038399998 39.719640609000066)
36321,2022,81.13683493333333,POINT (-115.96886038399998 39.719640609000066)
36322,2022,81.13683493333333,POINT (-115.96886038399998 39.719640609000066)
23272,2022,349.6185181,POINT (-115.92181137699998 39.73693961400005)
28641,2022,349.6185181,POINT (-115.92560237899994 39.74442561500007)
24127,2022,285.4121412,POINT (-115.98784038499997 39.70502260600006)
24128,2022,285.4121412,POINT (-115.98804538399997 39.69773360500005)
24129,2022,289.86386105,POINT (-115.99721738699998 39.704974605000075)
24130,2022,289.86386105,POINT (-115.99731538599997 39.69779760500006)
24262,2022,300.697474,POINT (-116.01605738999996 39.70503060400006)
24263,2022,300.697474,POINT (-116.00664238899998 39.70510560500003)
24264,2022,300.697474,POINT (-116.00666738799998 39.69777660400007)
24265,2022,300.697474,POINT (-116.01600038999999 39.69778860300005)
28035,2022,174.4291013,POINT (-116.04410139599997 39.71226160200007)
28036,2022,174.4291013,POINT (-116.04410139599997 39.71226160200007)
29278,2022,326.52656385,POINT (-115.91647237799998 39.74943561600003)
70249,2022,326.52656385,POINT (-115.91548937599998 39.74271461500007)
30927,2022,145.71725735,POINT (-115.89302837199995 39.74042361700003)
30928,2022,145.71725735,POINT (-115.89302837199995 39.74042361700003)
31455,2022,149.14611895,POINT (-115.97644336999997 39.60647159700005)
81004,2022,149.14611895,POINT (-115.97626236999997 39.606455597000036)
33668,2022,148.2162478,POINT (-115.91290336799995 39.67649160900004)
33669,2022,148.2162478,POINT (-115.90837736599997 39.66570260800006)
33670,2022,147.92042675,POINT (-115.92663736799994 39.666376607000075)
33671,2022,147.92042675,POINT (-115.92214136899997 39.67651760800004)
34596,2022,206.53267336666667,POINT (-116.04391139499995 39.704972602000055)
48225,2022,206.53267336666667,POINT (-116.05112439699997 39.70406060100004)
48226,2022,206.53267336666667,POINT (-116.05112439699997 39.70406060100004)
34939,2022,175.18097735,POINT (-115.879178374 39.76936162100003)
48437,2022,175.18097735,POINT (-115.879178374 39.76936162100003)
39156,2022,245.9048919,POINT (-115.91184938499998 39.820135624000045)
55535,2022,245.9048919,POINT (-115.92372238799999 39.81843062300004)
39552,2022,187.80957925,POINT (-116.01574339099994 39.71220360500007)
39554,2022,187.80957925,POINT (-116.01574339099994 39.71220360500007)
40010,2022,173.4346302,POINT (-115.91178837499996 39.733241615000054)
40013,2022,173.4346302,POINT (-115.91178837499996 39.733241615000054)
42367,2022,30.4966442,POINT (-115.95956937499994 39.67587760500004)
42368,2022,30.4966442,POINT (-115.95956937499994 39.67587760500004)
42369,2022,30.4966442,POINT (-115.95956937499994 39.67587760500004)
42370,2022,30.4966442,POINT (-115.95956937499994 39.67587760500004)
56652,2022,30.4966442,POINT (-115.95956937499994 39.67587760500004)
43268,2022,210.69407703333331,POINT (-115.93535638699996 39.79126961900005)
43270,2022,210.69407703333331,POINT (-115.93557438599998 39.78410561800007)
43836,2022,210.69407703333331,POINT (-115.93535638699996 39.79126961900005)
43269,2022,65.25301902,POINT (-116.04413939299997 39.69060260100008)
43837,2022,65.25301902,POINT (-116.04413939299997 39.69060260100008)
43838,2022,65.25301902,POINT (-116.04413939299997 39.69060260100008)
43839,2022,65.25301902,POINT (-116.04413939299997 39.69060260100008)
43840,2022,65.25301902,POINT (-116.04413939299997 39.69060260100008)
43271,2022,264.74015375,POINT (-116.034749391 39.690612601000055)
43272,2022,264.74015375,POINT (-116.02539638999997 39.690634602000046)
43273,2022,264.74015375,POINT (-116.03473938999997 39.68339460000004)
43274,2022,264.74015375,POINT (-116.02569638899996 39.68343260100005)
44451,2022,332.49860775,POINT (-115.89298137499998 39.762443620000056)
44452,2022,332.49860775,POINT (-115.89809837499996 39.75881761900007)
44604,2022,52.619762683333335,POINT (-115.88055437199995 39.75842362000003)
44605,2022,52.619762683333335,POINT (-115.88055437199995 39.75842362000003)
44606,2022,52.619762683333335,POINT (-115.88055437199995 39.75842362000003)
44607,2022,52.619762683333335,POINT (-115.88055437199995 39.75842362000003)
44609,2022,52.619762683333335,POINT (-115.88055437199995 39.75842362000003)
44610,2022,52.619762683333335,POINT (-115.88055437199995 39.75842362000003)
48871,2022,114.768505525,POINT (-115.89155236799996 39.71667161500005)
48872,2022,114.768505525,POINT (-115.89155236799996 39.71667161500005)
70587,2022,114.768505525,POINT (-115.89843736999995 39.720145615000035)
70588,2022,114.768505525,POINT (-115.89843736999995 39.720145615000035)
48948,2022,160.96284815,POINT (-116.05326139799996 39.712211601000035)
55727,2022,160.96284815,POINT (-116.05326139799996 39.712211601000035)
50581,2022,461.0869016,POINT (-116.04103343299994 39.99300363100008)
50582,2022,461.0869016,POINT (-116.04663143299996 39.98875263000008)
77569,2022,130.7784013,POINT (-115.97100237899997 39.68359560600004)
81269,2022,130.7784013,POINT (-115.96904637799997 39.68349660500007)
77646,2022,144.9432854,POINT (-115.88899136899994 39.724145615000054)
77695,2022,144.9432854,POINT (-115.88899136899994 39.724145615000054)
77696,2022,144.9432854,POINT (-115.88899136899994 39.724145615000054)
80718,2022,144.9432854,POINT (-115.90031137199998 39.724767615000076)
77666,2022,154.192895,POINT (-115.87517138199996 39.84699062900006)
83567,2022,154.192895,POINT (-115.87517138199996 39.84699062900006)
78771,2022,93.99843654,POINT (-116.00490237799994 39.62151559600005)
78772,2022,93.99843654,POINT (-116.00461337799999 39.62845459700003)
78773,2022,93.99843654,POINT (-116.00461337799999 39.62845459700003)
78774,2022,93.99843654,POINT (-116.00466237799998 39.62103559600007)
78775,2022,93.99843654,POINT (-116.00466237799998 39.62103559600007)
80717,2022,61.88829706,POINT (-115.91592037399994 39.72434961400006)
80879,2022,61.88829706,POINT (-115.91592037399994 39.72434961400006)
80880,2022,61.88829706,POINT (-115.91592037399994 39.72434961400006)
80881,2022,61.88829706,POINT (-115.91592037399994 39.72434961400006)
80926,2022,61.88829706,POINT (-115.91592037399994 39.72434961400006)
85131,2022,174.584847075,POINT (-116.02181543899997 40.07506364100004)
85132,2022,174.584847075,POINT (-116.02179643899996 40.07502764100008)
85133,2022,174.584847075,POINT (-116.02111843999995 40.07833864100007)
85134,2022,174.584847075,POINT (-116.02111843999995 40.07833864100007)
86032,2022,74.26977725,POINT (-115.96902337999995 39.697803607000026)
86033,2022,74.26977725,POINT (-115.96902337999995 39.697803607000026)
86035,2022,74.26977725,POINT (-115.96902337999995 39.697803607000026)
86037,2022,74.26977725,POINT (-115.96902337999995 39.697803607000026)
19541,2022,268.6345646,POINT (-116.00667038199998 39.65427960000005)
19542,2022,268.6345646,POINT (-116.00658238199998 39.66157560000005)
42891,2022,75.59122238,POINT (-115.95486236899995 39.63086560100004)
64630,2022,75.59122238,POINT (-115.95486236899995 39.63086560100004)
64631,2022,75.59122238,POINT (-115.95486236899995 39.63086560100004)
64632,2022,75.59122238,POINT (-115.95486236899995 39.63086560100004)
64633,2022,75.59122238,POINT (-115.95486236899995 39.63086560100004)
24574,2022,317.65074405,POINT (-116.03477539299996 39.69771360200008)
29405,2022,317.65074405,POINT (-116.03463639299997 39.70511260300003)
34561,2022,367.07048145,POINT (-115.93983638399999 39.76901361600005)
34562,2022,367.07048145,POINT (-115.93801138599997 39.77692761700007)
18796,2022,217.884467,POINT (-115.968953377 39.669121604000054)
18797,2022,245.7867399,POINT (-115.97886237799997 39.668955604000075)
18802,2022,361.4866511,POINT (-115.90749038299998 39.80228862200005)
18851,2022,278.1573047,POINT (-115.91708237199998 39.709591612000054)
19292,2022,383.548842,POINT (-116.00679938499997 39.67599960200005)
19324,2022,361.5240914,POINT (-115.96275936899997 39.617614599000035)
19360,2022,290.736651,POINT (-115.92118738599999 39.81285562200003)
19361,2022,348.5697278,POINT (-115.91190638499995 39.812927623000064)
19379,2022,349.6220473,POINT (-116.00695238099996 39.64694559900005)
19381,2022,443.3496857,POINT (-116.00659737999996 39.63981559800004)
19526,2022,539.6935458,POINT (-115.99082037 39.58862759400006)
20046,2022,266.383233,POINT (-115.90248437499997 39.74769661700003)
20366,2022,483.2107771,POINT (-115.87924137399995 39.776454622000074)
20487,2022,311.5654584,POINT (-115.99723038299999 39.67311660200005)
21426,2022,243.8625511,POINT (-115.98786238199995 39.68336560400007)
21428,2022,257.2091178,POINT (-115.96892538099996 39.70502160800004)
21841,2022,294.6252311,POINT (-116.01598438699995 39.67606360100007)
21843,2022,283.1687886,POINT (-115.99738338399999 39.68327360300003)
21844,2022,389.9044961,POINT (-115.99715538499999 39.69060260400005)
21929,2022,251.1296631,POINT (-116.01604038399995 39.66154759900007)
21930,2022,254.8829055,POINT (-115.98822837899996 39.66163360100006)
22194,2022,270.1188662,POINT (-115.99707038799994 39.712287606000075)
22195,2022,304.3748492,POINT (-115.98767738599997 39.71226560700006)
22316,2022,280.8057497,POINT (-115.98820737899996 39.65431060100008)
22353,2022,344.9791361,POINT (-115.93079338299998 39.77664961800008)
22566,2022,299.9119937,POINT (-116.02542838999995 39.697759602000076)
22567,2022,285.8761561,POINT (-116.02534839199996 39.70495460300003)
22982,2022,570.6248051,POINT (-115.98852038099994 39.675534603000074)
24272,2022,269.9692213,POINT (-115.91803237099998 39.69538561100006)
26437,2022,215.1246216,POINT (-115.92214038999998 39.83868162500005)
27976,2022,276.0112357,POINT (-115.96899338299994 39.712403608000045)
28561,2022,296.7099225,POINT (-115.902457374 39.740543616000025)
29557,2022,281.342804,POINT (-115.90316238899999 39.85335562700004)
29895,2022,239.4422259,POINT (-115.89322037299996 39.747649618000025)
30913,2022,251.7486565,POINT (-115.90758238899997 39.848855627000034)
31062,2022,189.3960376,POINT (-115.96412238 39.69607560700007)
31063,2022,279.9556694,POINT (-115.95959137999995 39.70495460800004)
31108,2022,298.1955681,POINT (-115.97796238099994 39.69070560500006)
31110,2022,151.566546,POINT (-115.97809438099995 39.68347560500007)
31113,2022,278.9392558,POINT (-115.97837638299995 39.70519060700008)
31114,2022,274.4006866,POINT (-115.97810338199997 39.69790160700006)
31454,2022,285.9215756,POINT (-115.96708636899996 39.606496598000035)
33018,2022,427.3939557,POINT (-116.00649538699997 39.69050260300003)
33019,2022,275.5610307,POINT (-116.01036238599994 39.68060260200008)
33817,2022,268.0410429,POINT (-115.99731238099997 39.66165260100007)
33818,2022,301.7809427,POINT (-115.99740237999998 39.654337600000076)
35009,2022,298.1964888,POINT (-116.01608938799995 39.69048860300006)
35012,2022,260.9988799,POINT (-115.99725338199994 39.66886060100006)
35013,2022,400.3518903,POINT (-116.01596238499997 39.66868560000006)
40402,2022,228.4721091,POINT (-115.93563539499996 39.849313625000036)
43397,2022,234.0807974,POINT (-115.91324038999994 39.85425662700004)
46287,2022,264.0662272,POINT (-115.97852538399997 39.71245060700005)
46461,2022,253.3257549,POINT (-115.92034439099996 39.84676262600004)
46505,2022,285.9522644,POINT (-115.92211537299994 39.705557611000074)
47591,2022,263.3020757,POINT (-115.92645239199999 39.84917562500004)
49188,2022,217.8439578,POINT (-115.91648738899994 39.84173462500007)
50095,2022,291.0447668,POINT (-115.93349239199995 39.838755623000054)
51647,2022,382.6465908,POINT (-115.97841238499996 39.71960560900004)
67172,2022,279.7960876,POINT (-115.88427936899996 39.72484461600004)
71748,2022,348.7385163,POINT (-115.91183638299998 39.79760162100007)
73899,2022,289.028091,POINT (-115.90121838299996 39.81235462400008)
76358,2022,224.0228443,POINT (-115.97644737999997 39.679432605000045)
78062,2022,105.2245901,POINT (-115.96967037899998 39.690846606000036)
78568,2022,211.7804612,POINT (-115.88391436999996 39.73476861800003)
78906,2022,277.9455519,POINT (-116.00933538299995 39.65817560000005)
